id,track_id,desc,created_at,updated_at
01476ed6-bd97-4c13-8698-4a75d90007b3,47377c59-2bce-4558-a0d4-906777a95470,With 'Slipknot!' and 'Disco Bisquick' teases.,2020-02-22 16:25:27.983150,2020-02-22 16:25:27.983150
8c4d8cb5-19cf-4fc0-bebc-d450bd819529,104b4572-a59c-49d1-afba-e99343513f36,No lyrics but there's some distinct Barfly jamming going on.  After Maze the tape is stopped or cut then restarts in the middle of this jam. It's either Jam > Mike's Song or Barfly Jam > Mike's Song or if you want to get way out there on a limb Barfly > Mike's Song.,2020-02-22 16:25:30.074705,2020-02-22 16:25:30.074705
15b17451-5b61-4720-b8ec-46822583a374,85b15ff6-591a-4404-989b-20338151ffcd,With Elliot Levin on saxophone.,2020-02-22 16:25:38.989936,2020-02-22 16:25:38.989936
ba52d549-0d20-415e-b2ce-9c738c969e6d,c6b0ebdd-9a12-464a-a7dc-5b40502c3397,With Elliot Levin on saxophone.,2020-02-22 16:25:39.061992,2020-02-22 16:25:39.061992
63eaf8bc-9a91-4516-b4be-2ab824d91b68,f7330756-4cfa-4b8d-930b-5f45c627f9ab,With Elliot Levin on saxophone.,2020-02-22 16:25:39.195090,2020-02-22 16:25:39.195090
86ad2b47-20de-4e56-b0ac-92b06b203d45,2c222fd6-3dd8-4d84-b16d-f13d8978268c,Chorus only.,2020-02-22 16:25:39.366070,2020-02-22 16:25:39.366070
45e16e54-33c2-4e04-8165-49ffba6c22ed,66ace5ac-f55c-4b9d-bd84-0faa4ddd840d,With Elliot Levin on saxophone.,2020-02-22 16:25:39.450231,2020-02-22 16:25:39.450231
3b8ec305-dd73-43b9-a906-62358e268980,a137a0b9-ecf0-450c-80fc-90b39bfcf7da,This song was announced as 'Patchcord'. According to reGOP though the band often jokingly announces that as the name of a song when patchcords begin to fail on stage.,2020-02-22 16:25:39.986405,2020-02-22 16:25:39.986405
74d5f411-94fa-4c0a-bf17-a8448b9eba5a,e6d5c95e-0c65-4b6d-a6d2-d645cb20e148,With Tony from Fathead on congas.,2020-02-22 16:25:41.442837,2020-02-22 16:25:41.442837
4136832d-bbd4-4ef7-8959-b99751368241,a88fcc49-332f-4018-94f4-21f197702d43,With 'Dance Of The Sugar Plum Fairies' (Tchaikovski) tease.,2020-02-22 16:25:42.378218,2020-02-22 16:25:42.378218
a40b8746-45cb-411b-a4be-c4a6c7b12345,722d55b4-faf6-4a8a-b2f0-1d45e44bc7fe,with Mike Greenfield on drums,2024-06-17 18:04:08.514690,2024-06-17 18:04:08.514690
ce0256f1-5c5e-4e12-9cc7-f36b460bbdd5,7cf3fdc8-5b7a-485e-93b0-fd9728d2ee8b,"tape cuts here, setlist incomplete",2020-02-22 16:25:50.678346,2020-02-22 16:25:50.678346
f900f246-7776-4c0b-8084-74145c8236fa,d84c0065-d5bf-4d6d-b7cd-a028da3f2cda,With 'Basis For A Day' tease.,2020-02-22 16:25:53.572932,2020-02-22 16:25:53.572932
260cc740-8b31-4b6b-996e-7e4007730d24,888737a7-4b58-4912-84c4-392ec912b3e0,With 'Basis For A Day' tease.,2020-02-22 16:25:53.783894,2020-02-22 16:25:53.783894
4e30e3e7-5308-49b7-8625-cffbf18c88f2,8ddd8f8e-9e18-4f12-8103-82c678a62de5,Old arrangement.,2020-02-22 16:26:03.574049,2020-02-22 16:26:03.574049
1bf1fbb6-ac7d-4d17-8fb1-04e3859caad4,942f2e9d-384d-453c-b731-79c551a9badb,During the Pygmy Twylyte jam members of Fathead came up one by one and jammed. Gradually the Biscuits left the stage and Fathead jammed into the first song of their set.,2020-02-22 16:26:05.970569,2020-02-22 16:26:05.970569
caca0209-42e5-4463-94ac-15e4b8772684,09da2029-1b89-44c7-b85c-447220b7f4f2,Chorus only.,2020-02-22 16:26:08.274810,2020-02-22 16:26:08.274810
f668d4d4-1922-4dbc-bba4-22b840be4438,96990a5c-5b54-40e8-bc8f-8f2e6db2499a,Chorus only.,2020-02-22 16:26:08.325572,2020-02-22 16:26:08.325572
a63d5ec6-0f27-4959-8866-7897ba37c7b9,e7f49250-cd24-40dd-94de-670d1f94240f,With Vernon Reid of Living Colour on guitar.,2020-02-22 16:26:11.071018,2020-02-22 16:26:11.071018
065eb565-5e5d-492c-9540-7b8cc695d3a6,65b43274-3e47-4499-ab97-ea13f7d13071,With Elliot Levin on saxophone.,2020-02-22 16:26:11.256206,2020-02-22 16:26:11.256206
46b78875-f9ee-42bf-9d36-8a8657f8a681,5edea93d-b50c-478c-bb85-0a10aa3fc4f0,With Elliot Levin on saxophone.,2020-02-22 16:26:11.310221,2020-02-22 16:26:11.310221
b0101f3c-355c-4294-b235-f62b7484623a,1d15de25-035b-4aa7-9c68-71f6eb20ca82,With Elliot Levin on saxophone.,2020-02-22 16:26:11.355633,2020-02-22 16:26:11.355633
38947aee-7b1a-4410-b20f-6f3f8dd37013,e921b04d-ab0a-48d7-8be3-b65941bb2272,With Elliot Levin on saxophone.,2020-02-22 16:26:11.432163,2020-02-22 16:26:11.432163
883e3b06-dc92-4b6c-8bfd-4fb6dee22321,e70852ae-b4cc-4afd-ae11-fde25da3f6c8,With Elliot Levin on saxophone.,2020-02-22 16:26:11.508285,2020-02-22 16:26:11.508285
6775833e-7f1e-490a-9f88-974c40c55f44,7b360789-1db6-41cf-8f71-56b613f21c22,With Elliot Levin on saxophone.,2020-02-22 16:26:11.606011,2020-02-22 16:26:11.606011
6b82d517-cf9c-416f-aebe-9094e98b6fae,83e418e7-cf74-4f13-bc69-cadd064eee36,With Elliot Levin on saxophone.,2020-02-22 16:26:12.236158,2020-02-22 16:26:12.236158
cfec67ea-efaf-4ece-9361-2ffd9f90f611,7429df8c-292e-4260-9924-cbccf6d739b5,With Elliot Levin on saxophone.,2020-02-22 16:26:12.300922,2020-02-22 16:26:12.300922
bd5d363f-e0c1-4f3f-a7bb-82e7bc39990d,891e92d7-1020-4bb7-bcac-5ce0387b0ea4,With Elliot Levin on saxophone.,2020-02-22 16:26:12.344394,2020-02-22 16:26:12.344394
e94f6463-e72f-48bb-bac0-464fcca57689,ddaecb41-a9e6-4932-8bd1-b929a68345e2,With Elliot Levin on saxophone.,2020-02-22 16:26:12.386372,2020-02-22 16:26:12.386372
1655fcdd-d266-4f01-8519-3c03b6845063,98d2068c-8311-4b9f-9828-536e30c96eec,With Elliot Levin on saxophone.,2020-02-22 16:26:12.448305,2020-02-22 16:26:12.448305
9e47d57b-2ac1-4617-8d51-a17c330cd208,01329707-f7f9-4947-845f-a9393bf42bd8,With Elliot Levin on saxophone.,2020-02-22 16:26:12.502108,2020-02-22 16:26:12.502108
44a41161-9d2e-45f1-af36-795090a89f12,faacc572-f0fc-4f57-9b04-7a872715a958,With Elliot Levin on saxophone.,2020-02-22 16:26:12.539861,2020-02-22 16:26:12.539861
d0c4bbec-5e86-48fc-9e47-0beb58c11a33,caf36cee-9b30-4eca-9a66-29256c65287e,Aborted due to equipment problems.,2020-02-22 16:26:17.543878,2020-02-22 16:26:17.543878
8083fc9d-cbc0-48e4-b368-1c9aaefc2af9,d3636581-360f-42b3-8e59-5bca14684d65,with Joe Russo on drums,2024-06-17 18:04:25.302710,2024-06-17 18:04:25.302710
091c90e7-25db-4f8b-a8d4-123d463b850f,e1e98b47-c82d-4f8a-b3ef-e0929895f3ed,The infamous 53 minute Trooper McCue,2020-02-22 16:26:24.808456,2020-02-22 16:26:24.808456
0f38edef-a718-48d3-b48b-6b01790b5e6a,7a0b6f74-a638-4741-ae19-ceb679f89bf2,With Jack from Planet 22 on saxophone.,2020-02-22 16:26:25.774466,2020-02-22 16:26:25.774466
a094e553-f60a-4c1d-a57c-6ae250d93e77,c281c6a1-b4f7-4316-8dfb-9185dc7b69ed,With Jack from Planet 22 on saxophone.,2020-02-22 16:26:26.177545,2020-02-22 16:26:26.177545
c7f78d5d-d507-4ce8-aa94-e68f2abd56d1,e2b2caf2-f832-4a26-8769-8f80d131c854,"Sam on keyboards, Marc on drums, and Aron on bass for beginning of jam.",2020-02-22 16:26:30.699119,2020-02-22 16:26:30.699119
788fe1e2-f2b9-4561-90bd-fc9cc7682087,6364a93b-7af9-4d40-84a1-533018ada5ea,'I want to go...' vocals only.,2020-02-22 16:26:36.186307,2020-02-22 16:26:36.186307
998060ed-4f5c-40cd-9c56-c587aae40c57,205c63f1-3178-4275-9475-0b644c047308,With 'Dark Star' (Grateful Dead) tease.,2020-02-22 16:26:36.803690,2020-02-22 16:26:36.803690
eff40144-99cd-4ebe-9bd3-a11ac6d57176,e8278163-0329-4805-bc30-9e349f80b891,With 'Bernstein and Chasnoff' tease.,2020-02-22 16:26:39.453813,2020-02-22 16:26:39.453813
6347831d-7fed-405b-9c3a-c583aeedf53d,02e83ed7-8870-4292-a872-cb246ecf48a9,With 'In Memory Of Elizabeth Reed' (Allman Brothers Band) tease.,2020-02-22 16:26:40.142200,2020-02-22 16:26:40.142200
a68353bc-3bb2-4320-9c55-d2008b9db646,372dce3a-cb40-4ab0-8994-eddaca535817,Roadhouse Blues played in honor of Jim Morrison's would-be 54th birthday.,2020-02-22 16:26:40.518846,2020-02-22 16:26:40.518846
2558dc61-a69c-432d-9967-6c6027893698,762d9d67-66bf-463b-a78e-dd86163794bd,Ending only.,2020-02-22 16:26:42.514788,2020-02-22 16:26:42.514788
9bb26938-d7ed-4280-8706-cf5b5cd43bee,2c49313e-0628-47f8-81dc-e7efb9e3d8e1,Ending only.,2020-02-22 16:26:47.324180,2020-02-22 16:26:47.324180
7b1381be-4470-462f-b46b-4494985a986d,1c6c1d6c-4e9f-43e2-b7cf-c68617f9d529,With Jay Andrew Stein of Ghost Boxon percussion.,2020-02-22 16:26:47.508836,2020-02-22 16:26:47.508836
9b8d4315-acda-4992-a410-46998bde0dcd,389ba2f2-e835-466d-b2d4-492c5fea3799,With Jay Andrew Stein of Ghost Boxon percussion.,2020-02-22 16:26:47.649633,2020-02-22 16:26:47.649633
081c5d82-74c3-464d-b5dd-e0f941e97501,e83828e5-597b-414b-bd71-81bf0e6224d3,With Jay Andrew Stein of Ghost Boxon percussion.,2020-02-22 16:26:47.798396,2020-02-22 16:26:47.798396
6629ce57-8b43-4245-ba25-715b6580934d,69d3e378-2815-44f6-8656-cac91ebb3e64,With Jay Andrew Stein of Ghost Boxon percussion.,2020-02-22 16:26:47.890908,2020-02-22 16:26:47.890908
a11f0137-aef4-4785-8ab8-49596a5c06cf,62ee1c9c-8e13-43ed-827f-a844eb7f2819,With Jay Andrew Stein of Ghost Boxon percussion.,2020-02-22 16:26:48.022048,2020-02-22 16:26:48.022048
e5abc46f-7138-4692-b322-2777e5ec0f05,ae94d077-faaa-4790-9c8c-4ef8152cf503,With Jay Andrew Stein of Ghost Boxon percussion.,2020-02-22 16:26:48.115879,2020-02-22 16:26:48.115879
dde45109-e8b2-4d95-8f16-fb26150223ae,e36702f6-6ea5-4152-909b-6521bf0babeb,With Jay Andrew Stein of Ghost Boxon percussion.,2020-02-22 16:26:48.174541,2020-02-22 16:26:48.174541
e81a563d-3013-4a7d-913c-ad68d931cbd9,c11d5ac9-56d5-412b-92d4-306387b796c3,With,2020-02-22 16:26:49.185343,2020-02-22 16:26:49.185343
e0f98f09-e71f-4528-8649-d4103334f36a,dea6112d-36b8-46af-afc6-73aa17bc874b,Ending only.,2020-02-22 16:26:49.965152,2020-02-22 16:26:49.965152
c1da519b-2e0c-4cdd-808d-61f8afc9054e,c1976a8a-9f9d-4ef5-b18b-f7ea11d3f08c,Aborted due to sound problems.,2020-02-22 16:26:50.106414,2020-02-22 16:26:50.106414
c127dd8f-46e0-45bb-9696-b6bf16238867,a443217c-fd7b-4b53-95f5-6e5c25d20707,One false start.,2020-02-22 16:26:55.234776,2020-02-22 16:26:55.234776
98964a87-d6f3-44c8-864a-172252b5785e,5a95399e-312f-4bb2-9e2a-dadfbca2f40a,With Barber on keys during intro as Magner ran to the bathtoom.,2020-02-22 16:26:55.422004,2020-02-22 16:26:55.422004
78058f14-4650-471d-bfe0-27e3edf67a25,aa27397e-7429-46c7-8fe9-551b62d467da,First time played.,2020-02-22 16:26:56.785895,2020-02-22 16:26:56.785895
a597123e-ffab-481c-a2d8-368c6f19fd5d,d3636581-360f-42b3-8e59-5bca14684d65,with Mike Greenfield on drums,2024-06-17 18:04:25.312865,2024-06-17 18:04:25.312865
320c9846-d955-4b27-9e0d-a79258cf0ede,f6a7c5cf-87fe-4136-a09f-31d035f22324,with Joe Russo on drums,2024-06-17 18:04:34.438324,2024-06-17 18:04:34.438324
39a84c25-910e-4b1e-ad1b-de6de6804d60,7f9082c9-96ee-412e-b32a-a7d04a6605f4,After 'Devil's Waltz' some dude fell and smashed his head. The band broke until paramedics came.,2020-02-22 16:27:02.356083,2020-02-22 16:27:02.356083
5f6a0265-8fb0-4faf-b4a9-0be42390eadc,fc0357e9-8558-494b-92a4-954b21e84e47,with Joe Russo on drums,2024-06-17 18:04:41.168467,2024-06-17 18:04:41.168467
b90ee646-6c5f-4378-8d9c-a19e94c03b03,cdbe74e1-3836-4e88-afb7-24d568469ee6,inverted,2024-11-11 18:56:45.210810,2024-11-11 18:56:45.210810
de6284e1-5260-492a-9e18-22e8ab308908,370e90aa-08f3-4898-bfde-da37a8240933,Intro only.,2020-02-22 16:27:07.108314,2020-02-22 16:27:07.108314
5f336c69-d672-46d8-b707-b1999d92b3fc,4de585cd-747c-45c1-a287-f89c2fcce24e,inverted,2021-07-18 03:19:46.765227,2021-07-18 03:19:46.765227
0141570c-97cf-4c8e-9876-344e68ae2cea,5e40d4a5-c14f-4aa4-ac21-c0d815bf8cca,inverted,2021-07-17 02:33:35.671370,2021-07-17 02:33:35.671370
2274edda-4db6-4c5c-a77c-a5ec3cca893b,00c2fd75-87da-444b-b998-03d1139d3550,With 'Little Shimmy In A Conga Line' tease.,2020-02-22 16:27:09.626633,2020-02-22 16:27:09.626633
0deb222f-e71b-4a28-a569-4a10a24a9305,1c8d4fa1-9c2c-4c91-9c4e-44abec24efd7,With 'Basis For A Day' tease.,2020-02-22 16:27:09.811185,2020-02-22 16:27:09.811185
51fc189d-4664-4e2f-ac7c-4912306e7bea,bd6578fe-375d-4504-960b-339bb5fa0526,with Joe Russo on drums,2024-06-17 18:04:51.371207,2024-06-17 18:04:51.371207
6579f6c6-93d6-498f-a3a4-3d36fb04b2e5,51ef0b32-b7bd-4e72-9a03-ea2c18a0a816,with Mike Greenfield on drums,2024-06-17 18:05:00.546581,2024-06-17 18:05:00.546581
a1b84531-3d27-4cb1-9784-24f93ba559f1,1b50ec6a-043f-460d-b17b-16b1b9d03fb2,with Mike Greenfield on drums,2024-06-17 18:05:33.888072,2024-06-17 18:05:33.888072
b53fd5ab-9ade-47fa-a124-701f6bf1be15,053c890c-d002-4ad8-a22a-5dadbcf7d15d,With Funk Off contest.,2020-02-22 16:27:10.862004,2020-02-22 16:27:10.862004
837346d2-c576-4e06-833e-ddde10698716,a465de69-883f-4417-8358-dd8018d0ab74,Started without Aron.,2020-02-22 16:27:12.868763,2020-02-22 16:27:12.868763
4e0cc87c-e75e-4317-b5e9-91891b5e2a83,326f271a-9bc6-4f8f-91fc-a2e52819506f,With Justin on didgeridoo.,2020-02-22 16:27:13.961943,2020-02-22 16:27:13.961943
2d5b1201-403a-4265-b8ae-c41669b31cd6,56ab4a21-a8a0-44a8-99f2-14729b1c2138,With Justin on didgeridoo.,2020-02-22 16:27:14.086729,2020-02-22 16:27:14.086729
233310ae-a638-439e-babe-e5f83232ec9c,9aba2449-37ef-44a1-945e-f7596b8be09e,Miscue before the first chorus. Barber wanted to start over.,2020-02-22 16:27:17.321287,2020-02-22 16:27:17.321287
07c4bb38-3f41-4755-9101-ba2cbf5f1a4c,1fe06ba9-2e2f-4a40-952c-67cc0b26756a,Set cut short due to weather,2021-07-17 02:20:55.492703,2021-07-17 02:20:55.492703
e76a9838-0f23-4e43-b4cc-5b55afadb536,c99d47d3-b262-4ddc-ab15-a97da95427fc,Short instrumental snippets of every song from 'Uncivilized Area'.,2020-02-22 16:27:20.754170,2020-02-22 16:27:20.754170
bab948c0-662b-4fdc-9a11-0560b590b0a5,4d5b79d6-de6e-449a-8c76-409c7fb312c5,Short instrumental snippets of every song from 'Uncivilized Area'.,2020-02-22 16:27:20.838139,2020-02-22 16:27:20.838139
1f118cd3-157c-4145-a83c-310081d6251c,5b42a5c6-564e-41ee-9e30-24e1438c0ccd,Short instrumental snippets of every song from 'Uncivilized Area'.,2020-02-22 16:27:20.914265,2020-02-22 16:27:20.914265
305e845d-70c8-432f-9c6f-e07cba763ab2,a433082a-c640-4309-84fb-ab92d2eefbd2,Short instrumental snippets of every song from 'Uncivilized Area'.,2020-02-22 16:27:21.006696,2020-02-22 16:27:21.006696
4f8c9df9-3821-4eb6-9396-c81bd0fd2e1d,580b8640-aab3-4f1b-9e66-5a798009d669,Short instrumental snippets of every song from 'Uncivilized Area'.,2020-02-22 16:27:21.094471,2020-02-22 16:27:21.094471
95189065-e682-4805-962b-edd450126bc4,2cd2ff2c-36ec-4a10-9915-a56149fc688f,Short instrumental snippets of every song from 'Uncivilized Area'.,2020-02-22 16:27:21.207109,2020-02-22 16:27:21.207109
81b53479-0c52-4a34-9be7-29b20d3ff3b8,ce590df9-73bd-4776-a654-3148abd82356,Short instrumental snippets of every song from 'Uncivilized Area'.,2020-02-22 16:27:21.256649,2020-02-22 16:27:21.256649
4592ce9d-786a-4ff5-b711-cc8b65bf1cab,c689e3e7-81dc-470a-a2ab-27c9f2a284aa,Short instrumental snippets of every song from 'Uncivilized Area'.,2020-02-22 16:27:21.325232,2020-02-22 16:27:21.325232
d50597bc-904a-46dd-ac6d-8acdcdff1fc1,1b5ee1ac-dd4b-455f-96a2-e69647349974,"With Funk Off contest. (For the record, Trooper's Mom won.)",2020-02-22 16:27:21.850196,2020-02-22 16:27:21.850196
97f35482-7f15-4f09-84c6-80bb68025b43,11f1d0ed-4e85-4124-a839-7508a42e47d3,Short instrumental snippets of every song from 'Uncivilized Area'.,2020-02-22 16:27:23.055957,2020-02-22 16:27:23.055957
491d70ba-319c-4533-8f95-8f908c45e03b,49663b59-b2c3-4673-9b35-817616e7ae21,Short instrumental snippets of every song from 'Uncivilized Area'.,2020-02-22 16:27:23.159812,2020-02-22 16:27:23.159812
96229e85-41fd-4870-9702-5efef831f08f,91588549-037e-46a5-bfa9-d38a6ae98e58,Short instrumental snippets of every song from 'Uncivilized Area'.,2020-02-22 16:27:23.250564,2020-02-22 16:27:23.250564
d7b3e927-c522-4cd3-91a3-498ef2ad2732,79769052-7098-4b0f-858c-2edf12f5dc81,Short instrumental snippets of every song from 'Uncivilized Area'.,2020-02-22 16:27:23.326073,2020-02-22 16:27:23.326073
bbe45c40-0874-4500-b392-7b820661a396,207e3a4a-a31f-49d1-ae2f-1213e8a2068b,Short instrumental snippets of every song from 'Uncivilized Area'.,2020-02-22 16:27:23.413021,2020-02-22 16:27:23.413021
f196fe6e-7c74-4203-811d-01da4247f764,4175f2ed-e8d0-42e5-afd0-25843839648e,Short instrumental snippets of every song from 'Uncivilized Area'.,2020-02-22 16:27:23.497749,2020-02-22 16:27:23.497749
1a4885c3-dfd8-4536-b8cc-32e93e98e9be,661d7ca9-9711-400d-8218-c4d21e074565,Short instrumental snippets of every song from 'Uncivilized Area'.,2020-02-22 16:27:23.581206,2020-02-22 16:27:23.581206
4c534c69-0c44-46fe-96ec-73d15388c802,1c9c52d6-7376-4909-9577-6b30592685fc,Mostly without Brownie (he was changing a popped bass string.),2020-02-22 16:27:24.483331,2020-02-22 16:27:24.483331
dcfd8514-ad16-4c37-b163-bc88c93ff138,6b5471a3-7eed-4bb2-8723-49a412b63e75,First two verses only.,2020-02-22 16:27:28.475969,2020-02-22 16:27:28.475969
4d856821-c487-4d1b-a595-59b18c58cb29,584b84f5-1f3c-4f35-8cfa-aaf9df9a371c,Completes 6/4 version.,2020-02-22 16:27:28.598092,2020-02-22 16:27:28.598092
10d025d7-937f-4081-9d7f-d821b44d7d9e,0820dcc9-e12e-431d-adec-5da69889503b,Completes 6/4 version.,2020-02-22 16:27:28.674172,2020-02-22 16:27:28.674172
77cc80d0-2056-4ec1-87bd-8d54eb428322,1db14b15-cda0-4d7a-aab6-280f76e6d042,With Dan Brown on saxophone.,2020-02-22 16:27:35.814862,2020-02-22 16:27:35.814862
8e8d365e-ee38-4387-9d0f-22a46fd89228,6dfc4920-234d-4650-980d-0a666873d553,unfinished,2023-04-06 21:31:05.795719,2023-04-06 21:31:05.795719
8e76512d-790b-4d50-ab17-23bf473a7489,3565c283-93e3-431c-983d-e09ad859e275,With members of the Ominous Seapods.,2020-02-22 16:27:43.082749,2020-02-22 16:27:43.082749
b82b240c-c1d1-4263-b361-d1d96cea3467,4a125110-4b1b-4f48-954d-65a64ddc12b6,With members of the Ominous Seapods.,2020-02-22 16:27:43.211503,2020-02-22 16:27:43.211503
2ad001f2-5306-4690-aecf-6699eb619229,604bc239-7c08-4666-a936-020dfcbcd2af,inverted,2023-04-06 21:33:01.321184,2023-04-06 21:33:01.321184
fb4732d9-8e2d-4304-ac2c-4b2eb9f152a3,9259c0d8-3a9c-427c-b112-a4db318971b0,with ‘Coincidance’ (Handsome Dancer) samples,2024-02-23 03:25:48.260865,2024-02-23 03:25:48.260865
e23ca2c4-dc3e-4696-a6e8-144068512e1f,282733a2-04fd-469c-b828-27433e21fa40,Last Time Inverted 1/16/09 (280 shows),2023-04-21 19:49:29.033449,2023-04-21 19:49:29.033449
96ea3e33-6e91-4023-8e66-87afa1f020e6,a94ffcae-0f25-4992-8979-0ab1a5d08afc,With,2020-02-22 16:27:54.166248,2020-02-22 16:27:54.166248
d730b146-2152-4ae0-b599-f6e0fc3fffb3,faf5d76b-7b57-4633-8876-740d69a5990c,With,2020-02-22 16:27:54.407218,2020-02-22 16:27:54.407218
967ffe37-77ce-4b57-ab0d-205f4d2d309f,e58d71ea-08da-4a54-9e2c-0902f2a98fba,Alternating back and forth between Trooper McCue and Misty Mountain Hop.,2020-02-22 16:28:01.569959,2020-02-22 16:28:01.569959
6b9a441f-604b-4d7e-b6ca-a0725b543289,1b1cef72-89d4-4670-9f55-ef86a8cad15c,"With Jeff on trumpet and TK on saxophone from Foxtrot Zulu.  Barber also joined John Scofield, John Medeski, Chris Wood, and Charlie Hunter for their encore.",2020-02-22 16:28:02.426745,2020-02-22 16:28:02.426745
187c1a73-9ad2-433f-895b-ecfb959225db,24446d72-6f3c-47f6-ba50-9c8bd1d44d7a,With Tony Furtado on banjo.,2020-02-22 16:28:07.957849,2020-02-22 16:28:07.957849
e473f22e-d3f3-4132-8cd8-eb18dbedb7f7,d67d2b3f-aba0-4b48-9957-9273e9252fb2,With Tony Furtado on banjo.,2020-02-22 16:28:07.994838,2020-02-22 16:28:07.994838
b652c051-1c70-4477-98af-43f5bb25ad35,d1eba183-f86c-4362-ba11-e4814bdaa9fe,With Tony Furtado on banjo.,2020-02-22 16:28:08.066854,2020-02-22 16:28:08.066854
80df4f95-da92-47eb-8427-89274a46f864,f85d2d1d-0780-4594-bcff-928046aea8b2,With 'The Overture' tease.,2020-02-22 16:28:11.906025,2020-02-22 16:28:11.906025
cb79715b-9085-4ba0-a4da-fdf600e68f9a,a0aa3b59-a662-4aab-9c61-9c606ed3af3d,Completes 12/3 version.,2020-02-22 16:28:15.479059,2020-02-22 16:28:15.479059
8b0fc462-4308-4383-974d-cd6da9d4c9d2,2631dd2a-025f-469e-a745-c8dba104040b,Ending only.,2020-02-22 16:28:15.709869,2020-02-22 16:28:15.709869
7eefbb82-ee29-4878-8970-84233f58bccd,ad25ca56-c7d6-407c-afb7-0e3435684be8,with 'Basis For A Day' teases,2020-02-22 16:28:18.178858,2020-02-22 16:28:18.178858
be3c803f-7391-42e4-b974-581b50b0311b,81805994-cf79-4237-bb6c-13fa4fec67e8,dyslexic version,2020-05-02 01:14:00.020717,2020-05-02 01:14:00.020717
b6c764b3-7bcd-484d-9734-37c62d502416,aed6054b-5da0-4b96-b52e-2e32f04fda75,beginning and middle,2023-04-06 21:33:47.473813,2023-04-06 21:33:47.473813
161065ee-bc9a-43cb-8631-232870880089,4b6dc7fe-ce00-4733-9899-7a0c6cc20e44,Completes 1/19 version.,2020-02-22 16:28:22.194025,2020-02-22 16:28:22.194025
a1bd28df-d785-4425-a7af-d1803072fd7d,427a3322-40ee-4a4c-9e23-147006dd8c64,Completes 1/19 version.,2020-02-22 16:28:22.233407,2020-02-22 16:28:22.233407
8934a4ef-2aee-4d25-a267-67db68845f6d,735e6c6d-d65d-48df-8352-48de6799ae24,One false start due to equipment problems.,2020-02-22 16:28:22.558150,2020-02-22 16:28:22.558150
31ca9b49-3812-4242-8f08-e429890710dc,9a1bca71-75cd-4af4-b2ae-74115fb325f0,Completes 1/21 'Pat and Dex'.,2020-02-22 16:28:23.429828,2020-02-22 16:28:23.429828
f5e8169d-4b47-4432-8e3d-eda3ddb0170d,c88276a8-3dba-4c4c-87c3-3a54ad5141a2,One false start. (Aborted due to bass problems.),2020-02-22 16:28:24.361347,2020-02-22 16:28:24.361347
fa07f739-81df-477d-a7df-401ecbbcb0d7,33a57e16-c313-4346-a287-b7076bed3044,Intermission after Eulogy.,2020-02-22 16:28:24.480158,2020-02-22 16:28:24.480158
168c5b91-5544-4a54-81f5-5fd47a682d09,d313484e-ad63-40b6-b322-adb6205fad36,Completes 1/22 version.,2020-02-22 16:28:26.067590,2020-02-22 16:28:26.067590
7cf4ba52-4752-4a0c-8411-7e07cdc43017,81805994-cf79-4237-bb6c-13fa4fec67e8,instrumental,2020-05-02 01:14:00.036158,2020-05-02 01:14:00.036158
b1422162-5fa0-40d0-a5a1-48bc4aaba7d9,d06162ed-8957-46e4-a50e-02b0f414b52c,inverted,2023-04-06 21:42:33.153113,2023-04-06 21:42:33.153113
6a7d0f9e-31fb-4777-a84a-95b120e61bdb,cfc47dbc-daaf-47dd-9ef7-352c67ad7b6e,With 'Norweigan Wood' (the Beatles) tease.,2020-02-22 16:28:36.977989,2020-02-22 16:28:36.977989
cf097f77-3e6a-48f2-bdce-9fc6d6f5a7d8,7b08c529-911c-4f87-ac0e-8ec57742cb1c,LTP 8/31/2003 (543 shows),2023-04-06 21:50:34.925826,2023-04-06 21:50:34.925826
2053e067-5d60-47bb-8c53-f389d75da9f4,62af9dab-daa4-4642-b981-185659d26752,Completes 2/18 version.,2020-02-22 16:28:37.384503,2020-02-22 16:28:37.384503
a975c757-be8e-4e09-8c4e-46db92201c9d,52ea6069-e04d-4534-a6ec-bd85503e4480,With Vic Vucheck on flute.,2020-02-22 16:28:40.214613,2020-02-22 16:28:40.214613
2312c73b-6918-4ea1-90f2-7dc3bba703ba,b7bcba04-58eb-4761-af99-67cdb7203133,With Vic Vucheck on flute.,2020-02-22 16:28:40.524251,2020-02-22 16:28:40.524251
422c3a6b-7a35-47e3-98ab-7b3057c748cf,ed2d16b5-62fb-4dd4-b6b1-0394f315f583,Intermission after Eulogy.,2020-02-22 16:28:42.198413,2020-02-22 16:28:42.198413
14138c84-44e3-4a56-a876-890d7d4aa5d1,f6202991-62b9-4175-ae9d-e8a66a5e3a22,With 'Magellan' tease.,2020-02-22 16:28:42.922960,2020-02-22 16:28:42.922960
e24592fa-c0c1-4d14-b183-e29e9557ea22,8cbdb7ec-a718-4707-b922-d21c791e4287,With 'The Very Moon' tease.,2020-02-22 16:28:45.490158,2020-02-22 16:28:45.490158
2bbed8f8-55ef-4a65-816e-2e7818b841a3,dbed9821-c84b-44f4-bc4b-eb6e15db21a2,Completes 3/13 version.,2020-02-22 16:28:46.157709,2020-02-22 16:28:46.157709
44e0a2e5-1488-4548-95ea-e31b83266d0a,d0dadefb-ee56-41ea-9ac6-0c8368408fb9,Completes 3/14 version.,2020-02-22 16:28:46.905883,2020-02-22 16:28:46.905883
c97074e4-c117-4d4b-93fd-249e4f4dda74,c934723b-5150-4552-8939-cd668cf6c84d,inverted,2023-10-29 01:24:50.597778,2023-10-29 01:24:50.597778
e9520c7c-17f3-45f1-9b1b-e738a73fcbeb,954cf8ee-2657-4a81-a01c-95504bbe4438,With 'The Very Moon' tease.,2020-02-22 16:28:48.298115,2020-02-22 16:28:48.298115
01d9443e-719d-4cb3-b624-82af53d43809,b0a45589-4f7a-4c30-b456-ad72cc48a278,Completes 3/25 version.With vocal jam.,2020-02-22 16:28:51.183702,2020-02-22 16:28:51.183702
3f4c09fb-e34e-473b-b163-c2b7884ac720,be6d1e01-1688-4dc3-bd35-7053c7acfc45,Completes 3/25 version.,2020-02-22 16:28:52.319877,2020-02-22 16:28:52.319877
23a8343a-5f61-4955-ae7c-87dbee5a887c,0eea504d-67d0-4b2e-a86a-e450b4ad8b44,Completes 4/7 version.,2020-02-22 16:28:53.272531,2020-02-22 16:28:53.272531
d31ce2ee-64c4-412c-b042-70c8adb34a1f,9f31d449-a37a-4c7d-b964-eed8bd8ac570,Completes 4/8 version.,2020-02-22 16:28:54.106148,2020-02-22 16:28:54.106148
2640b8bc-8ac8-4d31-bcc2-cf0d42da6c76,b6d24936-46cd-47f0-9613-9100a76e24f5,With 'Don't Cry For Me Argentina' tease.,2020-02-22 16:28:54.930715,2020-02-22 16:28:54.930715
6a517019-df52-4852-8cb8-091416c6ea37,01f0706d-f26c-43f8-94ac-b0bb6aae6951,inverted,2020-05-08 00:05:00.730170,2020-05-08 00:05:00.730170
f6ff5284-5036-4590-9ceb-1cd9071ae77c,a20a8491-20c4-4323-a29f-df8c38689f9d,"with Electron (DJ Stich on turntables, Pauly Herron on percussion, Tom Hamilton (Brothers Past) on guitar, and Joe Russo (Fat Mama) on drums)",2024-11-10 20:14:01.355516,2024-11-10 20:14:01.355516
229cb72a-b220-48df-8dc2-de4d619236d3,82745521-2866-4c3e-a4da-fc3fa38da31b,unfinished,2020-05-08 00:05:34.538660,2020-05-08 00:05:34.538660
650bbcb6-d6b2-43a5-a347-66a0f9393b01,58010492-6907-4230-80fb-a90923a2780e,With 'The Very Moon' tease.,2020-02-22 16:28:59.450662,2020-02-22 16:28:59.450662
bee2c81c-efc9-46f3-afc6-172034f76138,8f4143dc-bf3e-4b4a-88aa-257534363ce3,With Marcus on vocals.,2020-02-22 16:29:03.422490,2020-02-22 16:29:03.422490
3dd813fb-57c1-4e02-8a94-5ca956dfdc4f,e99a5daf-f9f0-453b-929f-6b7794284b00,unfinished,2020-05-09 18:21:50.769853,2020-05-09 18:21:50.769853
458974df-2ac1-4245-8faf-fda9771a71ff,c9c41f2d-8a6c-46d8-9792-89e2afb5eeda,unfinished,2020-05-09 18:22:15.924883,2020-05-09 18:22:15.924883
90279599-796e-4c8b-82d6-c549a3b54c06,349eb909-6c50-471a-a7a2-16899a5e8624,Completes 5/7 version.,2020-02-22 16:29:07.080184,2020-02-22 16:29:07.080184
817dd6e5-c350-4e78-9a05-4a4567beb0b2,dd084b33-1a82-430a-b850-a5119df283c2,With 'Hot Air Balloon' tease.,2020-02-22 16:29:07.417644,2020-02-22 16:29:07.417644
ba13484a-e4ae-4adc-8390-f179a220ef29,97946a6f-bde4-4910-b0ce-84cf439e367f,With 'Dueling Banjos' tease.,2020-02-22 16:29:08.958471,2020-02-22 16:29:08.958471
0b45e0de-5ca8-42ac-90db-3fecf382f643,54a61df2-9773-4d4a-a6ed-87da90b2ebd5,Completes 5/14 version.,2020-02-22 16:29:10.055935,2020-02-22 16:29:10.055935
a78b6dd2-b652-490e-81c1-9932482bc2a1,11470c1e-867c-45a4-a77c-ba29c4a60436,inverted,2020-02-22 16:29:48.540385,2020-02-22 16:29:48.540385
afc206f7-d240-4aec-baf0-5e15ed20695f,54164de6-65d7-41d0-911f-374742afa2d1,unfinished,2020-05-09 18:27:15.123198,2020-05-09 18:27:15.123198
4ca9318f-3bc2-4040-a9fb-31a5e2edcd15,d5aefbb9-4e72-439d-9f0f-929abacc1a4e,Completes 10/2 version,2020-05-09 18:27:57.058082,2020-05-09 18:27:57.058082
b5c8baab-d685-4ef0-8d70-56da2821c177,a876a4ef-9672-4a52-bf09-30711e781457,unfinished,2020-05-09 18:28:38.927046,2020-05-09 18:28:38.927046
e1f00870-979b-4da5-987b-a869f6512839,a8f9116e-6f7c-4c14-9b85-d94aaf4c4c15,unfinished,2020-05-09 18:29:59.738343,2020-05-09 18:29:59.738343
6dbfcc1d-036b-429c-af7a-2a2fa24d35fd,8c59af0c-c07b-4873-a3d6-48b64a3ae232,dyslexic,2020-05-09 18:30:18.932042,2020-05-09 18:30:18.932042
36d62315-46b1-4a7b-ae2c-486cb1e7e61d,90f63443-ecf3-48e8-b0f9-c3e8ed7d23a4,dyslexic,2020-05-09 18:30:57.560084,2020-05-09 18:30:57.560084
401964d2-c88a-46ee-bce8-84f31d54561c,02abba12-1efc-40b2-9145-ed96e2acb832,With 'Run Like An Antelope' (Phish) tease.,2020-02-22 16:29:10.486206,2020-02-22 16:29:10.486206
03afccd4-7aa5-4ed5-85a4-e32a369da587,f8cfb2de-05eb-4e7e-a83b-7d105a5bfdd5,With 'Little House I Used To Live In' (Frank Zappa) tease,2020-02-22 16:29:12.542435,2020-02-22 16:29:12.542435
2f711d7c-8e0c-4dfa-be90-3e8cf3548b30,d346384b-be8e-4705-ac11-df216f9c6e71,unfinished ,2021-07-13 01:30:27.941620,2021-07-13 01:30:27.941620
d29b7313-4d26-442f-ab9f-74d19da73f6d,0ebe0df2-307b-46e0-89f3-038df2dd1845,Revive,2021-07-13 01:31:33.809889,2021-07-13 01:31:33.809889
82640183-9eac-4113-ac57-0147db12b92d,e9eab747-35a1-4782-9027-086bae46d619,Completes 5/29 version.,2020-02-22 16:29:13.044742,2020-02-22 16:29:13.044742
0d0575fc-6a12-4731-b289-49433d842d6f,0db62ec4-e8b4-4304-92a7-484322b44d7e,Completes 5/28 version.,2020-02-22 16:29:13.773730,2020-02-22 16:29:13.773730
a25b145d-4760-427d-9eed-05e077903fe7,6ac3eed2-a61b-466f-8cc4-e6226770b7b5,Dyslexic version (ending first then beginning).,2020-02-22 16:29:13.968885,2020-02-22 16:29:13.968885
4c1f338e-2044-4b85-90c6-e9f1ccb5a54c,8ff85631-fc09-4714-ac6b-0c230ce52fa2,middle only,2021-07-13 01:32:13.958944,2021-07-13 01:32:13.958944
73d79624-1175-4e55-a4ff-5d314dc609c1,f4a99255-a3a7-4105-919b-f71e146e7f32,With Oteil Burbridge of the Allman Brothers Band on bass.,2020-02-22 16:29:14.230885,2020-02-22 16:29:14.230885
c360f9e2-1d19-4580-96ff-053d22c77095,ea2fbe02-e201-4909-915c-3c164a893d12,beginning only,2020-05-09 18:23:00.194487,2020-05-09 18:23:00.194487
3ba3f5ee-d296-4978-8cc5-ddd81b0eaf65,42e63db2-5476-4608-8401-98f92729cfea,With 'Mindless Dribble' tease.,2020-02-22 16:29:14.653821,2020-02-22 16:29:14.653821
0137b58b-ae9c-4c6a-b6f6-fa0bacdc9aca,725d1501-8109-4f52-accc-ab111343e63d,With 'Mindless Dribble' tease.,2020-02-22 16:29:14.749186,2020-02-22 16:29:14.749186
2d1199c6-4ce1-4d10-a697-3957768e1ebf,a0869464-4598-412c-a224-6e4aa2d76180,With Oteil Burbridge of the Allman Brothers Band on bass.,2020-02-22 16:29:14.989793,2020-02-22 16:29:14.989793
45b45973-6ebe-4f21-af96-9b47dc88fb4f,a02d2ad3-4a3e-4858-850f-ec54667746cd,With 'run for your life' vocals.,2020-02-22 16:29:15.112472,2020-02-22 16:29:15.112472
b25ecf87-ff72-487a-943b-428fccf10de6,57de1f88-693d-46e6-af39-6ecb1238a886,Completes 6/3 version.,2020-02-22 16:29:15.370137,2020-02-22 16:29:15.370137
d6a3a5a8-b3b8-4e6d-b44c-6def3122a7a8,755d3ba7-8886-42fa-a8d5-cf9acc8c80db,unfinished,2020-05-09 18:23:20.077227,2020-05-09 18:23:20.077227
f765b950-33a3-4757-9928-c15da07ecdfc,8337c88b-a3f1-46ea-9701-a80bdcb40fb6,Completes 6/10 version.,2020-02-22 16:29:16.664118,2020-02-22 16:29:16.664118
a4db1587-da20-4a9e-8434-908dd3f02e71,ebb1923b-3e03-44c7-8ba7-0154f118ef87,With 'run for your life' vocals as a helicopter circles the concert site.,2020-02-22 16:29:19.246498,2020-02-22 16:29:19.246498
fb75a9de-ccc2-4cbc-a0f6-132ac86aae85,ade318d8-7497-47d3-b9cf-e3e76a2ece81,With 'The Overture' tease.,2020-02-22 16:29:20.944818,2020-02-22 16:29:20.944818
bd0457fc-8aa8-4403-a8b4-cdae4d4b7a56,f3b2d801-25c1-4b0b-8a13-423ffd4fb29b,LTP 4/15/15 (97 shows),2023-04-06 21:36:30.863318,2023-04-06 21:36:30.863318
802c0b26-0590-4095-9d9c-36e4f297825f,361c5606-731d-4ae3-8c0f-10800f64834d,1st time inverted,2023-04-06 21:47:17.358158,2023-04-06 21:47:17.358158
8b43693c-99ee-4428-a736-346051ba7584,3cc315b8-8531-4be3-add9-a76b304fa0b5,Played again because Brownstein messed up the first time through.,2020-02-22 16:29:23.092582,2020-02-22 16:29:23.092582
2ef1c795-9753-4738-a8e0-ebc1c6dfc540,42830f62-c81e-4bdd-a299-cdcc7d887bd8,Last Time Inverted 4/29/06 (568 shows),2023-04-21 19:53:07.514853,2023-04-21 19:53:07.514853
87c36891-e751-41a7-97c1-6d864502bb0e,dd8060b6-d17a-43a6-be4f-16e074c840e1,unfinished,2020-05-09 18:23:34.224629,2020-05-09 18:23:34.224629
46a55134-90f8-4992-94d0-669bad4941f9,cdbe74e1-3836-4e88-afb7-24d568469ee6,with 'Run Like Hell' (Pink Floyd) tease,2024-11-11 18:56:45.290982,2024-11-11 18:56:45.290982
5407d34f-618b-4d69-9d54-08b0060f05fb,7531f734-13c0-4ed1-a241-5c9ed9f49c9a,with 'Eye In The Sky' (Alan Parsons Project) tease,2024-11-11 18:56:57.854031,2024-11-11 18:56:57.854031
6033a49a-8ed5-4b71-b616-c243969fba99,8a6936ac-a972-4752-a3fc-d756da9f573a,ending only,2020-05-09 18:23:45.381761,2020-05-09 18:23:45.381761
a84d9f80-3325-4091-b0ba-773106eef340,59c0ac4a-cf67-4fdd-9e13-c0099d2a757c,middle section only,2020-05-09 18:24:03.454195,2020-05-09 18:24:03.454195
5f9b86a3-ad47-45c7-977e-03b8f9e2df01,9af5efbc-5499-4143-91cb-7eaefe1d6658,unfinished,2024-11-14 04:32:19.782508,2024-11-14 04:32:19.782508
329e9da5-10ae-485a-a7fb-4425642db819,9af5efbc-5499-4143-91cb-7eaefe1d6658,with 'Little Lai' tease,2024-11-14 04:32:19.826258,2024-11-14 04:32:19.826258
533293e0-0f07-48aa-bba4-a5a6e057fcb7,0f9cb7a2-0a9d-4f4c-b91b-124f2a821615,unfinished,2020-05-09 18:24:18.049259,2020-05-09 18:24:18.049259
17e988ad-f753-4806-a336-cf37f3bd2ec1,790ef427-930f-4d62-818d-ea7c2ce7dfb6,Completes 9/17 version.,2020-02-22 16:29:35.214861,2020-02-22 16:29:35.214861
18c42d4f-79d7-4b00-ab6c-afeb497d0b50,17198633-3ff1-446f-b9f4-09f542e7388c,With 'The Overture' teases.,2020-02-22 16:29:36.429570,2020-02-22 16:29:36.429570
30f00248-3e2e-4a6d-948c-57b697c15b79,decfeeb8-f3bc-4976-97dc-db2d87ef9bf3,Aborted when sound system failed in the club. Boogie Stop Shuffle through Texas Pussy were played through the band's amplifiers only.,2020-02-22 16:29:37.689184,2020-02-22 16:29:37.689184
76e051c9-9e68-47c0-a4c6-0571ad8a9c92,33e57c2c-5279-49d6-b296-701bc1b6d874,With crowd singalong.,2020-02-22 16:29:37.901966,2020-02-22 16:29:37.901966
8fed67ac-270c-4a7a-a887-e680b3d5a366,a4a0575e-38e7-4113-980c-daf28433b2ad,with 'Mindless Dribble' tease/jam.,2024-11-14 04:33:47.247146,2024-11-14 04:33:47.247146
b8054c66-f3a4-4f4d-bf0a-7e7f731c32ea,a4a0575e-38e7-4113-980c-daf28433b2ad,"dyslexic version (ending first, then beginning)",2024-11-14 04:33:47.272936,2024-11-14 04:33:47.272936
6556526b-0dba-454c-afea-b18be712bc58,6ad6489c-58c5-4ec1-9ac8-a8182ba7e929,unfinished,2021-07-17 04:24:54.425145,2021-07-17 04:24:54.425145
9c0c7e3d-d43b-42db-bde8-7a95eeb39234,16dfe31d-323c-402f-b304-6a79c4b1f3a6,with 'Crickets' and 'Pat And Dex' teases,2024-11-14 04:33:57.570504,2024-11-14 04:33:57.570504
67ddf4c3-20ea-434a-aa86-3949998f5c52,f9d8078d-5162-4640-b03c-205ac4ed4470,"unfinished, with 'Haleakala Crater' and 'Chemical Warfare Brigade' teases.",2020-02-22 16:29:41.750898,2020-02-22 16:29:41.750898
a6a87f3c-9e49-488a-9a1f-6fb490548a7e,1d11fab5-7f3e-4e1a-97d4-5a7df04c8956,Completes 10/2 version.,2020-02-22 16:29:41.838613,2020-02-22 16:29:41.838613
0a83a692-9137-4e54-9ed0-7c654f2f501f,a1bcedf4-995f-4820-a28b-1b3b819e927e,ending only,2020-02-22 16:29:42.055167,2020-02-22 16:29:42.055167
d744df10-434f-41a2-8795-62b6db09a165,cf6cf051-be79-481d-a884-e09efedc9a85,"dyslexic version (ending first, then beginning)",2024-11-14 04:34:08.263061,2024-11-14 04:34:08.263061
96f1cea4-0fa5-4de1-9ae9-f5f40543aacd,f61a22b4-b3fd-4751-bae8-f1b24d888eec,completes 11/13/24 version,2024-11-15 05:57:02.870623,2024-11-15 05:57:02.870623
10a9b17a-d018-4b95-8086-30830d6b4f6f,47fd8721-a925-47f3-b22f-ff92b284c249,with 'Beat It' (Michael Jackson) tease.,2020-02-22 16:29:42.185958,2020-02-22 16:29:42.185958
38a1e70d-a392-4959-9dab-6cd680b522f7,97f4ed77-81aa-4ad7-8d54-062fa2f9da8b,unfinished,2020-02-22 16:29:43.634632,2020-02-22 16:29:43.634632
4e6ec38b-53d1-4fbc-bf4e-e0f92b0ef6d7,26b93dba-cdc8-47fe-9035-428c63569812,unfinished,2024-08-03 21:39:04.856763,2024-08-03 21:39:04.856763
ca70659e-cc28-4486-88cb-b3c06f2003f2,712bc645-3e00-40ef-bf51-49b4cba24cb1,unfinished,2020-02-22 16:29:44.269690,2020-02-22 16:29:44.269690
9a0bc088-b2ce-426f-8bee-07f83920f2ba,712bc645-3e00-40ef-bf51-49b4cba24cb1,With 'Basis For A Day' tease.,2020-02-22 16:29:44.308728,2020-02-22 16:29:44.308728
7cbbfa79-98d9-4fcd-9793-eacf6ae3b11e,483c1c52-0a13-48ea-87b7-f94e9038d9ca,Completes 10/8 version.,2020-02-22 16:29:45.018675,2020-02-22 16:29:45.018675
12ad4abf-8428-492e-b66c-2eeb74997e64,5fef6ba6-f741-4ecf-b59a-fbb3bf29d82d,With Brett Joseph of Fat Mama on saxophone.,2020-02-22 16:29:45.176450,2020-02-22 16:29:45.176450
93be5d14-5691-4e83-80b4-f6365afe2da3,68d5df66-2796-4183-a8c9-02a92fe95123,Completes 10/9 version.,2020-02-22 16:29:45.290467,2020-02-22 16:29:45.290467
cd0ae0bd-89c1-4c1b-b45b-9f98c591a702,3020157d-2f12-4fdd-a788-5ac4bfa0b08a,Completes 10/9 version.,2020-02-22 16:29:45.760228,2020-02-22 16:29:45.760228
3a5902c9-7ad4-4aee-959c-0c72a875ae94,26b93dba-cdc8-47fe-9035-428c63569812,with ‘Sound One’ teases,2024-08-03 21:39:04.869198,2024-08-03 21:39:04.869198
6dceb74d-9bff-4ee3-b94f-0b3303810bbe,4b4eb89f-924a-4b7c-938a-372c8dfa756d,inverted,2020-02-22 16:29:18.482991,2020-02-22 16:29:18.482991
281245f5-aa01-42db-be19-a248f4289fb6,cd36c5af-a63f-4007-9649-5b11e907c9a2,inverted,2020-02-22 16:29:23.561870,2020-02-22 16:29:23.561870
33fb1bb8-a62a-48ca-9d05-b91d773ba385,26b93dba-cdc8-47fe-9035-428c63569812,with Magner on vocoder,2024-08-03 21:39:04.878359,2024-08-03 21:39:04.878359
8290fbfa-9465-4cbc-912f-a55913b252e2,5ed0af03-2642-4143-a5f3-60b969d042cd,inverted,2021-08-29 14:16:16.721690,2021-08-29 14:16:16.721690
bb4a4dc8-1ff2-47fa-a1fd-fa06bbbef0b1,92535e7c-e54c-4b39-b56c-da91e5b5cd91,inverted,2021-08-29 14:18:19.140801,2021-08-29 14:18:19.140801
049b05ee-dcc1-4088-af29-cf67e2c4e2c6,821e3887-56a1-4f80-9ba1-f5e0bed46ad3,unfinished ,2021-08-22 06:04:05.682220,2021-08-22 06:04:05.682220
bba2c4bd-6e81-43dc-9d34-c328932827ee,eabed8ce-e5f8-41ab-89dd-ea88fbabaebc,With 'Magellan' tease.,2020-02-22 16:29:49.066105,2020-02-22 16:29:49.066105
4739498e-1db5-4614-81ce-722cf764eba5,cd1cea96-8843-4229-92ce-84f33863462a,With 'The Very Moon' tease.,2020-02-22 16:29:50.892003,2020-02-22 16:29:50.892003
8bb2ad6f-68c6-497e-85ca-f0277b369fed,cb162737-e182-40d9-ab3b-090336ec40bb,unfinished ,2021-08-22 06:04:21.190684,2021-08-22 06:04:21.190684
378f8b97-f460-4446-ba8f-2d98cbac8d5b,8d586aca-de1c-4ea2-8fd5-e3948c41132d,with ‘Sabre Dance’ (Aram Khatchaturian) teases,2024-08-03 21:39:55.461334,2024-08-03 21:39:55.461334
39afbd2f-13f2-4361-b2f4-b460fa07a227,02b8e789-1f01-4391-b668-a7670aa795ad,unfinished,2020-05-09 18:33:35.986884,2020-05-09 18:33:35.986884
e34b75c9-ab91-4445-b682-4d6252dd5af3,11a17cc9-21d7-4837-b8a4-e84c11d863bf,inverted ,2020-05-09 18:34:04.927598,2020-05-09 18:34:04.927598
83503025-5bba-49f0-a812-b167b19784d5,f8a4db76-7c10-4f8a-b5c1-0fe49fe2a74f,FTP (Slick Rick),2024-06-17 18:07:53.587479,2024-06-17 18:07:53.587479
9f62b6ff-f06e-43a3-8a56-b829a7e415aa,e5aeca9e-8f54-4690-83c1-799828bb4c8d,dyslexic,2020-05-09 18:35:56.786602,2020-05-09 18:35:56.786602
0b5cf4a3-3184-4a52-ba9b-5a993b41ab18,1a7a5f33-3833-4405-a351-06d95cb5d785,unfinished,2020-05-09 18:36:06.059801,2020-05-09 18:36:06.059801
b9faa524-afcf-4c02-ad64-6530baf29b2b,59b55b5a-9b30-466e-b56b-6ec3a8a0d2dc,dyslexic,2020-05-09 18:36:27.387963,2020-05-09 18:36:27.387963
ce09027d-61bd-429b-b632-9cf11f375c3f,76e9bea1-d2ee-4a3a-8a30-701a93208ade,inverted,2020-05-09 18:36:39.242964,2020-05-09 18:36:39.242964
a220197c-6a93-4bd1-8aa8-54107275d1ce,91e12932-e2ea-457a-80ca-5993eef36258,unfinished,2020-05-09 18:38:47.616295,2020-05-09 18:38:47.616295
6b37d2d9-0f7d-4781-a5f7-90c1b745bf74,b36aec54-4b9a-48e1-9806-ce79b8272737,unfinished,2020-05-09 18:39:03.096484,2020-05-09 18:39:03.096484
958e8fde-f855-46a7-b5b3-474733d832b9,4e66e6e3-ec34-4cb8-9ad3-c878ef7ec4a9,middle only,2020-02-22 16:29:52.767976,2020-02-22 16:29:52.767976
501763b8-c6cd-436c-9f6d-df9aae6ee667,39297470-68eb-49b0-b5a7-7814a16d4e51,Completes 10/28 version.,2020-02-22 16:29:52.913960,2020-02-22 16:29:52.913960
6fb7c7a3-0699-4a29-bd8b-9dcce2917753,25ee818a-9905-47d8-9da5-7c6e2806e046,unfinished,2020-02-22 16:29:55.536334,2020-02-22 16:29:55.536334
6295e50f-0ebd-4ae1-8412-bae07d6f9970,c03b388d-dd54-4349-9734-f63b3f6e3472,Ending only.,2020-02-22 16:29:57.094971,2020-02-22 16:29:57.094971
b315a3a9-0efe-4be0-a918-e1c868d9b815,bd08bc4a-d32f-41ce-a9b1-0c946f90d55b,With 'Bernstein and Chasnoff' tease.,2020-02-22 16:29:57.582368,2020-02-22 16:29:57.582368
eb0b82be-8100-4b2f-90f5-10b8c6468de6,3d9e9c34-5963-4e09-870c-03d8f1ec1e17,LTP 10/26/17 (38 shows),2023-04-06 21:44:16.086258,2023-04-06 21:44:16.086258
2482ad0d-85c0-4935-aa9b-b1b045be406c,24d73772-5c97-42ef-8368-f68f71d120e1,Barber on bass.,2020-02-22 16:29:57.958024,2020-02-22 16:29:57.958024
31fc2d5c-c820-4e53-a010-ae87368eb722,536b417c-a373-4d62-bc00-7e193b6c1fd2,Sammy on bass. With DJ Mauricio on the Roland MC-505.,2020-02-22 16:29:58.123715,2020-02-22 16:29:58.123715
b22bb361-6bd4-499f-b0e8-4ac49e23d6c2,cd4d0065-cf84-4936-a0f4-a039f06777bf,Sammy on bass. With DJ Mauricio on the Roland MC-505.,2020-02-22 16:29:58.194169,2020-02-22 16:29:58.194169
d30b1b3c-a2a5-4a1d-a791-db0ad15e0213,25c844ac-e572-48a7-a45a-b47706a63f55,with ‘Munchkin Invasion’ fakeout,2024-02-23 08:18:12.946392,2024-02-23 08:18:12.946392
5ec73b86-e702-4bc7-a6cd-e3321e53d459,bf7a2ece-adc3-4f21-b0f1-8507e369997f,With Carol Wade on bass.,2020-02-22 16:29:58.322830,2020-02-22 16:29:58.322830
4754a1fb-f3c6-49b7-8e34-1059e23770d3,a084ade0-66f2-477b-94c2-6490f80eee81,Barber on acoustic guitar. Sammy on djembe. Stopped before end of song because police broke up the show.,2020-02-22 16:29:58.530332,2020-02-22 16:29:58.530332
223427f1-46b3-420e-826a-7a8879f11d14,9356a1e0-c367-4f9e-9f1b-8998ec33cadb,Sammy on bass. With DJ Mauricio on Roland MC-505  (Mauricio enters halfway through 'the Very Moon'.),2020-02-22 16:29:59.013088,2020-02-22 16:29:59.013088
c7cafe61-5ccd-4040-8d72-32dc4139ab5d,59f0398c-d6e3-4670-848d-a5bc896f6593,FTP (tDB Original),2024-03-06 17:41:16.849139,2024-03-06 17:41:16.849139
f27997f3-74e4-4b0b-90e8-1dede82e221a,59f0398c-d6e3-4670-848d-a5bc896f6593,Sammy on bass. With DJ Mauricio on Roland MC-505,2024-03-06 17:41:16.859077,2024-03-06 17:41:16.859077
6807edcb-a18e-420b-9cda-0e865a017f10,19def89d-99cd-4123-9d3c-8e280f17dccb,FTP (tDB Original),2024-03-07 01:26:23.495739,2024-03-07 01:26:23.495739
4cedfd16-7d20-498a-a283-8976fe7f9f63,5907aef6-edff-4990-bd5d-87687cafc65e,LTP 2/22/2014 (145 shows),2023-04-06 21:47:37.786920,2023-04-06 21:47:37.786920
c25effb6-4b2d-4f59-87f4-a3bf257d979b,98ca2914-268a-4197-8e2d-24588f618388,LTP 3/16/10 (246 shows),2024-02-23 09:10:04.056386,2024-02-23 09:10:04.056386
5481c036-0c62-4f54-86bf-32329ad1c12c,bd708d19-2eac-431b-9918-412ca67fdd5a,With Clayton Belknap on bass.,2020-02-22 16:29:59.386469,2020-02-22 16:29:59.386469
9c6e3a9d-0fe4-4103-931b-c6ee7e9f968f,5b46ea4d-c7ba-4185-a5ce-59150ef64d8c,Sammy on bass. With DJ Mauricio on Roland MC-505.,2020-02-22 16:29:59.729237,2020-02-22 16:29:59.729237
bbb690e1-56af-495c-8739-41fe70c39adc,63732fa7-fa43-40a9-80fd-16c9e0e3b5f9,Sammy on bass. With DJ Mauricio on Roland MC-505.,2020-02-22 16:29:59.888723,2020-02-22 16:29:59.888723
2695c040-e3ca-4887-92ed-4f2c7217daf5,98ac5bba-eb68-430e-9b5a-ae4ce51f7ce6,With Bill Stites on bass.,2020-02-22 16:29:59.925530,2020-02-22 16:29:59.925530
efa71ec0-a555-479e-bac7-37a9de089bac,24f6a4fb-6161-45c3-9ff8-95a4b91a60df,With Bill Stites on bass.,2020-02-22 16:29:59.996300,2020-02-22 16:29:59.996300
67f39536-c431-4aa4-a4d2-7b2eea7a1cdb,28fd66dc-a174-4d18-a6b3-1360feb1b434,Ending only.,2020-02-22 16:30:00.195009,2020-02-22 16:30:00.195009
e13c1323-0393-4244-b20b-ff2c23314a5b,55e7f766-8223-426a-b3df-2f9bb437572a,"Dyslexic version (Ending first, then beginning).",2020-02-22 16:30:00.330414,2020-02-22 16:30:00.330414
0419b7b1-2861-450b-a96f-8a5c67ff5775,95765cc3-05f2-45d5-93a9-3717c990e2a2,"Dyslexic version (Ending first, then beginning).",2020-02-22 16:30:00.405064,2020-02-22 16:30:00.405064
5a6c0809-a74a-4de7-b7ea-3052d9a12648,2eaf22de-50ba-435b-b889-f35ad2e0cb87,Sammy on bass. With DJ Mauricio on Roland MC-505.,2020-02-22 16:30:00.518749,2020-02-22 16:30:00.518749
6f893022-1bb1-4668-a7de-3a4a62b13eca,85c7d0b5-ec74-471d-b6a1-f98117b45730,Sammy on bass. With DJ Mauricio on Roland MC-505.,2020-02-22 16:30:00.603700,2020-02-22 16:30:00.603700
c3d8198f-678b-4ca4-be29-6e858ef604d6,08a663be-54c9-495c-ae2b-44aa2a787523,Sammy on bass. With DJ Mauricio on Roland MC-505.,2020-02-22 16:30:00.702802,2020-02-22 16:30:00.702802
54bf3531-f8b2-4913-bde6-c93c9497a2d3,be489a42-1534-4767-9a03-157f2d8be5dd,Sammy on bass. With DJ Mauricio on Roland MC-505.,2020-02-22 16:30:01.346580,2020-02-22 16:30:01.346580
895a0a46-bf3e-4ec7-bbd7-6c5dec3d160a,a9bd7197-e6f6-425f-96ad-580526631918,With Meredith Motley on vocals.,2020-02-22 16:30:01.491450,2020-02-22 16:30:01.491450
e0c40672-ae76-4b10-b5bc-120cc9303ae5,955ceca2-ecd5-455d-9ce9-6296ecdc78fb,inverted,2020-02-22 16:29:56.080819,2020-02-22 16:29:56.080819
111b38aa-7808-4b84-81d6-1c47477def4a,98ca2914-268a-4197-8e2d-24588f618388,with ‘Ladies’ teases + fakeout,2024-02-23 09:10:04.071686,2024-02-23 09:10:04.071686
5b6befca-e66e-4952-bdf3-93e712a52006,f8a4db76-7c10-4f8a-b5c1-0fe49fe2a74f,with Slick Rick.,2024-06-17 18:07:53.597670,2024-06-17 18:07:53.597670
69b74bc7-f149-4b69-a742-9915198b11fb,b3866c5f-da0b-42df-88be-dea31b2b4ee4,FTP (tDB Original),2024-02-25 20:26:37.130480,2024-02-25 20:26:37.130480
425484b5-7668-4a5a-9c14-e1e6cb830fb9,65aaa220-57e3-4b65-beb2-545e618fede1,With Anthony Rogers-Wright of the Arthur Dent Foundation on bass.,2020-02-22 16:30:02.229678,2020-02-22 16:30:02.229678
b3e296b7-860b-42cf-84cf-660acfb119b5,65aaa220-57e3-4b65-beb2-545e618fede1,With 'Basis For A Day' teases.,2020-02-22 16:30:02.294326,2020-02-22 16:30:02.294326
cc08f512-c550-4ae5-89ae-edfa3c4aaaf2,c065b186-ad2b-4dc8-961b-9aba13202a5d,With Anthony Rogers-Wright of the Arthur Dent Foundation on bass.,2020-02-22 16:30:02.396223,2020-02-22 16:30:02.396223
dc275a94-9713-4001-9da1-a205dc281224,d93b2af9-fa47-485f-808a-88b50393e89a,With Anthony Rogers-Wright of the Arthur Dent Foundation on bass.,2020-02-22 16:30:02.515198,2020-02-22 16:30:02.515198
4fa30279-4c0e-4072-8283-aeff2d9b68c9,7032f421-5282-48dc-b0ae-368939a4d1dd,With Anthony Rogers-Wright of the Arthur Dent Foundation on bass.,2020-02-22 16:30:02.710315,2020-02-22 16:30:02.710315
a81cf3f8-d460-43bf-bb26-08647ae79531,6da68b37-129b-4b3a-a770-d875214a8a8f,with 'Floes' intro.,2024-06-17 18:11:32.868076,2024-06-17 18:11:32.868076
cc4cde17-d0fc-42b4-8860-79a6a8fc3531,0607c0ac-57bd-4945-9802-5931bc095ecb,With DJ Mauricio on the Roland MC-505.,2020-02-22 16:30:03.506669,2020-02-22 16:30:03.506669
a2d8a4e7-91ff-4aa8-aae0-ee07638f17fb,0607c0ac-57bd-4945-9802-5931bc095ecb,Sammy on bass.,2020-02-22 16:30:03.535229,2020-02-22 16:30:03.535229
0761bbfd-b14d-4e1c-bf9e-dad9c24109f1,00541d47-7c57-4fe7-9817-3298697afc13,With Jordan Crisman of Cantus on bass.,2020-02-22 16:30:03.700818,2020-02-22 16:30:03.700818
10fdfe71-ec95-45b3-9a26-40f0ffd811a7,1d2e3089-45ed-44b3-94e2-8755982e081e,beginning only.,2024-06-17 18:11:45.005077,2024-06-17 18:11:45.005077
fa5f8a03-8e14-4b29-918f-80348bac7f4a,3a824b2b-f7ea-429d-b2ce-52bd92d4990a,With Jordan Crisman of Cantus on bass.,2020-02-22 16:30:03.990254,2020-02-22 16:30:03.990254
f0df799e-6238-415b-95ea-a024110ca93f,cc7defbb-a5cb-45d0-8191-28d025ab0497,With Jordan Crisman of Cantus on bass.,2020-02-22 16:30:04.094093,2020-02-22 16:30:04.094093
643f666d-871f-4247-8378-1abc60a4eea9,e5b23e05-1748-4c57-9735-e9ba914bf7b0,Barber on bass for part of jam.,2020-02-22 16:30:04.186052,2020-02-22 16:30:04.186052
4da38a9f-4083-4f83-be83-b175962bb658,0574cf11-6df9-4a1e-81e4-1fad159583d3,With Jordan Crisman of Cantus on bass.,2020-02-22 16:30:04.319124,2020-02-22 16:30:04.319124
39d2675b-06df-4b77-82a5-e03419d5f0c6,e1b673a8-8014-4c4d-b502-4f4c45d2e9f8,Barber on bass for part of the jam.,2020-02-22 16:30:04.674658,2020-02-22 16:30:04.674658
9f1fd9e9-79a8-43de-917c-c10e788a65c6,4c473a8d-7a97-46fa-b9e2-427322d291c5,With Rob Derhak of moe. on bass and vocals.,2020-02-22 16:30:04.970049,2020-02-22 16:30:04.970049
1d4d98c1-2ae7-46cc-a4c0-2620f1645b06,ff4b64b3-ad7e-47d2-ae7a-f4688d9380ad,Sammy on bass. With DJ Mauricio on the Roland MC-505.,2020-02-22 16:30:05.170626,2020-02-22 16:30:05.170626
4d9a43b1-b6f1-4538-8c56-ccc9a620ad6e,87013021-0be5-4a12-b416-0fdf13e91c3a,With Jordan Crisman of Cantus on bass.  No second jam in House Dog.,2020-02-22 16:30:05.466234,2020-02-22 16:30:05.466234
a3dfdad5-4b90-4b57-b433-da6cf8906fa7,73994c53-f422-4b52-81f6-eb274bb067a8,Sammy on bass. With DJ Mauricio on the Roland MC-505.,2020-02-22 16:30:05.575802,2020-02-22 16:30:05.575802
f67f2148-d348-44f2-a2a6-d482b02e08b7,38c09a78-06b0-4cd6-9dab-a48a360ef43a,beginning ,2024-06-17 18:12:15.239648,2024-06-17 18:12:15.239648
c240e3bd-8b0c-43ce-8481-31a2a630256f,420a92cf-244d-4924-a1d1-ec21ea59c5a7,middle>ending,2024-06-17 18:13:00.368921,2024-06-17 18:13:00.368921
bf5f6074-d7c0-4eb1-a9eb-a598079fa7ff,8efc31c4-ffc2-41d5-8b01-98c9b971cc70,FTP (tDB Original),2024-03-06 17:42:20.831644,2024-03-06 17:42:20.831644
446260e9-ba48-4c20-b0a8-f81d6078f81e,7cf74bcb-1066-4d03-85b3-6f0e454d5a96,completes 12/27/2004 version.,2024-06-17 18:15:06.690546,2024-06-17 18:15:06.690546
f79b392e-433a-4756-955d-2eda3ff51693,8fca6d04-e198-4fef-af3a-a7b90d4c0620,with 'Save The Robots' fakeout.,2024-06-17 18:15:14.851189,2024-06-17 18:15:14.851189
101cd5bc-a95f-4407-be8c-dbe5187827d9,a959d17d-ba1b-47f1-a2ff-6c9a5f2a33e5,unfinished,2024-06-17 18:15:38.138155,2024-06-17 18:15:38.138155
d1b70f7e-2299-4ca8-8bd9-711c41baaf18,19def89d-99cd-4123-9d3c-8e280f17dccb,Sammy on bass. With DJ Mauricio on Roland MC-505  (Mauricio enters halfway through 'the Very Moon'.),2024-03-07 01:26:23.506450,2024-03-07 01:26:23.506450
547c15a8-d0be-4891-9b45-d0a566b26d49,cea16dfe-3c1e-434f-88f4-237f08a1c3d4,FTP (tDB Original),2024-03-07 01:26:50.350174,2024-03-07 01:26:50.350174
bb215a9e-1499-495d-8f90-c23afd259dc6,e1e64791-f08f-49df-827a-66bb1c3dd79b,With 'Bazaar Escape' tease.,2020-02-22 16:30:06.490493,2020-02-22 16:30:06.490493
4d26ef49-bdea-41af-9db6-0bfd92b288ea,51702749-c31a-4003-a2c5-7423f0f137c3,With 'Bazaar Escape' tease.,2020-02-22 16:30:06.621242,2020-02-22 16:30:06.621242
d12a831b-dd1e-429d-9822-c0a26b85a2b9,f864c3ce-0f65-4a1f-850b-7e652d4b1dbd,"Dyslexic version; ending first, then beginning.",2020-02-22 16:30:06.710127,2020-02-22 16:30:06.710127
238ed687-6232-43d5-b83f-487bb304d94b,b0da3678-dc82-49b8-826d-814af78e87d2,"Dyslexic version; ending first, then beginning.",2020-02-22 16:30:07.032218,2020-02-22 16:30:07.032218
acfe0c1e-d65c-44a8-a7fb-b79e0e7be38d,b364d085-c4fa-4d0c-a4ae-508a2da9e616,FTP (tDB Original),2024-03-07 01:26:58.844674,2024-03-07 01:26:58.844674
28237562-e198-4266-acfd-4a2f3a16cf55,2d61239a-de4f-4123-8319-0f2ee04753ba,"Dyslexic version; ending first, then beginning.",2020-02-22 16:30:07.443049,2020-02-22 16:30:07.443049
ae5c2ca6-d87f-48a4-9d14-e97a16c96677,cbffca78-21fc-49a5-8036-6ca04455cdfd,"Dyslexic version; ending first, then beginning.",2020-02-22 16:30:07.589325,2020-02-22 16:30:07.589325
bb80e46c-8d86-487d-aeb2-85522926acea,46cf79c7-7b4d-4055-a56d-a1ff3d795c47,Ending only.,2020-02-22 16:30:07.754123,2020-02-22 16:30:07.754123
78fae884-1838-4646-a374-a5587d27213d,c852b033-c4b8-4e0b-97f3-12541c120b83,Second verse and jam only.,2020-02-22 16:30:08.998805,2020-02-22 16:30:08.998805
9d1a28d0-a7b7-49a8-a8ad-55fc31142edc,6acfdf65-32c1-48d0-a0f5-cc93c602ee69,With Marc Brownstein on bass.,2020-02-22 16:30:09.473679,2020-02-22 16:30:09.473679
a4f712f3-f52a-4f9a-8d9b-f9a105b234ef,6acfdf65-32c1-48d0-a0f5-cc93c602ee69,Ending only.,2020-02-22 16:30:09.502878,2020-02-22 16:30:09.502878
48241cd8-e6b7-4133-a086-a2f1bc7a4e07,f7874155-4449-4126-acac-f157394fe80b,unfinished,2020-05-09 18:46:48.999308,2020-05-09 18:46:48.999308
03ac8f85-4133-4466-a6a3-69f587343977,23013589-5da6-44de-b678-9f21f99b1adc,unfinished,2020-02-22 16:30:10.246592,2020-02-22 16:30:10.246592
95d29aa0-a6db-4fb7-b557-768689416564,2b1e5e2a-c4d9-4dd4-92fd-6b8e99823ffe,ending only,2020-02-22 16:30:10.322562,2020-02-22 16:30:10.322562
bf0321aa-62ea-41e4-8371-f357d4d7ef27,6c638e08-c4ee-4aa4-997b-0b68bf40df99,unfinished,2020-05-09 18:48:03.532017,2020-05-09 18:48:03.532017
9bcbc810-cd66-4349-ada0-20ae8e107046,e8b0c5d0-f9f5-4c59-9a95-93e6e53a07e5,middle>beginning,2020-05-09 18:52:24.824140,2020-05-09 18:52:24.824140
1758968b-7cff-4431-b9a6-261dca9bb33a,da910923-4c84-49e7-8614-62456acd254f,unfinished,2020-05-09 18:52:38.831344,2020-05-09 18:52:38.831344
831511ee-046f-4615-99cb-c1dc9bee0684,e953912e-f67e-483f-9efc-40e28b0bba2f,completes 12/29/2004 version.,2024-06-17 18:15:49.119657,2024-06-17 18:15:49.119657
eae8aac5-c79a-49f6-ba37-99dee2002bf2,ae730130-6bc1-4b61-bf85-8928951984a5,FTP (tDB Original),2023-12-08 12:47:48.491696,2023-12-08 12:47:48.491696
69a1ff87-b0d5-40fd-9a1f-0fc7042f7af4,7c07b272-2c51-4671-8db6-039bd33f7fc6,FTP (tDB Original),2024-03-07 01:27:21.337599,2024-03-07 01:27:21.337599
bbc6cedd-245b-46b0-b2da-413ee2b31c92,48b639de-65e0-4f18-84db-63020eb861e8,dyslexic completion of 1/4/04 version (beginning only),2024-06-17 18:20:21.334427,2024-06-17 18:20:21.334427
fefc5026-de8f-45f5-813a-1bfca9b091f9,94d0d194-47b8-45ac-baa5-8700e0f4d364,dub version,2024-06-17 18:20:29.178832,2024-06-17 18:20:29.178832
db24f8dd-4e56-4605-a4fd-00242b1b1674,83c2958b-79e6-4d60-8f30-771db837ceba,with 'Magellan' tease.,2024-06-17 18:08:16.342434,2024-06-17 18:08:16.342434
e7abaf72-897f-4667-b57e-78e4a7a36bfb,37bea430-acb6-4bac-95ef-ae0bec2449a1,LTP 5/20/2007 (486 shows),2024-02-23 09:46:14.750263,2024-02-23 09:46:14.750263
0ed504b4-745c-4c58-b14f-1b0b4272c31d,7d9144ad-c847-44da-8066-21c2dc22b1c6,FTP (tDB Original),2024-02-25 20:28:32.162991,2024-02-25 20:28:32.162991
a80a9abb-0ca5-4c66-92d5-c030d6e32658,f3d0af25-c754-4850-93cb-a865254fd0a8,with Mike Greenfield on percusison,2024-06-17 18:10:26.152758,2024-06-17 18:10:26.152758
6a5a35cb-29fc-4a9a-a88f-6b72ff8d8683,4f1dcc39-621e-4cf6-a794-473b61e9b88d,with Mike Greenfield on percusison,2024-06-17 18:10:33.284870,2024-06-17 18:10:33.284870
b6a7d962-8f6b-4428-a8cb-73c853d6d4f2,b2975790-a2c4-4bcd-ae95-694480deb141,inverted,2020-05-08 00:20:14.309273,2020-05-08 00:20:14.309273
aebc91ca-f609-4329-8fb2-53ec92dd7f41,489c6db8-2605-46d1-9fa4-baefca54e13e,with Mike Greenfield on percusison,2024-06-17 18:10:40.376706,2024-06-17 18:10:40.376706
5000fbee-b06a-4e12-b587-76655f6bea5f,3abd55d9-9e1f-4aec-a178-a2f234af704e,with Mike Greenfield on percusison,2024-06-17 18:10:47.357354,2024-06-17 18:10:47.357354
f2270c2f-7d16-4de0-ac83-6e2cebe396fa,d93365be-4987-46a7-8a0e-11317d400345,unfinished,2020-05-09 18:47:33.852435,2020-05-09 18:47:33.852435
35d6a385-50ba-4c5b-93c1-6cdcc89252ed,fc33b5da-21a1-4200-b024-31a6d4ffc3c8,completes 10/15 version,2020-05-09 18:47:48.009612,2020-05-09 18:47:48.009612
ede762ba-45fb-4c06-b654-f38caf1c5ba3,c20c9884-7c43-40ba-b38e-8c30a360d785,FTP (mashup of ‘girl$’ (Dom Dolla) & ‘Times Square’),2024-11-11 00:26:30.359652,2024-11-11 00:26:30.359652
3015ef6b-6e5c-4eb6-a94e-01d1253a438b,45450792-c53f-43f4-84a3-c5b5cf999207,inverted,2023-10-29 18:19:18.160245,2023-10-29 18:19:18.160245
0ae1c56a-9029-43b0-801d-199e36617c0d,fc5b6b2e-e7fc-414d-bb94-f2d054563c4d,completes 5/6 version.,2024-06-17 18:10:55.764759,2024-06-17 18:10:55.764759
f4079667-3848-4fc7-aad8-088bd3a9b355,1d2a622e-ce6b-429e-bcf9-323345117f87,with ‘Twilight Zone Theme’ (Bernard Herrmann) teases,2024-11-11 23:00:18.274410,2024-11-11 23:00:18.274410
382aa0ea-7fd2-44e6-94d8-7571aef9730e,a431c4a3-ae25-48f6-833a-549dd3e83d05,unfinished,2020-02-22 16:30:24.115627,2020-02-22 16:30:24.115627
93bcb853-b1ed-4c3f-8fb2-7c1ddc3c3eea,a3fdf304-bbd3-49bb-b542-ba3a652c53cb,with Dan Brantigan on trumpet.,2024-06-17 18:13:24.509962,2024-06-17 18:13:24.509962
0f436f82-41fc-45e9-a43d-be6747d65c04,d56a6c26-de18-43bf-b7fc-5aa93194f38f,unfinished,2020-05-09 18:55:04.023148,2020-05-09 18:55:04.023148
711d9572-d902-4ec9-9bdc-ae36d254e657,367edfde-c84a-41fe-8184-a1469b9fba0c,unfinished,2024-11-15 06:05:46.721448,2024-11-15 06:05:46.721448
79892c39-cb63-4d5b-9ff9-f209d16a61fb,dad7c05b-481b-40e1-9b0f-9193c601f2f1,Techno verison; with ‘You Enjoy Myself’ (Phish) samples ,2024-11-15 17:24:20.272928,2024-11-15 17:24:20.272928
a01cca99-68e4-4ede-8351-120eb7d68746,da5d7028-a7a1-4132-b11d-e81bb54bee5a,unfinished,2024-11-16 17:26:19.485207,2024-11-16 17:26:19.485207
927d07cc-feda-4f87-87fb-966827ab6f1d,7cd079cd-7a2e-40b1-9070-0db4beb06717,inverted,2024-11-17 01:49:19.276077,2024-11-17 01:49:19.276077
ab1495db-70c9-42bf-9f12-b0dfc800aa09,c8de4b68-e465-422f-b37d-c42e2b2f5d2b,unfinished,2024-11-21 12:36:39.968686,2024-11-21 12:36:39.968686
fd844aac-6989-42d6-b742-009987a2b4dc,01e28a5e-b2cc-4d8f-9c4e-3a8fbcab7cf5,inverted ,2024-11-22 02:07:12.963413,2024-11-22 02:07:12.963413
afd77df5-38a7-4f6c-9807-f5b7af68dfb2,ab638ff2-a3d0-442a-b48e-0dba46152199,Last Time Inverted 4/26/19 (286 shows),2024-11-22 14:41:44.313177,2024-11-22 14:41:44.313177
b5120ccb-d573-4d51-8b3d-4e0c7d2514eb,39e4e1db-6e41-4de4-8dc3-c13a6493fafd,"dyslexic (ending first, then beginning)",2024-11-23 12:11:45.371688,2024-11-23 12:11:45.371688
3d236ed9-dd4f-4aa9-98e7-c98571e972ce,d8c4010b-668b-4941-a890-0d58d4a3e209,"dyslexic (ending first, then beginning)",2024-11-23 12:11:53.591648,2024-11-23 12:11:53.591648
e9773878-e1c0-411c-94d7-e006bd483e77,5b1d9e2d-0ba9-4b4d-af1b-a3ecff0a3b5b,"with Carey, Liz and Cat on vocals",2024-11-24 13:50:20.447917,2024-11-24 13:50:20.447917
e80c9136-0c3f-4ada-bf84-47f3526d6df1,9c4d83a7-0230-4371-afcb-2c3a3b527e00,"with Carey, Liz and Cat on vocals",2024-11-24 13:50:29.186613,2024-11-24 13:50:29.186613
fc5273c8-e856-42f4-bc8f-cdf14b6a9aed,c88bb251-fc2a-4956-852c-43c77f9531e1,"with Carey, Liz and Cat on vocals",2024-11-24 13:50:37.586508,2024-11-24 13:50:37.586508
be2a640f-4f17-4402-b5db-9ab6733cbdee,96f39853-efe1-4d03-bc62-81f86a78ed00,"with Carey, Liz and Cat on vocals",2024-11-24 13:50:45.720399,2024-11-24 13:50:45.720399
245d7b76-6cfd-4829-b9b1-da83a7dc8d33,b40bd69e-e158-4165-8de9-0804ff5bfe71,"with Carey, Liz and Cat on vocals",2024-11-24 13:50:53.330825,2024-11-24 13:50:53.330825
94c41c26-cd4d-4c20-8e11-e1b788a9d4ef,9184d7ba-7fcb-4e7f-81d2-22f1d129ba45,"with Carey, Liz and Cat on vocals",2024-11-24 13:51:01.610026,2024-11-24 13:51:01.610026
1cfaf7c7-3098-4dd7-b655-bf8cea05b22d,973ec1ed-48fb-48b8-b811-31347061e08b,FTP (mashup of ‘Konkrete’ & ‘Floodlights’),2024-11-11 00:05:28.182708,2024-11-11 00:05:28.182708
89ecbf5f-c239-4a80-a70b-0172009b8ff2,8f05c59f-d1fc-4b9d-ad81-79919cba67eb,completes 9/3 version.,2024-06-17 18:13:33.212205,2024-06-17 18:13:33.212205
cb2daff3-179b-4d16-99c7-bb60e9f67a8c,08912e27-189c-4091-afc5-7678ad84fa38,instrumental version,2024-08-04 20:43:11.884212,2024-08-04 20:43:11.884212
bd8f70a8-27d2-47ef-b0c8-18b881db0702,973ec1ed-48fb-48b8-b811-31347061e08b,with ‘Woke Up This Morning’ (Alabama 3) samples,2024-11-11 00:05:28.229441,2024-11-11 00:05:28.229441
28ddd9f7-3199-4c02-9612-492c15177d73,ca6b971d-f0b7-469c-a3b7-8126942d46ab,completes 10/19 version,2020-05-09 18:55:13.593033,2020-05-09 18:55:13.593033
98495e5b-38b3-40f2-8990-5c4b5cdb8781,1645efc7-914a-46c2-9234-8adb39892586,completes 12/30/2004 version.,2024-06-17 18:14:32.314923,2024-06-17 18:14:32.314923
e5eefd7d-6d82-4ae9-be2b-7f8083cb2585,d14ef226-a370-4a27-a389-d4de51070138,unfinished,2020-05-09 18:55:29.815902,2020-05-09 18:55:29.815902
24f77de6-4f96-479c-b118-88433649f729,973ec1ed-48fb-48b8-b811-31347061e08b,with ‘Intergalactic’ (Beastie Boys) samples,2024-11-11 00:05:28.264946,2024-11-11 00:05:28.264946
2fa5b758-c5bb-442b-899e-d5b22e49dc9c,6891e100-8bc7-4231-b56a-ed9230b2173b,FTP (mashup of ‘Tourists (Rocket Ship)’ & ‘On Time’),2024-11-11 00:24:08.518982,2024-11-11 00:24:08.518982
4d780df2-64f9-4f38-b27e-6aabfd0cca62,c2d69fb3-6ef5-4ddb-a129-846bebc85975,dyslexic,2020-05-09 18:55:41.529242,2020-05-09 18:55:41.529242
ecaa9d17-2bc4-42d9-bac7-4d208ac0d943,5ed1f3b2-38de-4d6b-af8b-3ae7122117ae,dyslexic,2020-05-09 18:55:56.770842,2020-05-09 18:55:56.770842
f4954e39-88e9-4b36-ad21-4e6874eee116,2a3e7705-795b-4438-87b1-b2e8cd7c66e3,end only,2020-05-09 18:56:12.349450,2020-05-09 18:56:12.349450
592b3304-d08b-457d-9578-068c6b4b846c,3681ebc5-961e-4e3b-b944-a77495124963,FTP as tDB (played as Tractorbeam 9/13/24; mashup of ‘Konkrete’ & ‘Floodlights’),2024-11-12 12:19:29.167174,2024-11-12 12:19:29.167174
c69a2336-8363-427a-a23e-7121c7362165,3681ebc5-961e-4e3b-b944-a77495124963,with ‘Intergalactic’ (Beastie Boys) samples,2024-11-12 12:19:29.212393,2024-11-12 12:19:29.212393
0f61ad07-af79-42b6-95a3-4508f4afc32c,3681ebc5-961e-4e3b-b944-a77495124963,with ‘Woke Up This Morning’ (Alabama 3) samples,2024-11-12 12:19:29.241748,2024-11-12 12:19:29.241748
0640980a-7934-42be-aec4-0e8248be8975,b34e17f2-6008-4c55-9299-105d95d3d8c7,inverted,2020-05-09 18:56:41.052667,2020-05-09 18:56:41.052667
3682ea74-a1c8-4aa3-8aa9-4e53af6a2e03,cf53f614-fac7-48a4-8e10-f1d313bf84eb,unfinished,2020-05-09 19:05:08.231093,2020-05-09 19:05:08.231093
689d8579-dbd7-4ca5-b2a4-a366073cdd56,27ae046a-60fd-4c50-b708-2848212edfb8,unfinished,2020-05-09 19:05:47.309164,2020-05-09 19:05:47.309164
aec48d9f-55fd-402f-8005-7aa0ae459db3,d9c3bc5e-7223-4bee-b3e7-a62510475824,FTP (tDB original),2023-04-06 22:39:34.319680,2023-04-06 22:39:34.319680
9f58a20d-e49f-401b-884d-0b665ac91c9c,772ed505-46cb-4fa8-b82c-4369d0d3015e,inverted,2020-02-22 16:30:14.953700,2020-02-22 16:30:14.953700
1ffcc63a-ac1e-4b01-a6bd-bc2fa677862e,6a4ba0c0-c491-4713-89c1-a595b29c6dfb,FTP (tDB original),2023-04-06 22:40:16.764111,2023-04-06 22:40:16.764111
f09c1b3d-acbe-4000-a960-35d476f877ff,45450792-c53f-43f4-84a3-c5b5cf999207,1st time inverted ,2023-10-29 18:19:18.176843,2023-10-29 18:19:18.176843
07b0cb6e-e131-4e25-affd-2b5f04af4eb1,f6476bf6-ae28-45d3-b1b4-6b888fa8b06e,completes 11/1 version,2020-05-09 19:06:03.401591,2020-05-09 19:06:03.401591
8e4e715f-e9f2-4132-8645-c77817ed1a87,928d6f35-cbb5-4ccf-8162-927218356c38,dyslexic,2020-05-09 19:06:21.680522,2020-05-09 19:06:21.680522
34f6869e-944b-4225-8cce-0e786691ca29,cb821001-1350-44c3-bd66-413bd3d04dc5,dyslexic,2020-05-09 19:06:29.259788,2020-05-09 19:06:29.259788
bd5025a1-b885-4164-a184-3c1be2414734,62486cd6-ae41-4d2f-baca-75e7d18b4d1b,Completes 10/31 version,2020-05-09 19:06:37.840544,2020-05-09 19:06:37.840544
183dfe7f-9897-4112-ada1-7b8c98e7c0a2,c6ae9f09-17b7-46d3-a4c4-e96d7cab9f2d,unfinished,2020-05-09 19:07:44.047762,2020-05-09 19:07:44.047762
ac04c57e-ffc6-4a03-8272-f50372d7807e,9d51fcaf-cf5f-47c2-8f2e-73f319e3dbda,unfinished,2020-05-09 19:08:35.795778,2020-05-09 19:08:35.795778
e1d91b96-3fca-4f4c-aba5-589eb7dcbc67,7af4fc45-8a45-434a-8680-906d5f911e15,LTP 1/12/04 (690 shows),2023-04-26 18:50:09.887262,2023-04-26 18:50:09.887262
f8cf8f91-fde2-4f81-9533-f6777b172aa2,7af4fc45-8a45-434a-8680-906d5f911e15,with Benny Bloom (Lettuce) on trumpet,2023-04-26 18:50:09.904243,2023-04-26 18:50:09.904243
abd52fff-86dc-40c1-a1e5-8bad9b77a81a,fcdaaff7-8d97-403e-babd-4c8475aa3300,FTP (tDB Original),2023-12-08 12:51:54.911733,2023-12-08 12:51:54.911733
a25dcc76-7aab-46c1-a9de-b82cb750c6e9,d1a9d9ea-31de-4af4-ba49-5d05078fd54d,LTP 2/22/2014 (342 shows),2024-01-01 04:12:34.728091,2024-01-01 04:12:34.728091
4fd96304-df3f-4d91-958f-5e33f1790bb7,ddbb7ecc-d5fd-4807-9dcd-ca3b1dff5045,Techno Version,2024-01-04 19:12:40.826468,2024-01-04 19:12:40.826468
6b64986a-94ed-4761-aaad-8d4e02a4c590,ddbb7ecc-d5fd-4807-9dcd-ca3b1dff5045,with ‘I Feel Love’ (Donna Summer) tease,2024-01-04 19:12:40.835584,2024-01-04 19:12:40.835584
4176046e-4b1a-42c6-b3f1-64a9054ea9d1,cc997718-906f-4b5b-98ee-c158caa9c654,Fusion,2024-01-05 13:35:35.575559,2024-01-05 13:35:35.575559
acd001a2-b032-4705-8a4d-204f46f69085,ee25e955-cc43-4bdc-a61a-d9f410154c22,FTP (Schubert),2024-01-18 18:31:17.092995,2024-01-18 18:31:17.092995
1de307ed-63b3-4999-a474-ca5711d2aa59,c3aa90c7-1b3a-4560-a861-351a3762aaa5,1st time inverted (no intro),2024-01-22 12:50:15.789427,2024-01-22 12:50:15.789427
b62ffb46-bef5-460a-903e-9440fb72312b,4e4418bf-4c52-45d4-9c92-f300925dd805,inverted,2024-01-29 05:49:48.735954,2024-01-29 05:49:48.735954
21598145-6f08-4caa-92ed-9e5a341fedbf,a0bfa77f-292c-4e0f-a323-7b52bd8ba683,unfinished ,2024-01-29 19:04:44.566832,2024-01-29 19:04:44.566832
db079217-a87d-4f82-9c22-bf8f67451a63,005aef2c-4a0d-44eb-b183-8b22f93ff9f0,with ‘Times Square’ teases,2024-02-27 17:30:20.863304,2024-02-27 17:30:20.863304
758df5b1-0c16-499e-8cb4-dedb8a43c11d,b9c3a89d-8577-4093-8d5f-be77f1a5642f,completes 12/27/2004 version.,2024-06-17 18:14:42.663049,2024-06-17 18:14:42.663049
e2a813fa-41c8-4b90-99ad-7d4afca7ea21,fb3a5933-a3d9-4265-8267-2c60742c68c8,dyslexic completion of 10/22 version,2020-05-09 18:57:23.137964,2020-05-09 18:57:23.137964
981685d8-23ad-4d75-9801-ed6d2be386da,d30fc406-1d3d-4014-be84-6c1cb22cc226,end only,2020-05-09 18:57:35.816035,2020-05-09 18:57:35.816035
3214b791-ac9e-47c1-b67a-a8b90c2b7ad5,7c886c1d-2d9c-4352-995f-ecdd6f744504,completes 10/17 version,2020-05-09 18:57:56.117008,2020-05-09 18:57:56.117008
b33e2e42-b406-458e-9870-a69c571b0add,037b8aa4-d1d1-4f9d-9a1f-3156b69f74fa,inverted (mid>end>beg); with ‘Rock Candy’ tease,2024-08-07 15:33:40.396261,2024-08-07 15:33:40.396261
2ab2986f-99bc-494a-95ea-d850228f8fca,48651941-c211-4221-9583-15b6feba1838,inverted,2024-03-08 05:22:25.149116,2024-03-08 05:22:25.149116
e381a2d0-b01d-4369-a893-1a98b96e06d5,8ba52814-069f-4483-af06-cb0fe9febe5a,dyslexic version.,2024-06-17 18:16:12.698097,2024-06-17 18:16:12.698097
159067b7-47d5-4c8a-9302-4ff1dba5a57b,7fe5efc0-4268-4608-a0a5-a48c29b7864d,LTP 5/8/22 (182 shows),2024-11-22 19:52:46.341860,2024-11-22 19:52:46.341860
e3d6989e-868c-451d-9c5e-2e1bacd7be93,7fe5efc0-4268-4608-a0a5-a48c29b7864d,Reworked version ,2024-11-22 19:52:46.384525,2024-11-22 19:52:46.384525
bc2f087e-5ea7-4fb8-a236-454b603d72ec,8900be53-99ba-418b-aee6-999c1366f1fe,dyslexic completion of 11/1/24 version,2024-11-23 12:12:25.540173,2024-11-23 12:12:25.540173
f6971e87-bb6e-4d3a-9a70-5c91cb28449f,b7ca502d-f5f5-485b-a38a-748781b3b62a,dyslexic completion of 10/23 version,2020-05-09 18:58:52.832697,2020-05-09 18:58:52.832697
46cad8ed-9781-480f-b497-7fafa13cfb3f,fc7481fb-bae7-47b5-9c0a-c47b33c78f74,with 'Floodlights' tease.,2020-02-22 16:31:12.902358,2020-02-22 16:31:12.902358
5bbd76e6-19e5-43e4-9e2e-eb9250c2aa36,8dca5736-6b82-438b-a6be-ba4daf872873,with 'Radiator' tease.,2020-02-22 16:31:13.186203,2020-02-22 16:31:13.186203
fbc9f758-2f3c-49fa-9ac7-7dab7f661eef,2d82579e-6ca1-4cc5-993c-0e580fac6dcd,unfinished,2020-02-22 16:31:13.304103,2020-02-22 16:31:13.304103
423fd8fc-51f1-4d4e-916c-08852026fd77,7639d0d2-6fec-4ec3-962c-101e9f0dac10,unfinished,2020-05-09 18:59:12.964722,2020-05-09 18:59:12.964722
5de0774e-22c5-4f22-b324-2edafb47b411,384e657a-e93a-4e83-a445-92ffd55fd753,unfinished,2020-02-22 16:31:14.394095,2020-02-22 16:31:14.394095
4fdfa6c6-0132-4f2a-b6b3-c7cc1c92c69e,9154bba9-b458-41f0-9dfb-a464ebff79be,unfinished,2020-02-22 16:31:15.086485,2020-02-22 16:31:15.086485
22dc0148-ffb2-4584-8abf-034996dc26de,dab142d3-4051-44d1-a73d-0633c5d55164,Reggae version. With 'Hope' and 'Between Me and You' (Ja Rule) teases.,2020-02-22 16:31:16.505613,2020-02-22 16:31:16.505613
d3f153fd-8fa5-4d8a-9388-8180a340f29d,c2597dc2-bd38-496a-a6f1-eeb32ca7c59b,unfinished,2020-02-22 16:31:16.949990,2020-02-22 16:31:16.949990
45ec9845-7ded-46eb-9d88-eae9b2d734e9,0588624b-ed2b-44e1-829e-8078c5a56f87,completes 4/15 version,2020-02-22 16:31:17.014954,2020-02-22 16:31:17.014954
87818946-cba8-417a-90aa-3cde0c16e2b0,342d07fa-2b08-45c9-aacd-08196df94c19,With 'Peter and the Wolf' tease.,2020-02-22 16:31:17.634604,2020-02-22 16:31:17.634604
5e5500f2-121c-44ee-b465-c01d00efaf4e,8378a310-cdc2-4075-a588-2f27825d9544,With 'Little Bunny Foo Foo' (traditional) tease.,2020-02-22 16:31:18.111278,2020-02-22 16:31:18.111278
825da40f-2fae-4d2a-98b7-2b2f7d77b4a8,c3ee11fb-b2a9-43ad-8cf2-62b4bfd618d5,Tractorbeam Remix (Falling 303),2024-11-24 14:16:19.300823,2024-11-24 14:16:19.300823
0faf0804-8455-4509-bcce-ad0baa85701a,d8624a9e-9637-4637-84bc-1519875aa514,1st time inverted,2024-11-25 02:09:37.858347,2024-11-25 02:09:37.858347
69678ccc-e4a5-433b-8021-924792526388,7af16a50-f495-445f-b4e6-863def15edb6,"dyslexic (ending first, then beginning)",2024-11-26 09:53:31.918071,2024-11-26 09:53:31.918071
39684c31-d730-473a-b199-da27ae56ba7c,69a84552-a6f1-4076-8e49-fc0e1e3fb71d,inverted,2024-11-26 15:56:35.491908,2024-11-26 15:56:35.491908
02896fb6-4155-4711-9fcf-8ea45889f215,69a84552-a6f1-4076-8e49-fc0e1e3fb71d,with 'Piano Concerto #21 Andante' (Mozart) teases,2024-11-26 15:56:35.549123,2024-11-26 15:56:35.549123
68a49957-9e2e-4314-9cdf-1f39aeb8cbe7,69a84552-a6f1-4076-8e49-fc0e1e3fb71d,with ‘Coincidance’ (Handsome Dancer) samples,2024-11-26 15:56:35.585064,2024-11-26 15:56:35.585064
51adde30-25ad-4fe7-9fca-5a45242723ff,295c00f7-a680-4bf7-bc93-bad57bba832a,with ‘Eye Of The Tiger’ (Survivor) teases,2024-12-02 23:16:10.356736,2024-12-02 23:16:10.356736
b7dcf282-e33b-4ab1-ab2c-572a761613df,98782ad0-b3eb-4215-be90-1ba79e59d7c7,with 'Crickets' teases,2024-12-03 18:29:43.222459,2024-12-03 18:29:43.222459
4d16c73f-aadd-4553-ae40-042341868432,00dd362c-7264-4d89-b8f1-009a939bcf84,"dyslexic (ending first, then beginning)",2024-12-03 18:31:32.061088,2024-12-03 18:31:32.061088
58e7474d-32ef-49e3-b395-ce5b92f5e977,06cbf0ff-1daf-4c04-b7b5-26ce7b9aa179,"dyslexic (ending first, then beginning)",2024-12-03 18:31:39.647521,2024-12-03 18:31:39.647521
2760693e-904a-42ce-b880-eca2e7287ab0,514cfdc1-ed0f-40f5-bdc6-98c2d2c6a5ea,ending only,2024-12-03 18:31:49.288348,2024-12-03 18:31:49.288348
bb06c395-6fb9-42c3-89e8-384c868c2d5b,0c447910-b740-4ea1-bd1c-0e7e32979fec,"dyslexic (ending first, then beginning)",2024-12-03 18:32:59.420722,2024-12-03 18:32:59.420722
1ac765ae-d9be-4647-a64e-565b0aaf30a4,39225172-c9ee-45d3-a6d1-cf58f3e57d2c,"dyslexic (ending first, then beginning)",2024-12-03 18:33:31.473526,2024-12-03 18:33:31.473526
44e48776-051f-4451-882b-94f33cc7c1a1,1c582fb5-b7e9-4b77-a105-3f472702e127,With 'Muppet Show' theme tease.,2020-02-22 16:31:18.176680,2020-02-22 16:31:18.176680
cc9f8c5e-6c67-4001-b83b-3060f22cd3c3,32744006-6b1a-4921-b7c8-176d3a1be08b,with 'Mindless Dribble' tease.,2020-02-22 16:31:18.788791,2020-02-22 16:31:18.788791
65b974b3-3416-4179-9464-b7d9f3a23d2c,185b477e-a98f-4f3d-a88c-daee13c29c12,with 'Mindless Dribble' tease.,2020-02-22 16:31:18.873210,2020-02-22 16:31:18.873210
cb656ba4-fd47-41ff-b63a-c7873310375e,d503d4bf-18d2-4669-a2ce-7f8e94f2c080,with ‘Above The Waves’ teases,2024-08-07 02:56:37.288531,2024-08-07 02:56:37.288531
9f802e9b-0127-4386-92ad-65dfd32783fc,e0ce4640-9865-41f2-9f8d-3bfb07e29d3d,with 'Kamaole Sands' fakeout.,2020-02-22 16:31:19.112271,2020-02-22 16:31:19.112271
a008cc82-c437-4799-8cc5-4424adc0fe0c,9ce1bc81-f767-40fd-b706-254dc557a028,FTP (tDB original),2023-04-06 22:42:39.322951,2023-04-06 22:42:39.322951
afbbe750-8fec-4a14-a504-37d36a9f1df1,7b8beac6-6ef4-4cbb-b1c0-6b7851503a28,Completes 4/19 version.,2020-02-22 16:31:20.977866,2020-02-22 16:31:20.977866
03caa508-bbe9-49d2-b7a1-1ebf39de1518,0cb458c2-2397-4e9f-bc33-746a1611a15c,inverted,2020-02-22 16:30:53.508660,2020-02-22 16:30:53.508660
1b2dc6cb-faff-4fbb-96e3-ec9fd1539045,87004a74-5fbc-4b64-9635-38368608e638,inverted,2020-02-22 16:30:56.870828,2020-02-22 16:30:56.870828
713278fd-d270-4419-9d9c-1761584ed07e,679ce3d8-802b-490e-8ebd-93aceb672c72,inverted,2020-02-22 16:31:02.942841,2020-02-22 16:31:02.942841
b7f22a33-6811-46cf-99dc-3e244a1f15ff,636f9b7f-4ca9-443e-b892-a99833c8793d,1st time inverted,2023-04-16 17:56:37.266568,2023-04-16 17:56:37.266568
29f705fb-d920-49ff-82a2-b83ea537e666,bb23704c-ba26-4ae4-990d-56333a56aaae,1st time inverted,2023-04-16 18:01:09.646087,2023-04-16 18:01:09.646087
48965b9e-7cd7-4056-a2f8-f5f3a84aee77,bbfbd40e-b3f9-4af0-a1b0-93f593857ca5,LTP 12/28/17 (102 shows),2023-04-27 12:49:49.027008,2023-04-27 12:49:49.027008
9ddbb249-f2f2-467e-8b75-9b07dbaba6dc,65bf7798-c8f9-40ba-be5f-2928fcd74b5f,middle only,2020-05-09 19:00:10.372055,2020-05-09 19:00:10.372055
0b2bf0e3-a20e-4daf-b23e-56558598dd15,c2b3459f-4b65-4fba-8ff2-ba6c5acb4de5,beginning only,2020-05-09 19:00:21.029562,2020-05-09 19:00:21.029562
2bb20064-8261-440a-8a08-f7636cb56656,66a9e0a5-12a2-4988-90f0-f13bbe1ed5b8,With Eric Bernstein on beatbox.,2020-02-22 16:31:21.384797,2020-02-22 16:31:21.384797
56cfca93-6087-4c33-9a05-85e56eef281f,9e7b69b9-448e-4377-add3-81c3005acc05,With 'Little Shimmy In A Conga Line' tease.,2020-02-22 16:31:21.826109,2020-02-22 16:31:21.826109
2a67dd73-f57d-4942-a73d-7c46db276673,ade39486-43c1-4b54-81a4-cc95a1d2cb77,no final coda,2020-05-09 19:00:34.384766,2020-05-09 19:00:34.384766
ad156c50-2cc7-4ad3-b775-f02173a4a115,395f7085-096b-46ef-82e9-21033a2a9fc4,With 'Chemical Warfare Brigade' tease.,2020-02-22 16:31:22.937070,2020-02-22 16:31:22.937070
33c118c7-3ad2-4b18-86d0-e067735505d3,8d80617f-2df3-4036-ba08-d5c359f46eaf,With 'Roll Tide' vocals.,2020-02-22 16:31:24.131310,2020-02-22 16:31:24.131310
2bd611cb-88a8-401c-9c6c-32892ce22a17,e90e11d7-8372-4260-8b95-6e9c84e48bf2,unfinished,2020-05-09 19:01:00.627009,2020-05-09 19:01:00.627009
98301a25-c622-4d77-8e52-c24727429aeb,4012f45d-9d77-42f6-9c38-0252a3f75e72,unfinished,2020-05-09 19:01:09.009870,2020-05-09 19:01:09.009870
b10981da-b75f-4f39-8487-41e95987d782,b018e448-5bd1-4f90-8ac0-d22db5fe2325,unfinished,2020-05-09 19:01:54.089593,2020-05-09 19:01:54.089593
9e715adf-cf1a-4644-b741-73de0d3a9686,97a2778d-23cf-4d26-87cf-2f7c09040e62,With 'Confrontation' tease.,2020-02-22 16:31:28.150351,2020-02-22 16:31:28.150351
cfb6f82f-b8a0-44c9-9c33-e6653938fe3c,3e6b9997-2136-4fd8-8a08-98f0e751e5a8,With 'Evil Ways' (Santana) tease.,2020-02-22 16:31:28.223683,2020-02-22 16:31:28.223683
24ee4fcf-fa20-4110-9c2f-1397b2b770eb,4ebd6df1-35c2-4f76-9480-663943d98c9c,Jam eventually reworked into 'Hibbage' (debuted 4/20/2002).,2020-02-22 16:31:30.093005,2020-02-22 16:31:30.093005
1bb358bc-ddd7-44f4-aee0-a447b76fd05d,fd3c6578-161d-47f2-9746-19214f97d2e6,"Completely rewritten, with many new sections (first played 3/31/01).",2020-02-22 16:31:30.842306,2020-02-22 16:31:30.842306
06196936-cc3a-4dd5-a7d7-9afe41a1d6f3,bce64200-48d7-4450-bfbb-d35e4992ec8f,unfinished,2020-05-09 19:02:14.354811,2020-05-09 19:02:14.354811
6781b814-b8d1-4777-9431-c733ded0866a,f5f3dac5-0f96-46bb-9bef-8c19e6cf3ed8,Completes 6/29 version.,2020-02-22 16:31:32.147485,2020-02-22 16:31:32.147485
f897c7bc-a097-4fbc-8d4c-64600096f46d,c0c9e323-41c6-47ce-a0ef-2de08de401ca,With 'Dance of the Sugar Plum Fairies' (Tschaikovsky) tease.,2020-02-22 16:31:32.628377,2020-02-22 16:31:32.628377
7c6f4b1e-5b35-43c8-b30d-ee82a3330bf2,cef96413-d917-40e8-87b9-9ef59b76ef54,With 'Shem-Rah Boo' tease and 'Confrontation' fakeout.,2020-02-22 16:31:32.746037,2020-02-22 16:31:32.746037
46b229c2-f273-4e73-bf60-030aa0a67cad,f4ab4ddb-7b7c-4eee-9274-2c8b06ebbddb,With 'Mountain Jam' (Donovan/Allman Brothers Band) tease.,2020-02-22 16:31:33.135106,2020-02-22 16:31:33.135106
7c28983b-2aba-4b25-881d-7405b56f245b,e9e7633b-6275-4f94-82a7-231799b83ba3,unfinished,2020-05-09 19:03:45.593607,2020-05-09 19:03:45.593607
14982650-fad5-4ca2-ad00-958a6f507079,65c4f19a-3010-48db-bd2d-5062d9a51b40,With 'Bring Your Ass To The Party' vocal tease and 'Mishawaka' vocals.,2020-02-22 16:31:33.607781,2020-02-22 16:31:33.607781
9f434f7b-71b4-45b4-89ac-4a67d76fcf08,bc621523-0449-445f-a534-1618f2fa3339,With 'Above The Waves' fakeout.,2020-02-22 16:31:34.080876,2020-02-22 16:31:34.080876
865eda74-dd03-4ab6-bf0e-5baa77ce1838,ecfb8f66-b902-4994-91ee-162fb91c0263,With Erica Lynn Gruenberg on vocals.,2020-02-22 16:31:34.266588,2020-02-22 16:31:34.266588
5177607f-bc76-443a-9bac-0d5794b56efe,4373be74-8d5c-4fd5-8f80-5a82dd16b06e,inverted,2024-03-16 02:07:25.662173,2024-03-16 02:07:25.662173
8bef3216-fdde-4863-aa31-d3c56444fa8a,4373be74-8d5c-4fd5-8f80-5a82dd16b06e,with 'Boom' (Tiesto with Gucci Mane and Sevenn) samples,2024-03-16 02:07:25.671126,2024-03-16 02:07:25.671126
ecd3f648-d6f0-4f2f-a376-76d4bcdee8ba,edf17b66-2eb1-4ec9-8b5e-7e1f4c5cc212,1st time inverted ,2024-03-17 02:07:55.983687,2024-03-17 02:07:55.983687
5aaf2719-b261-4abe-8842-d3a8490078dc,90a25c9b-4c02-40a6-bb00-66d73fe62929,dyslexic version.,2024-06-17 18:16:29.023966,2024-06-17 18:16:29.023966
7adeae20-41e3-4024-9e58-c54bf2db04d5,cddb86e6-26e9-4f2e-b50d-2c8d7474ab27,end only,2020-05-09 19:03:55.373869,2020-05-09 19:03:55.373869
9c798e42-d4a6-4995-a138-d5fda98e155c,79ea4fe3-dffb-4487-b683-88aabc68c6a2,unfinished,2020-05-09 19:04:04.076803,2020-05-09 19:04:04.076803
49f9bee2-f5b6-46f7-a094-423dfbb03c5b,5e11870f-c4d7-4c0d-b336-ba12669e410e,middle>beginning,2020-05-09 19:04:29.770426,2020-05-09 19:04:29.770426
4c8c5eb9-4f3c-4726-bc50-271eb3496f65,3808072c-008c-4611-b831-c2ac89d3c146,"dyslexic version (ending first, then beginning).",2020-02-22 16:31:37.685489,2020-02-22 16:31:37.685489
d119d4cf-6180-4628-952c-14fc58e54568,9970c6ef-a20b-4fcb-896d-732014872c27,With 'Basis For A Day' tease,2020-05-09 19:04:44.368596,2020-05-09 19:04:44.368596
cd74968b-5197-477c-9a95-cbe63f04edaa,3cffea22-6e06-45a1-ae9d-1f524660bcef,reworked version.,2020-02-22 16:31:37.830324,2020-02-22 16:31:37.830324
228e212e-3331-4f54-b6e8-9e4d6103c170,ef81ed16-798e-4e05-bf85-b9885fddb267,dyslexic,2020-05-09 19:09:40.924996,2020-05-09 19:09:40.924996
cb397a92-abae-4cc4-b1c0-9fe96455be12,cdda8f12-3aff-45d8-90bc-f3c757bd968d,unfinished,2020-05-09 19:09:54.937727,2020-05-09 19:09:54.937727
f1b04f9b-d410-44b2-9d71-fdba453c08dc,f3cfabd0-a391-4bd1-a155-a3330149871a,"The Disco Biscuits, + Tom Hamilton (guitar, Brothers Past), + Tom McKee (keyboards, Brothers Past), + Paul Herron (percussion, Electron), - Barber, - Magner, +/- Pauly Ethnic (freestyle, Conscious Underground), + John Kim (violin, The Ally), + Mike Greenfield (drummer, The Ally), - Sammy, + Magner, + Rick Lowenberg (drummer, Brothers Past), - Greenfield, - Magner, + Clay Parnell (bassist, Brothers Past), - Marc.",2020-02-22 16:31:39.104223,2020-02-22 16:31:39.104223
23b91846-333e-4ee2-b39e-26f16c901ea3,20bb17fc-8ac4-4d65-8442-7b4129600dd2,dyslexic,2020-05-09 19:10:30.214262,2020-05-09 19:10:30.214262
1127ff46-de75-4e22-92b8-dfdabc47be39,5d2d8b52-6c60-4b22-80e4-20098687077a,unfinished,2020-05-09 19:10:49.025950,2020-05-09 19:10:49.025950
c6f589ff-06aa-4f2f-8ac6-85391e98aefe,c64a4a5a-91e9-4359-b85f-6e870900e9ee,unfinished,2020-05-09 19:13:01.076542,2020-05-09 19:13:01.076542
ca3ca731-447b-4fcb-9808-813359b96307,d919e32e-1b2f-4906-9bd3-e99cc6b59676,inverted,2020-02-22 16:31:21.512563,2020-02-22 16:31:21.512563
598d0d32-7270-4dc5-a553-bc2a064c4ee3,3a2ddd4a-5c82-4dda-91e4-3a26ec029c9a,FTP (tDB original),2023-04-06 22:45:34.135070,2023-04-06 22:45:34.135070
e617cd9f-4451-4e30-8dff-6369004aba09,5b839c6b-6371-4bbb-a381-f11cc837541d,inverted,2020-02-22 16:31:30.687795,2020-02-22 16:31:30.687795
fd5110c6-a8b8-4979-a32b-8d62967d56fd,bfac52ed-a2db-4721-bd37-b883881d4d86,FTP (tDB original) (1st debuted by Electron on 8/18),2024-03-06 17:45:36.726904,2024-03-06 17:45:36.726904
83053034-c0b4-4236-986c-7bbea44321e2,e4e43c06-c888-4b75-90c3-baf4322eb05a,1st time inverted,2023-04-16 18:00:14.019339,2023-04-16 18:00:14.019339
6e802913-d0b3-46b8-a04c-bf338f7b72f0,f6ee437a-db56-4c93-95a7-9daadbec7971,continues 12/27/2004 version.,2024-06-17 18:16:54.419949,2024-06-17 18:16:54.419949
4b9eeb1a-6ae4-44c2-a543-1367ea4748c5,62affd52-f3a7-4d21-afb9-871f59b33efe,inverted version (instrumental),2024-11-12 13:17:46.997139,2024-11-12 13:17:46.997139
f30c7ada-aa00-48af-9316-1e2d93f6549a,a3a3d587-5aa3-4859-86e5-7d89b573236a,inverted,2024-11-14 03:28:01.261812,2024-11-14 03:28:01.261812
7e261cbf-1464-44c4-a426-21f02c2fcae8,e7e205f8-c310-4ed8-8a8c-013fa431e089,inverted,2024-11-14 03:42:07.501469,2024-11-14 03:42:07.501469
e6a9dd72-2aeb-4c6e-8e12-a24dda2a5e82,88a4eed1-4368-4d6d-ad2f-0a6f4d05ce0b,LTP 3/15/24 (50 shows),2024-11-15 06:25:37.534357,2024-11-15 06:25:37.534357
c1d5fa3e-42bb-4fae-b2cb-bc24b3e723d8,88a4eed1-4368-4d6d-ad2f-0a6f4d05ce0b,unfinished ,2024-11-15 06:25:37.571520,2024-11-15 06:25:37.571520
a4f4dee4-f915-4de7-bfdb-08f6f2bc622b,9219dec4-9920-416e-bfe1-c76486cecd3b,inverted (end>beg>mid); with ‘Dino Baby’ teases,2024-11-19 00:24:35.885412,2024-11-19 00:24:35.885412
207b5e66-4d49-43b9-8efc-4cb6e8e108dc,e549a05c-968f-47a2-80c5-511431beca36,unfinished,2020-05-09 19:13:21.121218,2020-05-09 19:13:21.121218
2f92582f-7b5a-4346-8abf-da85f7eb0d06,380c3309-7c31-41fe-893c-dfbb430f44b7,completes 9/26 version,2024-11-12 13:19:17.022373,2024-11-12 13:19:17.022373
6bf3f36f-c1a9-4916-b788-18bf398c3cac,37e38907-25dc-4414-913c-c45fce7115db,FTP (tDB Original) ('The Ladies Were The Rest Of The Night' was debuted by Electron on 8/18.),2024-03-06 17:53:03.535538,2024-03-06 17:53:03.535538
1c40ef76-f8db-4f56-899f-6cf26a14119c,60bd219f-459e-4db6-adb2-17444c0de719,1st time inverted,2023-04-16 18:10:07.339668,2023-04-16 18:10:07.339668
6ca54fcc-5c77-4176-818b-ae18537fb8f5,9354430d-70f4-41ad-892a-2995b5aad84e,dyslexic completion of 10/31 version,2020-05-09 19:08:55.656900,2020-05-09 19:08:55.656900
863b5a97-d265-4f0b-ad51-141e5652d8b4,79b5ffea-6290-4d20-9328-0df810a704bf,with Joe on harmonica,2024-11-12 13:19:27.253840,2024-11-12 13:19:27.253840
f5f7fdb3-fa4d-4b43-bf47-10a41109bae8,4daff8a1-6b6e-49b4-a20a-058bee934ff9,1st time inverted,2023-04-16 18:11:21.941109,2023-04-16 18:11:21.941109
6894d66a-1b0c-4239-92c2-84d0d6fbbe86,26f822ea-5b2e-4fdc-bab8-03c3f6c4637a,FTP (tDB Original) ,2024-03-06 17:53:59.065360,2024-03-06 17:53:59.065360
53000bf7-d849-42cc-b8e8-29b27bf497f3,5585ce09-a6a6-4b88-9abc-2931ace3c7f3,1st time inverted,2023-04-16 18:18:01.217446,2023-04-16 18:18:01.217446
cd3a8581-9a72-4cac-b9a8-d661e3b62d6d,42403c7c-4824-489a-bc4e-496f770806d3,dyslexic version,2024-06-17 18:17:30.836678,2024-06-17 18:17:30.836678
e3bbbe21-3047-45b7-9701-ca0f7f912a32,b3402738-9c82-4f4f-bd2e-57dd25ae8601,dyslexic version,2024-06-17 18:17:37.205843,2024-06-17 18:17:37.205843
8e21ef17-177a-4d1a-bb69-1d96a1809678,2ea6117a-3e6e-4bb7-af11-4cdd9c50ed78,unfinished,2020-02-22 16:32:00.202697,2020-02-22 16:32:00.202697
2e8d2998-b926-439b-ae09-6f2310609d33,ae41851d-dfbe-4e30-a0a6-1dca476836a5,with Cloudchord on Guitar,2024-03-30 23:11:52.996099,2024-03-30 23:11:52.996099
4f4fa52b-1f34-42d9-84fb-b4ad8b4fc140,ae41851d-dfbe-4e30-a0a6-1dca476836a5,with Magner on Keytar,2024-03-30 23:11:53.014609,2024-03-30 23:11:53.014609
e05120bb-f9db-4a52-bf69-9453a0531d00,3479a9dd-c509-4846-a13f-0d1786248703,inverted,2020-02-22 16:31:44.462936,2020-02-22 16:31:44.462936
d26d1549-282e-4386-9381-0a5e7a527b09,6c29da0b-80c9-440c-8485-5c2fe4732b06,inverted,2020-02-22 16:32:03.423010,2020-02-22 16:32:03.423010
0be50e52-65db-4a85-a0d5-a00b86a2458e,304b7078-62dc-45d6-94be-73aab8a6d81c,reprise,2023-10-29 18:43:24.247545,2023-10-29 18:43:24.247545
c16271a3-a7ce-4e17-9834-2bff05e4d23e,30681dc0-aee3-493d-99f9-04cc4078eb9d,with 'Run Like Hell' (Pink Floyd) tease.,2020-02-22 16:32:06.717605,2020-02-22 16:32:06.717605
aafc7347-82d4-4d96-a5b6-8d6f012bf954,2565742b-5382-4c2f-b548-ef07aa6f56ee,with '7-11' tease,2020-02-22 16:32:06.982413,2020-02-22 16:32:06.982413
a08f6f0a-215e-4f66-a00d-f35d352ef211,4d74cb21-ab5c-4c30-9a7f-3bb64a99e955,FTP (tDB Original),2023-12-08 12:54:03.110019,2023-12-08 12:54:03.110019
584e7eb6-6c2e-4b2c-b0d9-dcf2c0b840fb,7a9fe359-0b7d-4581-bf99-c8a8bc59bb34,unfinished,2020-05-09 19:13:53.462650,2020-05-09 19:13:53.462650
b2915d42-e176-461d-aef3-5c5b537787ad,1d4fa3de-8f53-4086-b805-5d22de6659fb,unfinished,2020-05-09 19:14:02.026426,2020-05-09 19:14:02.026426
71771261-b5bd-4261-9d66-3762afd95233,a9a4483b-f3d5-410c-b032-b104335b6b0a,unfinished,2020-05-09 19:14:10.965729,2020-05-09 19:14:10.965729
be6b3656-92b0-45fa-ab2d-d4c7f5c374ad,762b478c-243a-4f5b-8563-bad20302d2a4,ending only,2024-06-17 18:18:03.246947,2024-06-17 18:18:03.246947
04797103-b871-4240-8737-710873c02b2b,3b014066-c1dc-4e95-b5a9-30e92473a778,ending only,2024-06-17 18:18:09.532750,2024-06-17 18:18:09.532750
2c1e50dd-a006-4d64-80b6-a354bb959d95,f988f747-6a35-4842-a69c-89d6189339d5,with 'Shem-Rah Boo' tease.,2024-08-07 02:57:32.787947,2024-08-07 02:57:32.787947
d08420d4-ac2e-4ead-8c82-62bb2800b76b,b413b82a-6857-4700-8cb7-af48a986d321,inverted,2024-08-07 02:57:45.626872,2024-08-07 02:57:45.626872
cfebfc58-3009-45b6-9588-679327b67e20,ac33c20d-e631-4e12-99a1-c48e4b66da79,1st time inverted; with 'Pink Panther' theme (Harry Mancini) tease,2024-11-12 13:19:41.365784,2024-11-12 13:19:41.365784
0beccffc-9287-4316-b930-bc6aa8f9106d,bd5d0f9c-7ca4-4aff-90e4-39f3ff8f182d,"dyslexic (ending first, then beginning) ",2024-11-14 04:31:27.694149,2024-11-14 04:31:27.694149
4f7ff965-68c7-43f0-bf67-1b68afe90d04,c7d95cb0-ed51-40e9-8747-d28008fddfc2,"with Carey, Liz and Cat on vocals",2024-11-14 04:35:13.716376,2024-11-14 04:35:13.716376
5cc17f4b-0365-420e-9ea3-c5aea3d3c296,90aef88b-1ba5-4b76-a2e0-3835570ce2e6,"with Carey, Liz and Cat on vocals",2024-11-14 04:35:21.743111,2024-11-14 04:35:21.743111
8fc2043e-ae3d-48f0-b671-dd309374e497,234d3d73-ba10-4a49-887c-1f7f531370ad,inverted,2024-11-12 13:23:25.334375,2024-11-12 13:23:25.334375
c68882f0-7355-4292-90e7-4049916fbac7,234d3d73-ba10-4a49-887c-1f7f531370ad,LTP 2/2/24 (57 shows),2024-11-12 13:23:25.388371,2024-11-12 13:23:25.388371
91c810cb-e3d9-48d9-bc54-a7f11563ce90,7583702b-f29e-4bf6-a5ce-bc6905056771,completes 3/8 version,2020-02-22 16:32:26.006407,2020-02-22 16:32:26.006407
de6175a2-f800-4664-967d-888522d8a840,c08d526b-5e2e-4782-8b12-b41df096b40f,unfinished,2020-02-22 16:32:26.139103,2020-02-22 16:32:26.139103
1ca7bdf1-3902-48fc-ae65-0efef614c62f,7bb035c8-c5bd-4651-99b2-7ff4d55f71af,with 'Superman' theme (John Williams) tease,2020-02-22 16:32:26.469835,2020-02-22 16:32:26.469835
84d94f5c-b6b5-4a0a-ac11-dd111137ad9b,f4988856-5985-4313-8a89-603fb136423b,with 'Munchkin Invasion' ending fakeout,2020-02-22 16:32:26.536433,2020-02-22 16:32:26.536433
782ff8e0-9b4b-4500-8258-56f009fffc63,62a90178-f5e4-40d2-95ac-72beff120c9a,1st time inverted,2023-04-16 18:03:24.030819,2023-04-16 18:03:24.030819
5d9a4b74-37b6-40b8-8dfe-6ea8ad408750,54a0b404-7e27-494a-93be-e54197f9abbe,inverted,2020-02-22 16:32:07.147574,2020-02-22 16:32:07.147574
41d20a9e-a520-4387-b80e-3d12260534bf,b6cf3380-f413-4b4c-9708-171838634e46,inverted,2020-02-22 16:32:08.593627,2020-02-22 16:32:08.593627
3e134eab-32da-4f75-8f33-8f6c27704525,c8521f0a-b71c-410c-8bdd-1841c5fde84b,inverted,2020-02-22 16:32:09.253205,2020-02-22 16:32:09.253205
6052658e-ba84-4c79-a986-b0f0fefaede4,f318177b-30e6-4ed2-b62e-0ff244d16cee,inverted,2020-02-22 16:32:11.992249,2020-02-22 16:32:11.992249
b973b23f-0a9b-4d4c-ab4e-60a66adf0a7f,01e851a6-a24d-42b5-b636-36ada204151c,inverted,2020-02-22 16:32:14.026029,2020-02-22 16:32:14.026029
c05390da-5d2b-4366-9ad4-35db4ee72574,57a5dae6-bb68-4018-b271-98ef595cd1bb,unfinished,2020-02-22 16:32:31.502418,2020-02-22 16:32:31.502418
f705d31e-af89-4856-a412-85644ea7296d,bd4d3352-f4dd-41ac-89aa-ba1bca57807e,with Paul Norman on turntables,2020-02-22 16:32:32.934466,2020-02-22 16:32:32.934466
a0ad68c3-bc1d-4689-a771-881d57ac8fe0,b413b82a-6857-4700-8cb7-af48a986d321,with 'Run Like Hell' (Pink Floyd) tease.,2024-08-07 02:57:45.690373,2024-08-07 02:57:45.690373
d63362e6-d147-4f12-9a05-70c9887f90f0,bf2948c9-3e49-4984-84d9-263e515746a3,"dyslexic version (ending first, then beginning)",2024-08-07 03:06:41.140997,2024-08-07 03:06:41.140997
30bb729d-6b44-48fa-a058-d335a7f1350e,b7579c59-5918-43dd-9df4-2a5f6e705349,completes 4/4 version,2024-08-07 03:06:48.205940,2024-08-07 03:06:48.205940
b666b529-2601-4248-8d7c-af82fd5bebc5,bb753e22-8741-40ae-ba04-cba76f606c19,"dyslexic version (ending first, then beginning)",2024-08-07 03:06:54.720330,2024-08-07 03:06:54.720330
94fff2df-3888-494e-98a7-6dc93c8e042e,037b8aa4-d1d1-4f9d-9a1f-3156b69f74fa,Last Time Inverted 10/19/07 (370 shows) ,2024-08-07 15:33:40.416794,2024-08-07 15:33:40.416794
af1ba04d-85c6-488b-ac53-29fb6ea58ab3,a9d73bd8-febb-4eb3-9df6-7a62e610088c,"Magic Tape (contained elements of Fly Away (Crackazat), maBri (Lukas Lehmann)",2024-01-05 13:45:46.660013,2024-01-05 13:45:46.660013
bc0fc295-1f2e-4c10-9f58-4296998a7f63,00cbbd95-df31-474c-9999-27a3132d01e2,Reconnect (contained elements of Omen (Monkey Safar) ,2024-01-05 13:46:55.357341,2024-01-05 13:46:55.357341
d989c78c-6535-4ece-8c7a-c394f7b83941,7446bf71-65b0-495d-9020-fe6852479372,Todd Terje (contained elements of Strandbar / Delorean Dynamite),2024-01-05 13:48:36.227090,2024-01-05 13:48:36.227090
14ec8ebb-5d31-4815-9529-a54dab1ebc2e,4bd75887-8835-464a-95b6-4e2abae9ae51,FTP (Pink Floyd),2024-01-18 18:31:56.057098,2024-01-18 18:31:56.057098
eb30a213-6cca-4e9a-b83a-72c01d3cb86d,3874934b-8423-417a-85b1-3e4da026083c,with Jamie Shields (keyboards) and Darren Shearer (drums) of The New Deal.,2024-06-17 18:18:19.949930,2024-06-17 18:18:19.949930
166fdf37-b40d-449a-8669-15239c19602b,2662c491-74ef-4765-8eee-1b1a46711e4b,dyslexic completion of 1/3 version (beginning>middle only),2024-06-17 18:19:08.554579,2024-06-17 18:19:08.554579
91ca3725-244e-4e29-a42b-62ddf277e7d1,46964be5-84c1-41d0-b6e4-e5c3b74ed2f8,"dyslexic version (ending first, then beginning)",2024-08-08 17:19:51.558910,2024-08-08 17:19:51.558910
00c2f6ac-1f01-475e-b675-93c97fb37953,932d09a5-047d-44e9-a995-9e9dee556589,"dyslexic version (ending first, then beginning)",2024-08-08 17:19:57.420812,2024-08-08 17:19:57.420812
4ae37c86-c258-4c50-8cc8-fede466a3026,d17ee619-b001-43d5-95f6-141b8d76858f,with 'Low Rider' (WAR) tease.,2024-08-08 17:20:05.246296,2024-08-08 17:20:05.246296
800340f2-0583-438b-a8d7-ecdd351b5312,6a221c06-fe7a-41b4-b34e-7895c5471fc4,completes 8/3 version,2024-08-08 17:20:18.609019,2024-08-08 17:20:18.609019
7d6f4f70-cdeb-4a85-ad14-b46f0d7ca22d,ba971615-6f5b-4296-93c5-6ef4c47da63d,with ‘Little Shimmy In A Conga Line’ + ‘Tricycle’ teases,2024-08-08 17:21:43.538702,2024-08-08 17:21:43.538702
726c0090-618a-4dbf-bee2-9099bcde9d18,81f562e6-972f-4de5-881b-10264474f54a,FTP (Blondie) instrumental,2024-08-10 15:50:12.542436,2024-08-10 15:50:12.542436
2125ee9a-13e0-4648-92bc-7d1bf0e49085,181a2a3c-a4cf-4679-89fe-fb3397df34da,with 'The Thieving Magpie' (Rossini) fakeout,2024-08-11 12:41:55.898285,2024-08-11 12:41:55.898285
82c31cf9-3b14-40b5-9f60-bb7c5fa0d8ac,181a2a3c-a4cf-4679-89fe-fb3397df34da,unfinished,2024-08-11 12:41:55.923344,2024-08-11 12:41:55.923344
b3de9bc8-07d7-4288-ad7e-864bf2da0e2b,5dfbadbf-7586-49bf-a5ff-3436842104be,with ‘I Feel Love’ (Donna Summer) teases,2024-08-13 21:57:11.957831,2024-08-13 21:57:11.957831
d8b3afa9-af12-4a25-9746-d7ffc4411f43,c06165d3-25ce-424b-ad4a-b4e8957f246b,middle section only,2024-08-17 07:04:58.257473,2024-08-17 07:04:58.257473
4f9f41ab-d58f-4fae-bad4-a4d2623c1520,e8423861-150f-4ea8-bac5-fb3a9e5970a0,completes 4/23 version,2024-08-17 07:07:18.284504,2024-08-17 07:07:18.284504
2d379227-36a6-4757-846f-430081142f1f,e4327fba-05a5-4a47-813b-68b953ce6c65,ending only,2024-08-17 07:09:01.043660,2024-08-17 07:09:01.043660
85a22650-dbbe-45d1-88da-892e70da0d9d,976867e7-efca-493a-a8e3-4c9fd55854ed,dub version,2024-08-17 07:10:54.408510,2024-08-17 07:10:54.408510
53d8fe29-a833-44b4-9fd8-3c7da432bab4,1a581327-2bdb-4b61-8394-60d660efe6e1,completes 10/29 version,2024-08-17 07:17:45.422129,2024-08-17 07:17:45.422129
b761f7d9-8a34-4141-b58c-7073520d4323,36c322ad-39e4-4986-95e5-ef420f544d33,"with Mike Greenfeld on drums, without Sam",2024-08-17 07:18:28.907121,2024-08-17 07:18:28.907121
1789863b-8178-4403-891a-71e419f4a90f,1145b288-893e-46fb-ba6d-c4ae2f13013b,"with Mike Greenfeld on drums, without Sam",2024-08-17 07:18:47.000313,2024-08-17 07:18:47.000313
55ac40c4-908e-4b6d-a161-677c5613cd5e,1145b288-893e-46fb-ba6d-c4ae2f13013b,with Reid Genauer on vocals,2024-08-17 07:18:47.013223,2024-08-17 07:18:47.013223
9cbb5153-12e8-4445-84b2-f04162b62025,1145b288-893e-46fb-ba6d-c4ae2f13013b,FTP (Willie Dixon),2024-08-17 07:18:47.023216,2024-08-17 07:18:47.023216
05cdf26e-e2fd-4f68-8486-f50b26146ee4,d83bc799-e23a-4515-b4b5-1b98a2226770,"with 'Hope', 'Unspoken Rhyme' & 'The Muppets Theme’ (Jim Henson) teases",2024-08-18 18:36:07.534135,2024-08-18 18:36:07.534135
000711f2-614d-4a0c-9c65-9884627c4ae6,b33388f1-7780-4f83-94b8-e7753122e7e9,with ‘Little Shimmy In A Conga Line’ teases,2024-08-20 14:24:40.986393,2024-08-20 14:24:40.986393
f3756eb3-e388-4f4f-bb31-047c7ec8b6cc,b33388f1-7780-4f83-94b8-e7753122e7e9,with ‘Highwire’ teases,2024-08-20 14:24:41.070467,2024-08-20 14:24:41.070467
7bc994f0-b0a1-4d4c-80a4-4c324ae7c754,6c8d1218-1477-40ae-be7a-482c6b28f5b2,inverted,2024-08-21 19:13:00.903755,2024-08-21 19:13:00.903755
c10cb990-7fec-457e-82fc-a2de955e4d21,6c8d1218-1477-40ae-be7a-482c6b28f5b2,Last time inverted 11/7/02 (173 shows),2024-08-21 19:13:01.039733,2024-08-21 19:13:01.039733
e5cf9194-62ce-4750-a0a6-dc7a796f5d97,250086b9-5234-49ba-8e7e-443a8eae8848,with ‘Above the Waves’ tease,2024-08-24 17:01:09.562928,2024-08-24 17:01:09.562928
aaa1d813-7cd3-4757-8ed9-d51022f90368,7a7c11bf-c3a8-4faa-8a47-026e7a09060f,with 'The Overture' tease,2024-08-24 17:01:36.756723,2024-08-24 17:01:36.756723
0030aa7a-83d6-406f-9df1-4989994ac15a,36084f03-89e5-43b0-9d70-fed0f51544e3,unfinished,2024-08-26 23:27:42.863091,2024-08-26 23:27:42.863091
cd4cd5b0-4dee-444b-8fb1-fda8037d98b1,36084f03-89e5-43b0-9d70-fed0f51544e3,with ‘It Wasn’t Me’ (Shaggy) teases,2024-08-26 23:27:42.976173,2024-08-26 23:27:42.976173
3e104804-a2d6-4e14-94c1-e964517c126b,1bea328f-55c9-479c-a731-387b5cb03ff7,LTP 11/18/00 (536 shows),2024-08-27 17:10:53.435654,2024-08-27 17:10:53.435654
968b6333-2b2a-4ee5-806e-5e7e40986622,3859fd35-2f9c-4e7f-a277-5e6646e2795a,unfinished,2024-08-27 17:12:41.223837,2024-08-27 17:12:41.223837
e1628317-e773-45ed-9a9a-a630ac9393f3,67352201-79e3-461b-aa90-a0ecd03e2c54,unfinished,2024-08-27 17:12:48.383642,2024-08-27 17:12:48.383642
af5d2ec1-df59-4395-9ed1-2bde97342f56,e50db4e8-cddf-4d44-9d30-b3a8f6f168dd,unfinished,2024-08-27 17:12:55.408156,2024-08-27 17:12:55.408156
617546a0-8eac-4deb-81ed-87e6382b389c,a0498b46-bc1d-4a8f-8570-113f3238da63,unfinished,2024-08-27 17:13:45.039418,2024-08-27 17:13:45.039418
8c3a27c5-a075-420c-8554-ed0f9e8e190d,3f23084e-4f12-4209-aae8-a299e703629a,completes 4/22/08 version,2024-08-27 17:13:52.700778,2024-08-27 17:13:52.700778
edba8bba-f809-4e14-a21d-8fcae0727cc3,bf414337-586a-4ce5-818c-19bc3caab326,dyslexic version,2024-08-27 17:14:13.062925,2024-08-27 17:14:13.062925
20eb4af2-b111-4db3-8c3f-7bcb572deaab,18adff86-1ada-4c1b-ad1a-109289ca9bf3,dyslexic version,2024-08-27 17:14:20.169247,2024-08-27 17:14:20.169247
d37075b7-9ae8-402d-8c5d-ec93153f346b,39bdea72-cc48-4f2b-a7e1-b6505bca1001,with Al Schnier (moe.) on guitar,2024-08-27 17:15:27.866361,2024-08-27 17:15:27.866361
633fbc36-c174-45fd-be7c-9fcdf5652839,b23331c0-8ef0-4499-a846-dc62b36920f3,middle/beginning sections,2024-08-27 17:15:41.110820,2024-08-27 17:15:41.110820
7fa6ecb0-d9ab-4bcf-9af5-fc6e5c26d9d7,c71692f1-0435-48ac-8b85-6d86e00c7a88,ending only,2024-08-27 17:17:57.861416,2024-08-27 17:17:57.861416
ad3ff6fe-c39d-49fe-8857-10b43ca7f6c9,7a81dd6d-35b6-432d-8f1b-2481747f7da7,ending only,2024-08-27 17:18:05.628183,2024-08-27 17:18:05.628183
f9a2d4ae-d4a6-42be-9ed0-4743114a3fdf,5f4f929f-c697-4358-9d8d-054825d7689b,completes 4/11/08 version (ending + beginning),2024-08-27 17:18:22.662610,2024-08-27 17:18:22.662610
12772344-16e6-4e12-9c5d-97b123e0d34a,c8c704b7-72b2-46ad-8301-a87e6c906d51,with ‘Tribulations’ (LCD Soundsystem) tease,2024-08-28 14:18:34.860788,2024-08-28 14:18:34.860788
6d256eed-c604-4ef3-aa33-b3dad48171d0,830fbb6f-839b-4026-8bb9-cb515910c079,inverted,2024-08-30 01:42:27.101679,2024-08-30 01:42:27.101679
e6673672-1c92-42b1-acfe-b3e50b602b3e,21434899-db03-47ce-bf44-3f6610d9b7a7,Last Time Inverted 4/7/17 (335 shows),2024-08-31 01:50:08.232498,2024-08-31 01:50:08.232498
4a366f05-d81e-46cd-b46c-8c4f7a3b45e6,00ca6dba-b3ca-4c0f-ab2e-cc3835cd0379,LTP 10/27/23 (57 shows),2024-08-31 02:18:39.447799,2024-08-31 02:18:39.447799
7ef20fc3-eb81-4db0-b44a-3f37a55b477e,00ca6dba-b3ca-4c0f-ab2e-cc3835cd0379,unfinished,2024-08-31 02:18:39.459442,2024-08-31 02:18:39.459442
225a7f2e-03aa-43ba-b529-6031d216c08b,37451926-d304-445d-bb81-ba1ea3de9920,with ‘Dino Baby’ Jam,2024-08-31 17:50:45.870983,2024-08-31 17:50:45.870983
ae70de3a-d3c1-43c0-a712-f4d3883a78a2,072b205b-72a5-4ebe-9812-1833cd8a5cb9,completes 1/4 version.,2024-06-17 18:19:32.199472,2024-06-17 18:19:32.199472
63aac94d-c5ca-4e12-8935-ee4f52bc4e4e,33e8c841-16f1-431c-a148-cc0bdcfc1119,1st time inverted,2023-04-16 20:09:32.322528,2023-04-16 20:09:32.322528
25600991-1e2c-4ebd-a947-d736be201ae8,54a6eace-4ed2-4c5d-82c3-f2a0d292d72f,dyslexic completion of 4/6 version.,2020-02-22 16:32:49.646864,2020-02-22 16:32:49.646864
63f95300-7ddd-4829-aa2c-147773387751,abc7d11b-b05e-4295-92f0-2e063e933983,middle section only,2020-02-22 16:32:50.166597,2020-02-22 16:32:50.166597
344bbefd-3d7b-4fe0-b664-74f34902b4fa,c1bd05b3-54e8-49a1-89b1-c89495b8fe0a,"with Carey, Liz and Cat on vocals",2024-11-14 04:35:05.742485,2024-11-14 04:35:05.742485
f0302c43-4fcf-47fb-91c2-16850fc6c87c,db1e52dd-96e2-4435-9468-2b46389eb1bf,inverted,2020-02-22 16:32:32.586295,2020-02-22 16:32:32.586295
987c5f92-fa78-411d-9daf-08b446e879cd,f04f1048-72a3-4fad-8b7a-18e12a132800,inverted,2020-02-22 16:32:34.466475,2020-02-22 16:32:34.466475
c54736d8-e9e8-4608-bfeb-5df2e7a8ab87,efc30daf-e273-4938-80ae-32118c422f1d,with ‘The Great Abyss’ tease,2024-02-28 01:40:02.240691,2024-02-28 01:40:02.240691
87e6510a-78ae-4d15-a7bb-75b4c9852fd2,efc30daf-e273-4938-80ae-32118c422f1d,unfinished,2024-02-28 01:40:02.249997,2024-02-28 01:40:02.249997
2666eb8d-26dd-4443-99a8-38acc0c916bd,ad220622-31b1-4785-bc8c-bd6493bb4da7,with 'Crickets' tease,2024-11-14 04:36:31.274433,2024-11-14 04:36:31.274433
ea64f5d8-7119-481d-836b-2ecafd1a6270,a4863ace-eb43-416e-aff1-7b3be3efa301,with 'Gratitude' (Beastie Boys) tease,2024-11-14 04:37:09.942711,2024-11-14 04:37:09.942711
b8693662-d7fe-4aa2-a076-728c5b450a5f,acd93dbb-8a89-4ed3-942c-7801a503e6a6,with 'Basis For A Day' fakeout,2024-11-14 04:38:33.993240,2024-11-14 04:38:33.993240
44450e2a-1eaf-47ab-8c1d-30ae3cf60f00,596268cc-ad7b-456f-ba8b-b426a14fd1ff,dub version,2020-02-22 16:32:51.370214,2020-02-22 16:32:51.370214
98080dec-d68c-41fa-b9f8-ce01e6647ac8,48d01662-fd6e-47e6-9f51-ee5b95cc8e4b,with 'Astronaut' tease,2020-02-22 16:32:51.579212,2020-02-22 16:32:51.579212
1e7443d7-7264-469a-b215-a73067732fd8,8d0b53a0-ff5e-4053-8731-f57b2b253f6f,with 'Plan B' vocal tease,2020-02-22 16:32:51.713874,2020-02-22 16:32:51.713874
67545bfb-50de-4c7b-8df6-28e53d92a50d,776e7a4a-a542-4fb1-b2a9-02887da68729,with 'Plan B' vocal tease,2020-02-22 16:32:51.787011,2020-02-22 16:32:51.787011
68bbf3b4-5842-447f-81db-d8ba254851ac,fca5f2ba-0c89-40e8-91fc-3fda3a4b13e2,with 'Songs Of Joy' tease,2020-02-22 16:32:52.142422,2020-02-22 16:32:52.142422
36ff610d-5dac-48d1-8066-d7d616bcc3a0,28f146ab-47ae-4e10-90cf-92be03efb1c2,ending only,2024-08-07 02:59:02.780078,2024-08-07 02:59:02.780078
f29786d5-4f70-4584-bbfe-e0817f2ceb3d,c36d6c12-be89-4343-aea0-a2b6db837d3d,with 'The Big Happy' tease,2024-08-07 03:04:13.093077,2024-08-07 03:04:13.093077
20394482-7c5d-4045-bc3b-ba9d844ea40b,dc99304c-6d85-4fd4-8f7b-6098d0a9cdba,with 'Rock Candy' tease,2024-08-07 03:04:35.325932,2024-08-07 03:04:35.325932
4a02fd02-cea8-4a5e-92f3-6e634e1ef3c6,b6572949-3b4d-4abe-a720-b4a76d25eb45,with 'Story of the World' tease,2024-08-07 03:07:43.428775,2024-08-07 03:07:43.428775
44a0cc0b-bd81-4c17-b76e-681ff9664fa5,b6572949-3b4d-4abe-a720-b4a76d25eb45,unfinished,2024-08-07 03:07:43.443938,2024-08-07 03:07:43.443938
05903060-e023-4f64-9601-258ca205cad7,9219dec4-9920-416e-bfe1-c76486cecd3b,with ‘Walk Like An Egyptian’ (The Bangles) jam,2024-11-19 00:24:35.912053,2024-11-19 00:24:35.912053
4b3ee836-ffbc-47bd-99f5-c43cce02ae2f,b6572949-3b4d-4abe-a720-b4a76d25eb45,no intro,2024-08-07 03:07:43.455688,2024-08-07 03:07:43.455688
43bca8cd-0b87-4eb2-acb4-5affcb582558,0125b15c-8cdb-4321-97d5-2e3d757e388a,unfinished,2024-08-07 03:08:32.456535,2024-08-07 03:08:32.456535
bdfe0413-f888-4670-b48a-79c0f44c3400,0125b15c-8cdb-4321-97d5-2e3d757e388a,with 'Shelby Rose' tease,2024-08-07 03:08:32.469156,2024-08-07 03:08:32.469156
c484c414-0ead-4234-b6c0-35d526217271,c8b6aaac-5d78-47a4-af0f-657380a3ca1d,LTP 7/12/23 (55 shows),2024-04-01 03:55:31.733160,2024-04-01 03:55:31.733160
bd77e11d-27d1-4a34-8183-c4cd5be7abf8,6655d805-7079-4290-9cc9-b883f11fc741,inverted,2024-04-07 03:57:57.918783,2024-04-07 03:57:57.918783
e2a4df3a-5fd7-4fd2-9c98-5142dbd48203,9bbb05fa-1004-4e91-916e-094122906c8c,completes 04/26/2003 version,2024-08-07 03:08:43.303287,2024-08-07 03:08:43.303287
ac49c432-0d2a-4bc5-8dcb-af13e8fe3896,7772f8e2-a744-4ba0-a72b-773152511b9d,with ‘Pilin’ It High’ teases,2024-08-07 03:16:57.730316,2024-08-07 03:16:57.730316
ed30b002-b687-4814-a803-577b8dfac5bb,fa8f35e7-639a-466b-b665-eaa6cc3f25c8,LTP 7/20/19 (58 shows),2023-04-16 22:27:23.873264,2023-04-16 22:27:23.873264
7c168c62-c0d1-4b1b-b99b-fb9914fa2e47,4ec34a76-7df4-4385-b40b-355baf4476cc,inverted,2024-11-21 02:09:31.060670,2024-11-21 02:09:31.060670
357f07e3-1b76-428e-8be0-a7ac930def60,4ec34a76-7df4-4385-b40b-355baf4476cc,LTP 10/25/23 (81 shows),2024-11-21 02:09:31.111592,2024-11-21 02:09:31.111592
0475579a-2923-4ad6-90c8-0aa53c8c2bfc,e8b57287-a370-4e4f-ad71-a8ea10dc63cb,completes 1/15/04 version.,2024-06-17 18:21:05.363466,2024-06-17 18:21:05.363466
6670b90b-c8bd-4aa6-963b-000326b334c7,6a2a0c62-a577-422e-9282-671fdb8c9291,inverted,2024-11-22 22:40:51.051490,2024-11-22 22:40:51.051490
18e431a2-e7f4-4caa-9117-067bcf53a3f8,6a2a0c62-a577-422e-9282-671fdb8c9291,LTP 3/10/24 (57 shows),2024-11-22 22:40:51.097237,2024-11-22 22:40:51.097237
2b7b1731-52b1-4a3b-baf0-8a0a60f6e150,46efd47e-6f61-4d03-8571-0d03335dce96,"dyslexic (ending first, then beginning)",2024-11-23 13:02:51.311269,2024-11-23 13:02:51.311269
5e25a61f-2c69-48c5-8daa-9802f6994093,defc6954-1eb2-4a17-aa43-0ca54b0e1074,"dyslexic (ending first, then beginning)",2024-11-23 13:02:58.126537,2024-11-23 13:02:58.126537
36378c16-f2b5-4564-8c6e-1ad6be07dd8f,abfd4194-2cfb-4e7f-b5a1-1954bfe41b87,1st time inverted,2024-11-25 02:34:36.980990,2024-11-25 02:34:36.980990
298d0290-453e-4e39-b3db-67c570fbc68b,f6002207-562c-496d-bb65-342e1c22363f,with 'Piano Concerto #21 Andante' (Mozart) teases,2024-11-26 15:57:25.441643,2024-11-26 15:57:25.441643
ff5c0cdb-ad81-4b73-aeab-f678d9c6570f,d83f9883-cc2b-4af1-9978-680361b03f93,FTP as tDB (played as Tractorbeam 9/13/24; mashup of girl$ (Dom Dolla) & ‘Times Square’,2024-12-04 00:35:24.828600,2024-12-04 00:35:24.828600
831b9f38-4c18-41dd-bccc-6801225d4b50,d83f9883-cc2b-4af1-9978-680361b03f93,with ‘No Recollection’ teases,2024-12-04 00:35:24.941654,2024-12-04 00:35:24.941654
a17000d2-73be-450d-9797-eb1eb08addb8,4337700b-c8e0-4406-9dac-1cd4d211003d,with 'Shem-Rah Boo' teases,2024-12-05 21:09:00.945601,2024-12-05 21:09:00.945601
3e22518d-88fc-4690-b614-b5fdfa191d31,39fc4a1c-a221-49a7-a418-2ad421436f5f,Reworked version (from the 05/28/03 Perfume show),2024-08-07 03:17:08.411379,2024-08-07 03:17:08.411379
b266bdb0-6238-4baf-96bc-0fc12fb7f07e,adb09597-c2bc-44df-981a-69ea67c950ea,inverted,2020-02-22 16:32:51.501819,2020-02-22 16:32:51.501819
458da07e-5105-4b8a-bd75-d4790480c85b,c2ca4f59-d818-41d7-9cb4-a4940acf25b3,inverted,2020-02-22 16:32:51.649139,2020-02-22 16:32:51.649139
75b48c64-1780-4bce-a182-34e580790da5,fca5f2ba-0c89-40e8-91fc-3fda3a4b13e2,inverted,2020-02-22 16:32:52.132415,2020-02-22 16:32:52.132415
9006a23c-439b-427a-bfaa-b59158b8c27a,add55068-5cbc-41e4-b7fb-470c4bd5794a,inverted,2020-02-22 16:32:54.410613,2020-02-22 16:32:54.410613
590d2f1b-c4b0-40c8-b1fd-e09e0e02c2a7,1647c6b9-551c-44c1-9d45-57a2c088000a,inverted,2020-02-22 16:32:55.206423,2020-02-22 16:32:55.206423
2e0c0fbe-f6b1-4fe7-ba60-ec0837e3b72e,40b6f408-c48d-46f5-a9c0-a11e136de848,inverted,2020-02-22 16:32:55.936947,2020-02-22 16:32:55.936947
12684646-d4e3-4f3a-aaf0-d2982b15666c,c94ac852-08f2-43b2-bb02-52f876570cbf,inverted,2020-02-22 16:32:56.310288,2020-02-22 16:32:56.310288
fc738f8b-cb98-4055-bb11-ac6755154a1b,d533a065-9fe8-4a6e-8718-241c8d68c0f0,Dedicated to Mark 'The Medic' Chapman,2024-08-07 03:17:16.612424,2024-08-07 03:17:16.612424
380efa66-6959-4603-99bc-ffff03cc5595,2da69936-a234-45fe-85a4-289a22123130,FTP (Edvard Grieg),2024-08-07 03:19:51.407252,2024-08-07 03:19:51.407252
ee00b8be-edd4-4eb3-a5e6-6c0fa5b05bda,7eb87949-20f6-4ef9-8bed-7b094c0bea7c,FTP (Tchaikovsky),2024-08-07 03:21:53.117257,2024-08-07 03:21:53.117257
a7d977dd-ebed-4356-a95a-abc40ae571f3,7eb87949-20f6-4ef9-8bed-7b094c0bea7c,preceded by ‘The Devil's Waltz’ fake-out,2024-08-07 03:21:53.150299,2024-08-07 03:21:53.150299
ecbee332-fb5d-4f48-bcf6-681408d86c75,92522dcd-879e-4250-a4f4-5a62459fa820,with ‘Magellan’ teases,2024-08-07 03:22:01.729458,2024-08-07 03:22:01.729458
6d0d52c9-79f3-4ee0-b2fd-b9763e2ee672,f6c0545d-3028-449c-8948-a2037b9ac787,completes 8/15 version,2024-08-07 03:25:03.855929,2024-08-07 03:25:03.855929
d4419c30-6509-4fc5-ad9e-5f8628fd5757,128df144-50cc-420a-9abc-e0ffc609b959,with ‘Peter Gunn Theme’ (Henry Mancini) jam,2024-12-06 23:34:40.008448,2024-12-06 23:34:40.008448
e42c8076-f392-4275-9bff-4932093ff715,128df144-50cc-420a-9abc-e0ffc609b959,unfinished,2024-12-06 23:34:40.045956,2024-12-06 23:34:40.045956
bda2f002-a163-4675-8d03-5887c4faa34b,baf84883-e101-4918-9d10-c59e6e44e9ec,1st time inverted; Perfume version,2024-12-06 23:35:07.878448,2024-12-06 23:35:07.878448
926ea8a0-6ca9-49bb-adf3-59a45c0f0584,db9dac46-3e0d-4bfa-a2fd-7267358a873f,inverted; with ‘Billie Jean’ (Michael Jackson) Jam ,2024-12-07 07:19:22.912555,2024-12-07 07:19:22.912555
3f7b855f-6209-4e34-88f3-61ff1a3813b4,599a8dd8-43a3-4724-b8d4-eaa9ada6cf13,completes 11/29/01 version,2024-12-07 19:56:36.803458,2024-12-07 19:56:36.803458
3a6e4af4-871b-4a6f-ae20-be962d1740f6,fe08c890-c695-49dc-af0d-8a5d399c1aec,with 'Story Of The World' tease,2024-12-07 19:56:46.413052,2024-12-07 19:56:46.413052
8337e9fd-f816-448c-aeea-7f1b4c2db4dd,9d00d31a-4c55-466f-8c2f-50745d8f11dd,with 'Roadhouse Blues' vocal tease,2024-12-07 19:56:56.773992,2024-12-07 19:56:56.773992
5c8c2115-3965-4258-95b3-8acded5a1c20,873b4ff6-8321-4698-abbc-56264545ef08,"dyslexic (ending first, then beginning)",2024-12-07 20:00:07.624212,2024-12-07 20:00:07.624212
8d7ee03b-c95d-4924-aab0-998c98ffeff6,bde40c93-c9c3-4049-8117-5e3288b2f3c1,with Halloween lyrics,2024-12-07 20:04:47.104113,2024-12-07 20:04:47.104113
65c14d37-563e-49ee-bc59-378106a58ae3,f1bd2774-d3af-4de3-9992-6307b4ce100f,FTP (Charles Gounod); Theme to 'Alfred Hitchcock Presents',2024-12-07 20:05:08.842739,2024-12-07 20:05:08.842739
3f6caddf-a13f-4152-8c4a-68f4fd64cc89,ee72a1e3-46fd-4899-bd10-862d2ef1b6e4,with 'Halloween' theme tease,2024-12-07 20:05:34.801524,2024-12-07 20:05:34.801524
1ef6eb9d-0cff-433c-877f-c86de390c277,ee72a1e3-46fd-4899-bd10-862d2ef1b6e4,1st time inverted,2024-12-07 20:05:34.862112,2024-12-07 20:05:34.862112
80c69811-64ca-4f32-bced-3603bd897340,3bb370dc-c3dc-47c4-ad35-01dc45d21b0c,with 'Crickets' + 'Munchkin Invasion' teases,2024-12-07 20:09:24.650031,2024-12-07 20:09:24.650031
03329750-fbbd-4b89-9320-c3b452ec2eb7,1b185040-5ace-4f3f-bad9-4ddcfc69ea40,with 'Floodlights' + 'Spy' teases,2024-12-07 20:09:39.067457,2024-12-07 20:09:39.067457
b4981d0b-d180-4b0d-846f-a5a01a6897c4,6adab6d2-6e7c-4e65-aba8-3ceaebab2e0a,completes 9/6/01 version,2024-12-07 20:10:19.888990,2024-12-07 20:10:19.888990
8f1e32ce-ffa9-44e9-a072-d90a627a4e04,2735fe57-8cd4-4ed3-9d1c-2119aaae30a2,with 'Floes' tease,2024-12-07 20:10:30.906082,2024-12-07 20:10:30.906082
87206506-1bd9-4950-9293-830f0bfecc81,85c36537-0f6a-408b-9951-346bdc858458,"dyslexic (ending first, then beginning) ",2024-11-14 04:31:36.472549,2024-11-14 04:31:36.472549
7864a6a4-9d28-4034-b411-cb43c23b1251,13b34928-967b-4e59-aec0-d373fd4a0f14,unfinished,2020-02-22 16:33:18.203495,2020-02-22 16:33:18.203495
a745c214-df4c-4964-9c1f-2db33c1add75,ac31d052-d205-471c-bf0b-031015aa573f,with 'the Big Happy' in between verses,2020-02-22 16:33:18.390713,2020-02-22 16:33:18.390713
0843b87c-4f3d-4134-9405-ee598ce13acf,d386ec4f-6204-4345-98a4-6a9b158b2cbe,inverted,2024-11-19 01:00:55.961938,2024-11-19 01:00:55.961938
f919f5d9-c1f6-451f-9dda-274b361df584,d386ec4f-6204-4345-98a4-6a9b158b2cbe,with ‘No Rain’ (Blind Melon) Jam,2024-11-19 01:00:56.010030,2024-11-19 01:00:56.010030
b3cd7988-a1ab-4f20-8acb-d6a5cd6add11,9d877444-3ae1-4467-b382-19d05544c1a6,with ‘Spraypaint’ teases ,2024-11-19 01:01:07.451382,2024-11-19 01:01:07.451382
8d46a8ec-60c0-4b6f-b872-d7ae6a556bbd,9e1059c6-80e3-4ab2-a940-a6d0b30e61f0,"dyslexic (ending first, then beginning)",2024-11-23 13:03:05.311910,2024-11-23 13:03:05.311910
5cc520db-721e-4be7-857c-f51a708a7408,ec719ae6-5624-492b-b336-210682aa2968,with 'Odd Couple' theme (Neal Hefti) tease,2024-08-07 03:10:22.409134,2024-08-07 03:10:22.409134
8152ff26-a1b0-4dd8-9131-1072af849f8f,efc2b8f3-0b25-4469-aad2-c6f6d59d0f76,with Mike Greenfield on drums,2024-08-07 03:32:44.075157,2024-08-07 03:32:44.075157
db3dcf3a-e4a4-4935-afb4-93977ca67909,9f67e66d-5f67-4937-899f-65fc7a611707,with Mike Greenfield on drums,2024-08-07 03:32:59.728955,2024-08-07 03:32:59.728955
39181a77-5fc0-4e40-8673-eafaae7c742e,0fbde37d-8831-4545-8334-267971743bf1,unfinished,2020-05-10 00:27:32.357644,2020-05-10 00:27:32.357644
72157b91-af4d-4407-8c5f-805ec94ef46f,9e52c042-607c-46f6-ad08-4de8e0f7f72f,LTP 12/4/2015 (85 shows),2023-04-08 18:07:20.859460,2023-04-08 18:07:20.859460
9ca64493-e546-4138-8dce-b5b91abb21f6,227af32d-8f36-4c7c-883c-fc262995b7a9,FTP (Paul Conti),2023-04-16 22:33:25.298544,2023-04-16 22:33:25.298544
b79d1934-2d1b-4638-b368-dfb5b0a7519e,9f67e66d-5f67-4937-899f-65fc7a611707,dyslexic version,2024-08-07 03:32:59.764711,2024-08-07 03:32:59.764711
296794a2-1035-4d9f-81cb-a0644dad3bf6,d76ae648-a519-4c25-96de-80c7a20a17a0,with 'The Big Happy' in between verses,2024-08-07 03:35:27.646536,2024-08-07 03:35:27.646536
a0cfafc0-05df-414a-9e7e-fc8a91de63c6,af0097ec-3999-422d-b133-abb817c929e9,Completes 8/23 version.,2020-02-22 16:33:25.226393,2020-02-22 16:33:25.226393
a079377b-3720-4f0e-aa6c-d137fdf1e763,9adb4260-ce2a-4c66-9e2c-6fcbf751ce1d,FTP (Sergei Prokofiev),2024-08-07 03:35:39.307535,2024-08-07 03:35:39.307535
9be8f53a-2027-488e-8f8c-f2640a51f014,5882302f-f6b5-4f9d-aa7e-9bc99694eb55,with ‘The Big Happy’ in between verses,2024-08-07 03:37:17.290364,2024-08-07 03:37:17.290364
7c3bdf20-a612-4362-8f8c-3d8eb6e6cb84,612e293e-5963-4473-acd5-59f4518b0c7f,with ‘On Time’ Jam (FTP 10/10/09),2024-08-07 19:27:10.303526,2024-08-07 19:27:10.303526
cb255216-0d82-47bf-ad80-4a63b1d16a65,da3c1256-62f1-43ac-9574-c59033c47311,"dyslexic (ending first, then beginning)",2024-11-23 13:03:11.733790,2024-11-23 13:03:11.733790
0a8beebe-7c88-4b63-a22e-1704d6c8444e,30ed0c46-32ec-4b45-9184-bda2440c7da1,inverted,2020-05-18 05:56:04.732298,2020-05-18 05:56:04.732298
50c09904-9d5f-4e8c-bea4-43d711cce644,a4fa2157-5d20-4217-afa4-9f680ca08d46,inverted,2020-05-18 05:56:13.850385,2020-05-18 05:56:13.850385
954782f3-ac2a-4671-98e2-041b60a2e6ac,7cad7b96-2d91-484a-bb4b-86c208091aa2,inverted,2020-05-18 05:56:41.212563,2020-05-18 05:56:41.212563
bc557d82-0382-436b-9711-bc414f923440,2dd9b87b-1432-468f-a7b5-458d8c459601,FTP (Reworking/renaming of ‘That Sample Has a Name’),2024-11-24 14:29:12.874664,2024-11-24 14:29:12.874664
c2b8d175-d6ee-47f6-8764-52ca884c2dd5,ee8f18e2-1a3a-4590-9b59-711d5f306bbc,inverted,2020-05-18 05:56:52.971933,2020-05-18 05:56:52.971933
601515b6-a157-491b-9dee-2b8b29634eb3,9d1fda96-f1dc-4683-a20c-c5a05fea51bb,inverted,2020-05-18 05:57:16.123144,2020-05-18 05:57:16.123144
074b640e-04af-42ba-9b33-d837ff77f3c6,7f2fb94b-f8f0-4af2-b00b-4780a6190b16,"Dyslexic version (ending first, then beginning).",2020-02-22 16:33:32.451064,2020-02-22 16:33:32.451064
52bc7fd0-0746-4d5f-ba1a-8466a8c4c1c5,f7fa5595-3519-4b42-8bb8-78a056f8b356,inverted,2020-05-18 05:57:33.780556,2020-05-18 05:57:33.780556
37b5615b-2f7a-4010-addd-17d7d20de91d,03f220a7-c969-455d-950f-ed46f5891d52,"Dyslexic version (ending first, then beginning).",2020-02-22 16:33:32.598903,2020-02-22 16:33:32.598903
cd21cecc-4cd0-4e35-b8e2-eddf6e0ae4d6,0b725dcf-b36c-433e-9321-ed4d17690b10,inverted,2020-05-18 05:57:49.574926,2020-05-18 05:57:49.574926
7fcc0061-5373-4a08-885f-f881c257cdbe,b115bc4f-3261-4fed-a352-c103992ddb94,inverted,2020-05-18 05:58:33.413316,2020-05-18 05:58:33.413316
e40cdc93-42f6-46ad-8b63-48561cf00e1b,0766bfed-776d-49db-a5f3-1a1fc946cf06,inverted,2020-05-18 05:58:44.316300,2020-05-18 05:58:44.316300
b635ffde-7f0b-4791-89ed-f02fbf7f58e6,c6053af7-d35a-4775-9187-4ee5f63e2e6f,Completes 10/5 version,2020-02-22 16:33:38.462946,2020-02-22 16:33:38.462946
562838da-b70d-48fc-af1e-c3c436eedcba,72a795ec-3531-427b-85bb-1597ebe21816,"dyslexic (ending first, then beginning)",2024-11-26 10:06:05.785263,2024-11-26 10:06:05.785263
989113fe-c397-4681-a9f0-6e81018eac63,4875dc7b-2f59-4aa2-87d4-c5a8eef015cb,inverted,2020-05-18 05:58:53.796082,2020-05-18 05:58:53.796082
1c4bf78a-04f6-4261-8df2-db030aac7652,261d26f9-20f8-4e32-8bbe-d8cd8d7b8f72,"dyslexic (ending first, then beginning)",2024-11-26 10:06:16.642952,2024-11-26 10:06:16.642952
9f4b8e75-a452-4aea-9dfc-e9bbdf7746b9,bab6153f-865f-4001-881b-7d0175936e93,inverted,2020-02-22 16:33:13.241982,2020-02-22 16:33:13.241982
8190e7ec-2e35-4464-848a-ccaef965b886,2687a97f-8581-41f5-83a0-d47c7527b32e,inverted,2020-02-22 16:33:13.841854,2020-02-22 16:33:13.841854
16601abe-3e1a-4c6c-8e80-c9039f1078bd,bedc37cc-010b-4a91-bb88-28009a28f2ee,inverted,2020-02-22 16:33:21.346504,2020-02-22 16:33:21.346504
d11e9726-7a95-4773-91f8-b28b59cb3da0,63dbcec7-25df-4081-af1d-418338961577,inverted,2020-05-18 05:59:05.389328,2020-05-18 05:59:05.389328
67fbe41e-875a-46a7-a185-0cb7ab51f524,bda5f301-8690-4196-be14-a9aee12360eb,inverted,2020-05-18 06:00:16.571705,2020-05-18 06:00:16.571705
20529245-c954-4ec2-b36b-7a590ed3f314,a83afd66-fe03-4c0d-a713-e854438b1fe7,inverted,2020-05-18 06:02:13.980633,2020-05-18 06:02:13.980633
9ebf6cd5-8593-4046-ab1d-be912ef21311,0e557778-1045-4bb9-8ab2-5798673867f3,unfinished,2020-05-18 06:02:28.520871,2020-05-18 06:02:28.520871
9561d50b-d95f-4856-9da1-77c06457c5b1,92341e34-c7b2-4e07-a8eb-f7002789fd2a,unfinished,2020-05-18 06:02:40.800053,2020-05-18 06:02:40.800053
5e36d412-595b-47ff-a953-d78d50924788,ba46b580-b4f7-48fc-9af6-a1e565e6f0d8,inverted,2020-05-18 06:02:59.007099,2020-05-18 06:02:59.007099
8cbc2d45-9f0f-4ffa-acb3-adc6b5c7b0ea,bc3dc01c-c4ff-4174-8857-8f09795e3c9a,inverted,2020-05-18 06:03:18.307266,2020-05-18 06:03:18.307266
7b79da1d-9d4a-47bf-8c86-9d47935e0281,7863e124-dff9-4064-a161-5e2fee87afa2,inverted,2020-05-18 06:03:32.317223,2020-05-18 06:03:32.317223
b96d6a78-991c-4f7d-8d01-b44a8060b169,f2a613a8-bd88-49f2-8254-4f17167f1e41,inverted,2020-05-18 06:03:58.828611,2020-05-18 06:03:58.828611
5245110c-9d1e-4785-849f-fb45d831011f,78702b1e-7d84-42a9-bdfe-eb012684b3ec,inverted,2020-05-18 06:08:59.986689,2020-05-18 06:08:59.986689
d65837c0-bffd-4491-9bce-5163a0bd628a,fd58a802-2b1c-4eee-8644-315d6e16a752,inverted,2020-05-18 06:14:22.513708,2020-05-18 06:14:22.513708
59089707-9a44-40e3-b203-1cc8fdc2e9d6,5fd5f80d-b8ea-44ca-93c2-c9031af42698,unfinished,2020-05-19 18:29:04.473181,2020-05-19 18:29:04.473181
991c4906-1e60-4084-8d60-89618006e703,8cd60e40-257a-48fa-84df-ba3d1a0a26ea,unfinished,2020-05-19 18:30:19.910482,2020-05-19 18:30:19.910482
429ef67a-3234-406c-b02c-b6866d2e26fe,36c8f91a-b8f3-4859-9955-22e8293b3180,dyslexic completion of 4/4/24 version,2024-11-26 10:06:57.812378,2024-11-26 10:06:57.812378
5ae8a1ed-d102-4251-980c-0d24cbc7c17e,a520bd13-5a92-4597-a89c-45c5af2b55f1,"dyslexic (ending first, then beginning)",2024-11-26 10:07:23.352944,2024-11-26 10:07:23.352944
5c14302d-0846-48e8-897a-45124def2a41,905cd99a-991e-41c7-a6f9-bb33350536aa,dyslexic version,2024-06-17 18:21:24.057739,2024-06-17 18:21:24.057739
3adcfb89-0c12-46d9-89d7-1831933eb324,31385b95-bc5d-472f-855e-3e60d946f475,"dyslexic (ending first, then beginning)",2024-11-26 10:07:33.580904,2024-11-26 10:07:33.580904
5c679537-0ba0-4bde-a2fd-5f82ab8e848a,9c6a72b4-e79b-47ab-8470-99eda9560a8a,unfinished,2020-02-22 16:33:42.998149,2020-02-22 16:33:42.998149
93e1495f-6d5f-49fb-94c8-e22d3f2b4a3a,6fddef61-0b41-4ca2-a0da-8c2fa9220b9a,completes 10/16 version,2020-02-22 16:33:43.713439,2020-02-22 16:33:43.713439
ef6ff77d-012b-4f10-8c4f-88c1ef1ed948,b04dbf5d-23ec-4614-9067-33b1ee4a6805,unfinished,2020-02-22 16:33:44.018547,2020-02-22 16:33:44.018547
2f9d0f0b-a982-4dee-8606-a5952551b895,abe78070-6651-44c7-9d28-15fe58726349,with ‘On Time’ ending teases (FTP 10/10/09),2024-08-07 19:30:44.895654,2024-08-07 19:30:44.895654
4e172792-c6f2-42d9-848a-61a2026e3862,921b8baa-b53c-4294-a91a-350a92462c56,unfinished,2020-05-19 18:31:13.213073,2020-05-19 18:31:13.213073
b2a94890-132c-46dd-bac3-79dd51feb53b,2a93ca69-413c-47ee-bd63-d92ad7436d71,unfinished,2020-05-19 18:36:44.745431,2020-05-19 18:36:44.745431
b9e2e3dd-975d-4437-abc0-0c4c98c77fc8,b49a4a83-9aae-4f37-b34e-3db67b4ff6c6,with Jamie Shields (The New Deal) on keyboards,2024-08-07 19:33:33.147452,2024-08-07 19:33:33.147452
6fa0c317-d958-44cd-8e8b-739334355c30,9866fa90-64b0-4297-bc58-aef275f478f4,completes 10/16 version,2020-02-22 16:33:45.305868,2020-02-22 16:33:45.305868
a098d2f7-8e6d-445c-95ef-05ab04090bc3,ba6a4df5-5495-455a-a4c5-251e6e61c244,unfinished,2020-02-22 16:33:45.440203,2020-02-22 16:33:45.440203
4845ea68-5e99-45fc-99ba-a4d9bf9f245d,5d0c7403-45e3-4903-a413-53a303829a83,dyslexic completion of 4/2/24 version,2024-11-26 10:10:08.062544,2024-11-26 10:10:08.062544
c1e75b3f-78ac-45c4-8aca-6eafcb7283cb,2fd6ffe3-c23a-47d8-81e5-511243ea9c57,dyslexic completion of 3/30/24 version; with ‘Rock Lobster’ (B-52’s) samples,2024-11-26 10:10:54.351074,2024-11-26 10:10:54.351074
5cb915d1-267e-4d3b-962b-a05c19f2e3b7,7f4ae0d9-d55a-418f-9138-ef2d4f9231e0,unfinished,2020-02-22 16:33:46.659499,2020-02-22 16:33:46.659499
bc1a127a-5a6e-4214-8bfd-6a80d88d76b5,5ec5e40f-8db2-4389-b308-f84d93fbbd27,LTP 10/24/23 (72 shows),2024-11-26 16:24:49.439651,2024-11-26 16:24:49.439651
56d78753-5a8b-45d2-b33d-07c587a7bcb0,5ec5e40f-8db2-4389-b308-f84d93fbbd27,with ‘No Rain’ (Blind Melon) teases,2024-11-26 16:24:49.479603,2024-11-26 16:24:49.479603
9c69b3bb-c535-4484-8005-d6a732e6be6c,4a518911-c809-4d00-aebc-ca906c4b1d02,LTP 3/7/24 (59 shows),2024-12-06 23:43:35.803127,2024-12-06 23:43:35.803127
35a6a5cc-3cda-49e1-8131-9bea4bd6b7b8,81af33f6-fb5b-4a62-bb45-2cf9c2581fe5,with Sammy drum solo,2024-12-07 19:57:05.943559,2024-12-07 19:57:05.943559
59f772bd-183f-4db2-852f-01ff73bf45bb,5ca4b38a-b8af-4d96-a39d-b75875b9f0ef,inverted; with 'The Big Happy' fakeout,2024-12-07 19:57:47.419230,2024-12-07 19:57:47.419230
1ce75f26-c202-4b52-a683-ef01e5007d89,e8a04925-c204-4bd4-b583-d745a266d4bc,with ‘Crickets’ tease,2024-12-07 19:57:56.517665,2024-12-07 19:57:56.517665
db594f4f-0e03-4f9b-a7de-f0bfd099ad07,60ed64a2-d341-4dc4-9d79-e5d7ff160a68,with 'Radiator' fakeout,2024-12-07 19:58:48.693567,2024-12-07 19:58:48.693567
7b03974d-920e-4b15-bf4f-a1772a793db6,0cf19892-395f-403f-854c-88aba81dc3e7,with 'Munchkin Invasion' tease,2024-12-07 19:59:16.477695,2024-12-07 19:59:16.477695
8b34ef40-5a0e-4e4f-b474-6d2d7bcecb05,8a442f10-1c47-4a57-bf12-4a968a181e49,"dyslexic (ending first, then beginning)",2024-12-07 20:00:15.643200,2024-12-07 20:00:15.643200
bb4bccfc-074a-44a7-8990-93cbf027b17c,d6f519d3-b720-45dc-b7dd-bd2340942f33,with 'Relax' (Frankie Goes To Hollywood) tease,2024-12-07 20:13:28.451504,2024-12-07 20:13:28.451504
4f5e8c4e-2053-4aa6-8035-0e57f4d352b7,02b268c2-8784-4fae-bf0f-f7a4cffd07f9,with John Whooley (Estradasphere) on saxophone,2024-08-07 03:13:34.391032,2024-08-07 03:13:34.391032
54db5c0a-00fe-482a-809d-a2669dfddb08,e72b40ff-5b9b-4302-831b-2fc972682e80,with ‘42’ tease,2024-08-07 03:14:20.666953,2024-08-07 03:14:20.666953
080cf060-4fa1-4e05-bf33-ff4e9f7c5ff3,f2193082-66c1-4b46-84c8-e2407a347421,unfinished,2020-02-22 16:33:55.626351,2020-02-22 16:33:55.626351
95ce39c7-0aee-4787-872a-939713964b71,43092f6c-c338-4716-aa87-7e7c1a169ff4,unfinished,2020-02-22 16:33:55.868412,2020-02-22 16:33:55.868412
3e5f8926-8deb-4479-9bcc-87ed400ad0f6,4aa4f76b-a2e1-464e-8c99-efffde2ede46,"with Carey, Liz and Cat on vocals",2024-11-14 04:35:30.756365,2024-11-14 04:35:30.756365
4977ab5d-05a9-47db-8ce5-1387174b6d91,0e30b3be-e003-4e47-92b8-d7674eaf3d96,"with Carey, Liz and Cat on vocals",2024-11-14 04:35:38.648361,2024-11-14 04:35:38.648361
eabbb713-7767-42c0-9f11-f38a88db6059,20909f56-68a1-441e-a288-928e40a1fb26,with 'The Overture' teases,2024-11-14 04:37:00.442871,2024-11-14 04:37:00.442871
10efa28b-ee00-40ee-9183-a141c10aca9c,d3d97c79-bad5-45b8-884a-aaa0e9a9c021,Completes 11/4 version.,2020-02-22 16:34:04.122328,2020-02-22 16:34:04.122328
d072e908-fd10-4b5b-93a6-823727337ca3,b291029e-abcd-4ebe-b816-eede1e860b75,unfinished,2020-02-22 16:34:05.029138,2020-02-22 16:34:05.029138
8012961a-e94d-4fda-97d2-a892bd662bf3,01c082bc-ed53-431a-a636-5a5ef4dcedf4,dyslexic version,2024-06-17 18:21:36.982164,2024-06-17 18:21:36.982164
7d0e1acc-ebc0-437f-b2ca-e13a87c8e259,951b7ae6-9d2a-413a-a223-aaa2d70efa5a,unfinished,2020-02-22 16:34:05.737814,2020-02-22 16:34:05.737814
25040906-72a1-4b90-be89-9f6f1ab2ffee,637a442a-fd78-4da1-bcb3-04a5f5baffbc,inverted,2020-02-22 16:34:05.942481,2020-02-22 16:34:05.942481
18507723-e059-45c3-b4bb-c789eda78111,c8bf0e0f-025b-4791-ae0e-1ba6e042f21e,with 'The Raven' tease,2020-02-22 16:34:06.054752,2020-02-22 16:34:06.054752
0d459f6f-6dad-4225-83f8-d516ab1b25ca,8fa6a3db-825b-490d-9407-eb2c6bb3cbef,inverted,2020-02-22 16:34:06.354833,2020-02-22 16:34:06.354833
67fdad58-b3ef-43f3-860e-400d42be17f5,f9d328f1-09a7-4363-a333-e773cb6dda9b,with Mike Dillon of Les Claypool's Flying Frog Brigade on percussion,2024-06-17 18:22:00.346261,2024-06-17 18:22:00.346261
c7a2b1e5-0ea3-46fb-87aa-53be9f2fbf50,12015487-4258-4042-a050-291fab3c701f,Completes 11/7 version.,2020-02-22 16:34:07.374518,2020-02-22 16:34:07.374518
1b132b6f-5968-4c2a-a4f2-817dbeb21ef5,df6c3cad-8343-4b13-9e00-01e0b2606a95,inverted,2020-02-22 16:33:40.885849,2020-02-22 16:33:40.885849
78986382-d7ad-436b-99b7-2e41b42d2ccd,82637dbf-5baa-4aff-acea-15d67dcb8d13,inverted,2020-02-22 16:33:40.946403,2020-02-22 16:33:40.946403
a14c1a58-6957-40f1-8fa9-728f62ac4fd5,7cd08ead-3e98-4bf4-bc8a-c574fee449c3,inverted,2020-02-22 16:33:42.357539,2020-02-22 16:33:42.357539
e8be1ef7-be03-4d15-8ad0-0d03d24b0900,87b7dbdf-7f61-43d2-8dcd-b150e755908a,LTP 2/1/19 (153 shows),2023-04-13 17:42:00.563947,2023-04-13 17:42:00.563947
db65a046-eda0-4ecf-801b-a75cf4135eeb,68069a03-b64d-48d4-9ace-26fab2aa98ba,inverted,2020-02-22 16:33:47.038163,2020-02-22 16:33:47.038163
49047854-0094-4762-9821-3dedc58cb20d,25ea5590-0626-435b-b849-0d527a54f32a,inverted,2023-04-13 17:42:33.458458,2023-04-13 17:42:33.458458
19028080-69f1-46bf-97b3-bfae63de3e10,4dc912ba-685c-4e20-8b4e-1ca279604916,Completes 1/18 version.,2020-05-11 01:13:18.097384,2020-05-11 01:13:18.097384
1606b029-c460-415f-9421-259ad91435a3,d5789c44-2cf0-4017-a577-511ca5297796,unfinished,2020-05-19 18:32:47.904243,2020-05-19 18:32:47.904243
cbc8fe16-38f7-4017-b3af-9c75e74c4e8b,ff2fd1df-bc9f-4aee-a111-7627437c6fbf,unfinished,2020-02-22 16:34:13.012791,2020-02-22 16:34:13.012791
42a645e0-1796-4487-986c-25d527d31d4e,38bf6466-c78e-4112-8fb3-b28af8822477,unfinished,2020-02-22 16:34:13.195645,2020-02-22 16:34:13.195645
18503b0f-73f2-4645-9576-4eba4ce5aa86,be0689d9-17af-41af-9f90-59568f0b67bc,with Mike Dillon of Les Claypool's Flying Frog Brigade on percussion,2024-06-17 18:22:09.297542,2024-06-17 18:22:09.297542
0439ff4e-2fe4-401e-9db0-4a9bcb786222,a42ae587-e632-4a19-87aa-e534e10e951c,unfinished,2020-05-19 18:36:06.760212,2020-05-19 18:36:06.760212
031cde1d-3a25-4944-afbb-73e78627fd78,53d788e1-4149-47a5-a054-f89d9164369d,unfinished,2020-02-22 16:34:14.278122,2020-02-22 16:34:14.278122
91eca114-d365-4651-8baa-3d91c8653d84,ccb10139-ed7a-436c-9c29-de2aec9474d6,inverted,2020-02-22 16:34:14.534010,2020-02-22 16:34:14.534010
492d8733-8464-4680-8321-360f2c6cc171,9bed0ec0-51d5-46ee-bd0f-6d0164993df5,unfinished,2020-05-19 18:39:23.208465,2020-05-19 18:39:23.208465
579410bd-2668-4431-9b3b-fdb8969330fe,2defe9f8-3913-42c5-9cd6-0a1bf610a2dd,unfinished,2020-05-19 18:40:12.866436,2020-05-19 18:40:12.866436
efc87568-341d-43e2-8025-a4550e5369dd,6fd1135a-bf55-4edc-93f7-c8eab84ac721,unfinished,2020-02-22 16:34:15.285912,2020-02-22 16:34:15.285912
7d5019b1-901f-495b-8c14-16d8ed35beca,f26a1ecb-0c1b-400e-9562-4ff55ea87752,Completes 12/29 version.,2020-02-22 16:34:15.962372,2020-02-22 16:34:15.962372
7ae274e4-37b2-4f54-a7d1-afdebf498105,2b4f7a5c-0f12-4c62-bcf8-b8bc8e50f53b,With 'Never Trust A Woman' (Brent Mydland) vocals.,2020-02-22 16:34:16.682399,2020-02-22 16:34:16.682399
efb7d88a-a68d-4821-969e-b69d334cd22f,a4b9758d-a24d-4e8d-abee-8f19f5fd0dfd,Completes 12/30 version.,2020-02-22 16:34:16.768203,2020-02-22 16:34:16.768203
4f4063b2-3521-4558-8fbc-719e013c0d2b,6874c365-2b38-44eb-98d8-514d79633b9c,unfinished,2020-02-22 16:34:16.903706,2020-02-22 16:34:16.903706
6521fb28-60f8-4e73-87ed-322994e931a7,6443e9ec-1729-4d13-ab0f-2a57a7795a7a,unfinished,2020-02-22 16:34:17.250446,2020-02-22 16:34:17.250446
809bca5b-289a-43b6-acd1-44a443b48747,b5cb87df-a335-4076-9d5e-04b642f04838,unfinished,2023-07-12 05:21:52.039366,2023-07-12 05:21:52.039366
c005f1bc-5995-4a1f-b4fe-af0349282422,83424e5a-ce77-4067-b487-c0451504945f,Excerpt only. Part of 'History of the Disco Biscuits'.,2020-02-22 16:34:17.366627,2020-02-22 16:34:17.366627
a75dda0d-4a90-4ecc-b26b-91c3b807d1c4,df7332e5-5378-432d-a878-63999ebe0307,Excerpt only. Part of 'History of the Disco Biscuits'.,2020-02-22 16:34:17.469992,2020-02-22 16:34:17.469992
915f6f80-21f2-4fbe-8bdd-5e236f69f95f,91dc2bea-1f34-49c9-9f8f-61e6ea162625,Excerpt only. Part of 'History of the Disco Biscuits'.,2020-02-22 16:34:17.578086,2020-02-22 16:34:17.578086
2ea4c2f5-3bbb-4543-8c17-99354656fbba,a4db7aef-a780-4ae5-9b90-3efad7f4ceb2,Excerpt only. Part of 'History of the Disco Biscuits'.,2020-02-22 16:34:17.654891,2020-02-22 16:34:17.654891
22b51785-5a64-4786-ba20-88f681a7bd9d,5a5bbf9f-f8d6-4ce2-9171-0aa93a41f53e,unfinished,2020-02-22 16:34:18.046047,2020-02-22 16:34:18.046047
029ce517-83a2-41ed-9507-ddca90ffb7c6,0a57797e-0fbc-44ef-a96d-e38bafdf8067,with 'Hope' tease,2024-08-07 03:14:34.401503,2024-08-07 03:14:34.401503
1f7ff747-3ee5-4996-a27c-00bca7d7f074,18218c8d-38b4-4b49-a4d1-f8ccc7e3ffd7,Completes 12/29 version.,2020-02-22 16:34:18.278454,2020-02-22 16:34:18.278454
48eaced6-481c-40fe-b2ae-f07d7bbe3f35,f3d2bfc5-de81-4c8f-a981-31b91a5a3812,With 'Shem-Rah Boo' tease.,2020-02-22 16:34:18.370021,2020-02-22 16:34:18.370021
2e50104f-2117-4d24-826e-996348895119,15d0c9c9-538d-4c8d-b655-18dbcf06063e,with Warren Haynes (guitar),2024-08-07 19:28:07.394974,2024-08-07 19:28:07.394974
462a8285-99f7-45f3-8b82-8e4c3d218c3d,470e27a2-1a3d-4326-bb5d-e5514f18de84,"Dyslexic version (ending first, then beginning).",2020-02-22 16:34:21.719227,2020-02-22 16:34:21.719227
fbc3fce5-ff36-411f-97b0-5c884d947d22,a83a326a-54c7-4bd7-8709-b90b673a710b,With 'Mindless Dribble' tease.,2020-02-22 16:34:27.460079,2020-02-22 16:34:27.460079
eed6a249-c1f3-4685-86f7-807e854f52fb,ab3690dc-5377-4af3-b0f7-14bd818d5513,With 'The Very Moon' tease.,2020-02-22 16:34:28.083031,2020-02-22 16:34:28.083031
15aef9ab-f6b8-482c-a6e9-34918c256f00,0b7212fb-6180-4fc9-8062-56e5337b4b3a,Song preceded by interview.,2020-02-22 16:34:28.533787,2020-02-22 16:34:28.533787
e6d10677-29a9-46a4-84fd-da65a4ba5273,47a3580b-f468-428b-84c0-afc83e0dac3a,Song preceded by interview.,2020-02-22 16:34:28.671499,2020-02-22 16:34:28.671499
ce700838-2107-40c3-b2f6-8c22e91ea81f,35fc3e73-25e4-49f0-8ece-2476fa5b1c58,inverted,2020-02-22 16:34:10.188537,2020-02-22 16:34:10.188537
b585a7b6-2cfa-4b51-9009-a35375fb8bd9,2ab2d421-82ba-469e-8f0b-25fcb1253772,inverted,2020-02-22 16:34:11.292658,2020-02-22 16:34:11.292658
6e0b8fea-4805-45f2-b7c0-d715def1a2f8,ff7af7b4-ca14-461f-8ed0-47682e473b1a,inverted,2020-02-22 16:34:11.371014,2020-02-22 16:34:11.371014
c729cb3d-ba80-439a-a6d5-1025e6696ac7,1fa535b0-c59c-4ebf-91d5-bb3836764761,inverted,2020-02-22 16:34:11.678385,2020-02-22 16:34:11.678385
6a232093-b8c7-481d-8517-1a68d87e1127,437337c4-9a3d-4c0e-8a71-f27872fc1dbe,inverted,2020-02-22 16:34:19.582443,2020-02-22 16:34:19.582443
dedc9277-0a64-4d04-967d-7325b1efea77,c504c3c2-8008-4d8d-abcd-2722f837f682,inverted,2020-02-22 16:34:21.556667,2020-02-22 16:34:21.556667
2a747079-e1bf-48a3-bc0c-08e2361b70af,38202e6b-1c78-4aad-9269-a291f640268d,inverted,2020-02-22 16:34:24.980266,2020-02-22 16:34:24.980266
09ff4eec-909d-4e6c-abad-14709927a402,55e16a6f-69b1-4d18-a0c8-17b599b6fd35,Song preceded by interview.,2020-02-22 16:34:28.744647,2020-02-22 16:34:28.744647
4daf8ec5-e946-4b0f-9f50-3991de39639c,4c64f2ee-8858-4f8c-9f98-cece17ac1c93,Song preceded by interview.,2020-02-22 16:34:28.814081,2020-02-22 16:34:28.814081
a8a47a41-ded4-4451-8021-1b755c5923df,4c64f2ee-8858-4f8c-9f98-cece17ac1c93,Version from 'Uncivilized Area'.,2020-02-22 16:34:28.841324,2020-02-22 16:34:28.841324
f2b92c98-fcf6-4219-9c06-ce095ab5d623,4a576edf-21f6-42d8-b591-02672ea4bac8,Unfinished.  The band stopped at the start of the ending vocal section because the power was about to get pulled.,2020-02-22 16:34:30.409684,2020-02-22 16:34:30.409684
b695f330-b9d0-48a9-835c-86985727b289,0c0cf207-bac3-435e-8523-5ca47a23ff06,with ‘Rock Candy’ ending fake out,2024-08-10 16:33:19.692157,2024-08-10 16:33:19.692157
e7b48518-2c80-4c94-9540-b6a9d8cd58b7,0ce74af9-26d6-4b32-898c-c69110bcebee,with ‘Femininomenon’ (Chappell Roan) samples,2024-08-12 17:47:16.357709,2024-08-12 17:47:16.357709
accf20da-d3d9-4c55-b529-767cf49e66fc,3100e856-d8e5-49dd-b872-432076497ad0,with ‘DMT’ (Shpongle) samples,2024-08-12 17:47:56.750984,2024-08-12 17:47:56.750984
868ff328-ba07-494c-aec8-885c179928b7,f774a796-0fe9-416a-96cf-4f942c802d2f,with ‘Miracles’ fakeout ,2024-08-13 22:02:52.386588,2024-08-13 22:02:52.386588
821ee4e0-c18b-41df-896b-7843b026b556,416755a0-b4ab-4e35-987d-b91b8360257a,middle section only,2024-08-17 07:05:28.940565,2024-08-17 07:05:28.940565
9c09677c-4f68-46c3-9a25-be366cca5b06,f04edbab-3dae-4d79-a3b3-611bf4f1862b,ending only,2024-08-17 07:05:38.937176,2024-08-17 07:05:38.937176
1f9fb297-39a9-44a3-ac30-b3ea702696cc,8158257d-b738-4428-b4d0-e5006a87c2f5,"dyslexic version (ending first, then beginning)",2024-08-17 07:05:54.742267,2024-08-17 07:05:54.742267
1ef2e96d-5262-48c6-a361-5f80184d90db,3a0ca0fb-8ded-4678-a2e4-1df4fdc78cc9,"dyslexic version (ending first, then beginning)",2024-08-17 07:06:04.745906,2024-08-17 07:06:04.745906
3fd1472f-4537-4e0c-bcf0-43ded442e7e9,b4e1f092-0ad8-4854-83e5-c267147fdcc1,inverted,2024-08-20 14:58:22.187030,2024-08-20 14:58:22.187030
c27548f8-8dd1-450a-9ff2-a8d3db4b1f06,b4e1f092-0ad8-4854-83e5-c267147fdcc1,Last Time Inverted 8/15/03 (140 shows),2024-08-20 14:58:22.202113,2024-08-20 14:58:22.202113
9e7838f1-1520-4b2e-ade8-e7d582fd8a46,20909f56-68a1-441e-a288-928e40a1fb26,with 'Superman' theme (John Williams) teases,2024-11-14 04:37:00.466970,2024-11-14 04:37:00.466970
504fd5a7-4ecd-4bf8-a636-cd305388cbb8,ed07074d-77c5-4353-937e-135ea824db72,with 'Shem-Rah Boo' tease,2024-11-14 04:37:18.523080,2024-11-14 04:37:18.523080
10343f38-9d21-4539-b28c-f61f026a972e,ed07074d-77c5-4353-937e-135ea824db72,inverted,2024-11-14 04:37:18.570107,2024-11-14 04:37:18.570107
938ed080-d4cf-4206-8071-c8af02d5e245,1183530a-a7d2-4bfe-aee9-43aec1e0886b,with 'While My Guitar Gently Weep' (The Beatles) tease,2024-11-14 04:37:25.950610,2024-11-14 04:37:25.950610
67672a1d-7b77-42af-982b-40dbfc55b6f9,0f5cf4dc-5d16-46d4-b3b6-6e6caac2d6b2,1st time inverted,2024-11-14 04:37:38.393991,2024-11-14 04:37:38.393991
a0fe57f5-abfd-4a65-ae9b-98d4b30d5809,063b0c11-c22e-470b-acec-1b0899bdee7e,1st time inverted,2023-04-13 17:44:24.796461,2023-04-13 17:44:24.796461
17bcc75a-dfdd-429d-bb5f-174397552cac,2a8a09c4-0629-424b-a3a6-4d2e4fb835e6,inverted,2023-08-09 17:41:39.580320,2023-08-09 17:41:39.580320
41537709-c9a3-4ede-a6a2-80649de4e863,81c808af-1818-48b5-a2ed-cf7713b01302,Segued out of Mauricio's set.  With DJ Mauricio on Roland MC-505.,2020-02-22 16:34:31.744500,2020-02-22 16:34:31.744500
9ba90d58-764e-464d-892f-d4501363a880,92bb9e62-4343-4147-aea6-3c3f301e2fa8,With 'We want the dub' chant.,2020-02-22 16:34:31.806018,2020-02-22 16:34:31.806018
17a1ba92-59da-47cf-bdd7-850beca8de51,535776b7-926a-4627-845b-25bc5c9acc52,Reggae version.,2020-02-22 16:34:31.917374,2020-02-22 16:34:31.917374
e4badb86-cd20-4a8e-ad9a-325bd1d10af4,08cbd95a-0548-4fa4-971a-9d41d47c70fa,With 'Spinning Wheel' tease.,2020-02-22 16:34:32.143617,2020-02-22 16:34:32.143617
caa04018-9e54-4c01-8484-776f11c96a16,0f5cf4dc-5d16-46d4-b3b6-6e6caac2d6b2,with 'Vassillios' tease,2024-11-14 04:37:38.451586,2024-11-14 04:37:38.451586
88ac9d8a-f322-4bc9-a54a-717331f0ba72,5c547423-a4be-42f4-ab66-38a88eb614f6,with ‘Funkytown’ (Lipps Inc.) teases,2024-11-23 14:32:41.994271,2024-11-23 14:32:41.994271
99b014b1-1221-4a8f-a034-1f7433ee175f,034e5545-dc9a-4e42-be8d-feb1d00cee0e,"Dyslexic version (ending first, then beginning). ",2020-02-22 16:34:34.193516,2020-02-22 16:34:34.193516
365fc652-c2b4-4c56-8913-804972a7844a,ca55a25e-785a-4e0c-a46e-0dd7d2382c58,with 'Bazaar Escape' tease,2024-08-07 03:23:54.429798,2024-08-07 03:23:54.429798
143b4d25-b59c-4a3d-bf9d-de022d58c089,a01f5b4f-6262-41a4-a311-2461c00ab878,unfinished,2020-05-19 18:41:32.245631,2020-05-19 18:41:32.245631
a1ca3822-379a-4d4b-a448-5fde3630ac16,64833746-d0fe-4516-a9d8-3c28f8843df8,Second verse only.,2020-02-22 16:34:35.801848,2020-02-22 16:34:35.801848
ddd9825d-6506-4c41-9163-8103d6c02e3e,b6c748fa-865a-41ad-b4fb-9ff1a0e34253,unfinished,2020-05-19 18:42:33.058749,2020-05-19 18:42:33.058749
80334ccd-c1e7-483d-89e0-09b75816d12a,088b28b0-6ac7-44dc-9f1f-75a0a6003a3e,unfinished,2020-05-19 18:43:22.863575,2020-05-19 18:43:22.863575
6343d1cf-37e8-449b-8f49-91f5aaeaa025,16d261f6-240f-4282-b602-148193e737b7,unfinished,2020-05-19 18:46:49.727359,2020-05-19 18:46:49.727359
6894dbf2-e29d-4473-955b-9d08f3616263,b1f4b1f2-7265-44e2-9a4a-7a576dfcfd0b,unfinished ,2023-10-29 19:56:19.685871,2023-10-29 19:56:19.685871
0ca7cbd0-6dc2-4eb7-9398-45f6cd0a7952,0448973a-521a-4c67-aea4-de56401ef73f,dyslexic,2020-05-24 22:13:43.576307,2020-05-24 22:13:43.576307
67917faa-1acb-4c3c-87ae-e1940c8aa6ea,0553c7ff-e446-4026-b943-a9b8e175031b,dyslexic,2020-05-24 22:14:41.885815,2020-05-24 22:14:41.885815
09016c75-552f-4361-b4fc-7bf4ca728ee2,b75824e8-9528-4069-8961-2fd020ed72ef,with 'Voices Insane' intro fakeout,2024-08-07 03:24:04.651581,2024-08-07 03:24:04.651581
5cbf63cc-b0e3-47d4-862e-6723caccdd3c,7146f702-7fba-48ef-a553-e65788d83657,unfinished,2020-05-24 22:15:16.944010,2020-05-24 22:15:16.944010
ccac2570-766b-40b6-b08e-5a62f99bc8c4,210400bb-3d97-4bc8-95c0-2512fe96e7fa,inverted,2024-03-17 17:10:55.554111,2024-03-17 17:10:55.554111
161a54eb-b6a3-49a6-9d5a-62e391ec0ee2,2631d7ba-9159-49c0-8ca5-41e26745dce7,unfinished,2020-05-24 22:15:27.827856,2020-05-24 22:15:27.827856
4d6b7e27-d264-4f13-b9c2-8f8e1184c41c,45f2a409-502a-4be3-91b5-873dc4d966b4,With 'I-Man' tease.,2020-05-26 03:00:46.526676,2020-05-26 03:00:46.526676
3c5edc86-ed9e-40ab-8adc-763859d35903,d33073fc-d47f-4a46-b631-ca5fb5b27c07,unfinished,2020-05-31 03:46:03.263924,2020-05-31 03:46:03.263924
5afcc9cc-bb69-47f2-9124-5673f83def9a,1c634717-e118-4435-b443-ce6abd86f3f6,unfinished,2020-05-31 03:46:10.241394,2020-05-31 03:46:10.241394
eb40ddba-fa71-4774-960f-e915b7e751e3,7600de0c-903b-4171-8349-d473f56e1fad,unfinished,2020-06-23 01:51:41.850786,2020-06-23 01:51:41.850786
56091803-f996-4a3e-aac3-35029126a21a,4a57ef5f-8504-4b02-ae77-aa4a9af3773f,unfinished,2021-09-18 06:50:01.281031,2021-09-18 06:50:01.281031
c8cbeaad-5cb7-4ec4-8893-46726222091f,08fcb52c-7b3e-47b7-9631-691c16602af6,unfinished,2021-09-18 06:50:04.843247,2021-09-18 06:50:04.843247
1b751a69-33a0-461a-a566-4dbc43c3ce13,a921525a-8926-4573-aa47-b64b0172d8d2,unfinished,2021-09-19 04:04:10.896493,2021-09-19 04:04:10.896493
c6522081-8d9f-4ab7-ab4f-1c6c53179243,78f659b2-d766-47d9-97b7-9d14940f52cc,middle section only,2024-08-07 03:24:17.670271,2024-08-07 03:24:17.670271
5a0add2b-1bdd-4d61-81ef-359050a3c2a8,1c3aa81b-9385-4527-bf3a-a730c9c97d9d,with Mike Dillon of Les Claypool's Flying Frog Brigade on percussion,2024-06-17 18:22:44.501242,2024-06-17 18:22:44.501242
0680a117-8cfc-427d-82ca-66fe362a83ee,1c3aa81b-9385-4527-bf3a-a730c9c97d9d,with Stanton Moore of Galactic on drums,2024-06-17 18:22:44.516875,2024-06-17 18:22:44.516875
f54eb87f-2980-46d8-b36d-3d0cc659e28a,038ceb6c-80ef-41be-a32c-75c48cafd643,inverted,2020-02-22 16:34:33.957004,2020-02-22 16:34:33.957004
0aec5eac-0c61-4d98-99fc-736e225b5ad4,f1909feb-6087-4488-bceb-8895352eb2d0,1st time inverted,2023-06-18 22:19:08.622038,2023-06-18 22:19:08.622038
3dac08a5-f865-4394-aaa7-803ab6692dd8,13f69d0d-bc2c-499a-b4b0-0abfc9ab07ce,inverted,2020-02-22 16:34:36.842540,2020-02-22 16:34:36.842540
f48ac655-60cf-4634-973a-44991244bb01,65a96e93-bb2d-4baa-a821-084707f491f5,inverted,2020-02-22 16:34:39.793909,2020-02-22 16:34:39.793909
4f654485-b16e-4a58-8d31-3da43c855843,f2c73bd2-e91f-4f18-870f-b3d3edbf3ffe,inverted,2020-02-22 16:34:41.706609,2020-02-22 16:34:41.706609
1c9ffb3f-e7ed-4599-b41a-27b45961302c,9e7c59b0-5509-46d7-abcf-7551148e05cd,inverted,2020-02-22 16:34:42.042002,2020-02-22 16:34:42.042002
ce3203bf-e778-4188-a8ca-77e94a3d8712,ca0df944-fe0c-4e0f-ac46-538efdc28ce0,inverted,2020-02-22 16:34:44.436465,2020-02-22 16:34:44.436465
ea8be3a4-8fa6-46d2-90bd-7ad675886b07,2743bc21-69ad-45de-bdfe-87364e09c06d,inverted,2020-02-22 16:34:46.400252,2020-02-22 16:34:46.400252
c3b1da8d-90c2-4442-8561-7a0c3653f58b,2ff47053-d7ae-41aa-8ab3-663cc668c156,FTP (Martha & The Vandellas),2023-04-16 22:38:11.615113,2023-04-16 22:38:11.615113
fdd0faee-a191-4b9e-abcc-33e7a154bff4,0a1a4fc3-0c8c-47cc-b06b-71e6e9f617ff,with 'On Time' samples (FTP 10/10/09),2024-08-07 19:30:02.544875,2024-08-07 19:30:02.544875
586e5b7e-b072-4c18-89c4-23954b13ee9e,a4b71acf-2770-4746-86b4-c66503cd6041,with 'Where the Streets Have No Name' (U2) tease,2020-05-12 02:52:03.011331,2020-05-12 02:52:03.011331
9545f853-a213-4050-867e-ef2ac35ccb7e,33011579-cbf9-4fc0-98d9-ecc6ff650936,Reworked version (from the 05/28/03 Perfume show).,2020-02-22 16:35:00.860056,2020-02-22 16:35:00.860056
e7800f91-4eda-4e34-9507-d178ab428356,a1662900-09e7-47bd-a733-93030bd2e11b,Dyslexic completion of 7/26 version.,2020-02-22 16:35:01.114863,2020-02-22 16:35:01.114863
a69aea67-801f-4bdb-9c9a-37622e49a2cc,a056ee9a-0501-489d-834b-734d510dd0fd,"ending only, completes 8/30 & 8/31 versions",2024-08-09 01:59:37.463158,2024-08-09 01:59:37.463158
f56a2af8-a6c7-4129-aefc-ba1247cf19fd,fae30f88-cd8c-49aa-9b7b-2454db37d758,unfinished,2024-08-09 02:21:14.569099,2024-08-09 02:21:14.569099
e0f34b85-fc63-48d5-9fba-483bb0060d47,fae30f88-cd8c-49aa-9b7b-2454db37d758,with ‘And The Ladies…’ ending fakeout,2024-08-09 02:21:14.623688,2024-08-09 02:21:14.623688
20d41468-11ba-4fd0-87fc-4ff10a7ec5f4,9eda6af9-b3b3-4a12-9c3f-2e0023e1e47f,unfinished,2024-08-10 16:40:08.453183,2024-08-10 16:40:08.453183
5023c50e-f4cd-4257-87f7-aac309f87a4c,4c0a290d-d885-47d7-bafe-e348148d0af5,unfinished,2024-08-10 16:40:19.575445,2024-08-10 16:40:19.575445
84b9285e-f755-4062-8dea-f3f448fb9c63,a60ae3a3-d44b-40cc-8564-21715ce25b7b,unfinished,2024-08-10 16:40:38.445040,2024-08-10 16:40:38.445040
73d558ba-fb3b-44a5-9139-95e18afeb0c9,f3acf6cc-6431-4abc-83e3-a831ac2d87eb,with ‘Kamaole Sands’ tease,2024-08-10 16:52:26.431897,2024-08-10 16:52:26.431897
578f7c58-c6d7-4717-8ccf-90ee7b7984a1,8f6519c2-fd70-4114-967c-7c47bf1d38ea,with ‘Basis For A Day’ tease,2024-08-10 16:52:50.469996,2024-08-10 16:52:50.469996
fc5e0dc6-8455-4cf0-a287-6e051b90eb2f,6af1697d-c592-4fa7-9b92-726fb3a393fd,with ‘Crickets’ teases,2024-08-10 16:54:07.501576,2024-08-10 16:54:07.501576
aec1ef27-50bd-41e0-9640-63b1115931bf,7e5862a1-5283-4d19-99f8-f65909a15d12,with ‘Murder She Wrote’ (Chaka Demus & Pliers) samples ,2024-08-12 18:12:43.700887,2024-08-12 18:12:43.700887
4796818c-8db5-470a-adc6-453f2f036e5d,7e5862a1-5283-4d19-99f8-f65909a15d12,with ‘Commercial Amen’ (Conspirator) jam,2024-08-12 18:12:43.734896,2024-08-12 18:12:43.734896
edede9a1-417d-4300-a099-8d76b9ba17e0,d6847dec-7c97-49fa-b907-c422397a20f6,completes 4/23 version,2024-08-17 07:07:27.310266,2024-08-17 07:07:27.310266
d406de6e-2a26-4916-97a2-f4893d0f4405,a17fb61b-1e92-4560-b64d-215cd45b2b28,dyslexic completion of 4/23 version,2024-08-17 07:07:36.205166,2024-08-17 07:07:36.205166
d1ef9a7e-7ee9-4734-bc6b-4c8fc852dfe3,07be88a3-632e-4409-ae05-5198a956ad61,with Dan Bratigan (T.E.R.A.) on trumpet,2024-08-17 07:08:23.061867,2024-08-17 07:08:23.061867
72e1ddd5-0d2e-47d4-b31d-b20642a841a5,bc06b502-07bc-464f-87da-9f09016772f1,preceded by ‘Confrontation’ end fake-out,2024-08-17 07:09:27.408666,2024-08-17 07:09:27.408666
85249158-910c-4e42-ac1c-26fad7b6008f,934139ef-a960-4788-be1d-602f42639f9a,with Joe Stapleton on guitar,2024-08-17 07:10:30.712041,2024-08-17 07:10:30.712041
31016cc9-ca1f-4292-baea-58ed1266503a,c57a9743-4d15-4df6-bde1-9fac01840a03,preceded by ‘Crystal Ball’ fake-out,2024-08-17 07:12:24.740558,2024-08-17 07:12:24.740558
206f8117-fb84-4ad1-b412-33c1240de081,898ae877-f15e-4869-9912-bd4205edda54,FTP (Cat Stevens),2024-08-17 07:13:21.304179,2024-08-17 07:13:21.304179
dd5b4360-a990-423c-9875-956195952153,898ae877-f15e-4869-9912-bd4205edda54,Marc and Jon only with Marc on acoustic guitar & Jon on keyboards,2024-08-17 07:13:21.316330,2024-08-17 07:13:21.316330
11d191f8-05aa-43e9-aa34-29615735d455,6b21cb6e-a422-4451-94b9-58a353e6989b,unfinished,2024-08-17 07:13:30.949693,2024-08-17 07:13:30.949693
f63af07d-13a0-430b-b8db-f7d6410062a2,6b21cb6e-a422-4451-94b9-58a353e6989b,dub version,2024-08-17 07:13:30.997115,2024-08-17 07:13:30.997115
fb66f8b3-df49-4408-b8f6-279cabf2a8cb,dba2d4ed-c832-4f97-94e1-f8ed3ae44483,completes 9/28 version,2024-08-17 07:13:40.236208,2024-08-17 07:13:40.236208
6fa320e7-dca8-4567-bca6-9f7280a44be4,affe7cf0-a0e5-4b08-8352-2a6eb3daf73b,middle section only,2024-08-17 07:15:12.998455,2024-08-17 07:15:12.998455
693dbff6-e9c0-477a-aef3-5b571a1b9481,5837b9c0-a583-4b44-ba5d-c7984efd42fc,completes 8/11 version,2024-08-17 07:15:59.585303,2024-08-17 07:15:59.585303
da7884be-1fc6-4fe1-883c-d3c533357670,f72933ee-abcd-4318-b08e-813ba042a0e3,dub version,2024-08-17 07:16:11.420975,2024-08-17 07:16:11.420975
24a8212c-3d79-44d2-9f7c-388593e3c5a6,0d9620a0-06c1-462a-bca3-6c3bb4f1251c,unfinished,2024-08-20 15:27:00.259873,2024-08-20 15:27:00.259873
0d77f21b-2eb3-4201-94b6-b3c6ecb08656,0a6276bb-aaac-49a6-b33e-da2342fb5cec,with Mike Dillon of Les Claypool's Flying Frog Brigade on percussion,2024-06-17 18:23:02.155401,2024-06-17 18:23:02.155401
dee122fb-1239-434b-8c28-d9f6c296e37b,f0817134-1011-49cb-b06c-f2408cbd4119,unfinished,2020-02-22 16:35:01.606328,2020-02-22 16:35:01.606328
5b520be7-4ce5-4cb0-9046-7c9259971027,04316062-957b-48af-82f9-0119fde6630b,unfinished,2020-02-22 16:35:02.557713,2020-02-22 16:35:02.557713
9172572c-560c-41d8-9f59-556414f90ebd,e1afe62d-bcd3-4264-b18e-c84bdb8caefe,LTP 3/12/22 (108 shows),2023-10-30 09:22:51.770966,2023-10-30 09:22:51.770966
a7ed05fa-5959-4ff1-a312-b6ab9dba980c,10cb6e22-3b23-49e1-823d-17ccec1473a3,unfinished,2020-02-22 16:35:03.334278,2020-02-22 16:35:03.334278
12050bde-84e1-4b04-ad8b-bf957621ae01,080337ed-b31c-4a95-a329-bb87df9abde0,completes 8/8 version,2020-02-22 16:35:03.382239,2020-02-22 16:35:03.382239
e99263be-2ad5-47f7-ab62-16aa7a93b55a,0a6276bb-aaac-49a6-b33e-da2342fb5cec,with Jay Lane of Les Claypool's Flying Frog Brigade on drums,2024-06-17 18:23:02.165394,2024-06-17 18:23:02.165394
1259d718-c523-4a07-9339-7989ae5cf3a9,f7cb0f4f-4fed-45c1-99c2-1b92ecccff01,unfinished,2020-05-19 18:50:33.134917,2020-05-19 18:50:33.134917
c8caf235-9c33-47af-8868-0851b0cb7206,e4b252d9-c1d7-4c5a-8091-7fb1eca2b712,ending only,2020-02-22 16:35:04.009701,2020-02-22 16:35:04.009701
0e769b0f-8d57-40d6-90d2-0df1b70748ea,b26e08e5-8d0d-479f-8004-83c40feb29a9,inverted,2023-04-16 22:41:40.613263,2023-04-16 22:41:40.613263
4359bf75-1327-43ee-863a-1cac399dce9f,9b8d4b9c-ccae-4cbf-9e04-3d38e6dd2b6f,With 'Aceetobee' and 'Keep On Movin'' teases.,2020-05-26 03:16:58.333365,2020-05-26 03:16:58.333365
1e3a349a-7bbc-4b5e-8373-8e2faea4fc67,09a866a0-4652-45c4-832f-3051911f0d84,With 'Voices Insane' tease.,2020-05-26 03:21:11.049760,2020-05-26 03:21:11.049760
acc1ad08-d478-4bac-ba51-5e2a46b4ff8d,b80e3fb2-f138-47fb-ac16-c9e2024d8329,with Darren Pujalet of Particle on percussion,2024-06-17 18:23:15.345547,2024-06-17 18:23:15.345547
57f36364-4bae-4d26-bdaa-a0f112aa8303,81097843-2e1c-435c-919c-19a17cee7c0e,with DJ Mauricio ,2024-08-07 03:25:14.532014,2024-08-07 03:25:14.532014
55fa1d37-3a82-4d3d-946a-d8afd6df062b,e8ce606d-fa50-4b97-9c98-d84b2e103638,"dyslexic (ending first, then beginning)",2024-11-25 04:08:43.404237,2024-11-25 04:08:43.404237
7b5fab69-aebc-4fa5-acd4-1e43ed03aff5,28fbbb94-2a9b-41b2-8bcd-d186450491cc,"dyslexic (ending first, then beginning)",2024-11-26 10:08:15.974762,2024-11-26 10:08:15.974762
3186ae25-2adc-4b8d-a365-2bf92dfc51ba,d46674a2-3e87-4d5b-98d6-bd4e1370b075,"unfinished, preceded by Run Like Hell tease",2020-06-23 15:04:56.605098,2020-06-23 15:04:56.605098
34458442-e47e-4769-be97-a1b4550e8ab6,1915fba7-b982-4e7f-87cb-d4a6f513013b,middle only,2020-06-23 15:05:25.857304,2020-06-23 15:05:25.857304
882ddbc7-95a4-4f88-8714-1a368d540656,2cbf2f86-55db-47e1-bc76-584000927dc6,Completes 8/18 version.,2020-02-22 16:35:09.613610,2020-02-22 16:35:09.613610
faf71911-8cd5-49d2-97d6-9a6a54505ac2,751ddd8d-29e9-4939-8c23-61ec08b0bc19,unfinished,2020-02-22 16:35:10.150381,2020-02-22 16:35:10.150381
87a8efab-b471-4861-89a1-9ace5fd68782,66beca12-0468-49aa-b617-0a563a2e596b,"dyslexic (ending first, then beginning)",2024-11-26 10:08:25.310267,2024-11-26 10:08:25.310267
a7449034-a548-47ba-9d31-d4a716a391f1,b8643e1f-d76d-4c7e-8fba-7b17e8344e03,inverted,2024-11-26 18:49:49.601627,2024-11-26 18:49:49.601627
8894ac89-b312-4dcf-b0aa-2da5d7a53efa,c8285d07-57b8-4c97-97d4-1f50f1dbadd9,unfinished,2021-09-18 06:50:11.155641,2021-09-18 06:50:11.155641
045f6459-e2ea-468b-a4b2-ee6458b5b4dd,86b7447b-b1e8-40ee-b061-eeef59d1ac9c,middle section only,2020-02-22 16:35:11.526179,2020-02-22 16:35:11.526179
5b6997cb-b4c4-4037-b442-5fea0147c452,8d26cc02-c0f7-4a05-861b-c4a36a1d53a6,with 'Floes' fakeout,2024-12-07 19:58:25.640591,2024-12-07 19:58:25.640591
78e2f682-ae54-43ee-8278-ffd3360b247d,e0494e9a-118b-46e9-9936-755935e9717f,inverted,2021-09-18 06:50:20.291456,2021-09-18 06:50:20.291456
5c17fea6-0a9d-4325-81c8-cb2d5c4d8854,4b17a795-cd77-436f-b0ee-fc302daca14f,middle only,2021-09-20 00:41:35.269963,2021-09-20 00:41:35.269963
8dbb03a7-44bc-49da-a56e-7eced24b9406,f08bc279-496b-4966-85f2-be5b4118c440,with 'Little Shimmy In A Conga Line' tease,2024-12-07 20:01:37.526075,2024-12-07 20:01:37.526075
82566e52-7f7c-46fb-8394-44af71daa2c6,4c5e77c7-0e35-41eb-a219-76cf3a92b4e6,ending only,2024-12-07 20:01:49.547652,2024-12-07 20:01:49.547652
bd231d2f-eff5-4952-9c05-dcfc6a6cdb22,acc12109-c125-4a3b-b739-ece7d94c3550,with 'Crickets' tease,2024-12-07 20:02:26.439839,2024-12-07 20:02:26.439839
961db915-6040-4587-b14b-0e7b0d66efab,4e75b356-7b44-4b6f-b39f-a155123ae42c,unfinished; with ‘Minions’ teases ,2024-12-09 23:05:22.566183,2024-12-09 23:05:22.566183
8895230d-0f22-4840-b302-8e83ec44639e,d4d8d545-730f-497b-ba1c-b044bf55386c,Renaming tentatively called ‘Sirens Sing’ (per Marc Brownstein),2024-12-15 14:52:04.276506,2024-12-15 14:52:04.276506
1acca672-2b93-45bd-8bed-9c3cef39be4a,f96066d0-2a5b-483a-8563-b8d2ecf25579,with Darren Pujalet of Particle on percussion,2024-06-17 18:23:28.507948,2024-06-17 18:23:28.507948
892ccfd4-01ef-4f61-be8a-aee360aff3b2,c0b7e953-c076-4c8d-8f81-39ae777c4e18,with Darren Pujalet of Particle on percussion,2024-06-17 18:23:38.039362,2024-06-17 18:23:38.039362
fc5c8418-e1b4-4eb1-a2d2-a07351878c8f,b26e08e5-8d0d-479f-8004-83c40feb29a9,Last Time Inverted 6/27/01 (985 shows),2023-04-16 22:41:40.623761,2023-04-16 22:41:40.623761
90fb0a6a-0eb2-4f1b-bbac-3e5999471601,edfa9642-71be-4245-812c-e62c0602d431,dub version,2024-08-07 03:25:24.566912,2024-08-07 03:25:24.566912
f7b19edb-2e20-49e6-beb2-054d8ede128a,d80d8fea-d8e9-4bfa-90da-6ee124cddb10,Tractorbeam Remix (Falling 303),2024-12-17 17:19:45.526099,2024-12-17 17:19:45.526099
4ba4a9ac-f093-46fc-b13d-e5f3cfd74edd,acf500d8-3fa9-4e61-9abf-2ab628ca869f,FTP (tDB original),2023-10-30 14:03:38.520818,2023-10-30 14:03:38.520818
cb367a8e-0822-43b5-a380-2ee1633a06d8,e4eb5d1b-07d7-4503-a4b1-73a957a7f01e,inverted,2020-02-22 16:34:58.330366,2020-02-22 16:34:58.330366
173aa24a-26fd-4546-b041-546798f18bed,011a12be-bc6e-4034-942f-ffcca3298887,inverted,2020-02-22 16:34:58.842263,2020-02-22 16:34:58.842263
2141baaf-2341-4f3d-be6e-93f61a9bd72b,f991ff09-d78a-4446-ab32-c0795cf07fc2,inverted,2020-02-22 16:35:01.354848,2020-02-22 16:35:01.354848
3955d615-ed45-4c97-8550-e98fff4e753c,166fdacf-4a0c-4631-8676-c0bdb4cf6f27,inverted,2020-02-22 16:35:01.401207,2020-02-22 16:35:01.401207
90f8c3ac-bee4-4bc5-ac0f-d7bc9adcab93,05bc37ea-e843-40f4-9059-b5c9a94c89c6,inverted,2020-02-22 16:35:02.360371,2020-02-22 16:35:02.360371
feebafc6-8ec4-4abe-8f64-6bb75737996b,480eedb0-f02b-44ad-99a7-ad30100a12f5,inverted,2020-02-22 16:35:03.546275,2020-02-22 16:35:03.546275
c6e614e7-afd4-4224-b91c-1f077bee5ea1,b3aadf3d-0779-4db2-a172-862e908e85a6,inverted,2020-02-22 16:35:05.391750,2020-02-22 16:35:05.391750
d3b89b70-b677-427f-8ce3-f2afc0806a52,f7d67b9a-dea2-4952-8921-4bf6eb00f70d,inverted,2020-02-22 16:35:10.796866,2020-02-22 16:35:10.796866
ebe1f822-c5e1-4cb6-aca1-95df3ebd5e7b,9579003f-cc12-4dcb-87c7-bf99ac9a8271,with ‘Macina Verde’ Jam,2024-12-20 17:31:15.989345,2024-12-20 17:31:15.989345
91c2b1d2-8319-466c-93e1-c48231f0b8be,ee09bd0c-7dd3-4ea5-8ab3-d9a79f5c3d87,dyslexic version,2020-02-22 16:35:18.586070,2020-02-22 16:35:18.586070
e97df06e-c469-40fc-9622-e311a53d34a9,dd79186a-e73f-4342-8544-6c1c98d06f71,dyslexic version,2020-02-22 16:35:18.626470,2020-02-22 16:35:18.626470
4b3d4697-76e6-40aa-a4dc-de958a3b75a9,669517f2-9e27-48f3-b339-271cfb80a575,with 'Come Sail Away' (Styx) tease,2020-02-22 16:35:18.840505,2020-02-22 16:35:18.840505
f758d0eb-1a57-404f-af13-1c722757ebbb,f8486555-93af-48e6-a154-894a85d19c79,completes 9/29 version,2020-02-22 16:35:18.912734,2020-02-22 16:35:18.912734
eb7acb35-fc08-4c50-82ef-0c0f6b7cc9c2,e44ff994-0a50-4076-9106-9865bf026897,dub version,2020-02-22 16:35:19.154128,2020-02-22 16:35:19.154128
1a4a6a15-7c6e-41da-aa7a-0bb465fc335d,ffa8a57d-133f-4439-8712-8283fc6efe65,unfinished,2020-02-22 16:35:19.342452,2020-02-22 16:35:19.342452
456602c6-f9ea-4111-95df-f0afd58b9f56,202d0e7a-e770-4595-8956-e43a1356b7ed,Dyslexic version. Instrumental.,2020-02-22 16:35:21.239422,2020-02-22 16:35:21.239422
75c26497-0075-4cc1-ae74-5cca0b10ceda,41990a36-ad2a-4257-8e96-1189539acaf9,Rockabilly version.,2020-02-22 16:35:23.639503,2020-02-22 16:35:23.639503
8a0a07d4-a1ce-4b0b-b1d2-05b6850410c8,3cc49ca3-7ac1-4908-89f8-4ee7ad7deb5a,Dub version.,2020-02-22 16:35:23.676502,2020-02-22 16:35:23.676502
ed6a4321-dae5-4328-b43e-2b0bbf471dc5,8b952e60-6a6f-4ad7-b3f1-c0829c2b97a2,inverted,2020-05-21 00:59:36.024668,2020-05-21 00:59:36.024668
0850dcfb-4f45-4571-ad0b-623e1cc3f408,37bc03ea-c713-4b64-8b12-483563df9d86,Surf-punk version.,2020-02-22 16:35:23.912629,2020-02-22 16:35:23.912629
d6bd66f6-efe7-492b-a6e9-96bf4a114294,ef10b43b-2e1b-458e-8e9d-e246de16e239,Early U2-style.,2020-02-22 16:35:23.962646,2020-02-22 16:35:23.962646
8bdc706c-bf3f-43bd-b15c-45cb8ac16415,603001d1-1437-4218-921f-0c02537387a6,Disco version.,2020-02-22 16:35:24.035231,2020-02-22 16:35:24.035231
d2ffc954-4377-462c-9ec5-415c1ad74ba3,0d9e1ed4-2967-4df8-8330-3c50bf185fbc,Bluegrass version.,2020-02-22 16:35:24.069676,2020-02-22 16:35:24.069676
7d37306a-81a4-43d2-be21-e928b3d42b53,f825c92d-cd0e-4466-9235-d62a282a6f62,Techno version.,2020-02-22 16:35:24.155314,2020-02-22 16:35:24.155314
289611e6-3150-48b4-b061-a7f87e1cd9a6,2c72c442-8c6d-44aa-902c-771d08d959ab,Surf-punk version.,2020-02-22 16:35:26.160942,2020-02-22 16:35:26.160942
36dcb31a-e8f0-4913-85ee-3f3c457b2bf7,74380461-7d4c-4193-b06e-bb57e9096235,unfinished,2020-06-23 15:06:29.857406,2020-06-23 15:06:29.857406
adb18d32-ce44-4c72-93c6-331e2c014216,d31f5973-1ee6-47d1-8784-1c82f282a2db,unfinished,2020-06-23 15:06:48.834949,2020-06-23 15:06:48.834949
cf110437-552a-4c49-95e4-2e40b713d9fb,a5417a16-2cb6-47bb-9f46-6fd65a2adbe4,unfinished,2020-06-23 15:07:13.926977,2020-06-23 15:07:13.926977
0aa2f6ad-31ec-4d46-8185-8253745481c2,7cf6278c-e346-4ad6-a2b2-46b0290670d3,unfinished,2020-06-23 15:07:30.583283,2020-06-23 15:07:30.583283
fa74eb89-e43a-4f53-b71f-d0118729902a,e550a44e-f771-4f47-9fac-cda6f8d10adb,with Magellan teases,2020-06-23 15:07:47.676321,2020-06-23 15:07:47.676321
1f5f80e6-bb20-4f6e-ad03-a0ed9dbe3f02,7ebe6857-1c3a-43a8-be0a-d93706c1b45a,with 'M.E.M.P.H.I.S.' vocal tease,2024-08-07 03:25:34.228301,2024-08-07 03:25:34.228301
4c568a71-307f-4479-b1f7-c6fd6ba05e9a,18f979eb-3965-4d0c-b631-5d447337fc6b,Jam only,2024-08-07 03:25:43.127321,2024-08-07 03:25:43.127321
5e21a418-2998-4f8a-862b-806b55a2bd8b,48cc493d-10eb-40e6-9b94-22b2da9f9a63,completes 8/15 version,2024-08-07 03:25:53.001050,2024-08-07 03:25:53.001050
dd3dd504-96ba-42f9-a6ab-7f39b051a221,ab31f302-95cb-460f-8e48-86f29bc1249b,dyslexic version,2024-08-07 03:33:10.770118,2024-08-07 03:33:10.770118
f6f15f8f-d9b2-4c71-bd34-055683108882,1fa2ab31-e72e-4c4f-aa29-2ca59e449e24,completes 8/21 version,2024-08-07 03:33:19.692169,2024-08-07 03:33:19.692169
f07dea01-7009-410d-89d3-b043ef9cfca5,52245699-0397-4a17-9755-b55648a90ec5,with Mike Greenfield on drums,2024-08-07 03:33:29.756579,2024-08-07 03:33:29.756579
ac50166f-cfbb-486b-91e3-5fce789db0f4,52245699-0397-4a17-9755-b55648a90ec5,inverted,2024-08-07 03:33:29.777904,2024-08-07 03:33:29.777904
f116e06a-06c1-4bc3-93eb-08cd875fcca3,634ec545-4615-4b1d-a3a9-f0fd235e951a,unfinished,2024-08-07 03:33:47.416960,2024-08-07 03:33:47.416960
33d7ce75-c899-4afc-9054-6f00dfc5bc63,634ec545-4615-4b1d-a3a9-f0fd235e951a,with Mike Greenfield on drums,2024-08-07 03:33:47.432790,2024-08-07 03:33:47.432790
8eeb0ee0-be21-44cd-af4c-6f55d9a7fecd,dbe18868-2773-48b9-b025-2b8a952a523c,with Mike Greenfield on drums,2024-08-07 03:33:54.877162,2024-08-07 03:33:54.877162
1f72393d-4562-4982-bba8-14736290c082,dbe18868-2773-48b9-b025-2b8a952a523c,end>beginning,2024-08-07 03:33:54.891523,2024-08-07 03:33:54.891523
8abfb7a1-acea-460e-8de1-7c91592da317,b66dd9e1-cbc0-453f-97d7-30d200857f4d,unfinished,2020-06-23 15:09:14.692044,2020-06-23 15:09:14.692044
a14d2096-39ff-4f73-90fe-287ffd4eba03,b3054eb5-49f6-4832-a1f6-bd7103265d8b,completes 11/8/24 version ,2024-11-23 17:16:42.191351,2024-11-23 17:16:42.191351
31c30b80-e9e4-49e5-bf62-aa861bd773aa,09aaa757-906a-44e4-bcd8-2561f3aaa880,unfinished,2021-10-16 12:55:34.903152,2021-10-16 12:55:34.903152
9d3f662f-ee2f-4cb2-9d07-7caf32bca2cd,4debefc1-fc44-481a-afef-03bce3efe847,Dyslexic (1st Dyslexic version),2023-11-02 18:55:27.458828,2023-11-02 18:55:27.458828
24a5a57f-bdd5-499a-ae38-e6149160aa41,0966fed4-6e32-4799-8a6e-de83084add96,"dyslexic (ending first, then beginning)",2024-11-26 10:12:04.006403,2024-11-26 10:12:04.006403
e93fad56-2f39-4a0b-8f9c-523707d790e1,e0c8b553-b5c7-4712-b4b7-42e4adeababa,inverted,2021-10-18 00:29:17.108080,2021-10-18 00:29:17.108080
99edae07-8fc7-496e-88ed-88f15ec38850,4e0c2d0c-9b65-4759-a175-544072079f02,"dyslexic (ending first, then beginning)",2024-11-26 10:12:11.479668,2024-11-26 10:12:11.479668
18ad26a9-9ed8-44f7-8ee6-89a0bd304599,a6afffbf-bb46-4fb9-afef-4e728f64e98d,"dyslexic (ending first, then beginning) ",2024-11-26 10:23:06.798878,2024-11-26 10:23:06.798878
b5140dcb-d035-412f-8e3e-bdf33f526a0a,acc79cca-774c-4e1f-bf16-e0d37614277d,"dyslexic (ending first, then beginning) ",2024-11-26 10:23:13.572530,2024-11-26 10:23:13.572530
4003284c-144c-40a6-b505-111b9b539c2a,7a78f2e0-0d68-42b1-886b-3f02f701b15f,Performed as 'The Perfume.',2020-02-22 16:35:35.528692,2020-02-22 16:35:35.528692
5e863934-8663-453e-99e2-fe7c5273d0d8,3f85e3f8-19ca-47ef-b323-4ec7136ce43b,Performed as 'The Perfume.',2020-02-22 16:35:35.638266,2020-02-22 16:35:35.638266
a95d37eb-43a8-4e77-87c2-531682971f26,7cd2a634-faf4-4a0b-a0ae-c5303b1a1679,inverted,2021-10-21 16:13:21.753467,2021-10-21 16:13:21.753467
0f8f6fc9-c327-4c6c-95f5-5ca8a2ab0865,a8265316-aeda-4299-9d8c-061a9a664517,Dyslexic completion of 12/30 version.,2020-02-22 16:35:36.442305,2020-02-22 16:35:36.442305
aa370e9b-efdb-477a-99a0-696cec825e5e,e1dc4ca5-d2d8-4eb3-b605-bddd72ea8b11,inverted,2020-02-22 16:35:17.620595,2020-02-22 16:35:17.620595
ed967b51-b080-4614-abec-d8e816c08730,8e324ce2-3aa3-407c-b83b-13fa563d6fbe,inverted,2020-02-22 16:35:20.327576,2020-02-22 16:35:20.327576
0f9f0dfd-5e9b-4a6c-af88-3cc185fad589,0ac18a19-51e7-4cf6-b609-46ab672753f3,inverted,2020-02-22 16:35:25.432012,2020-02-22 16:35:25.432012
ddcf1efa-7a57-4a87-be20-69908b457812,7a93a75c-4917-4912-beb3-3abb588a5694,inverted,2020-02-22 16:35:30.602354,2020-02-22 16:35:30.602354
2b454eda-a089-4a56-9650-2e9fbbbfbd54,760a5af3-93b2-4375-86ee-172daea3e5b5,completes 8/11 version,2024-08-07 03:27:02.470572,2024-08-07 03:27:02.470572
d857297e-d289-4671-8d21-ff9625ba6ee3,2eeb45a1-4d67-433d-a310-f380a437bf09,inverted version,2024-08-07 03:28:24.274607,2024-08-07 03:28:24.274607
3d166d78-2541-452e-80e0-c1c8bb6cb527,e09c494e-ffab-4d95-b338-c76780fb6dfb,"Magic Tape (contained elements of Fly Away (Crackazat), maBri (Lukas Lehmann)",2024-01-05 13:43:59.105850,2024-01-05 13:43:59.105850
0ed236b5-4c1f-4681-bdf6-b0b5ada989c3,895a69b0-61f2-454a-a3cf-712db8063ead,inverted,2020-02-22 16:35:36.870368,2020-02-22 16:35:36.870368
171b3481-5706-4a23-bc03-c73ba551f72e,9d55dfce-4667-4ae0-998e-11d6be82ef62,Techno version,2024-06-17 18:30:22.365645,2024-06-17 18:30:22.365645
1cc3ecf3-ae37-4ceb-bc0b-221a058e790b,a833df54-098b-4ab3-a4e1-8e0853147e24,With '1999' (Prince) tease.,2020-05-12 17:29:05.601573,2020-05-12 17:29:05.601573
9582a7b8-af97-4010-a34f-6ad8089acf4c,e826ac18-fd31-4158-a37a-addc97ad7d07,FTP (tDB original),2023-10-30 14:04:13.239197,2023-10-30 14:04:13.239197
7f928171-21f3-4aac-8805-77f2ccd5581e,c42ec15a-e571-4775-9eb6-cf85ddedca4c,unfinished,2020-05-31 06:10:01.475448,2020-05-31 06:10:01.475448
1cda8792-9ee2-44fb-bc61-e0b179587b22,3d5ae35a-88a7-4b66-8528-5db677a36f13,unfinished,2020-02-22 16:35:38.731451,2020-02-22 16:35:38.731451
3d13eb2f-e107-4f97-a8cc-03c0c8c10291,2a37a807-11b8-4eb6-8c19-9a8d7ce6d3c6,Techno version.,2020-02-22 16:35:39.516455,2020-02-22 16:35:39.516455
92b4ab22-1aef-4f01-b1de-6b1d7709c612,299b300f-edd5-4e59-af26-4f074bcce3e5,Completes 4/7 version.,2020-06-23 15:10:23.649410,2020-06-23 15:10:23.649410
7d6a78d8-941d-480b-b9fc-ee8d0f7f9051,53795b40-37cc-4ac5-a8e4-5c1e74ba2394,unfinished,2020-02-22 16:35:47.370900,2020-02-22 16:35:47.370900
c251533a-ec4b-4be0-b2d0-94e722b3084f,5a8ab32f-344f-4081-a6bf-c37af7711c24,Completes 4/8 version.,2020-06-23 15:10:41.265808,2020-06-23 15:10:41.265808
8d271353-8312-4083-8337-9a1c720b27b4,cd807f98-6572-43cf-ae75-0c830c547b07,FTP Basis (Reprise),2023-11-07 21:34:18.430444,2023-11-07 21:34:18.430444
a3f2168b-8f92-4c06-bff2-eef01bf8dd77,70763ec5-4f62-4396-873b-925a168fe8f7,inverted,2021-10-16 12:57:57.959781,2021-10-16 12:57:57.959781
1e1ed6f4-2044-46a2-9662-33c0cda093f9,96e041ce-c330-47dc-80b3-209bf0272b7a,inverted,2021-10-16 12:58:26.256274,2021-10-16 12:58:26.256274
d11f69e9-7f5e-463c-b653-036b4685a8ed,0d8d2c01-5afe-4ade-a777-4cf4030a301d,inverted,2021-10-18 00:34:45.896160,2021-10-18 00:34:45.896160
ff5dc8b3-277b-4944-b075-4a0b7bb58793,1b23aeb8-47ec-4c39-8c13-311451dcbed6,preceded by ‘Trap Door’ fake out,2024-12-07 00:06:32.087382,2024-12-07 00:06:32.087382
04a44941-eda5-4236-bf94-f88872b4abba,78f54e97-72ab-413a-aa4b-9f98db874ef1,inverted,2020-02-22 16:35:40.345455,2020-02-22 16:35:40.345455
ff9f6a14-cb2c-443c-88a8-df737594bdf3,ef6473ec-39aa-4332-83b3-0145fd70c3b9,inverted,2020-02-22 16:35:48.154973,2020-02-22 16:35:48.154973
e1b79b14-da26-419e-82c1-5590b08bdbbf,902fcd6a-af88-4803-8b82-292936773119,inverted,2020-02-22 16:35:53.060655,2020-02-22 16:35:53.060655
7ed538ce-3e9a-4d4f-a81b-1ecbc145c64a,1bd1e24a-2c81-47a3-a4b1-3fbfe7f0b4ab,inverted,2020-02-22 16:35:54.761034,2020-02-22 16:35:54.761034
e71049d3-1cd0-4456-8c2e-9ebf16512f7a,02cdfcfe-962e-4704-ad45-81272aa9fec9,inverted,2023-08-11 01:33:01.616530,2023-08-11 01:33:01.616530
7bc047c1-2190-4761-b124-401aab65b24d,be982901-e136-436e-8d50-3e1ca27144fc,inverted,2020-02-22 16:35:57.394114,2020-02-22 16:35:57.394114
01ed57f7-f0bc-448d-921b-eea7ba2c6350,d9740ce7-7ba7-4969-91f1-82498559618a,inverted,2020-02-22 16:36:05.173668,2020-02-22 16:36:05.173668
37667642-ca6b-4706-8080-e1b3d852c46d,2eeb45a1-4d67-433d-a310-f380a437bf09,with ‘Bernstein & Chasnoff’ fake out in funk jam,2024-08-07 03:28:24.310217,2024-08-07 03:28:24.310217
cd3a18b0-49b2-45a9-ae5b-5026527c2d4d,1fa01955-91ad-45d9-beb9-be336137aaff,with 'Boom' (Tiesto with Gucci Mane and Sevenn) samples,2024-03-10 04:12:13.092525,2024-03-10 04:12:13.092525
73dcb0f2-d38a-426b-981e-686bf750ba1b,9696537f-5393-4a5e-a833-962cb579bc7e,LTP 10/31/20 (53 shows),2023-04-17 00:38:19.364639,2023-04-17 00:38:19.364639
761c3ee7-9a9d-4c98-b45b-f8ed42d6bdbd,8699effb-dce0-4d41-a088-f9704ca7a51b,unfinished,2020-05-12 18:27:00.699859,2020-05-12 18:27:00.699859
df20fdcd-9940-4215-b964-e6cb6692d5ce,2d3be291-4e78-413c-93b0-0ce77c8ef928,"Abrupt Ending, 'We're gunna try something out right now'",2020-02-22 16:36:18.884789,2020-02-22 16:36:18.884789
9933ca1e-2b0d-4a73-93d5-73c3f095dd68,65824c53-5708-4822-a5c8-2de4efd99cd8,with 'Jessica' (Allman Brothers Band) tease,2024-12-07 20:00:52.044878,2024-12-07 20:00:52.044878
f1a9df4d-b9c5-4744-93ec-55a87c20f8c7,c039dbf0-c085-41ab-8791-4834a9d37c99,with acapella ending,2020-02-22 16:36:21.569351,2020-02-22 16:36:21.569351
cb4d88e3-84f4-4257-b19b-65cc30ac5996,479a0502-4f0b-45f8-aacb-a6ad4da0fab2,unfinished,2020-06-23 15:30:51.630368,2020-06-23 15:30:51.630368
bd858359-6c43-49c7-95f3-795d523c2e5a,a52e91d4-230a-4a5c-bad5-e72eddef6cb6,with Hot Air Balloon teases,2020-06-23 15:31:19.097834,2020-06-23 15:31:19.097834
0829754d-6057-4b3d-8911-c23c77edd9d2,f8d490fe-7f65-4acf-bf6b-4ab9041370d6,dyslexic,2021-09-20 03:18:13.698229,2021-09-20 03:18:13.698229
f78299c8-6d0c-4bab-97e0-775211f7f8cf,5fb3083f-d5f2-4792-adc2-337eb6f90c57,As Requested by Umphrey's McGee,2020-02-22 16:36:32.436437,2020-02-22 16:36:32.436437
63457c63-ada0-4a2e-9f00-15d79c8954be,7ca74571-14a9-45ab-8c00-871731fc521d,unfinished,2021-09-20 03:19:23.864571,2021-09-20 03:19:23.864571
ecf2bff6-78e9-4431-9fa6-5cb4fb1d50a4,c696d60e-f4c2-4040-9a22-20f74ebce976,w/ Ominous Seapods,2021-10-16 14:12:18.232523,2021-10-16 14:12:18.232523
7d1a1b9d-6265-48f7-afb8-1cc6105b1415,9a631104-71d4-47e5-8d4e-ac837d527f60,with 'Stir It Up' (Bob Marley) teases,2020-02-22 16:36:41.555404,2020-02-22 16:36:41.555404
1a5bedb5-242f-459d-aadf-dbf5a8d01767,14c4ac16-0afc-4332-8284-7aea57ebcc3f,unfinished,2020-06-23 15:40:18.437253,2020-06-23 15:40:18.437253
6efe4051-657d-4bee-8113-3d6f1e1d4742,14c4ac16-0afc-4332-8284-7aea57ebcc3f,"with Basis for a Day, Aceetobee, Helicopters, Star Wars Imperial March & Main Theme, The Overture, I-Man, and The Thieving Magpie teases",2020-06-23 15:40:18.454633,2020-06-23 15:40:18.454633
09f3b377-0405-4fa0-918a-a805978a1bdf,8420996f-5a72-44ed-ab02-1fe5b02b5fb7,inverted,2020-02-22 16:36:15.261187,2020-02-22 16:36:15.261187
e4599b7e-3335-421d-af90-732bf4eef50c,966a2e6e-fa80-48a6-947c-16efe0134ea4,unfinished,2020-06-23 15:28:58.994027,2020-06-23 15:28:58.994027
f10a7c2f-8ec7-458f-b0b3-792218508e4a,f4a99ce1-de89-4af5-b091-a65554321021,with 'Rock Candy' tease,2024-08-07 03:28:36.522767,2024-08-07 03:28:36.522767
b5534e95-8bea-4870-a78b-5db9c84a25cc,d8fbd6f8-e2fd-4069-af25-ad741c68e16e,LTP 4/17/17 (42 shows),2023-04-17 02:33:16.410042,2023-04-17 02:33:16.410042
49a90fe8-23bd-43fc-9769-e24e51ffe040,feddff70-9f61-48b1-9e81-68a768ded4e5,FTP (tDB Original),2023-12-08 13:12:19.360813,2023-12-08 13:12:19.360813
2ddad15b-7008-498e-bcb8-5d5410488e4e,8c23cd05-bda6-434a-a407-a8dd2ef88a82,FTP (Led Zeppelin),2023-12-08 13:33:42.066732,2023-12-08 13:33:42.066732
26ca9311-8f8d-4b44-8143-5711bd69021e,d4421b95-1fd3-4bb3-8619-b1295016b822,1st time inverted,2024-01-22 12:53:36.276076,2024-01-22 12:53:36.276076
18eef21e-9c08-455b-96c0-8ed65fe047d2,39f32cf1-a106-4586-905c-b232d4bc5b89,unfinished,2020-06-23 15:32:06.680494,2020-06-23 15:32:06.680494
cf09ec06-a574-48f1-bd1b-d6748a21f4ad,8d8a5f2e-56bd-4123-a2f0-737902d83ef5,unfinished,2020-06-23 15:32:59.779225,2020-06-23 15:32:59.779225
e9f46890-56c3-41ae-b22c-73d768769387,d2b0f6f7-b138-4b5a-bef1-0a011b99ece7,Jam out of The New Deal's set,2020-02-22 16:36:54.916922,2020-02-22 16:36:54.916922
a61e088b-27bb-4496-bdf3-cf7c5928cc28,7172cc24-3aaf-4c31-825b-099f0c2460fa,end only,2020-06-23 15:33:42.238968,2020-06-23 15:33:42.238968
7ec37047-02da-4db5-8d22-7e6ea53b8c0d,2fa918e8-9882-4d70-a1a8-850cd40a34a3,unfinished,2020-06-23 15:35:43.957739,2020-06-23 15:35:43.957739
4faffeee-60de-449f-ad4a-be1d9aa871d3,1eccaff2-fc0f-403c-830a-e8f2e81b67b5,unfinished,2021-09-20 03:19:44.545368,2021-09-20 03:19:44.545368
95dcde75-6a59-46f9-9a8f-9788315c8865,20c0a7ff-dd4e-4bde-b9a6-eaa8fb3c0ad6,"Police broke up the show, then they came back for 2nd set",2021-10-16 14:23:00.973841,2021-10-16 14:23:00.973841
aed63311-2bf9-4b04-90d3-de73be26b801,ddff6fe6-e38c-4c80-abf1-948ef988371b,with 'Hot Air Balloon' fakeout,2024-12-07 20:01:01.911399,2024-12-07 20:01:01.911399
b83d41b1-15ac-445f-a5e5-8c74e9f1fc18,8cadcf81-c636-45ef-82a4-e24fb11e2e37,with Basis for a Day and Mindless Dribble teases in intro,2020-06-23 15:38:35.973720,2020-06-23 15:38:35.973720
d51d7e09-1e92-4151-b02d-abaa40818cb0,8cadcf81-c636-45ef-82a4-e24fb11e2e37,"with Barfly, Morph Dusseldorf, Once the Fiddler Paid, Jamillia, and Little Lai vocal teases",2020-06-23 15:38:35.993852,2020-06-23 15:38:35.993852
71a6fe91-25cb-42df-b650-fcf17b224e91,f4a99ce1-de89-4af5-b091-a65554321021,unfinished,2024-08-07 03:28:36.562927,2024-08-07 03:28:36.562927
a70808da-7a02-4727-9cc6-15efd673d087,5e7c0e80-e93a-4818-863e-975a7e97b0af,with 'Hot Air Balloon' tease,2024-12-07 20:01:09.273555,2024-12-07 20:01:09.273555
cc971b7d-9881-4e6e-a120-195f0d07afd2,bed3674c-a3b4-4baa-b69c-d3b89f014016,First standalone 'Above the Waves' encore; with audience vote,2020-02-22 16:37:21.529219,2020-02-22 16:37:21.529219
6c913f41-fc6e-4f32-96a0-8eb688af2060,7ac8ed07-5748-47df-8af2-3d82cc67fb37,Perfume version,2020-02-22 16:37:22.065995,2020-02-22 16:37:22.065995
0b351d99-7680-4a4b-b80e-e52df65b0076,25f8e0d1-009a-454c-a6bd-9ce3d96a44e8,inverted,2020-02-22 16:36:45.174378,2020-02-22 16:36:45.174378
bbf9c472-4bad-43fb-b43a-7fe3b794c3c5,15bddf6f-3d40-484d-8963-1eae96bba334,inverted,2020-02-22 16:36:45.386406,2020-02-22 16:36:45.386406
76ccca25-2e06-4782-a373-669dc70b5d47,2680b9a0-ee74-45b4-b479-85c51d30727e,inverted,2020-02-22 16:36:47.170345,2020-02-22 16:36:47.170345
ff2cad35-7eb1-40e7-9df3-4d331c185189,cddc1897-c692-433b-81c0-51e89ff75384,Perfume version,2020-02-22 16:37:22.278667,2020-02-22 16:37:22.278667
338ff9ec-2f7f-4446-a44c-f762550d1174,9f4fdc97-e563-4275-aa8c-9d3a4a84c7f3,FTP by tDB (played as ’Falling 303’ (Tractorbeam Remix) on 9/13/24) ,2024-11-23 17:19:42.072882,2024-11-23 17:19:42.072882
0f0961b4-1714-4738-a711-9c2cd58577da,8cadcf81-c636-45ef-82a4-e24fb11e2e37,"concluded with Basis for a Day, Magellan, and Imperial March teases, and Magellan vocal teases",2020-06-23 15:38:36.008803,2020-06-23 15:38:36.008803
ea7921d1-a4f4-4487-9d71-2185872b0e3b,5846b4e8-f2f0-4309-9433-6c6a3b8e0381,dyslexic,2021-09-20 03:20:16.641373,2021-09-20 03:20:16.641373
7f55343b-d37d-4a10-acf6-498ae118fdda,769b0ace-7a1f-4d12-a541-35eeb575b9f2,Perfume version,2020-02-22 16:37:34.348471,2020-02-22 16:37:34.348471
fadb73eb-1549-4ab1-9dbc-5d0766e74d23,b5059d76-f3ec-4772-9a49-a9a117361d54,LTP 10/31/10 (164 shows),2023-04-17 02:42:30.030895,2023-04-17 02:42:30.030895
db2e49f3-26fe-4bbc-8b48-6a614f1795c5,81a5a6b9-4512-4c95-94f4-33c6820ce280,Perfume version,2020-02-22 16:37:39.779087,2020-02-22 16:37:39.779087
c5018499-32b5-4047-923a-b8b4dfee1d6d,427d8323-eef8-4540-ae55-be6d43ca8b1a,with 'Biscuits are Coming Home' jam,2024-08-07 03:29:09.888921,2024-08-07 03:29:09.888921
e9902354-3f04-4070-ac6e-0ddc1897ed7a,04623c80-fc5d-4a5a-bf0f-db28be2a6725,LTP 5/1/2001 (224 shows),2024-08-07 03:29:29.916244,2024-08-07 03:29:29.916244
15a8d4b2-4b63-4f30-96a7-6197b99aae36,b1e51d5c-405d-4241-b59b-db57acc3fb40,with ‘Sidewindah’ (Gorgon City feat. Flirta D - Interplanetary Criminal Remix) samples,2024-04-02 04:45:04.106404,2024-04-02 04:45:04.106404
1880c62c-225f-42bf-a891-d65fc17450c0,c13ccd57-c7d5-475b-bed5-4031af6ac718,inverted,2024-04-03 01:24:45.789094,2024-04-03 01:24:45.789094
e64f357a-0f68-4348-9aaf-d31a726939ce,04623c80-fc5d-4a5a-bf0f-db28be2a6725,completes 8/12 'Pat and Dex’ ,2024-08-07 03:29:29.934985,2024-08-07 03:29:29.934985
921c48dc-b1e2-460c-b767-03d8266c901f,504f904a-36dc-490f-845c-38ce79be3c3f,with ‘Lake Shore Drive’ tease,2024-04-05 17:58:40.422443,2024-04-05 17:58:40.422443
5eb7971e-b4ac-40af-a08c-7e022e876445,39ec0d9c-972d-474b-808f-6afff717d240,with 'Dirty Harry' (Gorillaz) samples,2024-04-06 04:29:32.291987,2024-04-06 04:29:32.291987
fa196ebf-7474-489b-9c94-c88fba99698c,32c2b929-14ba-421d-b2de-089cc1fe61b9,inverted,2024-02-29 10:12:55.570763,2024-02-29 10:12:55.570763
e9740c1c-a419-4a74-9e5a-58f49cad2d91,96042f10-0c2f-4324-ae04-36ad050b9d96,Second half of beginning,2020-02-22 16:37:43.983876,2020-02-22 16:37:43.983876
8a12caf2-49fe-4d7d-bde9-c8d26e78df03,10fe5e9b-9fc9-4186-99d9-77a1ef22b6f9,inverted,2020-02-22 16:37:22.684214,2020-02-22 16:37:22.684214
3f1df20e-12cd-4bb6-9e06-bf8a6906c852,6e59cc8c-c472-4dbc-b11c-26a889b46420,inverted,2020-02-22 16:37:26.972570,2020-02-22 16:37:26.972570
86d8d6ce-799c-442d-a7c2-d6dc2aec6445,0f9d8bb9-b120-46c0-8e7f-afac9ff0e455,inverted,2020-02-22 16:37:29.325872,2020-02-22 16:37:29.325872
44f7ccd4-10a6-4d29-9bf3-8b50478ee375,1bfd0956-6bac-4f1a-9ad7-95123944869a,inverted,2020-02-22 16:37:30.563309,2020-02-22 16:37:30.563309
8cc254e8-c802-4815-910e-378b90b1d20f,944cfc79-f315-4d95-bdf4-13d8f7b69e5c,inverted,2020-02-22 16:37:34.890760,2020-02-22 16:37:34.890760
256682b1-3e80-4c10-8296-720ffc51060f,9a3379f1-3537-435e-9ee7-626028635c49,"dyslexic (ending first, then beginning)",2024-11-26 10:22:29.954465,2024-11-26 10:22:29.954465
6542a9aa-aa35-4f20-87bd-aeb6439b6085,fd7a4d95-fd04-4fad-b36e-8776263c005a,preceded by Voices Insane tease,2020-06-23 15:50:00.387211,2020-06-23 15:50:00.387211
2e838c94-626c-45c6-8c6c-d00e0d225782,5896492f-abe4-4435-a8cc-d72f9712ae1f,unfinished,2020-02-22 16:37:49.049723,2020-02-22 16:37:49.049723
32b0048f-2845-44cc-8c04-e9c11640cd15,c9aaa79e-b29f-4380-8b15-d08a9965051d,inverted,2021-10-30 10:08:50.724320,2021-10-30 10:08:50.724320
8725573b-b585-400c-875f-51a72aa53d2d,320c3fce-75e8-4d4a-b386-85858df66dd8,Broken snare drum after Mulberry's. Proceeded  by 'The Minute Waltz' (F.F. Chopin) piano tease,2020-02-22 16:37:52.498389,2020-02-22 16:37:52.498389
6844f61f-351c-49bc-bf2c-7a5732a61db5,c92e206c-6a96-4474-a3a1-dbc1df1a2c8c,unfinished,2020-06-23 15:51:19.149728,2020-06-23 15:51:19.149728
1d4c0747-a19e-419e-9da4-3ca63f2a0820,1d20b038-43a6-43a9-adbc-c23fb52f4090,Tractorbeam version,2024-03-17 18:01:49.003670,2024-03-17 18:01:49.003670
77ad65cf-bb9a-4a19-8f2f-fdae8c25bd53,8408d98b-44bf-4671-9a90-60dbb44ce9fa,Perfume version,2020-02-22 16:37:55.795142,2020-02-22 16:37:55.795142
7064ef8b-e935-4305-9811-8250e31ab661,8d927a62-b43f-4216-b52d-981aa4d6b0e3,"Magner's birthday jam, with Ryan Stasik and Brendan Bayliss on bass and guitar (Umphrey's McGee) ",2020-02-22 16:37:56.217770,2020-02-22 16:37:56.217770
48173e32-00d2-458e-85d3-e6eaa46724c7,c92e206c-6a96-4474-a3a1-dbc1df1a2c8c,with The Overture teases,2020-06-23 15:51:19.166618,2020-06-23 15:51:19.166618
da889fdc-6a7b-468e-9f81-fda31d93b860,e9a08f2d-9494-4559-9d7b-918e5c5ec1c4,LTP 11/28/03 (106 shows),2023-04-17 03:08:22.744955,2023-04-17 03:08:22.744955
8ffc9e1b-3254-4cb9-ab04-7e1a043979e6,08d3e94a-d2c2-462f-ba4b-7ce85a595a10,unfinished,2020-06-23 15:56:57.168898,2020-06-23 15:56:57.168898
492f4b42-711e-409f-8faa-38a1e1b9eb20,0f8c304e-c987-4aa4-8f2c-fcee882e720f,"dyslexic (ending first, then beginning)",2024-11-26 10:22:40.682533,2024-11-26 10:22:40.682533
e5e578c4-44d5-4313-9ce2-d58de9cbe54f,56c898b4-2309-4d7a-9f50-0674a434aa28,unfinished,2021-10-30 09:19:04.381929,2021-10-30 09:19:04.381929
6e4ae8fe-3857-44d6-a276-abb33f43cb94,cc79bada-b5a6-4332-b6e3-222345ea398d,middle section only,2020-02-22 16:38:01.958186,2020-02-22 16:38:01.958186
a5c7338c-3d32-4754-bf44-f79ac56731e0,8586077e-16e4-444b-b8ab-02f2e796d39d,Show stopped due to rain,2020-02-22 16:38:03.206406,2020-02-22 16:38:03.206406
48c03f54-a232-4359-8a7a-8e444d76bde7,cbdfece6-5d8f-485d-9895-de36bd55a547,inverted,2020-02-22 16:37:56.810080,2020-02-22 16:37:56.810080
3ccd8cd4-aebd-43db-8d05-e641b2d5a195,1308c200-d689-4c70-868a-70ab50306eb8,inverted,2020-02-22 16:37:57.199713,2020-02-22 16:37:57.199713
6fd0dd87-4504-457b-92be-2bca8d3a448e,7c572599-d004-4d0a-bdd8-b8c9fbf93208,LTP 3/24/07 (365 shows),2024-08-09 02:38:21.377926,2024-08-09 02:38:21.377926
dc6f338c-be7e-4916-8a5e-91907b12ffa6,44e1f4f9-6508-4ffe-b19c-2c333916eda6,inverted,2020-02-22 16:38:02.728499,2020-02-22 16:38:02.728499
b4265a38-37f0-429e-a521-7e2bd118649a,fa06a111-e4a8-43c3-88a0-0d24f60ebb06,inverted,2020-02-22 16:38:04.746008,2020-02-22 16:38:04.746008
b2c9ea62-0399-488c-9424-de92cec2d2f8,6efc1acc-7976-453e-b50e-1c4c918cf659,inverted,2020-02-22 16:38:05.639675,2020-02-22 16:38:05.639675
30e82e7e-8139-4d5d-b6e9-a0df06090fe7,d1d7c5a3-279e-480b-a045-16072d882ff1,With 'Little House I Used To Live In' (Frank Zappa) tease,2020-06-23 15:58:14.111189,2020-06-23 15:58:14.111189
6e76d3bb-ce54-478b-ba9c-aeec489b5732,0cead352-a58a-4b4f-8eb9-641185b8acd5,preceded by M.E.M.P.H.I.S. tease,2020-06-23 15:58:46.686341,2020-06-23 15:58:46.686341
572b1346-781d-4b20-a03b-cdc205a4e005,a0b10fa7-d722-438c-a137-72211912d547,unfinished,2020-06-23 15:59:44.095813,2020-06-23 15:59:44.095813
57e50b72-68f4-4765-8a48-a7f40dd8147a,b1be98fd-8285-4733-a965-65196f499539,unfinished,2020-06-23 16:00:55.017686,2020-06-23 16:00:55.017686
6ef7b9fc-021f-4b23-a052-d21dbd897d6a,b1be98fd-8285-4733-a965-65196f499539,with ‘Hot Air Balloon’ and ‘Magellan’ teases,2020-06-23 16:00:55.044938,2020-06-23 16:00:55.044938
abf211ed-8db0-45dc-896f-1505256379d9,765dfcd9-b920-42df-a946-f4bbaa2fff76,unfinished,2020-06-23 16:02:42.087826,2020-06-23 16:02:42.087826
389b7ea0-5aae-42e9-8ad9-8a9d3bf5c019,4b558f9f-f8c9-483e-8c1e-1b7bb7dbe397,1st time inverted,2024-02-28 19:37:34.238418,2024-02-28 19:37:34.238418
e465dfe8-1f62-4a33-8299-c439d72bd3a2,765dfcd9-b920-42df-a946-f4bbaa2fff76,With 'Spaga' tease.,2020-06-23 16:02:42.128228,2020-06-23 16:02:42.128228
4a0bd561-c220-4b43-85cb-b1dc856333f8,2e579f4f-e882-4833-a0a0-26a8d2a3332f,unfinished,2020-06-23 16:03:51.310647,2020-06-23 16:03:51.310647
a72e29f1-44d6-4156-b930-433955b76400,6f45068b-7b25-4edf-ace2-da7360f3cfda,unfinished,2020-06-23 16:12:00.762779,2020-06-23 16:12:00.762779
d02889db-7376-4a5a-8980-1560f9e74d8e,de3e1ef0-fb42-4dae-8394-b8f9d8bea446,middle section only,2020-02-22 16:38:17.478869,2020-02-22 16:38:17.478869
892887a2-12ac-45c5-a41f-c3ca7e31e482,539c4e9a-43cc-44d4-a6f9-68a331a975db,ending only,2020-02-22 16:38:17.514277,2020-02-22 16:38:17.514277
80626f3a-8742-4a6b-a08b-29daa44bcd17,eb59df7a-ff37-4633-a06b-19f084771d00,middle section only,2020-02-22 16:38:17.814244,2020-02-22 16:38:17.814244
b3bb6c31-2a04-4d2d-bf9e-1c7651eb5db2,c2f3feed-7919-4206-b4fd-b64fefb6fed5,unfinished,2021-10-31 10:55:04.813970,2021-10-31 10:55:04.813970
b692105e-8af9-4a01-91cb-b1574914166b,504a16a2-dc41-478b-9284-97d1891d9209,unfinished,2021-10-31 10:55:23.151207,2021-10-31 10:55:23.151207
7a00658e-2ef4-4ac2-a3cb-9efd1b78b468,c6c29f9f-82b3-4292-8a00-edafcbb82807,inverted,2020-02-22 16:38:10.732999,2020-02-22 16:38:10.732999
77aa0261-232c-4911-83d0-59bdf662ede2,2afcd764-fdc3-4349-a138-1e1689fbb643,inverted,2020-02-22 16:38:11.222269,2020-02-22 16:38:11.222269
adcb8bab-9117-42aa-8de9-39f4d64b0d2c,53e82ae1-4aa4-414f-a251-f3bc9dd5cc5b,inverted,2020-02-22 16:38:13.853912,2020-02-22 16:38:13.853912
da6ab9e7-127a-445f-8afd-b6a48a931320,88ad84cd-a842-4afa-984b-8a0ed6318089,inverted,2020-02-22 16:38:14.692588,2020-02-22 16:38:14.692588
b2bdfb21-184c-48b8-b234-2f6cb546e7a8,f239723f-e0e5-491a-bedf-93d6a7eda57d,inverted,2020-02-22 16:38:15.712734,2020-02-22 16:38:15.712734
19889bf2-0462-48a9-ac7a-f56f7efb9744,37455c5d-f752-40a6-9321-d6da1c273261,inverted,2020-02-22 16:38:21.019171,2020-02-22 16:38:21.019171
b34862ad-cc94-4a7c-b23a-bd00877f5be3,ccbebbe7-9af9-494f-9b57-a8cc2ea57eb1,inverted,2020-02-22 16:38:23.984536,2020-02-22 16:38:23.984536
04c619aa-c313-4943-b971-407bffa03545,4026ba7e-6687-4be2-b699-aeb5c688f32c,inverted,2020-02-22 16:38:24.537406,2020-02-22 16:38:24.537406
d5cf5ae6-f10a-47f7-b030-acca5f3e77c3,9fc4e291-dd16-49cb-94de-4d343726187d,inverted,2020-02-22 16:38:24.950149,2020-02-22 16:38:24.950149
782d314e-c671-40a9-a2fd-22e61432607a,42aa6593-5892-46ff-bfa5-27a0049e24b6,unfinished,2020-06-23 16:04:24.201585,2020-06-23 16:04:24.201585
623f8922-f82b-4644-9a69-e9a694838d22,07413a35-1263-4f96-81ae-8dff3152704b,unfinished,2021-11-22 13:45:16.176929,2021-11-22 13:45:16.176929
413eba05-acee-4814-8fd5-c3dc3d8daf92,6b8a8e7a-dd48-4d61-9ee8-50243a4c579b,completes 10/23/07 version,2020-02-22 16:38:33.041881,2020-02-22 16:38:33.041881
c8f1c883-d169-42fe-ab09-b380f0d22023,a0c2b103-7b5b-4edc-b41c-221f0f4f4fb8,unfinished,2020-02-22 16:38:33.175431,2020-02-22 16:38:33.175431
abe1c539-6abd-4a0a-8220-1e668e33bbfa,fb5727f5-3384-4995-9f8e-6761d0b57555,ending only,2024-08-10 16:46:42.409570,2024-08-10 16:46:42.409570
1eb64825-317a-4f36-980b-2e849e2dac7d,ef9829c8-192d-47d4-a35f-716b598185b0,inverted,2024-08-17 12:41:09.160347,2024-08-17 12:41:09.160347
a0731171-0e0c-449c-8583-1b112117c74b,421475db-201a-422e-a97d-f393b07e1ea5,inverted,2021-12-11 20:22:30.890757,2021-12-11 20:22:30.890757
235667e7-f1ae-4f68-b890-f808b0309fa4,2c54df4e-2fff-4d0e-b975-551fd8d171b7,"ending only, completes 12/30/21 version",2022-01-01 02:58:09.658111,2022-01-01 02:58:09.658111
3c31b5bf-dca4-4d3d-b2f8-a9723098febd,a2b0e975-d26c-4021-86e3-84f2f09edf08,unfinished,2022-03-04 14:17:19.711700,2022-03-04 14:17:19.711700
7d047b5c-23e3-499d-9e73-9a3fb674d16d,de9bd1fd-c174-4775-b96d-acf438216560,unfinished,2022-03-05 07:54:52.330520,2022-03-05 07:54:52.330520
dbfbb39f-0fe9-4c33-9a29-895d93d59f97,e7f968c2-40f6-4524-9c8a-95bee3246902,middle section only,2020-02-22 16:38:39.761852,2020-02-22 16:38:39.761852
e4377747-664d-4305-8311-b715ff1a26f6,41c1c80b-8b8d-4cb3-af6a-383dbe8f9f6a,unfinished,2022-03-11 02:43:22.229883,2022-03-11 02:43:22.229883
3a93f8e3-c668-4d52-9827-9f10fac355b1,241aee7e-5323-43a2-81ee-ed465d73c875,unfinished,2020-02-22 16:38:40.674671,2020-02-22 16:38:40.674671
043071b6-3957-4876-8ff2-6551d6a6a334,871ab4fd-bf02-4bee-874f-9d4bfdf03222,unfinished,2022-03-12 01:59:32.938567,2022-03-12 01:59:32.938567
9655444c-992c-47aa-991d-7b9b3b5bc8e4,2428d011-ade5-4a36-b267-cf08cce31dd4,"preceded by ""History of the Disco Biscuits pt. 2"" jam",2022-03-12 02:00:18.628039,2022-03-12 02:00:18.628039
ddc3142e-9ccf-4ce5-bb9c-5794e8f921b6,000cf291-05b0-4fa3-931e-566de89723ef,"Based on ""Setbreak is Over"" portion of ""History of the Disco Biscuits pt. 2""",2022-03-12 02:01:20.679996,2022-03-12 02:01:20.679996
20bc7d10-5eaf-4f67-80fb-b3b68f4d5d4c,b6388ebb-ee36-4318-a073-1fb2fd1f067e,unfinished,2020-02-22 16:38:43.317848,2020-02-22 16:38:43.317848
24c28544-84a6-43dd-91f1-cc2c0b8a619e,4b558f9f-f8c9-483e-8c1e-1b7bb7dbe397,LTP 2/4/2023 (53 shows),2024-02-28 19:37:34.252148,2024-02-28 19:37:34.252148
9f5e3b47-a5d7-459a-b2b2-311cce47043c,c2c690d8-c57c-41d8-a50c-154fcf347702,middle section only,2020-02-22 16:38:43.616146,2020-02-22 16:38:43.616146
9bebee68-3974-4eed-9fa3-f6750593edf4,5dda82ed-35b4-4c7e-91a8-c379ac4027e9,with 'Stir It Up' (Bob Marley) vocal tease,2024-08-07 03:29:41.623699,2024-08-07 03:29:41.623699
037209af-1ac2-4aad-9d18-05ae84a56a75,6f0173fa-2332-4885-8f58-d2e8ffe538c0,perfume version,2024-08-07 03:34:07.140010,2024-08-07 03:34:07.140010
3507c6b7-20c9-4cd2-a5fc-fe14464f80ed,ef642a88-38e6-47e2-9b1e-9e3e71d4e16f,with Tom Hamilton (Brothers Past) on guitar,2020-02-22 16:38:43.887079,2020-02-22 16:38:43.887079
7257e36a-4ed0-4735-be7e-b33162f7e71b,6f0173fa-2332-4885-8f58-d2e8ffe538c0,with Mike Greenfield on drums,2024-08-07 03:34:07.199976,2024-08-07 03:34:07.199976
f6cb13f0-91d8-4281-866e-47b52844bc98,4b558f9f-f8c9-483e-8c1e-1b7bb7dbe397,inverted,2024-02-28 19:37:34.261367,2024-02-28 19:37:34.261367
744f6607-747e-4d0a-bebc-96f5aa760898,8a2df2b7-50ee-444f-ab74-02875b9ba49f,with Marco Benevento (The Duo) on drums,2020-02-22 16:38:44.722557,2020-02-22 16:38:44.722557
874ec2e7-a36e-4b71-a8ab-d0631c82162f,c506426a-09d8-46c3-9268-c79f29af2ead,LTP 4/18/15 (254 shows),2024-02-29 10:13:21.281812,2024-02-29 10:13:21.281812
59eaf6be-ce5a-437a-bca8-3f33a2e77ed7,0c6f00f1-f7f0-42ae-a354-afaefeaee767,inverted,2022-03-13 06:19:31.450825,2022-03-13 06:19:31.450825
a4e0274e-36b5-4937-957b-dd143e5e18db,5e50d7b1-a251-467b-8b1c-d12406bfc6c4,unfinished,2022-03-20 00:12:26.176078,2022-03-20 00:12:26.176078
381568bf-6fbe-4712-a686-413396651f92,73382a91-8270-4de1-ac6b-283faf15bdc9,inverted,2020-02-22 16:38:29.932558,2020-02-22 16:38:29.932558
2ac08216-9d8f-4233-898c-1daa77ceabe2,e430446d-c189-4d90-8a66-d3f48cad9b68,inverted,2020-02-22 16:38:30.017215,2020-02-22 16:38:30.017215
95bbcb3f-7bda-4344-89fd-d90ec997f879,d20c9d51-063b-4a62-b9b8-1f28a04e9677,inverted,2020-02-22 16:38:31.114345,2020-02-22 16:38:31.114345
e8eb60df-5c35-48bd-a801-49988d6624c2,a17d9b7e-315b-4d5f-9738-f99e22cc244d,with 'Waltz of the Flowers' + ‘Svengali’ teases,2024-08-07 03:34:24.919068,2024-08-07 03:34:24.919068
77acd054-df5e-421a-b6ce-21a83ce55ebb,67e1dec3-90e3-49b7-8479-8a301334129a,inverted,2020-02-22 16:38:36.103837,2020-02-22 16:38:36.103837
ca303e9b-028d-45f6-9cf5-16630567b4f4,eb9901e6-96fb-473f-8b8a-d152476d272b,inverted,2020-02-22 16:38:38.990520,2020-02-22 16:38:38.990520
b90ed208-ed78-4c84-a8ad-23185117fe90,9f238cd4-92d6-4b4b-8cf1-4fe7acb5f7e4,inverted,2020-02-22 16:38:39.274055,2020-02-22 16:38:39.274055
46b523e2-af0b-48f7-8e0b-d2ea0b8ce159,1bda74b2-e496-4921-908a-1558d7de3b56,inverted,2020-02-22 16:38:43.690668,2020-02-22 16:38:43.690668
1c81d2e5-c068-4ab1-a684-a349dd0b3aef,b6e4df12-7b27-4b0f-97b8-599102448b4a,inverted,2020-02-22 16:38:45.940781,2020-02-22 16:38:45.940781
06e50202-1881-4cfb-bfd7-9dc3d14901c8,01d4bc71-c6da-4824-8e11-c60e187b85d2,completes 8/21 version,2024-08-07 03:36:10.794362,2024-08-07 03:36:10.794362
bcc8df2e-ba97-46bd-ae88-c24d38995ced,581208c3-faeb-4909-bd63-e02e6ffda75f,unfinished,2020-06-23 16:41:26.121021,2020-06-23 16:41:26.121021
fcec78f8-8fba-45c8-8c97-f78709513868,a3548718-83e8-495f-a663-dbfe24821725,LTP 7/16/15 (124 Shows) ,2023-04-17 07:22:51.781687,2023-04-17 07:22:51.781687
68cc048d-92a0-4e0d-a789-6520b30d9fa4,3d903d66-5612-444b-9ec2-121c4a2058a4,LTP 10/30/15 (118 shows),2023-04-17 07:23:02.124833,2023-04-17 07:23:02.124833
38bd1137-9cd7-4558-b0b0-ca5ccf769374,9bdc116f-766d-4072-9a34-0c16cc133fb2,unfinished,2020-02-22 16:38:47.219649,2020-02-22 16:38:47.219649
48c37248-e657-4de5-b23d-e4c87613fb2f,4f3dbf0b-9906-4f51-932a-9eac6b61b6af,unfinished,2020-02-22 16:38:47.606488,2020-02-22 16:38:47.606488
9fc411ce-0591-46cb-bb94-1b41d4c8f6ef,75beb80b-b152-4577-a7a5-da8762d35ae2,unfinished,2020-06-23 16:42:19.286974,2020-06-23 16:42:19.286974
43389767-7860-44f4-81af-87bea5dc9d9a,8521db74-8d42-49d9-a540-597dc629320d,unfinished,2020-02-22 16:38:47.979754,2020-02-22 16:38:47.979754
268b0e69-63f6-4fa1-893c-cd0d70a1b65b,c506426a-09d8-46c3-9268-c79f29af2ead,with Al Schnier (moe.) on guitar,2024-02-29 10:13:21.294985,2024-02-29 10:13:21.294985
de4e5eca-3fd9-48a0-b2de-e8829b6bc46a,37f787f7-8857-432b-b32c-3c86c8b8b479,completes 11/14/24 version,2024-11-23 17:39:32.931277,2024-11-23 17:39:32.931277
abb9f3a2-8414-4902-baa4-39bdbcfd1bd1,ed1d5db8-c83c-401e-ae40-53c7617e94aa,"dyslexic (ending first, then beginning)",2024-11-26 10:23:34.923245,2024-11-26 10:23:34.923245
0f6a939d-a68e-412c-b0d8-35e94837439f,09589f86-7c0b-41e4-8c01-8154fe4cadba,"dyslexic (ending first, then beginning)",2024-11-26 10:23:44.292322,2024-11-26 10:23:44.292322
23d50bdd-a983-4081-a79d-6a7043b15a53,5e021c7b-7c1b-4bf6-a6e0-323c44510c07,unfinished,2020-06-23 16:45:11.630515,2020-06-23 16:45:11.630515
8365c59d-eaa7-4442-8feb-085d9a709e80,1a246d1d-f01f-4ae7-800b-5e35fa708ff5,middle section only,2024-08-07 03:36:20.284632,2024-08-07 03:36:20.284632
3becaa24-7fd3-4035-83f8-6e3699b93061,caa96a0d-cd8a-4249-9633-e8abf42b7eae,with Jamie Shields (The New Deal) on keyboards,2024-08-07 19:33:40.375156,2024-08-07 19:33:40.375156
dfe90717-f23e-4676-9496-2a31f83c2def,0dfc5c54-a0e4-4a6f-bd5c-69ff28c4a7cc,with Jamie Shields (The New Deal) on keyboards,2024-08-07 19:33:46.702492,2024-08-07 19:33:46.702492
f78693ea-256f-45b2-b3bb-7a6319115bef,399024a5-4f47-4b65-a094-8b4e0382a2c3,dub version,2024-08-07 19:35:42.620852,2024-08-07 19:35:42.620852
27b4c8b7-ce24-4130-a439-18ddf01e4e68,399024a5-4f47-4b65-a094-8b4e0382a2c3,with 'Peter Gunn' (Harry Mancini) theme teases,2024-08-07 19:35:42.634647,2024-08-07 19:35:42.634647
5b1c4109-c010-4b25-be8e-badcf8a3134e,31b05927-b632-48a2-a918-b63d18d33c81,unfinished,2021-11-20 06:20:48.803326,2021-11-20 06:20:48.803326
9d06028c-0342-4e43-9e7b-68499e384b8d,35cc2cc2-b919-49d8-8ff5-0a8f6d1111f8,unfinished,2020-02-22 16:38:56.507266,2020-02-22 16:38:56.507266
2a359f3a-4079-4968-88cd-159e0ee83904,f00dd022-9871-479a-8dfa-03d33b06e5cf,Audience request,2020-02-22 16:38:59.448394,2020-02-22 16:38:59.448394
1c678918-68c7-4c15-bfb1-87ca37183b73,e6c8d47c-2ea7-4515-8eb3-960473d9da77,inverted,2020-02-22 16:38:50.521839,2020-02-22 16:38:50.521839
e66f8d9f-edfa-47eb-8ef0-eaa56914c3b9,be3d27d0-374e-4e8c-8c71-f8b01655dd07,inverted,2020-02-22 16:38:52.196014,2020-02-22 16:38:52.196014
490b2533-6f44-495c-ace4-7c6a1af3ee0c,85c96ea2-c3e5-4cc6-a44b-01aa63c34c63,inverted,2020-02-22 16:38:59.989728,2020-02-22 16:38:59.989728
2be679e4-404f-42df-a3fe-32eee89a9ecc,76a1f821-aa7f-45e6-aa9a-4b94dd33f595,inverted,2020-02-22 16:39:01.426526,2020-02-22 16:39:01.426526
54d9c911-e86f-4c56-bc13-a7d453919dbb,64712d76-9f92-4ce4-95ed-b1849ffcd0cf,unfinished,2022-01-01 02:57:35.524278,2022-01-01 02:57:35.524278
95627b7b-4c45-4851-86e5-841ff77a7940,0a027ae9-3f8d-4303-a3d4-7a86d25b31af,unfinished,2022-03-05 07:55:24.965402,2022-03-05 07:55:24.965402
69b0d508-d852-40cf-811c-c23e80d097dc,ae860763-9086-4073-8e30-afd5a019107c,unfinished,2022-03-12 01:59:41.233819,2022-03-12 01:59:41.233819
9f54a563-bced-4a85-8968-93a12b7ba21f,64c5991a-0fd5-4f28-945d-ec90c20aac9f,dub version,2022-03-12 02:42:07.670451,2022-03-12 02:42:07.670451
960d536f-9045-4e12-b0fa-49560b920a1f,d1087e55-2d31-4b67-8104-6996022f1fe8,FTP (tDB Original),2023-12-08 13:16:49.101809,2023-12-08 13:16:49.101809
c2daa2a2-8686-4366-9cad-e723441399b4,e8d3fde2-1622-4d3a-b7f6-ea23e5b9aeed,"with 'Voices Insane' bridge, as when played in 'the Hot Air Balloon' rock opera.",2024-08-07 19:36:38.635936,2024-08-07 19:36:38.635936
570a5b34-3a8f-43ea-b0d9-97fda0338928,7b4f7821-9fff-4be9-8931-5a82de8a0fbc,inverted,2022-04-02 03:27:02.581886,2022-04-02 03:27:02.581886
2b0b90d3-18c8-441d-9e98-cc1ea7703d6a,894184f4-a8c8-4e68-bcea-bc5d6c51c901,preceded by 'Save the Robots' fake-out,2020-02-22 16:39:04.253928,2020-02-22 16:39:04.253928
e648edd6-f2ac-4e32-bc66-e0f9e0e81594,ba3eed6e-f858-45d0-ac5b-68151052adf3,ending only,2020-02-22 16:39:04.294580,2020-02-22 16:39:04.294580
d3d61e79-08ab-45b8-ac0b-344683ddb974,b844b33a-c5b5-4b22-9bde-d2a6219f0271,New tDB Original; (FTP 6/27/01),2024-08-07 19:38:07.867415,2024-08-07 19:38:07.867415
ba78068a-8910-4b0a-9c07-8f04aba38a6b,6bc40d4b-e62e-426b-bd19-f8ff9172550e,unfinished,2024-08-10 16:55:35.908128,2024-08-10 16:55:35.908128
aacdbbc4-2820-43fa-b24a-6cb8ca72ff59,26976b90-38ff-493c-b4dc-9346de7a68b0,unfinished,2024-08-10 16:55:46.429748,2024-08-10 16:55:46.429748
03d5ff8c-be04-48eb-a8f1-77315cd033aa,1f485b41-178e-4275-812b-488b0cddb7f9,'Perfume' version,2024-08-10 16:56:09.210412,2024-08-10 16:56:09.210412
e6efc822-85d1-460f-bacf-1ce80c54ae78,1f485b41-178e-4275-812b-488b0cddb7f9,with ‘Sir Duke’ (Stevie Wonder) tease,2024-08-10 16:56:09.225733,2024-08-10 16:56:09.225733
27c7145d-ce88-4a07-a7dc-08c2595cf056,fc9b6d5f-e770-486b-98ab-7114bd416809,Techno version,2024-08-10 17:00:15.141383,2024-08-10 17:00:15.141383
1ae7b326-203b-4575-bc2e-7e16f1e7efe3,69901de3-a72c-45ef-ba0a-b7bbf0a5ebc9,with Mike Greenfield (The Ally) on drums,2024-08-10 17:02:36.840884,2024-08-10 17:02:36.840884
282328a5-b08d-4a3b-9de8-4604fcca4b28,b453a50c-36f0-48fe-9928-4f9e881a4d9b,with Mike Greenfield (The Ally) on drums,2024-08-10 17:02:45.420737,2024-08-10 17:02:45.420737
c0dac834-6fbe-46e2-acd6-9e2dce68a218,2fa35723-4801-40a8-8147-dfb369532645,with Mike Greenfield (The Ally) on drums,2024-08-10 17:02:51.966358,2024-08-10 17:02:51.966358
5a7786d8-cd24-4de0-8e7a-55fe1a015995,aecf251b-c19d-4d8b-b16a-d5917b2e9e0d,with Mike Greenfield (The Ally) on drums,2024-08-10 17:02:58.416537,2024-08-10 17:02:58.416537
06672a81-09ed-4da9-9974-424a13c97757,7799e168-92f1-4962-a9fb-b73c60fcd1a0,with Jim Riordan (Cosmos Sunshine Band) on drums,2024-08-10 17:03:32.053086,2024-08-10 17:03:32.053086
0d8de861-0050-4cb5-899c-d7897f55bb3a,3982808d-53ac-4c9a-9bb3-613837e322f7,with Jim Riordan (Cosmos Sunshine Band) on drums,2024-08-10 17:03:41.313956,2024-08-10 17:03:41.313956
bca6a595-5d41-4e62-b7ba-8810f801fdaf,fbe38137-0582-4ecd-a323-e0256cb54539,unfinished,2024-08-10 17:14:35.270521,2024-08-10 17:14:35.270521
18024f10-2d4e-42ed-baec-5fe4660e1cf1,58a1064f-2ee5-4835-b27b-ac25926344e3,preceded by Hot Air Balloon fakeout,2020-06-23 16:46:15.954047,2020-06-23 16:46:15.954047
bf03750a-8306-484e-963d-4cdff4f9f502,393066fb-dc24-475a-895c-afa5bfbf81e8,Perfume version,2020-06-23 17:01:23.858436,2020-06-23 17:01:23.858436
49969d17-821e-4370-b077-af28b5a94711,66bf58e4-b243-4218-b8e8-ff3582e7538a,unfinished,2020-06-23 17:01:32.297848,2020-06-23 17:01:32.297848
371e751d-4126-4449-9b11-9386f7aabeab,fff7c1b2-7cf1-4b66-9c9c-517e8d72e795,inverted,2024-11-24 02:03:58.298610,2024-11-24 02:03:58.298610
655a000d-16a8-419d-ab9f-6e03e78f33af,aeb21996-d3cd-4053-80cf-9c3e35a78b9a,dyslexic (ending of 8/13 version),2024-11-26 10:26:31.940990,2024-11-26 10:26:31.940990
986763e0-7503-49fd-a02f-03e928f61a9e,b140f355-d0e9-4556-a583-70d663fd2dea,dyslexic completion of 8/12 version,2024-11-26 10:26:57.267820,2024-11-26 10:26:57.267820
edd1d045-a82b-4c45-9da3-60aaba273036,572210c0-2e88-4f74-bd26-801dcced41f0,"dyslexic (ending first, then beginning) ",2024-11-26 10:27:22.810901,2024-11-26 10:27:22.810901
23596b85-7c39-4f7f-b7a5-5fc339a0ab00,2c26ca1f-9ce2-4d34-94f7-4e9efce8a9aa,"dyslexic (ending first, then beginning) ",2024-11-26 10:27:29.941917,2024-11-26 10:27:29.941917
18579a7c-6044-4aac-a656-d08a32802848,48c878a7-2911-4c7e-818a-254f7620d90c,"dyslexic (ending first, then beginning)",2024-11-26 10:28:04.434740,2024-11-26 10:28:04.434740
d914f11b-2afa-4d9a-975e-ea384938b50a,aa093b4f-0fd5-4111-acd9-6e03dee42386,inverted,2021-12-11 21:03:13.903878,2021-12-11 21:03:13.903878
f3b163bc-0534-443e-b034-a5e23b0bdf74,ca1ded59-469e-46a9-9e24-25319456832a,"dyslexic (ending first, then beginning)",2024-11-26 10:28:12.280835,2024-11-26 10:28:12.280835
e027d759-e4c8-470b-a17b-e68164e95203,7d081575-5019-44a9-b001-1af4e99d111a,"with DJ Mauricio, segued out of his set",2024-12-07 20:02:45.561672,2024-12-07 20:02:45.561672
754fd527-cfdc-4319-a49b-d95535c3775b,5a20f8b7-2837-465d-9eb0-6591b757b146,Improvised score to portions of Godfrey Reggio's 'Koyaanisqatsi',2024-12-07 20:02:51.863773,2024-12-07 20:02:51.863773
c6753072-7395-4259-a73c-06271f6dd92d,e346eb31-00f7-4696-b5ec-c4d9c164308b,inverted; with 'I-Man' tease,2024-12-07 20:03:07.956028,2024-12-07 20:03:07.956028
c92f1f38-027c-43c4-8e3d-ad919a51afc0,b08ad900-3762-491c-b780-66b0bb940329,inverted; with 'Sister Judy's Soul Shack' tease,2024-12-07 20:03:27.692467,2024-12-07 20:03:27.692467
b058fa36-0a2e-4ecc-be93-cbe4ad5fcd61,13752b73-1914-4911-8ebe-d0a84c3aa3f7,inverted; with 'Flight of the Bumblebee' tease,2024-12-07 20:03:45.098304,2024-12-07 20:03:45.098304
69154f79-de32-464f-8a39-84142fbdfd0f,9412de87-7ffb-42c0-9393-976ee771faa2,with 'Linus and Lucy' (Vince Guiraldi) tease,2024-12-07 20:03:54.163225,2024-12-07 20:03:54.163225
fb4d9315-8853-4d9b-b5d6-65e023afd996,ac2b2173-8c18-4ea6-b861-a466ab740b76,Improvised score to Disney's 'Alice In Wonderland',2024-12-07 20:04:53.957252,2024-12-07 20:04:53.957252
99270dae-3cef-41fa-8e59-1ac799c5aef9,d19202e8-d2be-4f48-837b-6db828496413,Perfume version,2020-02-22 16:39:18.500579,2020-02-22 16:39:18.500579
29644ed6-e9fc-40da-9721-85a49e0d1fcd,4f0107dc-7f38-4639-8804-dfbb03aa0024,FTP (Vince Guiraldi); Theme to 'Peanuts',2024-12-07 20:05:01.738523,2024-12-07 20:05:01.738523
571d313a-94a3-47fb-abc1-9f5f523168ba,f956bf9b-fcb5-40e8-accf-de0461a396f5,unfinished,2021-12-11 21:04:11.607690,2021-12-11 21:04:11.607690
d9d97e30-546c-4137-bbd4-9b4465f86d17,265f7f55-acf8-4721-b7ab-c097e955bf71,unfinished,2021-12-11 21:04:26.514466,2021-12-11 21:04:26.514466
7cd09a85-c98c-46e9-8bdf-458ba5b2f545,d552691d-49ce-4c18-ac4c-8c93d9db49ff,with 'Disco Bisquick' tease,2024-12-07 20:06:11.448882,2024-12-07 20:06:11.448882
d6644a78-8605-49c0-893d-dd9072d8a8f5,c14def08-c1c4-4a2a-a52c-e71801fe0239,unfinished,2020-02-22 16:39:21.083427,2020-02-22 16:39:21.083427
115c83c2-7ff9-46a1-8f76-5b92595467e7,f6c0eff2-3ec0-4485-80f3-8892ea4d966b,unfinished,2020-02-22 16:39:22.225984,2020-02-22 16:39:22.225984
7bd26583-ec5f-4456-b28e-ff7b5a8eb4e4,349dc86b-6f15-45a1-9c67-bab4af502642,ending only,2024-12-07 20:06:48.533666,2024-12-07 20:06:48.533666
ffa82d9d-aa59-4b90-b697-d66c0433c23c,66bad0f6-1608-4a72-88be-ebb746999bfa,with 'Rhapsody In Blue' (George Gershwin) tease,2024-12-07 20:06:56.516197,2024-12-07 20:06:56.516197
63abc58b-07a7-4540-99e5-0954d982708c,65de7135-fd03-481f-a620-3421c56223b3,with 'Rhapsody In Blue' (George Gershwin) tease,2024-12-07 20:07:05.206873,2024-12-07 20:07:05.206873
bdc23e9e-23ec-4771-943d-1b310ac4026c,be3698f6-0342-47e1-b0c8-1f5ca20f36f6,instrumental version,2024-12-07 20:07:20.508220,2024-12-07 20:07:20.508220
51e70a6c-00d2-4b45-b51e-b714822b304c,be3698f6-0342-47e1-b0c8-1f5ca20f36f6,with 'Basis For A Day' fakeout,2024-12-07 20:07:20.556463,2024-12-07 20:07:20.556463
f5db6cc0-26ba-4eb6-a2c8-b84e00062f2c,70d5a006-068f-4df4-93a5-2b037185389f,ending only,2020-02-22 16:39:26.500487,2020-02-22 16:39:26.500487
ac46f99c-e935-43fd-839e-aeb20a58af5f,626c230b-b03c-4f41-99ef-806f620f12b6,ending only,2020-02-22 16:39:26.782459,2020-02-22 16:39:26.782459
fb323053-be35-4cff-a1cc-fbdb6808407e,d289e823-1c1b-44a5-be9b-1bb6c6b637b0,completes 4/18 version,2020-02-22 16:39:26.938252,2020-02-22 16:39:26.938252
34144246-1481-4f1e-937d-8415408cc382,fa81ecee-5bc9-4b2e-a6fa-52b74bfc2926,inverted,2020-02-22 16:39:07.454141,2020-02-22 16:39:07.454141
891e9774-cfa1-46d9-89a9-20d4a965f6c8,c81feb7c-fbd7-4d78-abb3-1075b90468e4,inverted,2020-02-22 16:39:09.945186,2020-02-22 16:39:09.945186
d8716846-2ef0-4ad6-8b34-8776bdbcf463,f67415d0-f6f8-4798-9b20-1e35ea3b8564,inverted,2020-02-22 16:39:10.439894,2020-02-22 16:39:10.439894
ad7e9080-4522-4b1c-8b14-e7cea6983a1a,2b7064ce-e77a-474f-a8e4-97d813dc1b47,inverted,2020-02-22 16:39:12.630033,2020-02-22 16:39:12.630033
860c9c79-7bfe-45f7-bb46-ba842f784f21,0fc882bc-9e76-4558-ac3f-ea879e342f73,inverted,2020-02-22 16:39:20.058512,2020-02-22 16:39:20.058512
ad2648db-474b-4a37-ace2-84dd5f3f053b,957d1a84-1b07-4c4b-b83b-4441014fba93,inverted,2020-02-22 16:39:20.500526,2020-02-22 16:39:20.500526
29d61674-1f2a-48cd-89f6-18955bd090f9,3c18dd1b-88f5-40fa-a9ff-9818fbcb03c3,LTP 7/12/97 (189 shows),2023-04-18 15:42:13.272432,2023-04-18 15:42:13.272432
24ab91a6-f217-4192-a7d3-7e36d8625057,a0a979f2-2a1a-403b-b9fe-6257ba93286d,inverted,2020-02-22 16:39:21.626504,2020-02-22 16:39:21.626504
80cc33d5-93cc-4fdf-a38b-ae8b8b4c9e79,956e780b-48fb-4fe4-bf9d-f0ec4942b459,inverted,2022-01-01 03:22:49.067823,2022-01-01 03:22:49.067823
da3dc700-56d2-491d-b39c-8ea696a09efa,2794f0aa-3566-43a6-b821-23f39e0dc00e,inverted,2022-04-02 03:48:37.180790,2022-04-02 03:48:37.180790
f165d1e5-e0a0-44c1-b86c-cc29aa1c51ed,ae7f68ec-00cd-49f3-92e5-048aaef6601a,instrumental version,2024-12-07 20:07:27.468756,2024-12-07 20:07:27.468756
6ed4fa12-8e30-434e-9ad1-51b8d532e9c0,ea05073a-1810-43de-9d79-99e1530e2600,with '7-11' vocal tease,2024-12-07 20:08:27.761051,2024-12-07 20:08:27.761051
b39e86ed-e010-47a4-9962-ee10ef839ae4,f1a76a0a-076f-428a-81bc-5b581c338874,"dyslexic (ending first, then beginning)",2024-12-07 20:08:41.778250,2024-12-07 20:08:41.778250
e257806d-adc5-4a21-8bf3-3d1cf9a6b312,3d1bf342-351d-45a6-b02c-5f7401e03012,"dyslexic (ending first, then beginning)",2024-12-07 20:08:48.289221,2024-12-07 20:08:48.289221
888496ce-e2fa-4659-bea5-f5e8639278b4,af4ebbf1-566d-458c-9c43-366aa52b3f28,with 'Astronaut' tease,2024-12-07 20:11:12.010746,2024-12-07 20:11:12.010746
8cb37bb3-40a6-4e83-ab35-73a2642e2996,dbe18868-2773-48b9-b025-2b8a952a523c,completes 8/22 version,2024-08-07 03:33:54.900904,2024-08-07 03:33:54.900904
ab19740b-910b-45ef-bbf3-9e8a6aef295d,77373844-ad59-497c-bf66-0f560edbef55,dub version,2024-08-07 19:36:10.998702,2024-08-07 19:36:10.998702
56d40f46-3c57-4a35-9559-2c1cc4298f54,4117cdc9-cfd1-445e-973b-3145ca566edd,unfinished; with Jeremy Salken (Big Gigantic) on drums,2024-12-09 23:09:00.025038,2024-12-09 23:09:00.025038
d286c376-ef77-4011-a696-8c9ca84f3914,94028506-6e93-46f6-9a67-b87490c38560,with ‘Trap Door’ teases,2024-12-17 20:55:38.259830,2024-12-17 20:55:38.259830
5f99cbef-e101-4846-ac4d-31f7a440ee17,938aa58b-d948-4408-82e6-3b3fb0e6269c,middle only,2020-06-23 17:03:57.099690,2020-06-23 17:03:57.099690
7b40c424-9af7-4844-a755-e17c358ffa30,7df6cb73-1a9b-4e4a-921d-3332af52a698,unfinished,2021-11-21 14:07:59.271618,2021-11-21 14:07:59.271618
8138cae3-5c25-45e3-ba9c-c45d1751f089,9579003f-cc12-4dcb-87c7-bf99ac9a8271,with ‘Show Me Love’ (Robin S.) samples ,2024-12-20 17:31:16.066802,2024-12-20 17:31:16.066802
512d4740-f62b-4f35-8f3a-e98fc2041396,7f71b517-98d0-4bce-8243-2e7afc1546b9,unfinished,2021-11-21 14:08:48.918216,2021-11-21 14:08:48.918216
cdab7014-ddc1-4fcb-8ed6-a06a43c44ed1,6380fa57-cb87-48f1-8042-30543d2c4510,inverted,2021-12-31 05:59:29.811566,2021-12-31 05:59:29.811566
4f26fe33-cc06-4736-9dd3-d927e7725892,7fc389a2-4972-4dc0-8da8-d419cf15e979,Excerpt only. Part of 'History of the Disco Biscuits 2.0'.,2022-01-01 04:45:47.930185,2022-01-01 04:45:47.930185
5316dc32-c34e-4a9e-b191-fb067f51ddb3,2375fb39-8c3c-4b03-8bf3-250c266d55d3,Perfume version (Hip-Hop style),2020-02-22 16:39:36.354852,2020-02-22 16:39:36.354852
cefd95b5-d5dc-485f-ae69-4dd858c8444f,1c079b32-e940-4a9f-80cb-513895706de4,Perfume version (Hip-Hop style),2020-02-22 16:39:36.481123,2020-02-22 16:39:36.481123
96545b62-0dcb-4edb-bf12-287fc4bbdc14,6082ea1e-a191-4c89-aa55-f8ff5a7b872e,Perfume version (Hip-Hop style),2020-02-22 16:39:36.669608,2020-02-22 16:39:36.669608
64764f81-1f4f-44c9-98ca-fb65df2dbf2b,1b5f0424-ec8e-47b6-be0e-1c417da1b3ad,Tractorbeam version,2020-02-22 16:39:36.790178,2020-02-22 16:39:36.790178
f784436a-c67c-4434-8b87-f9a3b728f65d,15e2734a-4045-405a-9525-e387fa94d749,Perfume version (Devo style),2020-02-22 16:39:36.864110,2020-02-22 16:39:36.864110
d2e4bd31-13bb-4c02-b4fa-8efc8587c7c8,14d5bcf2-a133-4412-a914-33982c61e033,Tractorbeam version,2020-02-22 16:39:36.979155,2020-02-22 16:39:36.979155
1774e32b-4b8e-446f-b45e-bb3fdf58430b,5d7397da-413c-4865-8fad-3ce21af853d0,Perfume version (Techno style),2020-02-22 16:39:37.108454,2020-02-22 16:39:37.108454
6eaebac7-1683-4ab0-98fb-4fce1fb7c34d,86dc5d6e-2fca-4190-91ae-35d49078af32,Tractorbeam version,2020-02-22 16:39:37.195588,2020-02-22 16:39:37.195588
380f9b56-4d0c-4a8d-ae1f-6ce4626780af,86dc5d6e-2fca-4190-91ae-35d49078af32,with 'Technologic' (Daft Punk) jam,2020-02-22 16:39:37.220764,2020-02-22 16:39:37.220764
fd1e371e-e45e-4adb-aa0e-df7fb001eab6,7ab226c1-1d38-40d8-9825-d57bbd5b7bad,Perfume version (Calypso style),2020-02-22 16:39:37.316273,2020-02-22 16:39:37.316273
705127bc-c192-492b-88af-0abf619eac90,d5b5be0b-73c7-4a65-a803-bd18e2d0bbd7,Perfume version (Honky Tonk style); with Sam Altman on drums,2020-02-22 16:39:37.537242,2020-02-22 16:39:37.537242
72b90ce4-d218-4fbb-ba6e-34d79dd066cc,ffd227da-5a6a-44fb-95d1-c47e6843d09e,unfinished,2020-02-22 16:39:37.779682,2020-02-22 16:39:37.779682
8eddc805-6427-4051-b50c-286a6cda87d9,53b2116c-1e11-41a8-9de5-c92d5af2f694,inverted,2020-02-22 16:39:37.858350,2020-02-22 16:39:37.858350
26a08f06-edb5-45d7-8e74-c4666e495b29,5307ba7a-839e-4d5c-ae6a-34f42251f241,dyslexic,2020-02-22 16:39:37.939873,2020-02-22 16:39:37.939873
09aa58da-5df2-440e-9063-f263f901ae6d,1cc2d9e3-2e4d-42db-8336-5b42d532bf0b,dyslexic,2020-02-22 16:39:38.044934,2020-02-22 16:39:38.044934
1521fbf2-2645-4070-9603-d96fa7b5a535,fa59568f-622a-4213-b2c9-73afb2cb382c,unfinished,2020-02-22 16:39:38.886011,2020-02-22 16:39:38.886011
ca83dfdf-3d29-43e2-9cd2-d4b8e7c55442,dcd4ccd6-f854-4156-a798-2c5723159b88,completes 7/16 version,2020-02-22 16:39:39.173929,2020-02-22 16:39:39.173929
98cdb2c8-06b1-4bfc-a1ed-4c6cd4b38d40,04214bd3-c444-43c9-91ec-4ecbc8c6f243,unfinished,2020-02-22 16:39:39.571738,2020-02-22 16:39:39.571738
97453559-f9d8-4088-97b1-d671d179e4f3,1ede6728-41b5-4486-9df0-cb3c9193798c,unfinished,2020-02-22 16:39:39.996566,2020-02-22 16:39:39.996566
512b084a-7ef5-4123-9489-91bc61a3bcdd,232ea0f5-0fb0-4258-99ee-f216d2ddea7c,inverted,2020-02-22 16:39:40.090304,2020-02-22 16:39:40.090304
7bff71de-700f-43e8-94aa-b97b0e1d0ca9,3723dc83-156e-4fd4-b32d-f92ce4a6d481,"Segued out of Orchard Lounge set, power goes out on the left side of the stage for 14 minutes at 23:59",2020-02-22 16:39:40.600482,2020-02-22 16:39:40.600482
98e3086b-010a-4538-9569-c4cf5253e5f5,aae0eb7f-17f8-4806-9eeb-45bc656610ec,ending only,2020-02-22 16:39:40.680416,2020-02-22 16:39:40.680416
91bb0a86-2002-49b7-8989-3422b0bfe502,88338e54-94b6-41cc-85cb-e4185bdd684e,unfinished,2020-02-22 16:39:40.875901,2020-02-22 16:39:40.875901
f3bea09d-1953-4008-8b8b-c23eb4dbef72,2d43b2bc-e073-4d06-b2e9-1124208331fa,middle section,2020-02-22 16:39:40.962713,2020-02-22 16:39:40.962713
c8d965eb-3d84-4f75-96f9-047fe86f4794,77373844-ad59-497c-bf66-0f560edbef55,unfinished,2024-08-07 19:36:11.015682,2024-08-07 19:36:11.015682
0757789f-5756-4a87-92df-827ddd11a2f3,7a78e123-d2c5-49ab-8911-79c50099d7e2,FTP (tDB original),2024-08-07 19:36:57.296614,2024-08-07 19:36:57.296614
a830fd87-4bac-4ee9-a585-58e3e6b67cd5,48bf279d-263f-4255-8c5c-a86622dfc3f7,unfinished,2020-02-22 16:39:42.629541,2020-02-22 16:39:42.629541
3859bcf7-abdb-4632-8024-dbf0d0a9e0ea,5e3ec517-e3ac-43ec-aa01-32a4536cb1f4,dub version,2022-03-12 02:20:51.980293,2022-03-12 02:20:51.980293
27e0c259-48ed-4593-ba92-e44e6b436ee5,ffd4bebc-0c61-4669-b08d-d3ecf8ae480f,unfinished,2020-02-22 16:39:43.016588,2020-02-22 16:39:43.016588
a7d97d44-efd5-4e4a-b922-46aaa04c9286,7a2f9fb2-4121-4067-a50f-359cf4f2a8a7,dyslexic,2020-02-22 16:39:43.315338,2020-02-22 16:39:43.315338
a82dcf9a-1224-4a59-8aba-18e491580fd2,2d654be6-58a1-47b6-a914-e36c0c5dfbfe,dyslexic,2020-02-22 16:39:43.364929,2020-02-22 16:39:43.364929
f6f76462-8a86-4629-aaff-9efe880a997b,85f5ecd0-d054-41d0-abd6-d657b6f4c8f6,unfinished,2020-02-22 16:39:43.499183,2020-02-22 16:39:43.499183
4d6ceaf8-28f6-45bb-9757-524b7e80217a,9ee95692-29f6-4a74-a976-3efaf437f9ca,inverted,2020-02-22 16:39:43.537360,2020-02-22 16:39:43.537360
437c98e5-c06c-42f9-85e1-aae7d8a9ca29,46e54049-1d15-43c4-82bb-d63b29b4809c,inverted,2020-02-22 16:39:43.930309,2020-02-22 16:39:43.930309
8ba03e9d-e090-4bf8-ad0c-b8c4a097ddc5,7f759751-b738-4a4a-a383-bb8ace3441f9,ending only,2020-02-22 16:39:44.056199,2020-02-22 16:39:44.056199
70110ce2-892c-4c8f-bd54-52d34381bca6,8508ee46-8374-4232-9cda-bef004203394,unfinished,2020-02-22 16:39:44.788793,2020-02-22 16:39:44.788793
6739610b-6954-49cb-a80a-6dfe51358b1a,5e581119-fd9a-468e-a44e-ab28c8930c2b,unfinished,2020-02-22 16:39:44.880864,2020-02-22 16:39:44.880864
bd58c7fd-67fd-4daa-94ac-7a70b15a57ad,9cb70273-0238-422e-b12c-987c5617d04d,unfinished,2020-02-22 16:39:46.271249,2020-02-22 16:39:46.271249
b655da5d-0262-4191-8f23-4accb52a1a3b,79331c9b-e34c-470e-ade2-92bca2601cf0,inverted,2020-02-22 16:39:27.418779,2020-02-22 16:39:27.418779
03e542e5-2d55-4c5f-a35a-9de14e6bf27c,c3f16f48-fdd9-46c9-b6aa-c5025212e99e,inverted,2020-02-22 16:39:27.842279,2020-02-22 16:39:27.842279
789234d9-0ca9-4db8-9c18-5967b3a98956,fae6269e-89c0-42ad-b3f9-157318bc116d,inverted,2020-02-22 16:39:28.420425,2020-02-22 16:39:28.420425
1403f689-f67b-499d-b6db-3235884e789d,dd7ea1b1-d721-494b-b741-2a24780ebe0d,inverted,2020-02-22 16:39:30.140656,2020-02-22 16:39:30.140656
1df3163d-833b-476a-be8e-50633a968c6e,f24c797d-57d4-4e5f-a57e-864cf8d790ca,inverted,2020-02-22 16:39:31.718122,2020-02-22 16:39:31.718122
308eee7c-3494-4cf4-96f3-5a223e791aba,7a78e123-d2c5-49ab-8911-79c50099d7e2,ending section to ‘Bernstein & Chasnoff’,2024-08-07 19:36:57.315581,2024-08-07 19:36:57.315581
0e909df1-ec0d-4782-885f-c1239f5e54d1,b294fdee-0596-4d1b-836c-80d67966cffd,completes 6/25 version,2020-02-22 16:39:46.761983,2020-02-22 16:39:46.761983
2d909911-7bc2-4f4e-a859-7647a6a7a5a3,daa616d6-3aa3-43ad-b11c-1c1c34c6c7db,inverted; with 'Floes' tease,2024-08-07 19:40:00.363278,2024-08-07 19:40:00.363278
a2d807ed-07d8-4589-a0cf-d72f058fa17f,d7176dd2-aca5-4efc-bcea-d47afbae33ed,LTP 10/23/00 (124 shows),2023-04-18 15:55:56.841655,2023-04-18 15:55:56.841655
3ba38ed1-8719-419c-acc4-061245220f64,68c17fd4-5b80-4135-8b6b-b58e56d151c3,LTP 4/3/2001 (168 shows),2023-04-18 16:01:42.426290,2023-04-18 16:01:42.426290
e15197ca-cf0c-4894-86f9-c4c17ab777b4,77066946-25b6-42e9-ac1e-6a49a2f289d4,unfinished,2020-02-22 16:39:47.716262,2020-02-22 16:39:47.716262
07eaec82-2bf5-4d3c-9aa5-c8bad746dd80,5299b564-039e-4796-940c-3bacc12d4aba,unfinished,2021-12-31 06:03:32.138818,2021-12-31 06:03:32.138818
176f81a0-7b34-4a18-afc0-0489032d8242,fcaccc0a-3ddf-4aaf-b720-7e1b667aeafe,unfinished,2020-02-22 16:39:48.084210,2020-02-22 16:39:48.084210
5289a69c-bf5e-43ab-80b6-eb0734eaa78c,9cfb561d-1f4b-4544-aa1a-66bf8181e573,unfinished,2020-02-22 16:39:48.188491,2020-02-22 16:39:48.188491
055f396a-3430-4ddf-9bd6-17d4dd0ef29b,c7389cf8-6646-472f-9ebc-41159e102cea,Excerpt only. Part of 'History of the Disco Biscuits 2.0'.,2022-01-01 04:55:44.817425,2022-01-01 04:55:44.817425
848afc3b-ee81-413e-b35b-00efba575971,87ffc053-bacb-497d-b35e-1e6ccb90ced2,inverted,2020-02-22 16:39:48.750142,2020-02-22 16:39:48.750142
a3da7134-4d3b-4420-b268-334ad424857a,56273e4d-b3be-4b4a-863f-6222a531195a,inverted,2020-02-22 16:39:49.447967,2020-02-22 16:39:49.447967
f3a6e9c8-c3c3-467f-8392-50a0511e92d4,cd0d50e6-e173-4aad-97cb-f0990314ae04,unfinished,2020-02-22 16:39:50.590587,2020-02-22 16:39:50.590587
b1910a1f-d502-4936-a829-97eee0f09202,430d1080-c9fc-4643-a93a-d821ed654036,with Dom Lalli (Big Gigantic) on saxophone,2024-08-07 19:46:25.988225,2024-08-07 19:46:25.988225
41109e8c-80bd-4cb5-a3c7-275d6b7e3b5b,db9d35d1-8e56-4f9c-a4d5-521350a6c385,with Dom Lalli (Big Gigantic) on saxophone,2024-08-07 19:46:45.147033,2024-08-07 19:46:45.147033
6b334eca-c19b-42a1-b765-c6f02cec3a9d,12ea9e0c-a774-49b5-9043-6e8436bd4a05,unfinished,2020-02-22 16:39:51.531517,2020-02-22 16:39:51.531517
62dcb0eb-beba-4cb7-9922-d4028a01c1f8,dd88bf89-933f-444b-a8f8-5e25faacf60f,with ‘Sound One’ fakeout,2024-08-09 02:40:19.477561,2024-08-09 02:40:19.477561
6237e10d-9700-4cca-859b-4b4731a91639,1aae2afe-004e-4a00-b709-11479f875e34,LTP 4/7/1999 (323 shows),2023-04-18 16:03:20.862758,2023-04-18 16:03:20.862758
e4886f5e-e8a6-4f5b-ad0d-a06831de460d,05d51594-570d-4df5-9f86-2e9248901a29,unfinished,2020-02-22 16:39:52.192707,2020-02-22 16:39:52.192707
323caf64-7148-4239-a2fb-6c3ec621fdbe,c1f2834a-e0fb-48bf-a88e-92603b9f6f23,middle section only,2020-02-22 16:39:52.635185,2020-02-22 16:39:52.635185
ca4b1915-13dd-47a2-ba56-ac38ad77e864,6c5fac24-8469-400a-9e84-64de4f61b621,unfinished,2020-02-22 16:39:54.262612,2020-02-22 16:39:54.262612
bc2d00cc-6897-4d00-bd86-b1a0ba95ac57,c12ec621-a339-4144-a702-0df37c88d6a5,inverted,2020-02-22 16:39:54.619235,2020-02-22 16:39:54.619235
554e0665-cd90-4059-ba9a-f75e4666a3c6,28f297b4-382b-486f-acd7-5a694652d197,"After Law and Order Theme, Sam Waterston (star of the show) came out and introduced the band",2023-04-18 16:04:53.832967,2023-04-18 16:04:53.832967
16f68784-1223-4f73-bd32-00adbcbb7640,6545dd9f-b350-476a-be72-9241c1c2f60d,inverted,2020-02-22 16:39:55.290149,2020-02-22 16:39:55.290149
da1d62cd-b9a1-4662-8a6d-a70d2eb5ceca,28f297b4-382b-486f-acd7-5a694652d197,LTP 3/21/1998 (516 shows),2023-04-18 16:04:53.841578,2023-04-18 16:04:53.841578
9569b20f-59e5-433a-bfd8-aa8a06f13857,7ec1accf-1df8-4223-8330-2da2c90d4ef5,ending only,2020-02-22 16:39:55.903159,2020-02-22 16:39:55.903159
7f2ff648-32e0-487f-8a76-25c2c64a2033,0d3a2c30-27eb-4987-91c9-23c844023899,inverted,2020-02-22 16:39:56.714608,2020-02-22 16:39:56.714608
e18b2bed-e38a-4420-b44c-5274455629ca,bca70f44-169f-4e5b-b4df-354f527e583e,inverted,2020-02-22 16:39:58.494810,2020-02-22 16:39:58.494810
24a8183e-b9ac-45df-82f7-11fa49e7926b,4c816830-99bf-4501-aa8d-7f6fee7d708f,with ‘Nughuffer’ teases,2024-08-09 02:47:11.006379,2024-08-09 02:47:11.006379
2c9a0e81-2283-4c36-b11b-c51195b1d93d,a2b000d2-fb6f-4f25-8a38-0423ce54c2c0,unfinished,2020-02-22 16:40:00.021745,2020-02-22 16:40:00.021745
5d1005af-1f0f-4007-b9ff-a4aa0fe9198d,72de5ef6-b4c9-4f74-84fc-857dfd478fbc,dyslexic,2020-02-22 16:40:00.847183,2020-02-22 16:40:00.847183
d7893b6b-8940-49a3-ad5d-dcd3bdccf2b8,ff99b6ed-e11a-4725-af80-16babb8d45fe,inverted,2022-03-12 02:42:21.466338,2022-03-12 02:42:21.466338
cb4e7fd3-8fdf-4bc8-ab75-eff6f5d51810,9ada69fe-97cf-4e6b-8689-4b5a61a83025,ending only,2020-02-22 16:40:01.679636,2020-02-22 16:40:01.679636
b5c5c98e-20cd-4085-a5bc-e183c1ca48e7,b468df7b-8da6-406c-9a21-d69de8064406,inverted,2020-02-22 16:40:01.842970,2020-02-22 16:40:01.842970
a5e1072d-26e1-46dc-8192-36417ba38c0a,a65a2965-fcb9-4f6e-b9bd-a23f2d00689c,unfinished,2020-02-22 16:40:02.258535,2020-02-22 16:40:02.258535
7e4cd34d-ff78-4c8c-9f68-8c34ca41cd03,7c97a2b9-ea6e-4287-9f02-730a48ece7dd,ending only,2020-02-22 16:40:03.626604,2020-02-22 16:40:03.626604
e70aff34-653e-4629-af00-422b465f816b,1d89a481-94a5-4ab1-a647-98d5c294a5a4,unfinished,2020-02-22 16:40:04.398586,2020-02-22 16:40:04.398586
d7d70158-8c8c-48ac-b9ab-bcc34c6907ca,d09c62e2-167a-4354-8565-17eb71af25e2,inverted,2020-02-22 16:40:04.921921,2020-02-22 16:40:04.921921
00367372-437d-48de-aab8-82a4a3504201,9b245204-67ca-439b-a8a1-724d62c9acae,ending only,2020-02-22 16:40:05.040972,2020-02-22 16:40:05.040972
cf33f491-9571-4e86-8ce4-2d261e262668,65c503de-f648-4e74-be36-c657183727a2,completes 4/4 version,2020-02-22 16:40:05.528611,2020-02-22 16:40:05.528611
5a082465-e537-44b9-be27-ec25492caed2,341f1a55-c601-471f-8b15-1344eab95ec6,unfinished,2020-02-22 16:40:05.632184,2020-02-22 16:40:05.632184
b15e3a38-a851-4d11-a19d-6be7d965e918,3d0aecd6-eedb-4ef6-b6b8-d8246dbc2f4f,unfinished,2020-02-22 16:40:05.733965,2020-02-22 16:40:05.733965
2a4a7355-d9a7-4a2d-a03c-e60a16109b7c,5641f5e7-4065-4b42-8a62-1ffe7a928801,inverted,2020-02-22 16:40:07.337524,2020-02-22 16:40:07.337524
54ebcf1f-afa1-4376-8329-64df673a25cc,8db7066c-a825-40be-b9d5-f60f034265f7,inverted,2020-02-22 16:40:07.467864,2020-02-22 16:40:07.467864
b07b714d-e432-4934-94a0-c34c94837a7a,f510f7df-1a7c-4063-b23d-ea827db6fa9a,unfinished,2020-02-22 16:40:08.507098,2020-02-22 16:40:08.507098
b6a71c59-d1c9-4b4c-afd0-6e4add81988e,02bbeba0-6590-4c14-81bf-07e6e828f6ef,middle section only,2020-02-22 16:40:09.536997,2020-02-22 16:40:09.536997
1c3729c6-ccca-43e0-9b1a-8dd0295e3974,58d8be20-7b6a-40ac-bd2b-aca3e8524946,unfinished,2020-02-22 16:40:09.729555,2020-02-22 16:40:09.729555
1d8ca908-fd57-4ba3-bb1c-d84b4b2f8183,45a8869a-f2bd-4ab9-88fa-99ad0f96eb9c,inverted,2020-02-22 16:40:09.991598,2020-02-22 16:40:09.991598
55de64e6-61dd-4eb9-be0c-c6cc79ce7ca3,8dc5733e-9122-4d6c-8c84-984f84600ad1,ending only,2020-02-22 16:40:10.098258,2020-02-22 16:40:10.098258
d1706a7f-0735-432f-a1af-e6928c70e940,e831e30f-1b46-4e1c-b5db-813b4016cb14,ending only,2020-02-22 16:40:10.450281,2020-02-22 16:40:10.450281
a2638148-c98e-48b1-bc74-06b1bbb4e329,07fec40e-d7d8-4f82-a6b4-4028bf9e3fc7,unfinished,2020-02-22 16:40:10.588539,2020-02-22 16:40:10.588539
b4339e75-2f49-4732-bcbf-1faa63afe39a,5c914882-736b-4a9f-915a-f4597058bdcf,completes 2/27 version,2020-02-22 16:40:11.574920,2020-02-22 16:40:11.574920
71da453c-9be6-499c-b29d-3c4824e75397,a66a051a-5b6d-446e-ba21-4530a693b298,dyslexic completion of 2/27 version,2020-02-22 16:40:12.050082,2020-02-22 16:40:12.050082
190c9c72-cd72-4215-aeb5-7328e9bc3393,bace5c28-a986-4026-ba5f-8eeb659f6c1f,completes 2/27 version,2020-02-22 16:40:12.220620,2020-02-22 16:40:12.220620
adb06ee6-c07e-4de9-9318-fe9df2faeb9f,2c28a59a-0659-41ea-b74d-71b35d0c8ae9,unfinished,2020-02-22 16:40:12.496839,2020-02-22 16:40:12.496839
ae43b788-f493-45b6-b5c1-ab4ab2076fcd,cc84f827-ee84-4ef3-90f8-34fac7d58682,ending only,2020-02-22 16:40:12.638178,2020-02-22 16:40:12.638178
a9b1eb41-ee4c-427a-9ff4-bb96a079fb04,5fc35ced-1a3b-4794-9e3f-2097db0d66cb,unfinished,2020-02-22 16:40:13.064688,2020-02-22 16:40:13.064688
78a66d3e-feee-42fe-a8ac-519639bee704,937d5a44-b6bc-4a59-bc24-86e34d3f0eed,unfinished,2020-02-22 16:40:13.178289,2020-02-22 16:40:13.178289
a9dfaff1-6644-42de-99dc-68431a136014,8ef65a88-4909-4696-9dea-a59a9ff3791e,middle section only,2020-02-22 16:40:13.421983,2020-02-22 16:40:13.421983
c47b387e-537c-4c55-9a25-4e78dda8f62e,ad9c7f9b-3d5c-4b02-9f42-e29645e33cad,unfinished,2020-02-22 16:40:13.514513,2020-02-22 16:40:13.514513
27307dfb-7503-4d4b-a888-f1038c7a0732,516f092f-63be-4b02-847d-5ae0ee39adba,ending only,2020-02-22 16:40:16.070065,2020-02-22 16:40:16.070065
fe0492d0-ef4a-48d9-a380-226d26e58db4,f3fc5f1b-8d3f-4286-a15e-153460808e3c,inverted (middle section),2020-02-22 16:40:16.618288,2020-02-22 16:40:16.618288
2b10f8a3-4132-43d6-ad07-60be098bf452,e4f71fee-6dd2-42b1-96e8-b7574e6620f5,inverted (ending/beginning),2020-02-22 16:40:16.844278,2020-02-22 16:40:16.844278
c974f136-8c09-445e-b385-8098a3817a5d,f1ac572c-65a9-4907-8a00-f90d441afc73,dyslexic,2020-02-22 16:40:17.599179,2020-02-22 16:40:17.599179
f69dc604-895b-483a-9213-3ff4e5d1bece,24a432de-320c-43b2-b28c-e48942577fbb,middle section only,2020-02-22 16:40:17.989359,2020-02-22 16:40:17.989359
9a620868-8a34-4c55-b3e9-55350b50b5d7,6d3458b7-2437-4a7d-bb1a-f4ef878f35bb,with 'Basis For A Day' + 'Spacebirdmatingcall' teases,2024-08-07 19:39:14.401667,2024-08-07 19:39:14.401667
ab8a8569-dad4-4faf-a083-c7ccf671fcdf,ddf11642-bbfc-407f-a34a-4185ce420ccf,inverted,2020-02-22 16:40:18.722448,2020-02-22 16:40:18.722448
670fd41d-2488-4d50-9464-12459ed453e0,5f16c554-668e-4d0b-be42-808eb26e0281,ending only,2020-02-22 16:40:18.777870,2020-02-22 16:40:18.777870
43bd0bdc-2ebf-432f-b919-9f8a66509e8c,ef32c274-a371-48f1-bb74-1e76441e967d,inverted,2020-02-22 16:40:19.182209,2020-02-22 16:40:19.182209
00af030f-7fb7-4cd7-99fc-61fbd5642203,c253f10e-8930-4e76-928f-47efe2873d0d,ending only,2020-02-22 16:40:19.303795,2020-02-22 16:40:19.303795
67ba7681-3f20-4ec1-9367-261cb3da8e29,f7af2547-a83f-4340-8b7b-4307e9ca8d6f,unfinished,2020-02-22 16:40:20.586449,2020-02-22 16:40:20.586449
de1ddb38-6b7d-4b8e-9ab4-dbe263047ceb,3e7cbb3b-c0ef-4334-accc-9a726274a177,inverted,2020-02-22 16:40:21.370357,2020-02-22 16:40:21.370357
52858fd2-2a6c-4b6c-913b-e52a897d4a6c,1e3d6932-dff2-4e4f-b998-77b2357ebf57,inverted,2020-02-22 16:40:22.221100,2020-02-22 16:40:22.221100
57f5c6f9-c415-46f3-b1d9-a6258bc86f37,c8229abb-d05b-4dab-9a9a-5d4b2896a49d,ending only,2020-02-22 16:40:22.324320,2020-02-22 16:40:22.324320
b8d36d32-3391-4747-8130-2a7f30fe0fe3,d6a86599-c580-4bbb-9064-d761f0b1812e,unfinished,2020-02-22 16:40:23.434412,2020-02-22 16:40:23.434412
572c8a7f-fe81-4f4b-8c94-29fe4ed7d7d6,d6a86599-c580-4bbb-9064-d761f0b1812e,Perfume version,2020-02-22 16:40:23.462164,2020-02-22 16:40:23.462164
81214d07-04ca-447b-87e5-d718d2ae509f,fa6ab6ef-e17c-43f7-9735-57c08bcf8d43,unfinished,2020-02-22 16:40:23.732610,2020-02-22 16:40:23.732610
33c30c5c-ec3e-45c3-9c93-4fee58d92e00,8e9b8e7f-f694-4959-ab1e-a6394cf83e81,inverted,2020-02-22 16:40:23.843839,2020-02-22 16:40:23.843839
25cdd86c-3cdc-4b06-839d-c648bc2edfff,6d3458b7-2437-4a7d-bb1a-f4ef878f35bb,with 'Confrontation' fakeout,2024-08-07 19:39:14.429034,2024-08-07 19:39:14.429034
be64f5d0-429c-4088-8424-17c8ae329180,6b9684be-1856-49c6-99cf-f44b3925174e,unfinished,2020-02-22 16:40:25.286402,2020-02-22 16:40:25.286402
828a6705-f50e-4ff2-8c83-ab33d8278a81,664f827c-b451-4f76-a86e-d3ed6b73e7c6,middle section only,2020-02-22 16:40:25.564479,2020-02-22 16:40:25.564479
0065af41-5143-4edc-aeed-168a963e0586,85d5c6c6-fb6e-4d3d-9f5f-b72202a23516,inverted,2022-04-03 01:47:19.922764,2022-04-03 01:47:19.922764
51b86fff-1964-4bf5-a943-8db58bf34808,558aeb18-ef3c-44ba-8aab-e11841b15fd1,inverted,2020-02-22 16:40:26.516243,2020-02-22 16:40:26.516243
3acf6208-5c4a-4247-888d-1c2214eb8626,5e01b65a-b335-4038-b080-ff1a63ec3f84,inverted,2020-02-22 16:40:27.422952,2020-02-22 16:40:27.422952
44c9db04-d032-48ba-956d-c341c1b271c4,99e7bb0d-dae1-41bc-8752-6047867cf210,inverted,2020-02-22 16:40:27.493590,2020-02-22 16:40:27.493590
760abb2f-d0a5-4983-b515-23a97c2ca924,6c081c25-31c1-47fd-9ad8-7eea893fca20,completes 1/25 version,2020-02-22 16:40:27.579480,2020-02-22 16:40:27.579480
7ab9e3aa-2a66-4784-b5ce-02da14ca25a6,d0222616-aca5-4113-8354-8fa961a5c584,unfinished,2020-02-22 16:40:28.220198,2020-02-22 16:40:28.220198
9b0c994a-3d1b-4975-9a0e-0440c49f0d26,7406bfbd-d75a-460d-bb9d-5a55146af08b,ending only,2020-02-22 16:40:28.333585,2020-02-22 16:40:28.333585
3599cc8f-6f55-4095-a142-5d3674f6adcb,68f43b52-76c9-4c31-8a1d-05c887827d25,inverted,2020-02-22 16:40:28.677946,2020-02-22 16:40:28.677946
4eb932ce-fd2a-4be7-9374-d3b5aea045cd,429dbd24-3070-423f-a4ce-8e69eebc53b5,unfinished,2020-02-22 16:40:29.022441,2020-02-22 16:40:29.022441
7084a24f-e042-4649-92ee-4446b01dfcdd,e71c7528-1135-46c9-8dc2-90e0d653febd,inverted,2020-02-22 16:40:29.272736,2020-02-22 16:40:29.272736
e11c7f0b-eca7-4dd6-9e2b-89dedd70fca7,f5fb15a3-a39e-464c-9bb9-238ce7c51e0e,inverted,2020-02-22 16:40:29.350490,2020-02-22 16:40:29.350490
74103993-fd9a-47de-90ec-c7375e387b60,7ef652a3-0d35-482c-bea4-fdb1a59990c8,unfinished,2020-02-22 16:40:30.303689,2020-02-22 16:40:30.303689
adeed93d-f873-4b68-ae99-aaf03ab55b43,be51f2dd-6152-4701-9d13-f669130d30c8,unfinished,2020-02-22 16:40:31.127305,2020-02-22 16:40:31.127305
7b157a11-281b-47ee-9a0a-f846d093e17b,285752f6-812a-47a2-964b-279bb8233a7a,dyslexic completion of 1/18 version,2020-02-22 16:40:32.055496,2020-02-22 16:40:32.055496
d5059800-3b80-4cb6-b600-08f31a7e2878,62f238b9-efdb-4157-a9b8-4ec9c81313af,completes 01/17 version,2020-02-22 16:40:32.121765,2020-02-22 16:40:32.121765
88d1d477-3b76-47e1-92c1-402344bb5162,9aa04f78-2248-4a01-be16-34e9ec67ea54,unfinished,2020-02-22 16:40:32.665942,2020-02-22 16:40:32.665942
fec9f4bc-719d-48bf-8172-c76755186046,a8c47566-ba70-4946-85b1-2aea72712fcd,ending only,2020-02-22 16:40:32.715923,2020-02-22 16:40:32.715923
505b7a90-526a-42de-8ae3-84b339a2888a,28a95698-71a4-4af5-b0f2-a6ccd21eab3c,unfinished,2020-02-22 16:40:32.829952,2020-02-22 16:40:32.829952
f2075db7-4da7-4cde-b8e5-4a76d1cf9255,2581adbd-75b0-493a-865b-cfe4c209e8e6,ending only,2020-02-22 16:40:32.890093,2020-02-22 16:40:32.890093
c2fc115b-5095-48d6-98ba-242c2db86203,69baa779-cac4-41b8-a87b-e5e576d5aa06,dyslexic completion of 1/17 version,2020-02-22 16:40:33.099553,2020-02-22 16:40:33.099553
ce89faa4-497a-4420-ba53-595bce8a7b51,a998eebb-cf2e-4933-8741-9235b6fbe513,inverted,2020-02-22 16:40:33.317999,2020-02-22 16:40:33.317999
50567189-4664-4d11-9a62-c4dd369afcd1,9f0ac22d-20d7-41d2-9086-bbb8fa430056,unfinished,2020-02-22 16:40:33.407732,2020-02-22 16:40:33.407732
14fe71e6-4d23-435a-9a47-5e026e9a923f,825660ff-6724-4db5-98bc-68b354c02321,with ‘No Rain’ (Blind Melon) teases,2024-11-26 14:42:22.311823,2024-11-26 14:42:22.311823
580f21ac-a4c0-463a-b8c8-18958c898d87,4bf8249d-9915-43bf-8e5a-b85bb62c7552,with 'Kamaole Sands' tease,2024-12-07 20:10:39.895874,2024-12-07 20:10:39.895874
433f04ea-ace1-4d09-8041-5397397a9df3,bb7dc1c0-024e-46ae-a964-905ee6241610,inverted,2020-02-22 16:40:34.475395,2020-02-22 16:40:34.475395
9d2b100e-bb6f-4ffc-b4af-d1a0a90a40ef,092f06ef-a243-4350-9ca8-0ca0811f40b1,unfinished,2020-02-22 16:40:34.650334,2020-02-22 16:40:34.650334
69c7f4f3-a8da-43fb-b7d9-4d3ae7d3ec3b,1a1aed53-f280-4ea4-938a-0008ebeb723f,unfinished,2020-02-22 16:40:34.722045,2020-02-22 16:40:34.722045
a4f12fa4-f2bc-4765-b789-6f305dc65cac,81dafffd-5801-48e4-a621-db7a67bb298a,with Matisyahu on vocals,2020-02-22 16:40:35.549517,2020-02-22 16:40:35.549517
d51b6c25-1d03-4fa5-8d79-d944797765b2,eaca4987-dbc0-47bd-9171-0b883dfb0185,ending only,2020-02-22 16:40:36.061581,2020-02-22 16:40:36.061581
60ce24e6-53de-4809-92d5-20fe201cda53,7a67fcfb-8730-4e66-86be-239721d71534,unfinished,2020-02-22 16:40:36.125690,2020-02-22 16:40:36.125690
d0fe938d-a426-4a37-813c-75204bf01b4f,b9bd0d14-acea-4d2d-926d-39a801808af8,unfinished,2020-02-22 16:40:36.401676,2020-02-22 16:40:36.401676
6a379c3e-9cfe-41e7-ae55-d2d68706b554,fa39ce28-64a9-4933-8bf9-e18c05bb412d,completes 12/27 version,2020-02-22 16:40:36.704959,2020-02-22 16:40:36.704959
f0602237-e2bc-47d6-8c68-3cd620962340,93b65b52-864b-43fd-8e4a-a1e8682020da,LTP 9/25/99 (91 shows),2023-04-18 15:51:14.359671,2023-04-18 15:51:14.359671
e65132b1-a419-43d2-be80-8fabd5e6cbca,72a9b924-a893-403c-9e69-3fd158d068cd,LTP 12/30/99 (97 shows),2023-04-18 15:53:28.867506,2023-04-18 15:53:28.867506
8833a956-c9f5-45ee-af37-728f537c9e08,984cb2a9-9928-4505-aec4-c224918ba3f8,LTP 7/5/2001 (171 shows),2023-04-18 16:10:10.994979,2023-04-18 16:10:10.994979
6c2f9b83-ceea-4048-b40e-4b9e5e046497,5aeea097-eace-4847-92c3-b9cbe9184cf7,LTP 6/22/00 (379 shows) ,2023-04-18 16:27:01.969928,2023-04-18 16:27:01.969928
80e053e2-26f0-4975-acc5-49e7c1e04b14,7bc78a06-f091-431e-a6a2-8a64207b1df1,unfinished,2020-02-22 16:40:37.526805,2020-02-22 16:40:37.526805
fadc3a5c-1c68-4654-9d53-05122d2fefdd,8378b2a8-183c-4104-987d-0abfdee3dd20,unfinished,2020-02-22 16:40:37.685907,2020-02-22 16:40:37.685907
3229cba4-e1de-40b6-8c5d-4741a9cde117,e4c7be8f-f802-472c-9ad8-903e193bc7ea,ending only,2020-02-22 16:40:37.736214,2020-02-22 16:40:37.736214
1f829f72-b2c6-487d-9316-3d2f360d2c61,6513b370-d252-4ae1-923f-9b069e60c93c,dyslexic completion of 12/12 version,2020-02-22 16:40:38.720588,2020-02-22 16:40:38.720588
c7d7460d-3e54-40e5-a528-0142d42d4181,edc76682-afb8-4c5f-bc89-c958237db6aa,dyslexic completion of 12/12 version,2020-02-22 16:40:38.817612,2020-02-22 16:40:38.817612
88759f6d-fe46-405b-803f-f90354f916c2,9fc9a7af-7dcb-4456-ae63-cb411da17dd6,ending only,2020-02-22 16:40:39.607814,2020-02-22 16:40:39.607814
ccb78495-fe88-491f-9b83-52ef0bfd8610,dcce1a48-2be4-4a65-bef7-df5fe9775046,ending only,2020-02-22 16:40:39.668870,2020-02-22 16:40:39.668870
dc4ab870-b69f-4877-9f96-4bb868d5466a,696a7b82-8ad6-4fbe-b7b3-9a943ef9dc17,unfinished,2020-02-22 16:40:39.914008,2020-02-22 16:40:39.914008
89defd45-6eb9-4a22-b854-b1a8d11a206f,fc26bbbb-3890-46ff-b960-4b535c2b3c58,ending only,2020-02-22 16:40:39.962649,2020-02-22 16:40:39.962649
e791f55e-3200-420a-8cec-5e800b4d27b3,9d5cfdae-3531-475d-8aa3-cd17b866b5d1,middle section only,2020-02-22 16:40:40.417557,2020-02-22 16:40:40.417557
cccb6dd9-5197-4852-b8cd-af0668a81a18,d048f288-1ffe-400a-a8cc-4f794b8e756f,inverted,2020-02-22 16:40:41.059833,2020-02-22 16:40:41.059833
e2e37416-7486-40ec-9540-d8115f0e0c5a,9be0f210-9769-4d51-9bd2-5d8065bfc555,ending only,2020-02-22 16:40:41.592769,2020-02-22 16:40:41.592769
af03dce6-4dbd-4bc8-92b2-62cf53c8ba1d,0719f463-e4af-4b9e-93dd-25bae4145a45,unfinished,2020-02-22 16:40:41.883813,2020-02-22 16:40:41.883813
53e14cde-f2e6-41b1-bb52-f0cc385986bb,cf3691fd-73e6-4b7e-b409-ffca0ae95991,unfinished,2020-02-22 16:40:42.606061,2020-02-22 16:40:42.606061
3f1a6bb6-5403-4d7e-bb2b-04e92fab2015,ed7aabc4-3f23-4b44-b2c0-f2ab11a3ecb4,unfinished,2020-02-22 16:40:43.018508,2020-02-22 16:40:43.018508
041c4637-4aa8-4056-9929-c52f6c8e5190,9d19a958-6722-4402-896e-516c7c51d347,unfinished,2020-02-22 16:40:43.167027,2020-02-22 16:40:43.167027
a478c3d6-d774-46d1-84f1-94e3890d99e6,2396c5c2-969f-4c42-94b0-d62402406d65,FTP (Pink Floyd),2023-11-12 18:11:36.020288,2023-11-12 18:11:36.020288
f73c457e-5d2d-42bc-8098-05fbfb86dd10,877becfb-64cf-45a9-be8e-22d863cb24fa,unfinished,2020-06-23 17:49:44.888218,2020-06-23 17:49:44.888218
e30f3c41-2821-447b-94f6-b95a5841a958,e4bf53ea-8658-442a-a3c2-7bb03453e1ca,inverted,2020-02-22 16:40:44.991752,2020-02-22 16:40:44.991752
cae7deef-cbcb-4e17-989f-cc29919470f8,14228b21-a40a-4eda-a770-5a034c1a39b4,unfinished,2020-02-22 16:40:46.108275,2020-02-22 16:40:46.108275
23b9277a-ae26-4a06-8f33-7f3d5cdd87e6,49a4b65c-4a0d-4157-91c6-43dddd308db1,with Dom Lalli (Big Gigantic) on saxophone,2024-08-07 19:47:11.000288,2024-08-07 19:47:11.000288
631f8412-cac3-4ebf-a104-da887139df9b,029b8873-45b4-47e5-8296-d1a21a0c5e5f,with Dom Lalli (Big Gigantic) on saxophone,2024-08-07 19:47:20.602666,2024-08-07 19:47:20.602666
3df2795e-837b-4d64-9c71-f232cd27ab8d,0693529f-6992-4e9f-b080-184a2ec6396c,unfinished,2020-02-22 16:40:48.243105,2020-02-22 16:40:48.243105
4f7f50d4-be45-4fee-8e7f-bb498f7c821a,24ed9f40-3c2b-4f85-93c8-509efe27905d,Perfume version,2020-02-22 16:40:48.362474,2020-02-22 16:40:48.362474
78d6cee7-51c0-4ec2-87dd-6d343156683a,8fd2b62c-370b-4faa-9acd-c1f76549e115,unfinished,2020-02-22 16:40:48.494527,2020-02-22 16:40:48.494527
2e116d4a-1800-4c5f-997f-c8b1074c12ca,25fe2e3f-0bac-4df5-855b-808be4506cc1,unfinished,2020-02-22 16:40:48.578489,2020-02-22 16:40:48.578489
3fe970f0-0060-4bf6-ae93-010e8b5df4f3,d148fd12-c13f-43e3-aa0a-5b6cb2c687c1,inverted,2020-02-22 16:40:48.696218,2020-02-22 16:40:48.696218
6d2bc6b4-8a18-4eaa-87d9-4a31f3ac534c,bdee28af-7e55-4e1c-9ba7-0cb696537d85,ending only,2020-02-22 16:40:50.054185,2020-02-22 16:40:50.054185
e4431964-58a3-4680-9776-c3c5e4944d8d,42f8b144-e7f6-4697-93e7-b79f64e224a6,LTP 10/2/99 (104 shows),2023-04-18 15:52:22.671927,2023-04-18 15:52:22.671927
bf0fc019-7f48-46b0-acf8-dc2253199535,86e8aa56-8a3c-4ee6-827e-5d92f122cd89,unfinished,2020-02-22 16:40:50.742051,2020-02-22 16:40:50.742051
8d4412d4-d0aa-4f85-8661-e04421025ebb,ba67c990-fa35-4566-8568-2f3a0ed5a06f,ending only,2020-02-22 16:40:51.252122,2020-02-22 16:40:51.252122
a8a242c0-8ed7-4e5b-952a-c9c156e9537b,d0bfee7f-e1d4-4289-bbe2-fb37841a76db,ending only,2020-02-22 16:40:51.924865,2020-02-22 16:40:51.924865
2a06eb92-adab-417b-a8f6-9642650d34b5,48df057a-cbc0-4c83-a95a-d94a13b11eb9,unfinished,2020-02-22 16:40:53.551848,2020-02-22 16:40:53.551848
637e82a3-5b5f-4b5e-8a40-15415fd6d69a,096abc75-9fe1-4955-acea-7768d7dfdd25,Perfume version (Devo style),2020-02-22 16:40:53.670290,2020-02-22 16:40:53.670290
d6c5db4c-755c-4971-ae85-e32e013500d6,96622513-e9b5-4655-b552-277a6aa2ffff,inverted,2020-02-22 16:40:54.682119,2020-02-22 16:40:54.682119
8f9a8e23-db7f-49a9-9d0f-8de5f34440c4,4b76d948-3b35-460d-a9b5-8b0229c6b9a0,inverted,2020-02-22 16:40:55.185643,2020-02-22 16:40:55.185643
a893f456-5704-4cea-9247-ada8733a1574,8f426083-ce02-4a77-a7be-e5259769e332,unfinished,2020-02-22 16:40:55.790639,2020-02-22 16:40:55.790639
a38d5252-d265-4f22-9ff6-bca9214d7fb2,ad7c72fc-a039-42f3-967b-157d2e918465,inverted,2020-02-22 16:40:56.282700,2020-02-22 16:40:56.282700
19f7def7-d5ab-4b36-a53e-1955e66ae138,92d22781-ec7d-4750-9a9b-c342e1e381a0,With ‘Floodlights + ‘Crickets’ teases,2023-12-08 13:39:14.935478,2023-12-08 13:39:14.935478
ed87c1de-885d-4793-b03f-e6d8064d5402,a9e7fc89-ebc6-4b37-bbab-d178d245d45d,inverted,2020-02-22 16:41:00.094357,2020-02-22 16:41:00.094357
ae562c7e-5607-4578-9c25-75ac3950e75c,367c68fb-8c0e-4c26-b265-08643ab7ff06,inverted; (beginning>end),2023-12-08 13:40:28.426313,2023-12-08 13:40:28.426313
784d5965-fe8c-4e44-8523-7b4b77e8db32,98ebcdc7-568b-4324-bf6b-3db0b3a00ff0,inverted,2020-02-22 16:41:00.686013,2020-02-22 16:41:00.686013
dcf4a571-d47c-4ad3-bec6-80b3d0c3fc5d,19e9e48d-12b7-4507-b993-480bbbc31058,inverted,2020-02-22 16:41:01.634165,2020-02-22 16:41:01.634165
59cb5938-82a2-48a2-96de-60efb2809cac,68b65f26-1514-40b5-afea-5bcba3b8750a,ending only,2020-02-22 16:41:03.622242,2020-02-22 16:41:03.622242
62a519b2-d859-4dc8-979c-c999545f467f,cc6a4627-a97e-4220-9938-ebdbdf9d3552,dyslexic completion of 10/29 version,2020-02-22 16:41:04.286407,2020-02-22 16:41:04.286407
db849d18-e240-4b4b-b57a-e43371f07949,c7869281-d341-4a6e-b1f9-9ca22cc681a3,ending only,2020-02-22 16:41:04.494153,2020-02-22 16:41:04.494153
50888d9d-1eed-4669-97d3-4ccccec1e710,3c691ca2-e619-4629-beea-3f5e9500c7ee,dyslexic,2020-02-22 16:41:04.744960,2020-02-22 16:41:04.744960
595ef49c-a592-448a-a007-f2ee0f46feb0,59a4fa12-8f7d-4565-b71e-7704b89c6ac5,dyslexic,2020-02-22 16:41:04.838222,2020-02-22 16:41:04.838222
047a04b4-e930-4371-b38c-2384c40e0d8a,cc56b89d-bde4-410f-9700-e702f265e660,dyslexic,2020-02-22 16:41:05.358297,2020-02-22 16:41:05.358297
5e02b0b1-39b5-494f-88a6-2c03dd32679e,bb97ffc9-c857-4858-adcc-850f03470cd8,dyslexic,2020-02-22 16:41:05.654880,2020-02-22 16:41:05.654880
2291b385-cdd7-4b7d-888e-5f26624bcbd9,241655f3-97b4-4a04-b710-6174a94bdaac,dyslexic completion of 10/30 version,2020-02-22 16:41:06.367355,2020-02-22 16:41:06.367355
5102de71-22c9-4592-a35c-c3f4c436b419,74ec9d48-abbe-41f9-baa3-9490161c3188,completes 10/28 version,2020-02-22 16:41:06.480109,2020-02-22 16:41:06.480109
361d3c22-2cdb-45fc-a5a2-c9978414be29,4e3e3dfc-f7ec-469f-bfc8-b42d9a1c5342,unfinished,2020-02-22 16:41:06.655526,2020-02-22 16:41:06.655526
4af46aea-7c29-482d-ad49-e8a107600c90,b3d4ad21-43b9-4179-8e44-81a11d78d2be,unfinished,2020-02-22 16:41:07.211349,2020-02-22 16:41:07.211349
35e9dd47-8b03-42e6-8fc4-1e75533dda77,2b80b0a0-c1b4-4bd8-a97a-d8578613a327,middle section only,2020-02-22 16:41:07.327565,2020-02-22 16:41:07.327565
d1e760c1-932c-43ac-8961-2e41a939d9f1,ba2db7a2-1cc8-4a67-a04c-9e9e5abc2ed1,inverted,2020-02-22 16:41:07.983269,2020-02-22 16:41:07.983269
c3721531-290f-4fc2-bd59-3f26bd92b1fc,13f6a2f0-ec55-47b4-a2ff-57e497367b45,unfinished,2020-02-22 16:41:08.481966,2020-02-22 16:41:08.481966
ec6238c0-c052-4615-a88d-206753759561,f3cb99ae-6552-44c1-a715-3670a2d76cb2,inverted,2020-02-22 16:41:12.169880,2020-02-22 16:41:12.169880
1c2a43a8-1058-4d95-9a97-b4b282707da6,3c9f164a-7d25-41b8-b63b-4f5410536689,inverted,2020-02-22 16:41:12.250224,2020-02-22 16:41:12.250224
aff62303-d308-479d-bbe8-a49d763b92bd,97abbd5d-2b13-49b2-a1c3-5c0eb79f68ed,unfinished,2020-02-22 16:41:12.352317,2020-02-22 16:41:12.352317
704d51b1-7712-413e-abfd-8a0cddf07b2c,37f1d837-eda7-4685-bda7-22a1dde1b033,ending only,2020-02-22 16:41:12.599346,2020-02-22 16:41:12.599346
39c491ee-f85d-43a5-8496-af4bf5afba2c,af189fc9-ba20-4192-9ef5-1bc6c4f5841d,unfinished,2020-02-22 16:41:13.226168,2020-02-22 16:41:13.226168
7433ad81-0bcb-4603-9240-13a0e0e6d032,029b8873-45b4-47e5-8296-d1a21a0c5e5f,FTP (The Trammps),2024-08-07 19:47:20.622646,2024-08-07 19:47:20.622646
4ef281fa-865d-494f-b64e-a205bc91e71c,ca8b531e-e532-4971-a6a5-2e6fd41d9d6c,unfinished,2020-02-22 16:41:13.863354,2020-02-22 16:41:13.863354
122100ee-dcf0-4efc-bbb9-7ee58fcfe0ce,0d789108-2fbb-4885-90bb-e2dc97c17dbe,ending only,2020-02-22 16:41:14.004250,2020-02-22 16:41:14.004250
d117f6f6-e883-4869-8b07-120362d33fbc,03cff395-688e-490f-a270-790d7786c128,with Curren$y,2020-02-22 16:41:14.285201,2020-02-22 16:41:14.285201
c32d4c56-47dd-45b4-8659-87288633819b,53ee1418-8820-4ea8-a0af-eaf45d672b29,middle section only,2020-02-22 16:41:14.650389,2020-02-22 16:41:14.650389
7970df5a-22dd-4668-87ed-3a6ca519606d,1d7977c1-f20d-46d6-8d65-478db38884d7,unfinished,2020-02-22 16:41:15.111545,2020-02-22 16:41:15.111545
c1662d00-f635-4db4-a269-a2e82b7f49aa,514acc73-d103-429f-8d2e-d7866f39b738,inverted,2020-02-22 16:41:15.482614,2020-02-22 16:41:15.482614
a3439ae4-8a76-4eda-8581-be53e89f7711,be82ca5e-6329-4127-ab25-367975858b9d,completes 11/27 version,2020-02-22 16:41:15.804201,2020-02-22 16:41:15.804201
e0ec1ba4-ea23-4542-b419-911f88af70ad,15557e22-b62e-470a-b3c7-2e266d9a2bf3,inverted,2020-02-22 16:41:16.461336,2020-02-22 16:41:16.461336
a5f25387-d4ac-4e97-8e7c-9b2d57569f5f,b8cc0c12-122a-4ca0-9eea-045840b4ca66,inverted,2020-02-22 16:41:16.870249,2020-02-22 16:41:16.870249
ad370cac-cd80-4beb-b6a5-d66b89c389e5,d1195467-5804-4466-9ad3-bb62f08c9f6e,middle section only,2020-02-22 16:41:16.965976,2020-02-22 16:41:16.965976
0dee81f0-694d-419d-b39e-5cf544585cae,ddbdaca5-2a36-4ad2-9979-d048f6226367,ending only,2020-02-22 16:41:17.514170,2020-02-22 16:41:17.514170
c71876c4-b002-4879-96f3-e405542d6914,6f15260b-450b-4092-9bb3-c7972d918dd9,unfinished,2020-02-22 16:41:17.817432,2020-02-22 16:41:17.817432
be6c01b0-1168-4dc8-bd2e-38a722da80af,9d6dd0eb-2cf9-400f-95c5-b2802cff1d90,unfinished,2020-02-22 16:41:18.701554,2020-02-22 16:41:18.701554
d33ea537-c398-4752-8e48-e19865cf8c39,c14d0b70-b097-4373-b529-1ee9f92345eb,FTP (tDB Original) ,2023-11-12 18:18:18.616508,2023-11-12 18:18:18.616508
fe004c8d-c70f-45dc-b32f-0bb78d51095a,76d48359-2633-4b6f-bdff-5dbb9067edc5,unfinished,2020-02-22 16:41:20.051514,2020-02-22 16:41:20.051514
6da5af12-f21e-41bf-80bc-58ef4b10ffac,10873678-4397-4545-a16d-4fcbbf78d6df,unfinished,2020-02-22 16:41:20.478198,2020-02-22 16:41:20.478198
37ec22f7-28ee-4838-b89d-e044a12c0c1a,30bd376d-3abb-44eb-908d-1255c70c470d,inverted,2020-02-22 16:41:20.606070,2020-02-22 16:41:20.606070
2c2a21a3-ddfe-4cbd-890e-81fe12e212e5,f26c57bb-9f62-48e0-b00d-7b9ad7aaef24,completed 12/26 version,2020-02-22 16:41:20.716557,2020-02-22 16:41:20.716557
a95c2960-a633-4640-b03f-cb7f2bdec7d5,caef90f0-2766-4319-a6a3-a30b690842cd,inverted,2020-02-22 16:41:21.431339,2020-02-22 16:41:21.431339
90b69e17-5c71-44c1-881b-d19861c7d77d,d63d437d-ca25-4438-a5dc-66bd4b75f9eb,completes 12/27 version,2020-02-22 16:41:21.543352,2020-02-22 16:41:21.543352
f45d4dfe-c38a-40f8-8ce4-f5d4b92b4499,9e4609a6-b22a-49cb-b363-84c98ae21192,inverted,2020-02-22 16:41:22.096417,2020-02-22 16:41:22.096417
9d686d9e-df8e-4768-8be1-a3360a5127ce,41a235f9-7d46-4d50-b7b2-ae0cfe461110,instrumental version,2020-02-22 16:41:22.578005,2020-02-22 16:41:22.578005
8f2ebccf-3d1d-487a-b6c2-8695a0b836fc,81180ceb-798b-4e38-a134-e79ae4783e04,unfinished,2020-02-22 16:41:22.672922,2020-02-22 16:41:22.672922
9f01219e-a355-4968-ab20-3d6afbe92d3a,50cbfb4e-c953-4b24-b3a3-5c77f5c85c6a,unfinished,2020-02-22 16:41:22.995819,2020-02-22 16:41:22.995819
9330e3cb-0ff0-4101-b4a2-5fcb6ddea203,f850c0a7-fc7d-4a7a-9e1c-87725bfa276a,completes 12/26 version,2020-02-22 16:41:24.356428,2020-02-22 16:41:24.356428
a93438fc-5f7b-428c-91b8-f4b52c4ef8ef,a38c0d37-a8e8-40d4-a456-addd097cc739,completes 12/26 version,2020-02-22 16:41:24.789024,2020-02-22 16:41:24.789024
4d8ac5c7-1192-4a2a-9ba6-f23b9e2fe380,157278c5-eb2f-479c-9b6e-7a02bf6fc706,completes 12/29 version,2020-02-22 16:41:24.944103,2020-02-22 16:41:24.944103
262ad8bb-078d-48be-8fe5-6c3efaa64fae,c356e526-176f-4f47-af41-31b2ba551015,unfinished,2020-02-22 16:41:25.119631,2020-02-22 16:41:25.119631
3446df36-ce37-45df-8f8a-245567c6c8d9,0eeead8d-4649-42cd-b96f-2f5deffca018,unfinished,2020-02-22 16:41:25.282299,2020-02-22 16:41:25.282299
3cf740a5-e60a-41a1-9364-0f42e696ca14,403029f8-e69c-43ec-8352-7148e45d3f8a,unfinished,2020-02-22 16:41:25.946483,2020-02-22 16:41:25.946483
4a069103-6749-4fc5-a146-aba503591fcc,ff9f1339-3518-4014-804d-dbe1ad5354db,inverted,2020-02-22 16:41:26.404099,2020-02-22 16:41:26.404099
380cfb32-6330-4baa-8fa0-0e2e190f6cc2,0e247749-7d46-4734-9bf2-3ab6ce1f984f,inverted,2020-02-22 16:41:27.197591,2020-02-22 16:41:27.197591
be9c62a7-2445-4f49-99d6-e488bbb713c9,8de95326-da17-476a-9302-00fdb5395409,dyslexic,2020-02-22 16:41:27.726464,2020-02-22 16:41:27.726464
e9efcb36-6f1a-447e-b659-849e4fc742ff,a18210a3-7948-49eb-b41a-2642a62e4807,dyslexic,2020-02-22 16:41:28.005179,2020-02-22 16:41:28.005179
b13250f1-fae3-4f64-bc11-29e7c312a0f2,f75176db-9246-4dc9-887d-bc359433fa84,unfinished,2020-02-22 16:41:29.024204,2020-02-22 16:41:29.024204
e222be8a-ff37-45d4-b96c-a747e2efd8f8,19bb0900-44c1-49e4-9556-32df21d80dc4,inverted,2020-02-22 16:41:29.651618,2020-02-22 16:41:29.651618
07452b96-d14c-4a4d-bf7f-577d01f5a47d,4c816830-99bf-4501-aa8d-7f6fee7d708f,with ‘Sound One’ teases,2024-08-09 02:47:11.023575,2024-08-09 02:47:11.023575
f356715a-4e59-45f8-98c8-1bf65c5bc8cb,54549eb7-2ef5-40fd-ac77-78546ab14bec,with ‘Little Shimmy In A Conga Line’ fake out,2024-08-09 02:53:52.839720,2024-08-09 02:53:52.839720
dd9a2b65-76c8-474f-b62d-5e454a24b9da,ec8a6234-3e0c-42ed-99b0-c5cfca1596b5,unfinished,2020-02-22 16:41:30.614478,2020-02-22 16:41:30.614478
10f51269-a9e6-4b9e-a4eb-41d756195a9a,0723657f-92aa-4488-af2e-17e450c3210b,instrumental version,2020-02-22 16:41:31.556339,2020-02-22 16:41:31.556339
3df2f7c2-adcb-41e3-813f-528a46c28a78,8a339ac7-5f97-4b70-b0a3-a6cac1e57e91,inverted,2020-02-22 16:41:32.644204,2020-02-22 16:41:32.644204
e7f94969-7445-4500-bc57-71dc86c3663f,f1e9a750-c401-4d23-be2b-64382daf9467,unfinished,2020-02-22 16:41:33.171712,2020-02-22 16:41:33.171712
154278d3-48fa-4d91-a122-0fa1862fc010,37ee37db-c100-4c43-b237-f1fbb5c6349d,inverted,2024-11-24 04:07:42.081374,2024-11-24 04:07:42.081374
8ee6dd77-1ce2-4ebd-9b99-bd1329142548,f3ca1324-77af-4e38-80e7-5ef4ec74fef1,LTP 12/29/97 (406 shows),2023-04-18 15:54:49.185854,2023-04-18 15:54:49.185854
1d2d59fe-12a0-4389-8be3-e7ea31c7e090,86ca4745-42a6-4697-a0bc-df063b004a15,unfinished,2020-02-22 16:41:33.966001,2020-02-22 16:41:33.966001
5cc73c04-5289-4af7-992c-96ca43c3243e,5764dbee-4c72-42e5-8f92-65f3bd7c83f7,LTP 5/1/2001 (178 shows),2023-04-18 16:08:39.154628,2023-04-18 16:08:39.154628
44080bb5-819a-44a5-9169-6653c4e48141,5764dbee-4c72-42e5-8f92-65f3bd7c83f7,completes 4/10 version,2023-04-18 16:08:39.163364,2023-04-18 16:08:39.163364
9bdcbfbe-56d6-40c2-97df-42e96f6349b0,d17db3f0-359e-4e02-8cc0-c979a38dd7d8,unfinished,2020-02-22 16:41:34.973814,2020-02-22 16:41:34.973814
472ef5bb-f183-4b54-a4cd-5a5cfead33e5,78774b4b-ac51-464d-9533-3958255c121b,FTP (tDB Original),2023-11-12 18:21:22.103090,2023-11-12 18:21:22.103090
6bd92f0b-06a3-4032-9a91-395ffcf118c9,bbc7064a-306b-4084-bfa0-5805f1bb1cc2,LTP 4/11/03 (94 shows),2023-04-18 16:17:15.142725,2023-04-18 16:17:15.142725
782ab664-32a2-47f0-9250-e68bfa1ddd9e,1d855c12-aa00-4dfd-96e0-68046af80543,with Ein Kleine Nachtmusik Jam ,2020-02-22 16:41:45.714300,2020-02-22 16:41:45.714300
21e56268-dd50-4a23-a93c-14ee4bc14f25,f1779958-0da6-4b81-a28d-1778b3b70cce,unfinished,2020-02-22 16:41:47.022565,2020-02-22 16:41:47.022565
3f9e57fb-11e2-4583-bfc6-2b6915c1f21f,f307cd77-85dc-45a1-b154-7b0d64654a63,inverted,2020-02-22 16:41:47.126146,2020-02-22 16:41:47.126146
a66f6acb-4564-47c0-bf65-240aa10813bb,6fabd2c5-3cf8-423c-b5c5-1cd004932b53,unfinished,2020-02-22 16:41:47.437677,2020-02-22 16:41:47.437677
52908efe-63cd-42ae-abdb-efe88e5a95da,6f252ddb-553c-4100-b264-a4a3feb2d298,inverted,2020-02-22 16:41:47.601622,2020-02-22 16:41:47.601622
11653113-2886-41f5-8e90-d920b3da3b8e,3e79b821-36c3-438b-afcb-1c3922511b16,LTP 8/16/03 (164 shows),2023-04-18 16:30:34.918733,2023-04-18 16:30:34.918733
0f0ec821-2dfa-4fa9-842e-fa6d8d5f27aa,f0bdc667-86cd-48f5-bd4b-23e96c7abdf4,LTP 1/15/04 (129 shows),2023-04-18 16:35:32.576529,2023-04-18 16:35:32.576529
278b3d33-14ca-4684-8c44-a7fbc7fc4283,280b9ebb-4c5a-497a-9920-56478d6e5b21,unfinished,2020-02-22 16:41:51.156119,2020-02-22 16:41:51.156119
60b5888b-8296-4ce6-954e-cf3279cfeefb,a9304bc2-77f0-4282-9105-1748f417a0e0,inverted,2020-02-22 16:41:51.218038,2020-02-22 16:41:51.218038
3700da0a-f9a8-4999-865d-249ff8d72ada,4e2e939b-f9d3-4855-96b7-7b2d928f5fe2,completes 1/27 version,2024-08-07 19:49:13.856352,2024-08-07 19:49:13.856352
38d592a7-df1c-48df-9320-cf16eb8ea733,ec45a191-61eb-4b83-b194-56242778c6e7,"Triscuits (Marc, Aron and Allen only)",2020-02-22 16:41:52.275497,2020-02-22 16:41:52.275497
b44ca52a-2eb4-4666-886f-5ccf5700e2e5,4e2e939b-f9d3-4855-96b7-7b2d928f5fe2,with Dom Lalli (Big Gigantic) on saxophone,2024-08-07 19:49:13.895160,2024-08-07 19:49:13.895160
8fcbdb83-cb61-4958-8327-d5635130d4bc,6c278d2d-a34d-4df2-be88-bad649e21c40,1st time inverted,2024-11-24 04:20:37.609243,2024-11-24 04:20:37.609243
7335e6b5-3129-47bd-9fc9-ea04f64cfa20,5f4ee07a-7e48-46c5-9473-7d93edce8df1,without ending vocals,2024-12-07 20:11:51.627975,2024-12-07 20:11:51.627975
90524a1e-e21b-4ed5-a3a8-7c45362879a8,7bc1d2f0-f26a-4c62-a46d-fc79bd7ce4e2,"dyslexic (end, beginning, middle)",2024-08-09 04:05:57.940740,2024-08-09 04:05:57.940740
396742e1-a9fc-4a1b-849a-fc8ad8d2ff26,54bf62e0-a362-4e4d-9d09-f1fe02bdbad7,"dyslexic (end, beginning, middle)",2024-08-09 04:06:05.325379,2024-08-09 04:06:05.325379
1c89c66e-8389-4ed6-9727-9d0af74ae79b,fca5f7af-b427-4b47-bffa-330927fdde90,"dyslexic (end, beginning, middle)",2024-08-09 04:06:55.604337,2024-08-09 04:06:55.604337
222f1d6d-14e7-4a3d-8f87-5d5545ad6452,fca5f7af-b427-4b47-bffa-330927fdde90,with ‘Basis For a Day’ tease,2024-08-09 04:06:55.617639,2024-08-09 04:06:55.617639
f8c76538-645c-498a-8f52-6330f75898c3,a90f7211-c399-4184-a6d2-bbf9248c6749,with ‘Sir Duke’ (Stevie Wonder) tease,2024-08-10 16:57:59.226922,2024-08-10 16:57:59.226922
4288704a-5947-4c77-90cc-789f0648624d,5d556d4a-2dc1-456f-9934-83867cb0cd39,middle>ending (no 2nd jam),2024-08-13 02:55:12.659227,2024-08-13 02:55:12.659227
da4a123a-2db7-4aac-aa73-f6de5dbd11de,ef9829c8-192d-47d4-a35f-716b598185b0,with ‘maBri’ (Lukas Lehmann) teases,2024-08-17 12:41:09.194358,2024-08-17 12:41:09.194358
3ee0c9ba-65fe-4c75-b2ab-2107a1dad389,f9765f1a-b114-4f93-9653-cfd9260983c0,LTP 9/24/1999 (225 shows),2023-04-18 15:58:05.567547,2023-04-18 15:58:05.567547
7e3a4178-3446-460f-a776-81a8fc60d868,cc1d9ddf-ca65-43f4-9347-12eb56c0c42e,LTP 5/8/2001 (177 shows),2023-04-18 16:06:49.691096,2023-04-18 16:06:49.691096
295b8ebe-1ba1-43f9-ba79-addb35604b4b,497785a4-4c7f-47e3-8bb0-1e9540dbd5a7,LTP 3/11/2000 (299 shows),2023-04-18 16:11:35.571128,2023-04-18 16:11:35.571128
bd332301-959b-49e9-b4e7-f5641e51fb16,5135d011-e2a0-4eb1-a3ee-3b10d32f11ce,LTP 4/14/2002 (142 shows),2023-04-18 16:14:57.475363,2023-04-18 16:14:57.475363
8314d2ee-e0d9-4d8d-a3b8-1c42361763a9,0d9620a0-06c1-462a-bca3-6c3bb4f1251c,with ‘Save The Robots’ teases,2024-08-20 15:27:00.309021,2024-08-20 15:27:00.309021
066edae1-a7b4-46f9-8536-d5258e593420,a23470a9-3a0a-48e8-b9f7-4c11d35a42d1,inverted,2020-02-22 16:41:56.458737,2020-02-22 16:41:56.458737
745e6ac4-d52c-499c-b1e6-c0ce50a37e37,ec1b5998-2757-46ca-bb3c-c48dd2fffc0c,inverted,2024-08-21 19:17:56.686315,2024-08-21 19:17:56.686315
1d87f951-cebf-4173-9e51-903388a6e6dd,790bc7b2-adc1-448f-b15c-1ee58de6e06c,unfinished,2020-02-22 16:41:57.161547,2020-02-22 16:41:57.161547
930eb225-ac6a-4008-9aa6-8bc90bcd3b7f,ddb7178e-a11d-4d50-97b5-cebd4bd4cd0a,ending only,2020-02-22 16:41:57.662324,2020-02-22 16:41:57.662324
0140f535-251b-467c-ba84-fec8e7002679,086aeb6b-5953-4494-8442-be51b002fd03,unfinished,2020-02-22 16:41:58.308708,2020-02-22 16:41:58.308708
a43a0d73-303c-4b06-898a-1b23b0c14ced,3d4a73b3-d10a-417c-b267-bd1f51666085,unfinished,2020-02-22 16:41:58.357454,2020-02-22 16:41:58.357454
32ba99b4-0f3c-4e4d-a3c4-4ba9b3eb46bc,c8b732b8-795b-4480-942e-0a8573f3e337,unfinished,2020-02-22 16:41:58.564834,2020-02-22 16:41:58.564834
a324a719-8858-4b54-b3bb-9c99807cac0c,398620ff-74c8-4450-875f-284a09c8fe05,instrumental version,2020-02-22 16:41:59.847707,2020-02-22 16:41:59.847707
5ebed934-252d-40a4-a90a-5f0c649444e0,9a1f5a5c-861c-45bc-bfa6-1bb0fd8c4836,completes 04/15 version,2020-02-22 16:42:00.236370,2020-02-22 16:42:00.236370
c60c459f-f44a-41f4-b8a8-d14555e9921a,ec1b5998-2757-46ca-bb3c-c48dd2fffc0c,Last time inverted 3/29/14 (199 shows),2024-08-21 19:17:56.707842,2024-08-21 19:17:56.707842
0bff1656-de6b-4f57-bcad-66590aaa82db,f4dcb1b1-3246-4011-a7a3-4ce06b1a75ad,completes 04/14 version,2020-02-22 16:42:00.790227,2020-02-22 16:42:00.790227
8f6890f2-6b09-4b4b-85d5-d126fde32535,f2f0b747-aedc-45a4-96ef-c9383c549f83,Perfume Version,2020-02-22 16:42:01.331032,2020-02-22 16:42:01.331032
38e737c2-f114-4c3e-9f81-d3350d0dd3de,0791fd45-3360-4020-b85a-193914617f88,unfinished,2020-02-22 16:42:01.749356,2020-02-22 16:42:01.749356
6ce0068f-7e15-4690-8aae-96255ecc480e,05c17060-38fb-456b-a5ac-a28a9c720bd2,ending only,2020-02-22 16:42:02.377192,2020-02-22 16:42:02.377192
9e37da1e-f782-4282-a899-9e619dab5213,bf6e2ca9-4ae1-4486-847d-1c64ba9045c2,unfinished,2020-02-22 16:42:04.072692,2020-02-22 16:42:04.072692
31e28311-c671-46b2-80bc-e079b58af829,128bc69f-9e7f-4caa-a01c-2323fdae4cdd,unfinished,2020-02-22 16:42:04.175007,2020-02-22 16:42:04.175007
c044ae89-ad97-4b37-8eb2-b887216a93c4,d34a444b-2a2c-457b-957d-9e1620bbd23a,Perfume version,2020-02-22 16:42:04.239745,2020-02-22 16:42:04.239745
33abb789-9943-4b5d-874e-b40a7e38f979,d8d3ec1f-b144-4b5a-a1c0-36df7805c3fa,unfinished,2020-02-22 16:42:04.535498,2020-02-22 16:42:04.535498
12f4991c-ce20-4c8f-9cec-9bcfc74fad81,6c331fd8-4b14-441c-bf50-746851e85bd6,unfinished,2020-02-22 16:42:04.687513,2020-02-22 16:42:04.687513
1e863d17-6ad1-451b-94c4-413204f71e30,69705a33-cc7d-438d-993f-189dd2d93078,Inverted version (First ever song inversion),2024-08-24 17:02:18.915389,2024-08-24 17:02:18.915389
c7ff4177-f186-4d0f-9d91-a36cd97e6889,f2b4baf1-189a-4f49-a2d7-57f783a75a8e,completes 04/22 version,2020-02-22 16:42:05.639725,2020-02-22 16:42:05.639725
fc5c9fef-d86a-4bfe-96ea-a0c8d74c8024,a0d6e478-40b3-4839-8387-6122d5b9e21c,Perfume Version (Devo),2020-02-22 16:42:05.886229,2020-02-22 16:42:05.886229
be01bbe8-2889-4a4a-8f0d-10a2eccc1637,a96bad8b-30d9-4ecb-8c10-fc0d012d6e97,unfinished,2020-02-22 16:42:06.392358,2020-02-22 16:42:06.392358
4b2b581c-10cf-491f-a4d0-8f3905dafbb2,151200f5-c52a-46c0-ab9b-a4791cc474e8,inverted,2020-02-22 16:42:06.938336,2020-02-22 16:42:06.938336
78ab5906-0eb8-4058-8dbb-c576f45cafbf,f4c33683-485b-4f26-8488-df2d0aa6a0bb,dyslexic version,2024-08-27 17:11:09.434276,2024-08-27 17:11:09.434276
4e304cb0-2865-4ca8-9842-8153738b47b3,eceda8f3-9046-4328-b478-220c9f1d418a,dyslexic version,2024-08-27 17:11:16.624737,2024-08-27 17:11:16.624737
ab33380f-cbc9-4a79-900d-9dff11a17de9,19570e2f-dcf7-4dbe-b579-a36c53a06f6a,unfinished,2020-02-22 16:42:07.071845,2020-02-22 16:42:07.071845
741df206-98d6-4ae6-a1e4-38d2956d0ce7,6c6087f1-3b96-4e6a-b888-187bdf0b4013,unfinished,2020-02-22 16:42:09.450670,2020-02-22 16:42:09.450670
4319e9f1-f2a8-415a-ae0e-8b690f38b9eb,89540d24-1fbc-48fc-b73b-fa27159e0440,unfinished,2024-08-27 17:11:28.526360,2024-08-27 17:11:28.526360
ed31ba94-40f0-432b-94a1-fde976cf7955,36368909-cacb-4433-8f35-c206e08bb1ce,Perfume Version,2020-02-22 16:42:09.681765,2020-02-22 16:42:09.681765
1578ae95-e7ec-4ba5-a9c1-dc9865463a9d,7b990358-db99-4cab-b322-58db33f415ed,with John Lee (Caveman) on guitar,2024-08-27 17:12:12.979029,2024-08-27 17:12:12.979029
301943cd-efac-4dc5-8240-bc1eec6cb79c,d2838133-acb1-45e7-9a09-f36556f0a0a4,unfinished,2024-08-27 17:13:10.626355,2024-08-27 17:13:10.626355
dcf4c93a-06fb-4c5f-b8b9-d33780f2c4bc,a9449034-a851-4c29-9094-9d3e078b82d7,segued into The Great Big No's setbreak set,2024-08-27 17:13:22.612672,2024-08-27 17:13:22.612672
e0e7866c-2494-4071-9008-e0c61fe8af86,62595be9-2716-4a80-baf1-0fec29868eeb,unfinished,2024-08-27 17:14:58.556387,2024-08-27 17:14:58.556387
b801919e-ae80-4d9a-812b-25babae2e99a,297076f3-9d51-41f4-9831-f030d92df303,completes 05/07 version,2020-02-22 16:42:11.179966,2020-02-22 16:42:11.179966
4ffda76e-131c-4f63-86e3-6e34e9e97c44,a08dce94-d841-4544-8051-56dec562125f,LTP 6/17/23 (85 shows),2024-08-29 02:25:58.391590,2024-08-29 02:25:58.391590
ec83268b-9a02-4e36-ad19-39fd8eb2ee38,82ed5648-d9a2-444d-bb4b-77b017c7ee68,unfinished,2020-02-22 16:42:11.960636,2020-02-22 16:42:11.960636
7c903959-8159-454e-baec-cae3c1938864,30d6e1df-bf7a-4139-8eff-25a81876b099,unfinished,2020-02-22 16:42:12.980925,2020-02-22 16:42:12.980925
2302367b-1063-4195-840b-e3b604358a90,ceb018cf-91f7-49b1-a5b0-c36cd15d2500,FTP (tDB Original),2023-11-12 18:20:19.220366,2023-11-12 18:20:19.220366
d536b290-5b9a-4963-aee4-7009c608a5ca,2ea4a338-1e54-4a2e-9bcc-883e193c7720,with ‘Another Spin’ teases ,2024-08-30 01:49:07.369652,2024-08-30 01:49:07.369652
c18b8803-f78f-4e2b-83a6-a9c09d708a04,db3eb051-9f69-42a7-8fbc-c6c1e2987ac3,with ‘Trap Door’ tease,2024-08-31 04:45:53.297809,2024-08-31 04:45:53.297809
06737211-1c61-4fb5-be6a-b10a3ce79477,26ce9805-912e-4374-a03f-b30096498b02,unfinished,2020-02-22 16:42:13.585977,2020-02-22 16:42:13.585977
ecf43288-4a9f-4b21-abec-e3867545a00f,9b42f9b5-1db3-4ea4-bf88-dabfa877542b,"beginning>ending only, completes 01/28 version",2024-08-07 19:50:01.323287,2024-08-07 19:50:01.323287
4c6e6642-a6b6-4704-bc17-20f587e120d5,4dcf89e5-0be6-4f08-b876-2e790281fee4,completes 05/28 version,2020-02-22 16:42:14.993250,2020-02-22 16:42:14.993250
8bb8cd5c-c261-4cf8-8962-6f32e5567f77,c5e3432d-6c0c-4191-b434-1d7931746721,unfinished,2020-02-22 16:42:15.859594,2020-02-22 16:42:15.859594
a56fa57e-fba7-4b8d-ade7-fb952a681a23,1a23a9d8-b7d8-40cb-8e38-69a4f6c691ee,Perfume Version,2020-02-22 16:42:16.279784,2020-02-22 16:42:16.279784
bf07ea83-ed3d-4aeb-a9bb-eed666d7319b,f5242c93-3bb1-4bee-99c0-322a8ce10b59,unfinished,2020-02-22 16:42:16.570554,2020-02-22 16:42:16.570554
e731a4c9-0a33-4a3f-82f6-7a1db87633a7,c28363bd-4229-4ddd-9887-9ded77fac068,inverted,2020-02-22 16:42:16.776358,2020-02-22 16:42:16.776358
6d5bf7e0-2810-44a5-8259-50871362ead1,8f86912b-2125-4447-9741-0ad40fa789d2,instrumental version,2020-02-22 16:42:16.986446,2020-02-22 16:42:16.986446
8965899c-7382-48d1-8870-40a5987957aa,bb4d2e42-c6ea-4954-9ed7-2abda0da4a58,unfinished,2020-02-22 16:42:17.362777,2020-02-22 16:42:17.362777
c5d3c758-ab41-4255-83e8-a1becc2f61dc,b3495e88-d1bb-4bc9-af1f-2ad96fe2415e,unfinished,2020-02-22 16:42:17.510482,2020-02-22 16:42:17.510482
92b6f3a6-8098-49d7-9c16-8d671af44590,af0da76e-d713-437a-bd37-1c390d433e65,completes 06/02 version,2020-02-22 16:42:17.802279,2020-02-22 16:42:17.802279
b74a9c6c-5943-4ce2-a794-ca85dc75f6fe,8ab1e3ed-654d-4384-961b-ca27b1674166,unfinished,2020-02-22 16:42:18.006193,2020-02-22 16:42:18.006193
23cfd16b-37de-4bdb-9e61-eed4b005e01c,9d03becf-7818-47e6-bc13-d5a12ea23bbf,Perfume Version,2020-02-22 16:42:19.445737,2020-02-22 16:42:19.445737
a82f0449-df59-4b91-ad20-94283b0b2c74,f04915f9-6cb8-4847-81a4-a6a837cc3dc6,inverted,2020-02-22 16:42:19.951919,2020-02-22 16:42:19.951919
1f5a44b5-b58b-4012-a9ae-53bf0721b116,c5e70375-4dbf-4259-b92d-ae562bf6422f,completes 06/03 version,2020-02-22 16:42:21.627281,2020-02-22 16:42:21.627281
e0063ef5-3e7f-4cb9-bbc4-d59495c48c06,a0e1d2e4-7a49-4acc-af51-02570d1c7ae0,unfinished,2020-02-22 16:42:22.687335,2020-02-22 16:42:22.687335
b9ec8065-e865-4e65-9040-305e03e5f624,3c692e22-9e2a-49a6-bd8e-896039a2f258,inverted,2024-08-09 04:10:42.528533,2024-08-09 04:10:42.528533
6a4c1d34-23cc-4354-966d-6c4497083936,3c692e22-9e2a-49a6-bd8e-896039a2f258,with 'Mulberry's Dream' teases,2024-08-09 04:10:42.579545,2024-08-09 04:10:42.579545
65028846-09ac-4c29-8a04-52d9a7ef658d,2361e716-7284-4223-b79c-2d5d292ca683,dub version,2020-02-22 16:42:23.911189,2020-02-22 16:42:23.911189
8b4ba931-07fc-485d-89aa-b49f3dc55902,91500193-dd38-41b7-b0d3-f02b006c5381,dub version,2020-02-22 16:42:24.181399,2020-02-22 16:42:24.181399
4e834dda-9972-4dd5-b1e9-55187dc8bc6b,9eac8a51-6eb1-4649-b162-b277641ce048,ending only,2020-02-22 16:42:24.470135,2020-02-22 16:42:24.470135
761e3cb7-7c4c-422c-b44d-145e01576985,cbe10673-24fe-4174-aca4-912f850f1b27,inverted,2020-02-22 16:42:25.131531,2020-02-22 16:42:25.131531
bfc82e62-0510-4441-990a-4fcbfa8bb1c2,fff69326-0aa3-406b-87ff-445c794a6f4e,unfinished,2020-02-22 16:42:25.250735,2020-02-22 16:42:25.250735
04fd072e-b3e4-488e-a8e3-40747c2b66bd,358fc2ea-104a-454b-9d1b-0527ce5a1dfe,inverted,2020-02-22 16:42:25.348942,2020-02-22 16:42:25.348942
f254d92c-4052-4bcd-8e95-ec1c606b8ee8,39295bc6-5c64-4de8-b89c-d04c91d838f1,middle section only,2020-02-22 16:42:25.494514,2020-02-22 16:42:25.494514
1c09b126-063a-45fd-bd53-ca059b347aec,af7ec3d4-717f-427d-9a2a-34aa5808acea,ending only,2020-02-22 16:42:25.602488,2020-02-22 16:42:25.602488
781211f0-49c6-4ce9-9f87-fa16ac6e2b09,3bea610e-d709-4d03-9800-d6b2aea8ea83,unfinished,2020-06-23 18:39:13.177118,2020-06-23 18:39:13.177118
d2e414fe-2325-4bcd-8e08-055f3c6172d1,d25ce417-828f-490b-9174-b529c3b7ef9d,unfinished,2020-02-22 16:42:25.928720,2020-02-22 16:42:25.928720
8708361c-7317-4b89-b8fa-07f98a66cc3b,5f6cb4a2-61b2-404e-987d-28d5701349e2,unfinished,2020-02-22 16:42:26.014763,2020-02-22 16:42:26.014763
1dafd0cc-f4d5-4bb4-b11c-7e5f7b9981c1,4c084db1-4116-472c-937a-ec9911dda81f,unfinished,2020-02-22 16:42:26.166693,2020-02-22 16:42:26.166693
4a0eb37f-ce6b-4c51-9fb1-559a1d43f53d,0805495f-d542-438b-8b24-f57c4c45e89c,middle section only,2020-02-22 16:42:26.246125,2020-02-22 16:42:26.246125
05dfa5db-516e-475f-87d3-2c475f8e65fe,6c831e8a-f8ca-4c81-a517-34f65fbd2579,with Allen Aucoin (Skydog Gypsy) on drums,2024-08-10 17:13:50.944455,2024-08-10 17:13:50.944455
2a39d46b-e633-4da7-bf8d-341e5c82d562,438b1791-d135-4a15-9510-6e80e15322b8,dyslexic completion of 07/15 version,2020-02-22 16:42:26.736160,2020-02-22 16:42:26.736160
12867112-8098-4c98-9eaf-11e1deec7864,ecad01ca-2f4f-475c-a66e-5d8df1482fea,unfinished,2020-02-22 16:42:26.818063,2020-02-22 16:42:26.818063
49d05125-7f59-491c-a8c5-e76797d34cfa,d206587f-5801-488e-b509-8a69e386a9f7,unfinished,2020-02-22 16:42:26.936501,2020-02-22 16:42:26.936501
67f10484-85c0-420e-a442-cf4362d6f369,42ed4b3e-fd08-485b-9407-ac82b01ab537,LTP 8/24/02 (154 shows),2023-04-18 16:25:45.719109,2023-04-18 16:25:45.719109
dc64c96e-ebb1-4056-a50c-9c3e13fa3603,8fd8072a-52c1-4a0e-a69e-4c84da07ad18,unfinished,2020-02-22 16:42:27.426293,2020-02-22 16:42:27.426293
d4ad7ca2-4d9c-40d5-8866-a0856fd6138a,be0727d8-3196-4ab3-9f9f-218fa9b7ba7b,unfinished,2020-02-22 16:42:27.534263,2020-02-22 16:42:27.534263
8908c0a3-1903-4c95-8a5f-b16bae057590,51d25f64-5fea-4e2f-bc5d-c3c7112f2549,unfinished,2020-02-22 16:42:28.798737,2020-02-22 16:42:28.798737
6fa849fa-bf55-45b2-b117-99bf1dc66fc5,2e68d5d3-e406-4a1f-a85b-a0cd0fa430f3,unfinished,2020-02-22 16:42:29.089322,2020-02-22 16:42:29.089322
1ea4e885-0ff7-441d-a81c-d2a7da4a87bb,86425510-c11f-42f2-b2e0-16736291b9b3,unfinished,2020-02-22 16:42:29.564888,2020-02-22 16:42:29.564888
5992c0b2-ed08-4b88-942d-aa83304b7c52,28f8e215-4a95-4ac8-a424-93429d70d80e,unfinished,2020-02-22 16:42:29.658555,2020-02-22 16:42:29.658555
c0a92cff-8527-4e41-834f-d14b0b7787a5,12f1ddde-c098-4a91-9dfe-799a0cfb7832,ending only,2020-02-22 16:42:29.762884,2020-02-22 16:42:29.762884
43fdc6e0-ba82-434d-a347-3d464426b843,56f97328-f10c-448e-ae86-29aab0248d5b,with Allen Aucoin (Skydog Gypsy) on drums,2024-08-10 17:13:58.461101,2024-08-10 17:13:58.461101
3051f707-3a1f-48ce-a9d7-3e6846239530,823b2f3a-1a07-478b-bd8d-d9f663e8c9c9,unfinished,2020-02-22 16:42:30.783021,2020-02-22 16:42:30.783021
115cf696-1d1f-4cb0-941b-935462c7f608,a53ac59a-0060-4435-93bb-d712a1f175a8,middle section only,2020-02-22 16:42:30.987113,2020-02-22 16:42:30.987113
ce56ac14-36fb-48e2-a81c-e0a9012499d9,6b186477-fa08-4dcc-8f5c-f317e1f4b3c3,dyslexic completion of 08/25 version,2020-02-22 16:42:31.526105,2020-02-22 16:42:31.526105
3bcc8803-32a9-4fe2-b01c-d337dcf1cec7,fa94358b-ca5e-4e12-a03b-2076bd3f3339,unfinished,2020-06-23 18:39:52.115577,2020-06-23 18:39:52.115577
e615843e-dbf1-4da3-8e1a-ce0489dd54c3,11035675-8fb1-46eb-9fe4-d5cd8b6148cc,unfinished,2020-02-22 16:42:32.977787,2020-02-22 16:42:32.977787
5a939b80-301d-4712-9877-e77703bb01b7,6896d1e5-3df5-4b69-a802-dd9118142168,FTP (tDB Original),2023-11-12 18:22:31.527076,2023-11-12 18:22:31.527076
c225ef59-cdf1-4bed-ace6-7c034be9c427,7fce433d-4ed8-4ac0-a6e7-9d10c64a70a3,unfinished,2020-02-22 16:42:33.261204,2020-02-22 16:42:33.261204
b5c73db3-725a-4045-ad44-c16c400858ce,ed836852-c94e-4131-870e-f6021dc9afbb,unfinished,2020-02-22 16:42:33.393381,2020-02-22 16:42:33.393381
5f71c240-56bf-43af-9e23-55586e5f82d7,927d7c46-5294-4d09-9c2f-b75f98dccc39,inverted,2020-02-22 16:42:33.998406,2020-02-22 16:42:33.998406
82ede081-778d-4984-8def-20805dbe1671,c286315d-618f-4f8a-b54c-4a85470e3d8b,dyslexic,2020-02-22 16:42:34.114126,2020-02-22 16:42:34.114126
31497517-4469-42de-b106-549549e591da,69a74ca3-5bf5-4a45-a91d-f233244a2709,dyslexic,2020-02-22 16:42:34.595387,2020-02-22 16:42:34.595387
ff9d3f9b-a440-4de9-86fd-af6716a0611c,cda007c6-ade8-4d74-8b0a-eca0a87984bd,inverted,2020-06-23 18:40:00.980255,2020-06-23 18:40:00.980255
12b9b44b-637c-441d-bbce-57693fd9afbc,086edfd9-624e-4946-bec1-18a24c50e313,inverted,2020-02-22 16:42:34.815196,2020-02-22 16:42:34.815196
96d0e016-22f0-4937-87ab-2dd0ed71831a,c3007523-bf53-466d-ba41-80a480502074,unfinished,2020-02-22 16:42:35.492516,2020-02-22 16:42:35.492516
f897392a-219e-417f-9e6d-754cf7d28f91,380f3e76-f80b-4f26-84d6-0570894db83e,inverted,2020-02-22 16:42:36.810568,2020-02-22 16:42:36.810568
f00da659-fe8d-4553-841f-6796c98de858,55c0d612-200f-453a-ba0e-5660b1b2b9d5,with Allen Aucoin (Skydog Gypsy) on drums,2024-08-10 17:14:05.148369,2024-08-10 17:14:05.148369
9edcb3d2-878b-453c-8e5e-4ce28ba63a63,b92de10a-9c7a-4c7c-946f-8f90917a53c6,inverted,2020-02-22 16:42:37.198371,2020-02-22 16:42:37.198371
5ba2632b-d216-43c1-9f04-aa03cf0d450c,24568c46-36a0-4b13-9d1b-b2d2274ad36a,unfinished,2020-02-22 16:42:38.218175,2020-02-22 16:42:38.218175
cbc65435-abbb-4fe5-98db-d86161094cd6,e896fe45-e039-481e-b059-af619003485b,middle section only,2020-02-22 16:42:38.378798,2020-02-22 16:42:38.378798
8fcf79ea-1c1e-48cc-ade8-9aa7d1eb9d4d,7eae6f92-b3a8-4a56-bceb-6481f7b02680,with Allen Aucoin (Skydog Gypsy) on drums,2024-08-10 17:14:12.490385,2024-08-10 17:14:12.490385
f7615983-06ef-4085-847e-3368191fcb13,9a91e1b6-b405-4e8e-9849-e623c72990dd,unfinished,2020-02-22 16:42:39.471382,2020-02-22 16:42:39.471382
16d21e69-885a-497a-a33c-a97471bdb7ef,ef074a64-1c30-4f59-8238-0f2d62784ffc,unfinished,2020-06-23 18:40:20.797308,2020-06-23 18:40:20.797308
b52742fc-f707-4a86-86d2-99aa454d88a1,02b26fd0-9b78-44b6-86e6-c5808885e189,inverted,2020-02-22 16:42:41.090102,2020-02-22 16:42:41.090102
849816bb-50a8-4c8a-8559-717f4d564522,5d3f0aa3-2eaa-4a0e-acc1-d371f2450e80,unfinshed,2020-02-22 16:42:41.229338,2020-02-22 16:42:41.229338
f89fe352-2788-41fd-8769-f5ab14c48ea1,bb239e87-ad14-465d-b0be-e4d078ac9ec8,inverted,2020-02-22 16:42:41.439875,2020-02-22 16:42:41.439875
f348cb79-5aa1-4dd0-857a-c037318db30e,ca639f2c-5f5b-4f65-9ae4-6cd5b02e8378,with Jamie Shields (the New Deal) on keyboards,2024-08-10 17:26:25.549768,2024-08-10 17:26:25.549768
40f423fd-12ea-4ee6-b890-52f95920cddb,4368c41e-940d-447e-9ae5-876dd0d08476,unfinished,2020-02-22 16:42:43.468721,2020-02-22 16:42:43.468721
403e2b8e-4643-4b68-9f93-8e097ecd1068,edd71273-5b1c-4996-a57a-fdc32414b44c,dyslexic,2020-02-22 16:42:43.542057,2020-02-22 16:42:43.542057
c5a82118-7c23-44fe-bc54-dac5bae822bb,4539abea-f865-4745-80dd-543b10fc9731,dyslexic,2020-02-22 16:42:43.698585,2020-02-22 16:42:43.698585
5581b4ac-0cc9-4654-a315-8b40baf03759,58e36b8d-d422-4332-84df-8368dc2c281d,inverted,2020-02-22 16:42:43.987515,2020-02-22 16:42:43.987515
fd8309b3-3c06-44b4-bbbc-3f7cf451e7c9,c9d6b62d-461d-4ba6-896c-ac6bd1351112,unfinished,2020-06-23 18:42:11.000501,2020-06-23 18:42:11.000501
daafdbe7-4f74-4945-8b38-97a82350924e,ca639f2c-5f5b-4f65-9ae4-6cd5b02e8378,unfinished,2024-08-10 17:26:25.579515,2024-08-10 17:26:25.579515
b6565cd4-7828-46da-917b-8bcd967e2391,78decb80-2130-4dc9-97c8-ccc02c0541cd,intro only,2020-02-22 16:42:44.963473,2020-02-22 16:42:44.963473
0b93fa60-355d-4b4b-bd55-fb1fc4664f67,866f3dcd-575f-4fe7-9c46-8e66a206dede,unfinished,2020-02-22 16:42:45.402694,2020-02-22 16:42:45.402694
7dbe7dd2-2dcd-4707-ad0a-d5ccb274cb47,c64140ec-87b3-4ac1-9636-27e51fbbd96d,unfinished,2020-02-22 16:42:45.498345,2020-02-22 16:42:45.498345
d9c8ee08-31bf-40a4-b3b5-2751d7df58a4,7647477c-2d75-45c2-bf6a-7b12599035e0,completes 09/10 version,2020-02-22 16:42:45.603394,2020-02-22 16:42:45.603394
50d96041-b2cd-411b-93ac-a6bfb51f0e71,1125df7e-30d3-48a7-abc8-bb94b45a054a,dyslexic (middle>begin>end),2024-08-10 17:37:22.065154,2024-08-10 17:37:22.065154
e6c30753-0a21-46e3-a88e-83f5a04e90cf,1125df7e-30d3-48a7-abc8-bb94b45a054a,with 'Muppet Show' theme (Jim Henson) & 'The Ladies Were The Rest of the Night' teases,2024-08-10 17:37:22.084351,2024-08-10 17:37:22.084351
fb9a8034-ee69-477f-b41c-c287e1ee7d20,3bfa5c49-7036-4021-b1e0-b5f542079077,dyslexic (middle>begin>end),2024-08-10 17:37:33.047521,2024-08-10 17:37:33.047521
af17d638-f22d-4c0b-9e80-e3c2c438aa90,aeafc0f4-8623-43cc-9ad4-593bcf815b5d,unfinished,2020-02-22 16:42:47.279659,2020-02-22 16:42:47.279659
5624c795-96e2-470f-9dff-9e1f405081ab,7fc3990d-dae9-42b7-8758-1ea79b660494,unfinished,2020-06-23 18:45:27.013766,2020-06-23 18:45:27.013766
7706dc61-bdcc-4170-8a5e-2fac7f7430ed,33456549-745e-4fc4-8af8-5e4bb78afd34,unfinished,2020-02-22 16:42:47.629933,2020-02-22 16:42:47.629933
d77946a7-aa75-4915-8435-0b8ef2649e69,b6a58325-4c50-44ae-83c7-845bdb562abf,FTP (tDB original),2024-02-29 14:48:47.846699,2024-02-29 14:48:47.846699
779c78fa-445c-4488-b8ac-ec4325c27d5a,c4a37bfa-5b36-4f5f-80d8-e3442326083e,unfinished,2020-02-22 16:42:50.109928,2020-02-22 16:42:50.109928
403082cf-a30c-4323-82dc-d39f50182f32,d341ff51-ee89-4b2e-862f-6371a9382fd0,unfinished,2020-02-22 16:42:50.314260,2020-02-22 16:42:50.314260
d2edf2d0-4c68-408a-a619-983207ec211c,29440f3f-8537-4404-aa1b-0c33ddb2ebe7,ending only,2020-02-22 16:42:50.966938,2020-02-22 16:42:50.966938
37291ff7-db82-4e11-9ff3-80b402bf4d23,fd4e1ffe-535c-4043-9e39-d38dc603c2fc,dyslexic completion of 10/27 version,2020-02-22 16:42:51.087062,2020-02-22 16:42:51.087062
7d653536-d8b5-4f20-9f74-8b32cc7b319d,797c33b1-4153-4eb3-a36c-62c9a871a610,completes 10/29 version,2020-02-22 16:42:51.383054,2020-02-22 16:42:51.383054
adbaf93d-cd8b-4740-9d58-c3407ad245f6,03adeb84-7b48-4c50-a635-b4e11b9124b5,unfinished,2020-02-22 16:42:51.593141,2020-02-22 16:42:51.593141
4d8547c5-81fd-48e4-9dca-b7b3d91ac194,39eafc21-3faf-4e0f-9b7d-98acc7b16cce,FTP (Mike Post),2024-02-29 14:49:46.321835,2024-02-29 14:49:46.321835
ac109cd3-38d6-4097-8dad-2869d276f1d7,40e6eec1-0472-4519-86c2-67de0abeb1c4,unfinished,2020-02-22 16:42:51.962561,2020-02-22 16:42:51.962561
5bcc342e-a9d5-432d-aa58-418c2850f934,cce4d797-d9b8-4342-a1fa-49fbc605bf79,unfinished,2020-02-22 16:42:52.058772,2020-02-22 16:42:52.058772
07bd3f44-16e9-428f-b621-7a90123dd9a5,44ec8e76-0be1-42fc-8ec7-a5526370baf7,ending only,2020-02-22 16:42:52.406167,2020-02-22 16:42:52.406167
e9d41e69-f035-4b2e-be38-44daac890e8b,b2f912c8-6028-4786-975f-9efe1e1f29c7,middle section only,2020-02-22 16:42:52.647381,2020-02-22 16:42:52.647381
65c4b444-b1c1-4717-b086-32a7ff47fca8,c872a087-ef99-47fd-b6cb-3cb6027235a5,inverted,2020-02-22 16:42:52.807455,2020-02-22 16:42:52.807455
17f55f66-4611-41d7-8b2a-3a74351a2d26,c478f275-17e6-485f-a09c-cc5a51489fe6,unfinished,2020-02-22 16:42:53.271824,2020-02-22 16:42:53.271824
0d6bfc6d-cfc6-4930-bfe8-235e319ee7e8,31b0b98f-98c6-4586-9dda-a4c358167143,unfinished,2020-02-22 16:42:53.417927,2020-02-22 16:42:53.417927
3875c505-0911-4524-b39a-30a7b4cbed0a,a1e59fe4-569e-44c8-895a-c0c34a5f9a1c,completes 4/3 version,2024-08-07 21:53:25.032248,2024-08-07 21:53:25.032248
458d4797-48b4-4a39-990c-1b59b4a2f375,a1e59fe4-569e-44c8-895a-c0c34a5f9a1c,with 'Fanfare for the Common Man' (Aaron Copland) teases in the outro jam,2024-08-07 21:53:25.048261,2024-08-07 21:53:25.048261
cb1d799e-757b-421c-b64a-2955037c75a9,73183d32-ffdd-4da4-a8bc-529e3b7ecaf8,beginning only,2024-08-09 04:12:29.910646,2024-08-09 04:12:29.910646
0149cd54-f8df-47ae-9bfd-f5f8acd48db3,2f18583f-ce0f-4b62-adce-1cf28ce72d53,inverted,2020-02-22 16:42:27.827105,2020-02-22 16:42:27.827105
ce131063-7b69-4a68-865e-e7ffd076b09b,b650dcf6-03f7-48db-a691-59a3bffe21cc,unfinished,2020-06-23 18:46:23.534237,2020-06-23 18:46:23.534237
d93f7b48-11f6-4a33-9c96-8538114e3eae,73183d32-ffdd-4da4-a8bc-529e3b7ecaf8,unfinished,2024-08-09 04:12:29.928242,2024-08-09 04:12:29.928242
334b9f7d-f2e3-4f2e-bc08-06fe9356f2b9,73183d32-ffdd-4da4-a8bc-529e3b7ecaf8,with ‘Funkytown’ (Lipps Inc),2024-08-09 04:12:29.961440,2024-08-09 04:12:29.961440
55cc8881-77c5-46d8-80b4-3cfc7bc80fa6,276f942b-d53b-4d66-ad96-17edf8672a42,with ‘Swingtown’ (Steve Miller Band) teases,2024-08-09 04:13:17.575996,2024-08-09 04:13:17.575996
2440225e-7121-4672-bf5b-b7e0e825bb68,9702835b-9d5e-401e-ba88-4b83f73f5d2e,with 'The Way It Is' (Bruce Hornsby & the Range) teases,2024-08-09 04:20:17.250654,2024-08-09 04:20:17.250654
df4bf3be-64c5-44c8-8ade-6bfda2eae177,9cfc3abf-1add-4832-8873-d200b1bb0013,FTP (JM2),2024-08-10 17:23:45.980885,2024-08-10 17:23:45.980885
e5893c2b-57a1-4f86-942e-797adec16340,b7cdd8be-3130-4e3f-9950-f39ab553a2e4,FTP (JM2),2024-08-10 17:23:58.098311,2024-08-10 17:23:58.098311
742c08cb-5b53-407f-8c79-3aec261676af,d8a578c3-7ee2-4040-a037-e67cb05aba8a,with ‘Rock Candy’ ending teases ,2024-08-17 12:49:49.675535,2024-08-17 12:49:49.675535
81fdff2c-3699-4858-9882-df1463a25b31,0b157894-48eb-4d53-a944-72f660070b0f,unfinished,2024-08-27 17:16:01.108520,2024-08-27 17:16:01.108520
c023fe9a-7f2f-47f2-9cb5-e80272b8ca43,e8df2fba-82a4-43af-96f8-c4a0be1ee3b6,inverted,2020-02-22 16:42:56.067736,2020-02-22 16:42:56.067736
1009c48a-7995-4aa0-84ef-d9bfe6e1c53b,fba8f587-1746-44c7-a931-1084cc9e8405,unfinished,2024-08-27 17:16:09.266668,2024-08-27 17:16:09.266668
9549ac14-83fd-4ee2-9c7f-005324893c1d,cde92440-af04-4348-82e1-b01eb6c5f68a,middle section only,2024-08-27 17:16:18.432500,2024-08-27 17:16:18.432500
e571658a-9567-47b3-b426-9288d12cc000,13ac1679-7420-4d3e-a06d-3ba7c68853f1,inverted,2024-08-29 03:19:52.146125,2024-08-29 03:19:52.146125
01f00ea4-8e3a-4e2b-8155-4b574fad7b27,0b59a71e-ddce-4c38-9f86-a4387e648f2c,FTP (tDB Original),2024-08-30 01:55:51.767381,2024-08-30 01:55:51.767381
1fd421db-7b3c-41a1-b72b-2048e6f986fb,00cdcaee-e6a5-4515-ac74-1ea847677adc,FTP (Johann Sebastian Bach),2023-11-12 18:23:43.380957,2023-11-12 18:23:43.380957
c1b9c161-a2cc-4e91-8fbf-0ae660d70061,b247a821-9ca5-4662-9a0a-11532e6494e0,completes 9/9/01 version,2024-12-07 20:12:23.566762,2024-12-07 20:12:23.566762
5fef1483-2c5c-43de-b2da-afd2495a65cd,bf2ecaef-ebaa-4f49-9974-97e112fc5e36,with 'Hope' tease,2024-12-07 20:12:50.191223,2024-12-07 20:12:50.191223
e6f7f273-b890-4b87-93ee-8527c2c549bd,0fb06a72-c784-4d71-bf9a-b812a38310d5,with ‘Funkytown’ (Lipps Inc.) teases,2024-09-01 20:08:31.720137,2024-09-01 20:08:31.720137
73ec6b07-4ad8-43d0-bcbc-5b43c5b1d5e3,e34a3187-e0a8-471a-ba39-2a13a3aaab10,with ‘Moving In Stereo’ (The Cars) teases,2024-09-02 18:03:23.869852,2024-09-02 18:03:23.869852
ca675d87-7a14-4daa-9f8d-6d94f3b07080,5bc8bdd2-67d0-41de-922b-83f089f571e3,with ‘Trap Door’ teases ,2024-09-04 10:59:41.022215,2024-09-04 10:59:41.022215
4f27f802-33fa-4de5-9bc8-7494aead995f,9d50e964-16b4-4c26-a4e0-2fd275617055,ending only,2020-02-22 16:42:58.634251,2020-02-22 16:42:58.634251
3209d0c5-a4f3-410a-8630-87dc2fa552f4,f371afde-f0c4-4c81-b970-ced56e71faa3,continues 9/14/01 version,2024-12-07 20:14:24.652546,2024-12-07 20:14:24.652546
12f4dea5-8e62-40c3-8cba-64d82eb4da52,1397c27d-8b05-40b2-aa66-65586b900f9c,with 'Three Days' (Jane's Addiction) tease,2024-12-07 20:14:46.321540,2024-12-07 20:14:46.321540
c5aa1ef0-4fe9-4903-b42b-49d4c78fc74d,abac0a05-2ce0-4506-9860-ecb9dfcc7a83,inverted,2020-02-22 16:42:59.095299,2020-02-22 16:42:59.095299
88b29deb-19f8-4e29-9ae0-923b55097734,8db00c2d-b810-4bf8-9b8f-18eed09f940a,LTP 8/11/23 (72 shows),2024-09-06 02:13:05.450181,2024-09-06 02:13:05.450181
9637432d-5ea7-4fcf-8b55-b8fc373f6abf,420afbc3-24ec-4ab6-8f74-d1e255551ff0,inverted,2020-02-22 16:43:00.410271,2020-02-22 16:43:00.410271
b9a34390-495e-4f3a-a420-6de1c28b85a0,aaad894e-923a-4daf-9a78-0cbba2c34bc2,unfinished,2020-02-22 16:43:00.804853,2020-02-22 16:43:00.804853
4b9dceff-2fcc-4a07-b0ca-9e15d38d6092,920b40a1-05a9-4e1a-a552-26cc5858d31e,inverted,2020-02-22 16:43:00.975541,2020-02-22 16:43:00.975541
cfbdf67a-51ce-4a41-b09a-8c8d1740c3f2,ace3866b-aca0-4d44-936d-e6be72b0a2a3,unfinished,2020-02-22 16:43:01.109453,2020-02-22 16:43:01.109453
697840dc-b376-4d16-ac09-a9cd94b57553,c285e587-7328-4b55-93a8-ef35f2ddbc23,unfinished,2020-02-22 16:43:02.474329,2020-02-22 16:43:02.474329
9e09d636-9cd4-4200-807e-80448ed156cc,da137291-4b96-4155-a59a-47afaff57a68,inverted,2020-02-22 16:43:03.478498,2020-02-22 16:43:03.478498
d411eb94-26fc-4881-9242-30d1bf82e4ba,d17c0f14-d1d9-4b58-83e4-166e7c0c4811,ending only,2020-02-22 16:43:03.614370,2020-02-22 16:43:03.614370
4d5b670a-b7ac-41d9-9602-8a22ff5d2eb4,4347ead7-bbb7-457f-bdc9-19a0f0c37300,inverted,2020-02-22 16:43:04.195622,2020-02-22 16:43:04.195622
6d59d9e4-d8ff-494a-9bc2-73dcf3a6be46,87061ce1-5f82-4fef-a487-0c0490f345f3,unfinished,2020-02-22 16:43:04.726507,2020-02-22 16:43:04.726507
2ba10456-d181-4e69-bd7d-5e419b9d10ba,2fff9ef0-50f7-4677-87da-c3301b033088,inverted,2020-02-22 16:43:05.406748,2020-02-22 16:43:05.406748
491b04cd-2084-4f44-8baf-7629d9ded186,d95c57d7-70cb-4b83-bcc9-d83246face2a,Ryan Stasik of Umphrey's McGee replacing Brownie on bass,2020-02-22 16:43:06.096790,2020-02-22 16:43:06.096790
4cc5f432-3dac-4295-b80b-7d63f0c3a1ec,31133252-2f1f-4ff1-82b5-82c4d46d24b0,inverted,2020-02-22 16:43:07.457983,2020-02-22 16:43:07.457983
5901729f-f457-4959-9080-dcaf06de41ed,8094adb4-e3a4-4ab4-aae5-bc9391be814d,unfinished,2020-02-22 16:43:07.752601,2020-02-22 16:43:07.752601
57536f6d-e8a7-49f7-af76-09c41cee8d68,fd692e08-046c-43a8-89df-cdabc34d79ef,inverted,2020-02-22 16:43:08.265380,2020-02-22 16:43:08.265380
e11ec68f-10d2-49c9-b8b8-cbafc33c2370,bf1e0a85-8d88-4153-8a6c-ff33c0beaf82,ending only,2020-02-22 16:43:08.378795,2020-02-22 16:43:08.378795
450f3593-fd98-4ee5-957d-6d2b94d18c0f,8e6752d8-f28b-46ed-a18c-716a86887883,ending only,2020-02-22 16:43:08.614487,2020-02-22 16:43:08.614487
d9a21ec9-2eee-4c38-ade7-8e2a733c475e,fef38dbb-20f9-4a82-afb1-9178944507ef,middle section only,2020-02-22 16:43:09.356907,2020-02-22 16:43:09.356907
1fda7854-63a7-49ea-8baa-9097e3e83f93,e3bf9712-5a2b-45fa-b412-8e5068f0dfd2,with Aaron Goldberg (Skydog) on bass,2020-02-22 16:43:09.760728,2020-02-22 16:43:09.760728
db085f50-8002-4cae-a34e-45f2e4738641,95bdd2a4-6bf1-4622-b3ec-9120168b2ea9,unfinished,2020-02-22 16:43:09.874883,2020-02-22 16:43:09.874883
1a108cb2-3847-4848-a763-2e553530a066,cfa43889-d35c-40a6-a49c-73d2eac45a26,unfinished,2020-02-22 16:43:10.056253,2020-02-22 16:43:10.056253
4ab9db49-dd13-4948-9c06-42cff9882ef2,efbcf12a-490d-455c-91b3-4d471743e2f5,inverted,2020-02-22 16:43:10.940475,2020-02-22 16:43:10.940475
072af7de-03c1-4fd4-b506-c363738cbb5f,ea654244-6039-423f-b0b8-043af6898152,middle section only,2020-02-22 16:43:12.162792,2020-02-22 16:43:12.162792
668d77a0-c2c0-458b-b428-a60783e88752,0e7deeed-e7b9-4bf3-9dbe-13dd63659d59,unfinished,2020-02-22 16:43:12.986752,2020-02-22 16:43:12.986752
59c43a63-c27f-49f3-8eea-56e204ebc5a5,017bd96e-bda4-4998-b5a5-68e2585f8798,inverted,2020-02-22 16:43:13.187307,2020-02-22 16:43:13.187307
f9904829-02fa-4f9f-80cd-48b10d19d697,41e0cbb1-cffe-4b76-8368-10704207154b,ending only,2020-02-22 16:43:13.359545,2020-02-22 16:43:13.359545
b5668c9a-11c6-4468-995b-d909ea99ebb4,7b3f8e2b-d1e6-480e-9a13-b55f7f9bf15f,unfinished (beginning/middle only),2024-09-07 17:58:04.155800,2024-09-07 17:58:04.155800
1761b055-b63b-4ea7-abed-88471a15b034,ec06129f-cb8a-4e10-8910-c773be078deb,inverted,2024-09-09 04:25:47.017658,2024-09-09 04:25:47.017658
cad90fc9-c1eb-41aa-851a-d689490b88f1,8117fb46-0b0c-4374-8b27-d1d6232094cd,LTP 12/1/23 (58 shows),2024-09-09 17:49:40.603872,2024-09-09 17:49:40.603872
4d6d3bf6-00d9-4841-b6db-7bd03f7c8eb9,9482bf90-663a-45f1-8942-66f6718a4c0c,with ‘Kamaole Sands’ teases,2024-09-11 12:57:42.888075,2024-09-11 12:57:42.888075
031f4a71-e25a-4c1d-b8af-b3a1b8fd531c,69775885-fbb2-4dc7-bd66-8d26cec4026f,LTP 7/6/23 (91 shows),2024-09-12 02:10:08.988168,2024-09-12 02:10:08.988168
1b05baf4-fd41-44ac-9258-975f6dae5896,86014733-9fdd-4dc7-be1c-5e7bc77d1200,inverted,2024-09-12 02:46:36.524416,2024-09-12 02:46:36.524416
171f786a-de40-4a8a-a3c7-3efa1313ca3f,5f0002d8-4857-4fd8-bcc4-e70a3fc8c344,LTP 9/24/23 (67 shows),2024-09-12 04:55:41.396495,2024-09-12 04:55:41.396495
4cd7e209-25ca-44dd-baed-90d53ae1c78e,4ec47cb5-f862-4fd2-ac30-ef5f9e244d56,inverted,2020-02-22 16:43:13.836094,2020-02-22 16:43:13.836094
53eef80c-23df-43d4-bec3-31af090958e4,86afd821-84ce-4091-8c97-820209acc091,unfinished,2020-02-22 16:43:15.341212,2020-02-22 16:43:15.341212
6e326b77-5246-4e5e-9d31-cc3331b09932,74efbdda-2522-4b35-87f2-fbe03945e0f2,dyslexic completion of 04/14,2020-02-22 16:43:15.723451,2020-02-22 16:43:15.723451
6ca2d0db-2d6d-4bfd-b671-e81a3881f6ab,bbd77996-d6f4-46a8-b48c-8ada34f28510,inverted,2020-02-22 16:43:15.923226,2020-02-22 16:43:15.923226
e1b7fc02-c842-4318-b60c-795df5a7b0d1,e06d074f-2a3f-4c62-a0d8-71ec578f6208,inverted,2020-02-22 16:43:16.249021,2020-02-22 16:43:16.249021
e59975d8-8318-476e-8531-b0fc89765166,4efb8f6b-98ad-4583-9d88-f0f0d5d501fb,ending only,2020-02-22 16:43:16.542917,2020-02-22 16:43:16.542917
806ed1e8-f723-4a60-958a-43d76aa01434,0d099e0a-c4eb-4972-9837-b314888a97f9,unfinished,2020-02-22 16:43:20.284165,2020-02-22 16:43:20.284165
fdfa2b57-79ea-44eb-af66-8bc1d78751eb,7d9ea28c-431b-48cf-bdd0-4545663b086e,inverted,2020-02-22 16:43:23.036375,2020-02-22 16:43:23.036375
d5de6fdc-ea54-49e4-aec2-be6b697b41d6,b9d0a5d7-0357-4207-998a-142f5cd256f8,inverted,2020-02-22 16:43:23.231188,2020-02-22 16:43:23.231188
ef843ecd-41fb-4bf1-984b-f923949cb85f,4acbd8cf-23f1-42e5-b851-d8ea0136b795,unfinished,2020-02-22 16:43:23.412073,2020-02-22 16:43:23.412073
f2bc25b0-2260-468b-9d5a-3170d6fde8d1,9d0da8a9-f083-40f4-9fca-c07377d9beb6,unfinished,2020-02-22 16:43:23.582717,2020-02-22 16:43:23.582717
2b72ffca-85c0-47af-aa7e-dfecbfc9f691,84e9e5bd-142f-4a40-8c17-9a0bb33500d7,inverted,2020-02-22 16:43:24.548576,2020-02-22 16:43:24.548576
c51c7a7f-50ff-4f04-8f7c-3c8a97e407ad,7f53707c-e444-4145-a66e-516d32f89d5d,unfinished,2020-02-22 16:43:24.744495,2020-02-22 16:43:24.744495
19b9834c-c59c-42ef-ac46-1c26b950349d,13e79dc3-70ac-4cc8-baf7-9d6f6944a662,unfinished,2020-02-22 16:43:25.140576,2020-02-22 16:43:25.140576
02a2ab9d-9b12-40ed-b99c-306b995a6b28,3a48c834-bc0b-461a-85f1-5960383a8a30,unfinished,2020-02-22 16:43:26.018610,2020-02-22 16:43:26.018610
99ca11b0-e0e6-4b99-bc92-6ccff59141b0,5cedd605-48cb-43d4-8095-04ab5072d1eb,unfinished,2020-02-22 16:43:26.167978,2020-02-22 16:43:26.167978
ecb1990e-7343-4c33-b784-f4d8e7cd2dcb,d633a611-9cde-461c-8072-c9d6b02054dc,inverted,2020-02-22 16:43:27.438746,2020-02-22 16:43:27.438746
211466dd-8b6a-40c5-b43b-2a837c14501d,592c33e7-8d95-4e3f-9ccd-9e71e8cd5b26,inverted,2020-02-22 16:43:27.947147,2020-02-22 16:43:27.947147
e7005eb0-1a54-48db-ae2a-713de7a8e663,a650785a-3918-4aa6-9434-9ba6bbdad808,ending only,2020-02-22 16:43:28.021555,2020-02-22 16:43:28.021555
bd40b16d-3be2-4619-8253-8afbdd343fd2,dca8849f-335e-4797-8d43-fee78154202c,inverted,2020-02-22 16:43:28.302694,2020-02-22 16:43:28.302694
0dc56a85-400c-432f-b961-72edeb4d6e4f,72af4ac3-7932-4b93-809a-9db05d2de4d4,inverted,2020-02-22 16:43:28.398340,2020-02-22 16:43:28.398340
f6f5c487-4960-4d04-a658-da52aeb258cd,f7e19bf4-c768-4d78-80a4-49c21f5147cf,Perfume version,2020-02-22 16:43:29.866358,2020-02-22 16:43:29.866358
aa0ae003-783d-408b-8557-844121aad16a,4ce3ed9d-a36e-4c93-82c8-9c0c2b8ca83a,unfinished,2020-02-22 16:43:29.975121,2020-02-22 16:43:29.975121
7035aeb6-3060-4ca6-b2d1-46ed948b66d1,2929cffb-7602-4674-bed5-b5be72e6e3bc,inverted,2020-02-22 16:43:30.393969,2020-02-22 16:43:30.393969
a0785949-eba5-41ec-92b8-354bdab16f98,d4eb4067-d1b9-4d7a-bf66-58fa2594ea8f,unfinished,2020-02-22 16:43:30.939827,2020-02-22 16:43:30.939827
d5f26c4f-7a6b-4efb-addd-1387b9dd93d9,e16aea2b-7fa8-4f10-9eaf-528f5a37097d,unfinished,2020-02-22 16:43:31.153114,2020-02-22 16:43:31.153114
7e557538-6898-44c8-857c-0cb6b0be6fea,d1db22db-416f-4a54-8844-cfecd4c2e3a7,inverted,2020-02-22 16:43:31.230288,2020-02-22 16:43:31.230288
8f773c90-42ec-47ba-a498-4c5edb283ec7,e202230b-bacc-4e45-9bdc-feb5c08a0755,unfinished,2020-02-22 16:43:31.538647,2020-02-22 16:43:31.538647
c7e240d1-45e6-4fff-bfeb-574605d5ce4e,fe3b1e59-e8b5-4149-813a-021a88a6463f,unfinished,2020-02-22 16:43:31.678758,2020-02-22 16:43:31.678758
da64adb5-c221-4880-a2cf-a4a0f79a75c5,1ad1990a-e722-4aba-b9f4-028e1010c087,ending only,2020-02-22 16:43:31.839633,2020-02-22 16:43:31.839633
b1208fcb-f8b4-4868-bcdd-e69d3c39af9b,a03f702d-98c9-4149-81bc-5f9ffdb3248b,unfinished,2020-02-22 16:43:32.019343,2020-02-22 16:43:32.019343
ae38df41-8c61-40df-bb8c-6b8d07c20c35,82e5e8b6-afcb-4f51-b150-f78e479affd1,unfinished,2020-02-22 16:43:32.810286,2020-02-22 16:43:32.810286
54fefc1e-85ea-44c9-8feb-ec616e86755f,9976e97d-43a4-4c3c-b310-659ef518f7e5,unfinished,2020-02-22 16:43:32.916324,2020-02-22 16:43:32.916324
77e951d0-4532-4f42-9a68-465596764c55,531355f6-97e8-4eda-8aa1-ffb929c9dd7c,ending only,2020-02-22 16:43:33.011665,2020-02-22 16:43:33.011665
914d658b-13a2-4fe3-bae0-0e106a216eb2,2b1b3b12-82a9-4948-9e5f-1541efc874c9,unfinished,2020-02-22 16:43:33.354078,2020-02-22 16:43:33.354078
ad83dcb6-35ed-4952-9406-4bce3ec1ccca,de6bb87a-c318-484c-ab31-a530bc55f5b4,unfinished,2020-02-22 16:43:34.107485,2020-02-22 16:43:34.107485
b3693e8a-b892-4027-84bb-06302e01881a,c9dd7433-1022-4be9-9710-db8400d92d79,middle section only,2020-02-22 16:43:34.233321,2020-02-22 16:43:34.233321
d6f1e5c3-7f51-4df1-8bab-11fcee5a25a7,42590140-90a4-49aa-af89-635018d81176,inverted,2020-02-22 16:43:34.327247,2020-02-22 16:43:34.327247
5736e8d4-fa3e-4b1b-888a-bad422876187,b3fb48dd-c5a8-4abb-9b04-16a760ef334d,Perfume version,2020-02-22 16:43:34.644684,2020-02-22 16:43:34.644684
b8f240f6-1bce-48a5-ad7f-7d7944da18d6,d135f66f-e6e7-401d-b72d-0362a32a5345,Perfume version,2020-02-22 16:43:34.822631,2020-02-22 16:43:34.822631
ee15da26-36e8-42b1-9ea2-3d814c16795b,ace95490-3d8e-4570-945e-41a0cb420e6d,inverted,2020-02-22 16:43:36.250937,2020-02-22 16:43:36.250937
05ed70b7-06cd-43e6-bef7-f358709bfb61,065614a8-ad7d-4e5f-b5ab-ef682332f839,unfinished,2020-02-22 16:43:36.391574,2020-02-22 16:43:36.391574
2e6c7c1f-3fab-4568-8979-7ac5dfa8ff09,2e0b04cc-9682-401e-aa98-7261b5604361,unfinished,2020-02-22 16:43:36.480741,2020-02-22 16:43:36.480741
0e12f189-b55a-4e45-8f26-88c09acc2eb9,d7d65aa8-bda0-4a47-9aee-86ac643baa03,middle section only,2020-02-22 16:43:37.347502,2020-02-22 16:43:37.347502
64e00611-fe0e-478b-835b-0ce66ba836ca,48fa979d-5cfe-4bf1-aa05-77b5a3eda8f2,unfinished,2020-02-22 16:43:37.650523,2020-02-22 16:43:37.650523
f5f6ef8c-2b05-4f6b-8965-35be33209af7,f541a85d-e0b8-4a46-86f9-05ab7def9474,completes 12/26 version,2020-02-22 16:43:39.558276,2020-02-22 16:43:39.558276
0be7ffd6-e35a-49d1-9b25-07342ef6fd12,05208eb6-b89b-4dbe-896c-3caa40b79198,unfinished,2020-02-22 16:43:39.680484,2020-02-22 16:43:39.680484
0048a79f-c40e-492e-8374-4e74412d686c,d9df7d14-8680-495e-a000-2d18f2495b21,LTP 12/28/04 (116 shows),2023-04-18 16:38:46.372610,2023-04-18 16:38:46.372610
2233b03b-fd9c-4a57-b2f6-6634b3021784,431cf60c-3c4d-4fbd-a132-5507b00b6b6e,ending only,2020-02-22 16:43:40.370846,2020-02-22 16:43:40.370846
5a23402d-38e0-4b70-9609-ee43f1e88cbb,1292d24f-bd8c-4e0b-9bde-db7a6c009c6a,LTP 5/27/05 (105 shows),2023-04-18 16:39:31.269743,2023-04-18 16:39:31.269743
022b1d77-e658-4009-8d28-a426931931da,88da110f-3a81-4443-a540-b85f99f24e06,inverted,2020-02-22 16:43:40.698731,2020-02-22 16:43:40.698731
6b6263de-c232-441d-b4fc-39922263f76e,81f891f2-eee7-4147-b995-6cb864314dd7,middle section only,2020-02-22 16:43:40.867305,2020-02-22 16:43:40.867305
04a3a84b-459e-4815-948c-7e0c01283a20,3043eb31-355a-4011-8ee1-a4f1d716c378,ending only,2020-02-22 16:43:41.606433,2020-02-22 16:43:41.606433
ae646699-0adb-4792-94fd-1155627e7f69,8b6685dc-ee36-4dd3-8f80-43d88b8ca4ec,unfinished,2020-02-22 16:43:41.974758,2020-02-22 16:43:41.974758
88ea3db3-1b1d-443c-a4dd-bf5b422a85b2,f4b725bb-0883-4315-9da7-e269e146cfd3,ending only,2020-02-22 16:43:42.260501,2020-02-22 16:43:42.260501
e76f3b0a-4153-4416-ad99-ce78526ce7c8,853f7a68-0884-4062-bb64-cb60e4455838,dyslexic completion of 12/30 version,2020-02-22 16:43:42.393608,2020-02-22 16:43:42.393608
0c0f9e1e-5de7-41ea-85db-b0364d742c3c,5185846e-bac4-4c8b-bb30-7b24b19ec9d8,dyslexic completion of 12/28 version,2020-02-22 16:43:42.851736,2020-02-22 16:43:42.851736
41ea352b-ce1b-4fba-94cb-e26c15d91c81,875e0557-9231-4b3d-b432-8ced4156d8c5,completes 12/30 version,2020-02-22 16:43:42.924404,2020-02-22 16:43:42.924404
087865d3-57b6-4616-a4f8-afc4dc794ed6,33dc5f0d-1a0d-45d3-b9ed-fa0368d08b20,unfinished,2020-02-22 16:43:43.678644,2020-02-22 16:43:43.678644
148e9ff6-9ede-4311-9019-c171eacc9bb7,d1841498-edbc-4e4f-bec5-08a7d6a8e14c,ending only,2020-02-22 16:43:44.423195,2020-02-22 16:43:44.423195
d18f3043-f133-4ed6-a957-82534220580f,529c4208-e41c-4f16-8cc6-82e2bb5b73d4,inverted,2020-02-22 16:43:44.670323,2020-02-22 16:43:44.670323
a11c23ae-3c21-4858-b57c-5b3cadd71910,d3505b7a-a251-42e9-900b-e5c2fb4d4331,unfinished,2020-02-22 16:43:44.766612,2020-02-22 16:43:44.766612
3a4acfca-810a-465c-a550-a5049960af8e,21c89a11-c5bc-4291-8d8c-cdf4ecfe0a4d,ending only,2020-02-22 16:43:44.853780,2020-02-22 16:43:44.853780
e3e726ea-1b52-4675-a764-bf0d7a3eb6bd,066bdcec-a5d3-4621-8562-04293445c78b,inverted,2020-02-22 16:43:45.568565,2020-02-22 16:43:45.568565
456c7526-af2d-4d1f-955f-9d36f8ae461a,ce88f5be-7bc9-45cc-9710-b80ec8a57e86,dyslexic,2020-02-22 16:43:45.674230,2020-02-22 16:43:45.674230
6244f277-104c-4097-b1f1-b152d1b4cd24,ed05fedf-9adb-4fb2-840c-5aa37643d437,dyslexic completion of 1/27 version,2020-02-22 16:43:45.768087,2020-02-22 16:43:45.768087
6f801b82-9a17-434c-9c4e-7cce605c2807,e8d62194-ecce-405f-a64f-2231796ec3eb,with 'Reactor' vocal tease,2024-12-07 20:13:37.779858,2024-12-07 20:13:37.779858
7857bc9d-8a6a-4e0d-b789-41fc20373a91,b0582920-3098-4af1-ad3a-e423bdbb9e3d,middle section only,2020-02-22 16:43:45.993454,2020-02-22 16:43:45.993454
bd0891e8-6bf8-4d81-9e4a-2c6602ac1811,9aec0e17-12ab-4193-b9e6-48dd082c8649,dyslexic,2020-02-22 16:43:46.233054,2020-02-22 16:43:46.233054
66557b37-21d5-4d4e-b1ba-5d1584852448,ead87511-342c-4c57-967b-733ee199a18b,unfinished,2020-02-22 16:43:46.734059,2020-02-22 16:43:46.734059
7b2b938e-4c24-44b2-b958-0ed3cdca2fcf,dc09b823-ac32-4189-9dc6-0e2a52fcd2a4,unfinished,2020-02-22 16:43:46.874607,2020-02-22 16:43:46.874607
364a3c3a-bbe0-4d2c-a9a1-74f053a42dcb,e4ad3a9c-d6c1-47ba-a2ac-976d734a5e07,"with 'Frog Legs', 'Muppet Show' theme + 'Mario Kart 64' (Nintendo) teases",2024-12-07 20:13:58.643423,2024-12-07 20:13:58.643423
11c9a9b7-f181-4815-bb96-323efd354588,832df1f8-8d90-44cf-9408-233e076cbe56,inverted,2020-02-22 16:43:48.702010,2020-02-22 16:43:48.702010
9a5ccc00-24c6-4274-a0c5-4b0fdc3805fb,86a3801c-2811-474e-be5b-634c2058b8a7,unfinished,2020-02-22 16:43:48.834357,2020-02-22 16:43:48.834357
5c3e62d5-9779-4c6f-8c0f-de94b60e2df9,f9b6b4c5-00fc-40d9-92c5-5c6797006371,dyslexic version,2020-02-22 16:43:48.996564,2020-02-22 16:43:48.996564
e4ea57af-ebe0-40e9-8db2-550e4c9ff94b,4afcb1cc-e50b-46aa-9354-da915eb92361,dyslexic version,2020-02-22 16:43:49.314575,2020-02-22 16:43:49.314575
ccbdc1c8-74e2-48c4-903d-5223aae47178,f4e86bdc-a8b6-4849-a5a5-e88e4c5ebc92,Completes 2/16 version.,2020-06-26 20:51:56.585832,2020-06-26 20:51:56.585832
ba30fa33-2579-4fa4-912a-1f3f393075c2,84744239-d6dc-42eb-b42e-e2921018d200,unfinished,2020-02-22 16:43:49.884822,2020-02-22 16:43:49.884822
af629f72-9b09-408e-a941-e6df0c461815,ac418858-a226-486b-ac62-362767aa6cc8,ending only,2020-02-22 16:43:49.970212,2020-02-22 16:43:49.970212
a499ac1e-73de-40e1-8e06-6755a499f119,cd886408-2a7c-4560-8919-c45f003420f4,unfinished,2022-04-10 13:09:06.179095,2022-04-10 13:09:06.179095
b05d925f-ac49-45a7-b5ae-f4712a700e20,2559ee1d-9933-4841-8427-e94a0faa8a22,Completes 4/8 version ,2022-05-01 16:49:08.111841,2022-05-01 16:49:08.111841
73f10bc2-f1a7-443a-9d8e-baa87116548a,6756f6f4-7c9d-4fbd-918d-b53264ba79fb,"middle section only, completes 07/05 version",2020-02-22 16:43:51.202333,2020-02-22 16:43:51.202333
3119842e-6792-4f51-a84b-9173801c483d,8ebb1661-5e45-416c-b3b2-23be0f6b1d2e,unfinished,2020-02-22 16:43:51.606359,2020-02-22 16:43:51.606359
bb8ad54d-4011-4dff-8d14-000df27f927c,21e88191-0b6c-45be-a1b0-f4fe9b68e93a,unfinished,2020-02-22 16:43:51.866295,2020-02-22 16:43:51.866295
92a3323b-e929-402e-ac68-372223427d3f,202ed265-1642-4b7c-82a2-24ad2dbefc91,ending only,2020-02-22 16:43:52.054243,2020-02-22 16:43:52.054243
91e6df24-b4a4-46f2-ad87-8dbe41238b54,9795d88b-aad1-4d60-a249-4860bd592a58,unfinished,2020-02-22 16:43:52.174829,2020-02-22 16:43:52.174829
45290362-2f9a-48f2-aa65-a043ab6c067c,0f453504-531e-424d-a628-26daf4625261,middle section only,2020-02-22 16:43:52.374262,2020-02-22 16:43:52.374262
b8836ba6-3d43-4045-9c62-139d8a7c37df,575216da-6a22-45c4-a3dd-d79af41a8123,unfinished,2020-02-22 16:43:52.583876,2020-02-22 16:43:52.583876
dc93d6e5-de13-4883-90ec-4f627f066496,411f67b1-3682-4aaf-90b7-0c8e53bd5a7c,unfinished,2020-02-22 16:43:52.728668,2020-02-22 16:43:52.728668
d97dce94-766c-4555-8234-872bb25e75b8,1178ea03-b9a2-4221-bebb-430df9d06b73,unfinished,2020-02-22 16:43:52.945112,2020-02-22 16:43:52.945112
12ed1d0a-a035-405a-99b8-61e55fa1ae1b,a88d50f7-1210-4bdc-a89d-9e6ac5df7196,completes 07/13 version,2020-02-22 16:43:53.258201,2020-02-22 16:43:53.258201
c8dc784d-45f3-4c09-930b-96bce1e272bd,006efe47-e112-4316-83fb-c8ebc6995f7f,inverted,2020-02-22 16:43:53.573877,2020-02-22 16:43:53.573877
f2c28896-29b1-4c6a-87fd-0a6d7171691d,354b5ce0-68ac-486c-9ddd-7106ccdc6b8a,with Dominic Lolli (of Big Gigantic) on saxaphone,2020-02-22 16:43:53.664351,2020-02-22 16:43:53.664351
a3d2c8ba-9fab-4ccb-8271-9ed1ba6f6dce,4a70de3d-e92f-4d89-aa1c-7baba3bddb5c,dyslexic completion of 07/12 version,2020-02-22 16:43:54.126195,2020-02-22 16:43:54.126195
a2642c8e-bd35-4161-8f7e-8f470f2962f1,86a830e5-b2f8-4b5b-a85b-0fcd2218dec6,unfinished,2020-02-22 16:43:54.198048,2020-02-22 16:43:54.198048
26ebe4c4-9382-4cbd-bffb-05b222ef2a7e,39bb2bd5-f21b-4d8c-96f8-881fe3e66458,unfinished,2020-02-22 16:43:54.386699,2020-02-22 16:43:54.386699
e5d7d819-2f8f-43c5-a92f-b49e65a60363,0dae8d76-38d1-430f-953b-6d8269d134c9,unfinished,2020-02-22 16:43:54.531575,2020-02-22 16:43:54.531575
57784f49-cb12-4c43-9801-9b30871d963c,4e4b7c5a-6017-4d64-8955-34ecc0ffce3e,completes 07/12 version,2020-02-22 16:43:54.591178,2020-02-22 16:43:54.591178
c24f93cb-930b-44ee-99b0-4e11743e92be,1044fcc2-65b9-484a-8c85-3c1db66ac810,With 'Magellan' tease.,2020-06-26 20:52:31.574309,2020-06-26 20:52:31.574309
a6dd6165-9ba2-40c0-ab59-5f831bb15d3c,7562290f-5812-4280-a27d-47ea2da93482,unfinished,2020-02-22 16:43:54.927811,2020-02-22 16:43:54.927811
ac2ac916-d811-4599-8eda-46e837a0423c,d90e1db5-a9a6-42f0-9041-181210cb7df3,ending only,2020-02-22 16:43:55.260792,2020-02-22 16:43:55.260792
dbc80c91-e640-4138-8688-08fa54695e3c,338f81b9-ac91-461c-9667-c1d43bfe9936,unfinished,2020-02-22 16:43:55.570309,2020-02-22 16:43:55.570309
a2c0184a-c3c1-4315-ad8e-26a61a894e09,71a8e02a-1a26-4564-b43f-d9aaddfb7698,unfinished,2020-02-22 16:43:55.662453,2020-02-22 16:43:55.662453
22efa2f5-80c3-4592-98c3-469c76f99a17,71a8e02a-1a26-4564-b43f-d9aaddfb7698,Perfume version,2020-02-22 16:43:55.699620,2020-02-22 16:43:55.699620
9abf93b6-eebd-4d22-8065-cea6c9bafdf5,5b6bad2a-607b-4e4d-a6b6-874515a2dc70,ending only,2020-02-22 16:43:56.126599,2020-02-22 16:43:56.126599
cf8731ac-0ca6-46da-8a52-5d2bf7bcbe40,11902b99-b7af-4026-9d8c-6aa99e0a810a,unfinished,2020-02-22 16:43:56.477896,2020-02-22 16:43:56.477896
d7bcd5ec-ef6c-4085-9c89-88fc37af6af3,b77fa4bb-13fa-40f4-aae0-0bdbeae00014,unfinished,2020-02-22 16:43:56.618653,2020-02-22 16:43:56.618653
7c8ba2fe-acd4-4cca-be0a-ff5003627191,1044fcc2-65b9-484a-8c85-3c1db66ac810,Unfinished,2020-06-26 20:52:31.613008,2020-06-26 20:52:31.613008
be00811e-86c8-4f66-b959-6d189aa51d66,681aaa07-b8f0-4e0a-a60c-b6b5e507f8e0,ending only,2020-02-22 16:43:57.025632,2020-02-22 16:43:57.025632
5e709cb0-cfa6-4d04-8066-bf653849ff16,37eaaf92-d1cb-4211-aa23-7e26d8fd04f5,unfinished,2022-04-09 01:28:04.027944,2022-04-09 01:28:04.027944
5151609d-b36d-47ca-830b-30278c8f3a29,4e5c22e2-fe02-42bd-aa8b-cec3b0509d8e,dyslexic completion of 10/05 version,2020-02-22 16:43:57.459183,2020-02-22 16:43:57.459183
a7a5a0fc-9e44-415f-83fe-3571a8c33dc8,963ba8ed-5441-4e12-a764-a846c310b11c,completes 10/05 version,2020-02-22 16:43:57.512220,2020-02-22 16:43:57.512220
95dd4c4d-27f4-4244-a5de-8f049d4bc0fa,e38b0488-18ba-4d18-8661-f18744f048c5,LTP 12/29/02 (220 shows),2023-04-18 16:39:54.500459,2023-04-18 16:39:54.500459
ef77dbcf-70f8-44d1-b8f5-c12fff92d5d7,672386fa-3021-45e3-affd-a26d223f597c,unfinished,2020-02-22 16:43:58.721352,2020-02-22 16:43:58.721352
0c59276e-8eb0-4860-8de5-901d247f5bc7,25c29ff1-42bc-4603-be65-5955d0fbd7a1,ending only,2020-02-22 16:43:58.951557,2020-02-22 16:43:58.951557
2c01e6a4-5583-4bb7-96f2-34df5eb694fe,489cebb1-aaa5-4d0d-9a35-8fb9c088d20d,middle only,2020-02-22 16:43:59.787202,2020-02-22 16:43:59.787202
15825985-eee0-4e84-9b27-12ea4c98ac24,51c5b95f-8136-48fa-b520-ff4134dbaba1,inverted,2020-02-22 16:44:00.340530,2020-02-22 16:44:00.340530
e6362d2d-ef9e-4528-98b1-fff4f3bcec87,75a69f56-7649-4740-83cb-078a1519c418,unfinished,2020-02-22 16:44:00.512400,2020-02-22 16:44:00.512400
f5f8e4fd-065d-4840-84dd-d116d564af54,902ef993-5e01-4887-89d3-458852d88f38,unfinished,2020-02-22 16:44:00.635219,2020-02-22 16:44:00.635219
fa3f132d-4f03-4ebc-bb2b-6d622c8fd876,e4580346-e88c-4ecb-be43-abb720674029,dyslexic version,2020-02-22 16:44:00.791084,2020-02-22 16:44:00.791084
ffad2da6-259f-4078-8c3c-1985e4f01b6f,c7600fa8-0688-46ac-b067-e0624ab6686b,completes 12/17/12 version,2020-02-22 16:44:00.940544,2020-02-22 16:44:00.940544
0a3bcfca-d41a-414e-bb05-7476956e02ca,2037d45b-ed5d-4959-9a12-c571f0215b5b,dyslexic version,2020-02-22 16:44:01.110777,2020-02-22 16:44:01.110777
40e35f81-bc9d-4851-ac94-56fde6a3cc54,6490fa82-b438-4ec1-a32c-170d5bb34b5e,Perfume version,2020-02-22 16:44:01.193031,2020-02-22 16:44:01.193031
14c96089-ecd3-44bf-9d39-55ad3c27e8f1,1b9117c6-baef-4151-96e7-5ab5fee2cbe8,unfinished,2020-02-22 16:44:01.283065,2020-02-22 16:44:01.283065
5f1c0d01-708c-4d49-9c11-ee8724607974,a4528529-bc59-4d91-beb4-56a3ae60944f,Perfume version,2020-02-22 16:44:01.362240,2020-02-22 16:44:01.362240
10d373fd-6608-4853-abbc-856a53715362,f1b2f312-fc0b-409d-905e-db4e57fd334d,unfinished,2020-02-22 16:44:01.858004,2020-02-22 16:44:01.858004
914d160f-fda0-4c49-b85b-8010b159fe65,4bc21ca3-4042-4f79-bad5-abcadd86e183,completes 12/26 version,2020-02-22 16:44:01.924957,2020-02-22 16:44:01.924957
2c7d8a76-d4c6-4ec5-a84b-c4fd036ae6e3,49e5d7a4-8ec9-404c-92fc-bd47b22b5032,unfinished,2020-02-22 16:44:02.073987,2020-02-22 16:44:02.073987
658f5215-3941-4cc7-9944-0e2ffb7cf7e2,df0c7460-e4e2-4463-a570-0c0424a32ec8,Fusion,2022-05-02 13:16:58.536489,2022-05-02 13:16:58.536489
c69dcade-000a-4c6f-9c45-13efc34ba028,6bbadbe1-1f3c-4378-b26d-8782355ac1ae,LTP 3/24/05 (109 shows),2023-04-18 16:40:26.794854,2023-04-18 16:40:26.794854
906fab52-01d0-4607-9cc4-6397cc9b92d9,b0c2f0a1-1da4-43ea-b3bb-6ff0b4721189,with ‘Cheese Eating Contest’,2024-12-07 20:15:22.943046,2024-12-07 20:15:22.943046
77a88205-2407-4b2b-99d8-d73e2ab84de1,5b03f44f-c041-4afe-b355-aff51be24d53,with 'Astronaut' tease,2024-12-07 20:15:56.011228,2024-12-07 20:15:56.011228
8727712e-8eea-4fdd-9c50-4879fc94322e,53134a5c-2836-4d33-94d3-01119b75a08e,LTP 8/27/05 (99 shows),2023-04-18 16:40:59.404704,2023-04-18 16:40:59.404704
b0272fa5-7d63-4a9a-8a79-629898cb0c7b,cb71a5b6-b923-4257-893c-ee3dd8c2182d,LTP 8/16/2003 (290 shows),2023-04-18 16:55:54.036387,2023-04-18 16:55:54.036387
be49de61-d9e1-4672-9a9e-8be0a4e52820,1330b010-4ed8-46f4-b003-e95530a943cf,inverted,2020-02-22 16:44:04.828693,2020-02-22 16:44:04.828693
c6cc79b0-3799-4787-bad3-461235d545e2,bbf2b17e-b12e-4c2f-8c62-d3aa3c7c1252,completes 12/27 version,2020-02-22 16:44:05.070645,2020-02-22 16:44:05.070645
6641f25f-e1e0-4d72-b97c-cb9ac8f6e6c6,7795b545-8c34-4ea5-ba52-bdaf71942703,unfinished,2020-02-22 16:44:05.161858,2020-02-22 16:44:05.161858
a0bc7d8c-d3e8-433c-a7f7-62f97c3a4d7a,8896a3f3-921e-4361-a7c9-314c553b64a4,unfinished,2020-02-22 16:44:05.296747,2020-02-22 16:44:05.296747
37cd2c70-42c1-4875-9f41-769545f6dcd1,8747d590-7331-4124-a7b5-ab75e7844e5b,unfinished,2020-02-22 16:44:05.710360,2020-02-22 16:44:05.710360
f4e8c5ad-b489-4fe4-9a7d-42d730252375,26364b3c-2321-4c3d-9187-4fa834506e94,inverted,2020-02-22 16:44:05.986819,2020-02-22 16:44:05.986819
da3f4c00-64aa-4026-ad59-ec5dbd4210b3,8c11ee2c-f049-4c16-a6af-f0fed616d7da,inverted,2020-02-22 16:44:06.493447,2020-02-22 16:44:06.493447
d12080fd-a434-4262-9bf3-b0b23cc58cd4,024121eb-004e-4409-a5a4-3551a200abf2,completes 12/28 version,2020-02-22 16:44:06.651083,2020-02-22 16:44:06.651083
35a7f675-72a2-48af-90c6-ab35daaa44f1,fa2e71b4-a164-477f-a145-23ed261ec4c5,unfinished,2020-02-22 16:44:07.050406,2020-02-22 16:44:07.050406
b6541bcf-2613-4b48-948f-061b3df9ce3a,8392daf6-35cd-4b13-9fee-744ab64a9562,unfinished,2020-02-22 16:44:07.273099,2020-02-22 16:44:07.273099
9797ef43-5e0f-4fb5-b24e-ce1fdac3427e,3ec6af5b-6e75-46cb-ab76-2b1e12c45ddf,FTP (Nirvana),2023-11-12 18:25:38.668500,2023-11-12 18:25:38.668500
98a767c8-ea56-4ff9-aeee-b3f8044c08d9,9475ce9a-66ec-48c2-8a66-0a65f2261d8e,Perfume version,2020-02-22 16:44:08.470683,2020-02-22 16:44:08.470683
e422a40a-2e33-43c7-9a2f-a142061c5e0a,255c3496-957d-4f22-bc81-188482587e35,inverted,2020-02-22 16:44:09.214981,2020-02-22 16:44:09.214981
a29ab0d9-784b-4a22-95ba-82dad9c9a88e,2738a39c-bc5c-42ab-91cd-c80c1481638a,ending only,2020-02-22 16:44:09.400723,2020-02-22 16:44:09.400723
d6ae9ce9-3b76-46fe-be51-251c493d1dd3,5cb0b272-49a2-4322-9e9f-081539dd62fd,unfinished,2020-02-22 16:44:09.582085,2020-02-22 16:44:09.582085
098ba48a-e501-4f32-a55b-78df41da4d94,78f081b2-b960-4e13-82e9-6cdd6817e288,Inverted,2023-07-13 06:37:36.349228,2023-07-13 06:37:36.349228
dc49940c-e3a5-4758-a6ff-f3cb0d8cfb9f,d39fe80b-f563-4db1-a170-a45d5da23821,inverted,2020-02-22 16:44:09.696289,2020-02-22 16:44:09.696289
c1ec1409-9233-4885-b6ca-b661eea84dbb,671e6666-9935-4b0b-ae57-f76bb122d5ea,dyslexic version,2020-02-22 16:44:09.780946,2020-02-22 16:44:09.780946
54bf96e8-f85a-45c9-a045-654f3c5e593a,9dcc2dfb-973e-4452-9c26-e71ca54e2fce,dyslexic version,2020-02-22 16:44:10.351946,2020-02-22 16:44:10.351946
ad386cc4-ba7a-4460-95c1-fd058a3e952f,01d13e00-09c6-4307-a657-af62fea06a98,unfinished,2020-02-22 16:44:10.453774,2020-02-22 16:44:10.453774
22974437-7eee-4f63-b5d4-b1181d8db90b,d1f9f4f6-48f5-4460-afa6-f5b71cf79e55,middle section only,2020-02-22 16:44:10.531345,2020-02-22 16:44:10.531345
aea2156a-a9f3-40dc-b824-990f0fccc42d,4e65e12f-5e02-402b-959b-059c90b0d8a5,inverted,2020-02-22 16:44:01.505660,2020-02-22 16:44:01.505660
8f8adc50-6c57-4fd4-917c-7e5165086b6e,31b326cc-d1df-4aab-8556-d1b4b6a12c93,inverted completion of 01/26/13 version,2020-02-22 16:44:11.108414,2020-02-22 16:44:11.108414
fd5a3b41-2529-466c-909c-8417802278d0,198cac5a-1692-4ee3-807e-2d8de115ac6c,inverted,2020-02-22 16:44:11.519010,2020-02-22 16:44:11.519010
4d4395fb-8da7-4cbc-bd6d-7934cd72116f,fb6be583-d3bc-4c60-93bd-940c7d5db7c9,LTP 7/22/05 (146 shows),2023-04-18 16:44:16.888288,2023-04-18 16:44:16.888288
a55cdf27-d088-4be0-90a0-de28a74cb994,33352391-a2b5-4527-89f6-02f3c626ba4d,unfinished,2020-02-22 16:44:11.681572,2020-02-22 16:44:11.681572
6a8d8771-0072-4c13-9bb0-e5588ec0c4ff,ebc5c617-362d-4a2f-9a5e-2c29c95ce6db,unfinished,2020-02-22 16:44:11.849621,2020-02-22 16:44:11.849621
c7ac1026-7fb2-4797-b0c1-ff152690eeb2,771b0656-d810-4643-b20f-2d98ced06e67,inverted,2020-02-22 16:44:11.932000,2020-02-22 16:44:11.932000
1198bbe5-4eab-460d-ab78-aedf65f36012,058799ee-bf87-4097-890f-634788bc2ae0,unfinished,2020-02-22 16:44:12.254208,2020-02-22 16:44:12.254208
1341c1c9-e03c-48fc-a570-2cc21004a927,5cd53008-efef-4763-995f-c53253414ed7,unfinished,2020-02-22 16:44:12.526557,2020-02-22 16:44:12.526557
4f98d1aa-7699-462a-8f5a-c4dc5e15412f,7e69408e-8cdd-4e9f-a55d-00d1188d5b5d,inverted,2020-02-22 16:44:12.604795,2020-02-22 16:44:12.604795
8af6d7b1-39ac-45ee-aecf-5cecdd7d177e,a63fc39c-b6c1-4fd3-9bb4-95981432eb3f,ending only,2020-02-22 16:44:12.805988,2020-02-22 16:44:12.805988
0e52cfc6-2c06-4149-bdd6-ae5415c993c7,d4cbede8-c523-4992-a18c-ceaeb336ee09,inverted,2020-02-22 16:44:12.968370,2020-02-22 16:44:12.968370
afacd4e7-1015-4330-a7c3-b5ad86c950b7,8e5b390d-1a35-4738-850e-6c0525629c8c,unfinished,2020-02-22 16:44:13.458995,2020-02-22 16:44:13.458995
33068515-636c-4c32-a324-f7e8ee8c2a28,fe180127-546f-4b8d-9c54-0ce9db538f3e,dyslexic version,2020-02-22 16:44:13.630876,2020-02-22 16:44:13.630876
314f18a0-c50c-4fc4-84b2-105c6f9f7ab9,5e4ef4d9-3cf4-40ea-a7ea-c1e20bf7ad06,dyslexic version,2020-02-22 16:44:13.992256,2020-02-22 16:44:13.992256
35ac5c7b-c8be-4ea3-badf-5e2d032467a5,01d50ee0-39aa-4749-99e8-298d5c2fc174,unfinished,2020-02-22 16:44:14.254621,2020-02-22 16:44:14.254621
7b4925a4-67d8-4958-9588-3b104ea9a3ed,456d9dd1-d1f5-404a-858d-bfdbec296386,with Matisyahu on vocals,2023-04-18 16:50:17.650344,2023-04-18 16:50:17.650344
a5ef8f2d-4f1d-41f7-bab0-0fed3e43e80a,456d9dd1-d1f5-404a-858d-bfdbec296386,LTP 6/22/00 (548 shows),2023-04-18 16:50:17.660109,2023-04-18 16:50:17.660109
0b0e2668-8255-4de7-951f-5ad63c818b14,90aa1bf5-bdb2-4134-bb78-1888fd72e7d1,unfinished,2022-04-09 01:39:57.411993,2022-04-09 01:39:57.411993
2053396c-6d72-4619-88ed-88aa2f14394a,700634c6-faa0-47a2-9573-ae762b0a71d2,unfinished,2020-02-22 16:44:15.813198,2020-02-22 16:44:15.813198
6241baed-13bb-48a5-ab35-3194edec4656,3be8181c-edee-42e7-9106-bd7e145ea886,Perfume version,2020-02-22 16:44:15.985273,2020-02-22 16:44:15.985273
05290bd1-7961-401a-9ecc-8acdb38d3c6d,24b5d901-949e-4a61-aab5-d37ae018fcd6,ending only,2020-02-22 16:44:16.110682,2020-02-22 16:44:16.110682
bcce5d90-f45b-4d23-9fef-1792ce9fa914,e664889a-c0d4-48f6-8659-4402d944bd2a,FTP (Traffic),2024-02-29 14:51:07.446156,2024-02-29 14:51:07.446156
32a9d427-3ec9-45ca-8403-5d81b6279070,9252ea3b-e2ac-4679-80c5-62975a3cf242,unfinished,2020-07-16 16:38:00.596396,2020-07-16 16:38:00.596396
c75c26b2-357a-4e6c-8d55-036b11e2f560,656bbd9a-9310-438b-81b2-f280337306b8,unfinished,2020-07-16 16:39:46.569149,2020-07-16 16:39:46.569149
3cbdeb15-2d10-470d-8661-1273eb4feec5,f0a53bdd-d74d-41ae-abf7-70af0e5f08b8,unfinished,2020-02-22 16:44:16.828375,2020-02-22 16:44:16.828375
8529b342-a83e-41ef-99f4-ec09c0f52f50,77b6b5df-7f0a-4cfe-a4b1-76826afa1461,inverted,2020-02-22 16:44:17.273167,2020-02-22 16:44:17.273167
27fc8df8-4f0f-4779-a1ee-33e032a31a28,f549454d-052b-4130-9638-ed4398a4c5d6,With Oteil Burbridge of the Allman Brothers Band on bass.,2020-07-16 16:52:40.883332,2020-07-16 16:52:40.883332
24e5f274-154c-4b75-ae72-6bf73244fbdc,6e06ef7e-a523-4661-83c3-82915a2de371,middle section only,2020-02-22 16:44:17.490054,2020-02-22 16:44:17.490054
d1c90a03-1a38-4381-856f-7a9736b9033f,13b30d91-6066-4b40-b1ea-ceefacfe976c,unfinished,2020-02-22 16:44:17.967281,2020-02-22 16:44:17.967281
95fd4295-c494-4306-b735-8525ef5ab4fb,f549454d-052b-4130-9638-ed4398a4c5d6,Dyslexic version (ending first then beginning).,2020-07-16 16:52:40.962788,2020-07-16 16:52:40.962788
cd21ce17-edfe-48c7-91da-5cad1e222e20,a625180d-81c3-4296-b22c-7aef68e51355,unfinished,2020-08-16 22:28:41.509319,2020-08-16 22:28:41.509319
a8591b51-ee8e-409e-a6fb-886c74987890,fb99ca75-a6d6-474d-8279-f0ea0be76acb,unfinished,2020-02-22 16:44:18.607015,2020-02-22 16:44:18.607015
6bd00c52-c17b-48ae-a1b1-851c931d6218,b022221d-4d19-4bdf-9157-af03066204bc,Sammy on bass. With DJ Mauricio on the Roland MC-505.,2020-08-22 19:28:32.454750,2020-08-22 19:28:32.454750
e2efaccd-6d2b-4e54-9fde-5edb8c44c343,8369ea65-2300-4b29-b9ca-060ce6f21207,unfinished,2024-08-07 23:00:38.089757,2024-08-07 23:00:38.089757
03288d19-294f-47d7-82c3-124b83812b3d,ba489084-cf61-4a8c-aa11-4208cd4fac4d,inverted,2024-08-07 23:02:32.260403,2024-08-07 23:02:32.260403
9a3e64c2-730b-42a4-a883-0a1c7fbb12b1,37192a70-6796-463c-96d4-ab024738b665,inverted,2020-02-22 16:44:19.647434,2020-02-22 16:44:19.647434
05c30e52-dbd1-4961-a955-00c338ffd3f2,ba489084-cf61-4a8c-aa11-4208cd4fac4d,with 'Solstice' (Hallucinogen) tease,2024-08-07 23:02:32.279585,2024-08-07 23:02:32.279585
d0fcd8dd-6469-415d-b4a8-58410b771470,32c374f7-86e0-44ad-99a1-fb511129c056,middle section only,2020-02-22 16:44:21.699270,2020-02-22 16:44:21.699270
09cd25a4-a94a-43e0-bde9-00b96b50ce34,65b9b41a-d2f9-4b63-977a-6bded077237d,with 'Norwegian Wood' (The Beatles) tease,2024-12-07 20:16:03.671997,2024-12-07 20:16:03.671997
a06d8add-1294-4d03-8be8-c2d255d4d710,2c51fa48-3285-4aa7-96e6-ed9c2bbf2cfe,unfinished,2020-02-22 16:44:22.155998,2020-02-22 16:44:22.155998
f38e5b6e-9278-4a56-9edb-fd7f8ab712eb,7e96bfca-96e9-4a70-94bc-66eba35f92b9,unfinished,2020-02-22 16:44:22.459789,2020-02-22 16:44:22.459789
99b3a454-b7ed-4cda-8284-49527c9cf619,26d888a9-7fab-4ea6-88f7-c0c2fbc8cafb,inverted,2020-02-22 16:44:22.924331,2020-02-22 16:44:22.924331
61e3aee8-b730-4711-8e72-cba76376fb00,acb23040-722b-4f09-a727-0977768e856a,inverted,2020-02-22 16:44:23.242343,2020-02-22 16:44:23.242343
80325c98-5c57-40fa-a739-6e9507e24426,2601905e-b6b8-4d5c-ae07-61c95b508217,unfinished,2020-02-22 16:44:23.487926,2020-02-22 16:44:23.487926
8e7df042-eeb1-4973-bdcc-5098a700f7fe,90bf7f5b-caf8-414b-b43b-d5bfd5a36323,completes 12/16 version,2020-02-22 16:44:23.566624,2020-02-22 16:44:23.566624
19eb05c8-1aea-43fd-8f1f-7852fcd30ff0,883df96a-eaea-42d5-ab0f-5937e8f6c1fb,inverted,2020-02-22 16:44:23.783725,2020-02-22 16:44:23.783725
7aa5151e-78ce-49e3-9c31-8af5561e4c5b,33c363cc-90d3-41bf-90db-0a987a1d75d7,unfinished,2020-02-22 16:44:23.934750,2020-02-22 16:44:23.934750
de44ccf9-bfe5-42dd-9895-217df56d5719,f043d4c6-ec9d-4daf-beba-3a80c7136f33,inverted,2020-02-22 16:44:24.033905,2020-02-22 16:44:24.033905
c6efbac5-b8f3-4981-8ecb-cf4f8f579ea2,199beae3-862d-4ac0-9201-8f25dbb9d9f8,completes 12/18 version,2020-02-22 16:44:24.156729,2020-02-22 16:44:24.156729
04ce83a6-6ae9-4045-8a4e-2388005f90ad,02e1620b-334f-4826-b3ad-8dd9d053547e,middle section only,2020-02-22 16:44:25.747890,2020-02-22 16:44:25.747890
2ead7ea0-9699-4a32-9d47-8e0ec4bc4d9a,f9d895ed-b454-4082-a094-432e5b4f4a3d,middle section only,2020-02-22 16:44:25.964927,2020-02-22 16:44:25.964927
5e76e273-fbb3-44b5-9fcb-253eb922acb6,5ee74133-1154-4656-915d-39a235a9f589,dub version,2020-02-22 16:44:26.158800,2020-02-22 16:44:26.158800
7cb1da97-fd1b-4f8e-a108-1f5f97cf2054,a27f49f2-6738-43d2-af65-af229a53d654,inverted,2020-02-22 16:44:26.543133,2020-02-22 16:44:26.543133
55a55e49-d847-479c-a169-a5f94a57a989,c0247bfa-6c4e-42ae-ac05-1740c4040fa8,unfinished,2020-02-22 16:44:28.175378,2020-02-22 16:44:28.175378
8e36064f-d27e-4248-aa06-4812eae86b59,5e6fdb1b-328a-41e8-bf32-8e0c0d27dfc5,LTP 9/13/05 (272 shows),2023-04-18 16:58:04.641233,2023-04-18 16:58:04.641233
58565c58-9e3f-4c44-b852-9e7a6264d68b,9aebff49-3412-461e-a3d4-db327511afcb,middle section only,2020-02-22 16:44:28.944950,2020-02-22 16:44:28.944950
b1533399-a8ad-4c2c-a90a-9552c30ae219,53518e19-71da-4952-b011-02769a8e1918,completes 12/27 version,2020-02-22 16:44:29.225958,2020-02-22 16:44:29.225958
1e08dfcb-6f77-4f5d-aa66-a807d7afde0a,2dc9ec9d-8858-4c5c-b0ea-eff95ef54336,completes 12/27 version,2020-02-22 16:44:29.546764,2020-02-22 16:44:29.546764
ebb7bb1d-c093-4b85-9cf0-4462a598e61c,049be3bd-827b-44be-b3db-7ccf8a0b592f,inverted,2020-02-22 16:44:30.689174,2020-02-22 16:44:30.689174
e852821a-bd84-4b8f-a151-f8bff40def64,280fc9aa-f5ae-4cf2-8108-e4e1a2e669c0,dyslexic,2020-02-22 16:44:30.755540,2020-02-22 16:44:30.755540
b02fdf36-8471-43b9-ba08-7853b9804dd2,84145a20-3d21-422c-ad7b-1ee390126600,dub version,2020-02-22 16:44:31.325737,2020-02-22 16:44:31.325737
8fa06240-4186-4625-9881-97b3960c649f,da6825a5-3631-4076-92ad-44baf3b52021,completes 12/29 version,2020-02-22 16:44:31.893977,2020-02-22 16:44:31.893977
23a9c490-fe1e-4760-aadf-e222bf67817a,98ff96a1-55c1-4ba8-9551-c5e483a458fb,dyslexic,2020-02-22 16:44:32.237892,2020-02-22 16:44:32.237892
c5b00075-a2b5-4fb6-822d-207a80786a48,fc8b1c44-06da-4cf7-a7f2-92bf19dd309f,inverted,2020-02-22 16:44:33.427365,2020-02-22 16:44:33.427365
41de504d-e30c-4f12-b6a3-303dc13ccaa6,5769124e-93e1-4dd0-b3c1-1d582fd8cf31,inverted,2020-02-22 16:44:34.034198,2020-02-22 16:44:34.034198
dce66b38-81fd-432b-861b-a5f46445afb2,26213a62-87d5-453d-9268-c55f9b2f2934,inverted,2020-02-22 16:44:34.305926,2020-02-22 16:44:34.305926
1737628c-3ed2-450c-b52c-5108e122426a,287ed00f-510a-447d-94cb-96f760da3e52,perfume version,2020-02-22 16:44:34.973441,2020-02-22 16:44:34.973441
86599140-ba21-4a21-87e8-333dac95aaa4,72d669fe-d06d-4189-8a19-a4fb79c9d7bf,unfinished,2020-02-22 16:44:35.191314,2020-02-22 16:44:35.191314
5d207f38-0420-40d4-958c-ae4fe099d109,e1c8182e-ff41-4185-82bd-3c7aa98438a9,inverted,2020-02-22 16:44:35.281454,2020-02-22 16:44:35.281454
8893ef47-9345-42b7-a4eb-0c4e1b3ca2d7,707046d4-bc35-495d-9506-4055e3b1e11c,inverted,2020-02-22 16:44:35.898581,2020-02-22 16:44:35.898581
76ff8bbb-c0bf-47e1-a336-32cbd02ba510,38c7f568-b227-4341-b3d6-39040f20ef85,unfinished,2020-02-22 16:44:36.637558,2020-02-22 16:44:36.637558
34e76886-becd-4dee-9ccf-5c09d9bdd2d8,8f5a88dc-ec5f-4bf9-ad53-b558532d589c,inverted,2020-10-17 00:33:19.774484,2020-10-17 00:33:19.774484
8186d57d-5372-4e2a-b1f6-caa31a65019e,142b5735-76e8-472e-aa21-1dfefbfeba40,LTP 8/27/2005 (209 shows),2023-04-18 16:55:10.958773,2023-04-18 16:55:10.958773
de8991a2-fc17-41df-a674-afccd992b0f4,968f0735-1318-4e74-a289-53b1041fe3d5,ending only,2024-08-07 23:02:45.235451,2024-08-07 23:02:45.235451
6eb11ff9-f916-415b-b4f0-8a68fb2e709d,4e200af6-7e2e-4b78-91b0-624d02a15729,inverted,2020-02-22 16:44:37.790151,2020-02-22 16:44:37.790151
383d208c-c4a6-4946-a9cc-0daba0bf2b10,be844991-8a87-41c4-8547-0b8ac51521e1,unfinished,2020-02-22 16:44:38.110671,2020-02-22 16:44:38.110671
b1614ba6-b92d-4f99-b260-a073371f0c57,d7fa1662-b055-4aba-9d06-9f81ff9b4534,unfinished,2020-02-22 16:44:38.202499,2020-02-22 16:44:38.202499
cfdf18da-28e4-4641-9a3d-3cd654912af4,92da33ef-020d-453f-b23c-3495ccce85cc,"middle only, continues 02/20/14 version",2020-02-22 16:44:38.299394,2020-02-22 16:44:38.299394
ace0de41-2bf8-47f6-b2eb-fedc6b01e420,c7204688-67bd-4d56-b637-024aced20ddf,dyslexic,2020-06-26 21:01:23.097136,2020-06-26 21:01:23.097136
8f635977-8e58-4b1d-a1ad-10dc8f3d4ce8,5e87ca63-c623-47cc-8aaf-66c10a9e3cf5,With 'Basis For A Day' tease.,2020-06-26 21:12:08.303826,2020-06-26 21:12:08.303826
cffb30bf-f5f8-474a-b622-4a397a08227e,05970b3e-9b90-4e7f-b691-556ce05876a5,inverted,2020-02-22 16:44:39.214402,2020-02-22 16:44:39.214402
c300f4fd-3637-415b-9eec-084f532b2ac6,52d3485f-0197-45d4-aea3-2f995fb6208c,FTP (Marshall Tucker Band),2024-02-29 14:51:21.057261,2024-02-29 14:51:21.057261
12047427-3974-4ea7-a11d-499ed3a95ba9,60f806ca-1319-45e8-9bde-146c6cbe9ac7,inverted,2020-02-22 16:44:40.081514,2020-02-22 16:44:40.081514
99a75ed5-c6fa-404c-851f-b3f986790ea0,635836a9-4fc6-405b-9037-375ef5f2222e,inverted,2020-02-22 16:44:40.206631,2020-02-22 16:44:40.206631
275a0a07-7335-4b60-a28c-249625eb98da,c4ff7a7a-2895-4653-b3f7-f398eaee366e,unfinished,2020-02-22 16:44:41.266984,2020-02-22 16:44:41.266984
2c3a5f4f-4a8b-4eba-a73f-e9ce0831e888,4e8b0389-c284-4404-8503-6e9a6cbdd4e6,unfinished,2020-02-22 16:44:41.502843,2020-02-22 16:44:41.502843
0d34ed7c-0c40-4b5d-89fa-5b53ad10d0cd,173e32d5-5278-44ac-9021-72c0a187d915,inverted,2020-02-22 16:44:41.841825,2020-02-22 16:44:41.841825
d77f4437-4afc-43d3-94e5-f192ddc14be2,d5ca820c-8bbf-4c8b-9881-d6fc0e9310d9,inverted,2020-02-22 16:44:42.005513,2020-02-22 16:44:42.005513
da52359f-2425-4c6b-92fc-8320ccb9db09,cb7a8933-65e9-4005-9e05-da9608eadde0,completes 6/12 version,2020-02-22 16:44:42.241017,2020-02-22 16:44:42.241017
826fdcc4-cfbd-4717-bbb0-22012567ecd9,71f0db12-64f2-42b1-956c-7f1282b74b55,inverted,2020-02-22 16:44:42.459351,2020-02-22 16:44:42.459351
d38516e0-fc0f-41c3-a27e-d424b8b7b7f7,968f0735-1318-4e74-a289-53b1041fe3d5,completes 12/29/07 version,2024-08-07 23:02:45.249150,2024-08-07 23:02:45.249150
521a3e7f-2cfe-4aed-9685-e33c4a6de62d,b85eb28d-a415-41e9-9c5e-3943cb334831,inverted,2020-02-22 16:44:43.809999,2020-02-22 16:44:43.809999
9ac27fac-c11e-4fe9-bd67-ae74bb3bd39f,b839df19-369c-4534-944a-f2f67002a8bc,inverted,2020-02-22 16:44:44.130772,2020-02-22 16:44:44.130772
966065b9-0576-4c41-a176-81c6f3782886,19a452c6-fc51-4d4b-b218-d7f5b2740135,unfinished,2020-02-22 16:44:44.526877,2020-02-22 16:44:44.526877
5cced100-3cb0-49c2-8af6-c1f449a143d6,ce512b22-d273-4eda-8078-0c7b40be2fa6,with ‘Commercial Amen’ (Conspirator) teases,2024-08-09 04:30:41.370595,2024-08-09 04:30:41.370595
2f5aa2fd-f4b6-4932-91a8-fc4e96293e7d,ce512b22-d273-4eda-8078-0c7b40be2fa6,with ‘Stir it Up’ (Bob Marley) tease,2024-08-09 04:30:41.394062,2024-08-09 04:30:41.394062
8569efb2-4006-4770-8d0c-8e751b9ba386,b13a6543-9fc3-440b-b8c0-cb8283267e3a,with ‘Radiator’ teases in outro,2024-08-10 17:31:09.139676,2024-08-10 17:31:09.139676
84001d97-2e81-4b94-b670-fb7f16109e5b,4e769199-783b-4a09-99ce-5d538b695e16,unfinished,2020-02-22 16:44:46.265255,2020-02-22 16:44:46.265255
a81aa55d-8add-4dc6-9400-bc9a6d0d8871,9b87df1b-3013-4f65-a094-d5bc83f2a9df,unfinished,2024-08-07 23:00:46.359173,2024-08-07 23:00:46.359173
a6eb2a03-108f-4f06-aa5e-907170891f6a,cf360757-100d-4bc6-8a8b-bc4e6a1c1216,dub version,2024-08-09 04:35:31.312754,2024-08-09 04:35:31.312754
e4c5adae-7095-493c-89e3-7486eecdd328,96f9a008-f577-4d3a-9c27-d0da8c610460,beginning only,2024-12-07 20:16:25.851287,2024-12-07 20:16:25.851287
365a0762-90b1-49d2-83b9-eb8e5803a068,9079345f-514e-46ce-be83-40fb8eccd0bd,completes 9/12 version,2020-02-22 16:44:49.787637,2020-02-22 16:44:49.787637
73020837-38c0-4909-86f0-d9bab6ea0e71,4e5df8a0-3a95-4c34-a309-1ffb366db376,dyslexic completion of 9/13 version,2020-02-22 16:44:49.977432,2020-02-22 16:44:49.977432
a6591c58-6556-4cb8-98f5-df90b1f1b213,80a59b10-0906-4f0e-bb15-14dc586b704b,completes 9/12 version,2020-02-22 16:44:50.067021,2020-02-22 16:44:50.067021
88e9f034-ed33-4b04-8528-8fcc0b5b1357,cf360757-100d-4bc6-8a8b-bc4e6a1c1216,unfinished,2024-08-09 04:35:31.338402,2024-08-09 04:35:31.338402
79b9395b-8990-4418-8344-db2b3fc4a74e,e92223d0-43b8-4a2d-8e90-92ac13509652,unfinished,2020-02-22 16:44:51.254386,2020-02-22 16:44:51.254386
c3659cf1-9fe8-49d2-875b-3b8179a46a38,f41d0fda-5fa1-40a1-8ba6-1094c9bc8088,dub version ,2020-02-22 16:44:51.814730,2020-02-22 16:44:51.814730
30769dde-5bc9-49a4-b67a-c3bd8627dbeb,4d37eb50-340c-4bdd-b835-72b1b2bc40f2,with 'Nughuffer' teases,2024-08-10 17:31:27.009239,2024-08-10 17:31:27.009239
3ec64e24-faf3-4b57-86e8-925077fb4bcb,b63d7f4e-090c-491d-8847-ab4fe94f8c32,unfinished,2020-02-22 16:44:54.061722,2020-02-22 16:44:54.061722
13979a4e-2601-41ee-a15e-024438747568,54970b34-f485-4bac-b43c-06c6bb61d7ec,with 'Spy' tease,2024-12-07 20:16:57.451560,2024-12-07 20:16:57.451560
212e6bb3-d461-41cf-a5d5-ad45badb617f,34f8b87c-f627-43bd-b604-9bee43d14125,with Joe on harmonica,2024-08-10 17:31:41.049093,2024-08-10 17:31:41.049093
70c2d8bb-cb15-43dd-8c0d-41a2871685b8,ce43eb2d-5f8c-464c-95bb-5ad2372802d7,inverted,2020-02-22 16:44:52.017820,2020-02-22 16:44:52.017820
76f038ac-3b9b-45eb-8b75-ff709fea459c,5ee4aef9-1cf5-438e-a043-840e595732a4,beginning only ,2020-02-22 16:44:54.275594,2020-02-22 16:44:54.275594
a88324cf-4058-4259-94fe-e92f188b9705,32b11c7f-aa9f-4dcd-9885-9937537fb62f,inverted; with 'Voices Insane' + 'Peter and the Wolf' (Sergei Prokofiev) teases,2024-12-07 20:20:00.863653,2024-12-07 20:20:00.863653
5a8a895a-9785-4af6-94b7-609ee611affe,bc592de3-e0de-41cd-b9cd-7195d865467c,Completes 3/31 version,2022-04-09 03:22:49.419826,2022-04-09 03:22:49.419826
654b9e13-66f9-4778-8899-50eefe5525fb,dfc7451f-fa48-43a7-a947-190ab6ad799b,unfinished,2020-02-22 16:44:55.004861,2020-02-22 16:44:55.004861
8f8dbe7d-3261-42df-9f84-18db11cb5c52,9724f261-ea1d-4be3-801c-c28d199d3210,unfinished,2020-02-22 16:44:55.130082,2020-02-22 16:44:55.130082
15e7372c-d37f-4032-b4ad-734f9aac99f4,e77bfc2f-4399-445e-af38-55216af213ca,with vocal jam,2024-08-10 17:31:59.631775,2024-08-10 17:31:59.631775
1156e620-7314-4e37-8880-ba6ae5abecf6,97c02621-88b9-4aea-8a19-1d8f45a2ce80,inverted,2020-02-22 16:44:55.519710,2020-02-22 16:44:55.519710
09b9ddbf-da0b-4509-b39d-6a323999f462,631749f3-bd2f-411f-add0-664cc4384404,inverted,2020-02-22 16:44:55.789952,2020-02-22 16:44:55.789952
2ae25734-3f3a-4686-9744-00eea3efdf80,c1819f12-11cc-4526-beac-a1f14dfe960c,LTP 09/03/04 (492 shows),2023-04-18 17:00:57.173268,2023-04-18 17:00:57.173268
f49e764d-e355-497d-91db-c19fa65adc61,a7485824-9c53-4d3e-b9a4-f92fed0b6c6d,unfinished,2020-02-22 16:44:56.242354,2020-02-22 16:44:56.242354
f4805e5c-c10e-41ff-a006-ed70b4b151ab,74dc9136-f423-4678-8e42-3e5b0cc3750a,unfinished,2020-02-22 16:44:56.318010,2020-02-22 16:44:56.318010
ea584df1-08c3-424d-80ca-fdbe4071beec,5bfcaa07-9452-4484-a156-dc8f337d2ba5,With 'Mindless Dribble' tease.,2020-06-26 21:18:07.489109,2020-06-26 21:18:07.489109
78908e95-5b2c-459f-a8d4-66cedf8ebbc0,52d3485f-0197-45d4-aea3-2f995fb6208c,With 'Ralphy 1' vocals.,2024-02-29 14:51:21.073865,2024-02-29 14:51:21.073865
c04e4809-8c93-420f-9532-f553cc10da5a,4521da6a-70fa-402d-ab59-4581fa6b698b,unfinished,2020-02-22 16:44:57.509889,2020-02-22 16:44:57.509889
61f061db-976a-4b67-8b30-cb845191aeda,3e62fcbe-3822-4aea-b61e-c77a76ad2a96,unfinished,2020-02-22 16:44:57.901816,2020-02-22 16:44:57.901816
06cd17c6-9660-47c2-b7a5-38aec0e92cdc,e3b8a19e-4063-4af4-9eef-22d2ce1942f7,unfinished,2020-02-22 16:44:58.376282,2020-02-22 16:44:58.376282
4f50843d-2ec6-4131-812c-de893dd81a75,110853c4-4749-4f98-b4df-b6383d91670c,Perfume version ,2020-02-22 16:44:58.436622,2020-02-22 16:44:58.436622
7a741b81-b5af-482a-ba0b-079c2da40475,0ca562f9-63b7-4aec-bb91-74e3836272d1,inverted,2020-02-22 16:44:59.572920,2020-02-22 16:44:59.572920
8487f4ee-eb4a-468f-97ef-87170824ab1d,76d389a9-4b39-4293-80d7-eeb9ba78ee9e,completes 12/27 version,2020-02-22 16:44:59.633642,2020-02-22 16:44:59.633642
a5c7e36f-3476-496a-a895-054dbc3d83ad,cd52ed1b-4506-4be7-bd0c-f763f88b89da,unfinished,2020-02-22 16:44:59.974199,2020-02-22 16:44:59.974199
9c1cbcbe-dfb4-4b19-bcf5-6ee68aadeaf3,2fb78bc5-e264-490a-8497-b89b4b6dd873,with 'Mary Had A Little Lamb' (Stevie Ray Vaughan) tease,2024-12-07 20:20:12.253476,2024-12-07 20:20:12.253476
72b29c6e-b3ec-4a15-b3c5-67618a03d8a6,033791d0-f926-4a30-8810-8db622b5ded8,unfinished,2020-02-22 16:45:00.858457,2020-02-22 16:45:00.858457
04c7eddf-36d6-4863-b8dc-f9170830d1f0,924f2801-a842-4582-a923-3ed0d4191b02,FTP (tDB original),2024-02-29 14:52:14.932389,2024-02-29 14:52:14.932389
8dd16ce0-dd64-4112-84ce-16657c47b5be,662948eb-d25f-40a7-9b9a-cf675e92a7f2,inverted,2020-10-17 02:48:20.816331,2020-10-17 02:48:20.816331
af663eea-0cb5-4ed3-a073-1c7e2b3fd638,a8f84c06-0243-43cc-b44b-30c83bdf0992,unfinished,2020-02-22 16:45:01.822653,2020-02-22 16:45:01.822653
c4e13dc9-acc8-4a88-8c77-718ef9eb4048,86d23ce3-d070-474f-a02a-7484890cc67d,beginning only ,2020-02-22 16:45:02.234588,2020-02-22 16:45:02.234588
0c0c1005-a35e-45cc-9820-3c499c6707a7,c0eb0965-d80b-4509-86b2-cb43652bdc63,unfinished ,2020-02-22 16:45:02.354446,2020-02-22 16:45:02.354446
fea9130c-3e54-4f1f-8017-2c5ef1a127c7,a0a310bd-96b0-4df4-a939-6830b47f0eb0,unfinished ,2020-02-22 16:45:02.890050,2020-02-22 16:45:02.890050
07376909-c16d-4a84-b1df-724ff6ba6da0,a0a310bd-96b0-4df4-a939-6830b47f0eb0,dub version ,2020-02-22 16:45:02.917997,2020-02-22 16:45:02.917997
f7c069e8-2a15-4e78-a973-1c1457a2c50c,f66a4b2f-7214-4b16-b2b7-93d3d6bc91f9,with 'I Want Your Sex' tease,2024-08-10 17:32:44.651439,2024-08-10 17:32:44.651439
a8e7df39-91bd-407c-aeb4-b66ccfc5263f,18a3d03d-4052-4aae-9d09-cf94d928567e,unfinished,2020-02-22 16:45:04.313801,2020-02-22 16:45:04.313801
2318493f-cc47-4b12-8d58-66eb16895e92,8c1932ca-7b79-4f1a-98e0-7cc576e948e0,inverted,2022-05-09 16:10:27.112741,2022-05-09 16:10:27.112741
06bd32cd-e100-4a5c-aeb5-6412ddeb19f3,16491bbb-ca0a-405b-a78f-9b169cbc7fcc,with Meredith Motley on vocals,2024-08-10 17:32:56.535497,2024-08-10 17:32:56.535497
64321d49-369e-40ce-a468-ad8ed7bb8775,f6493071-d82f-40b9-80c5-c97075c8dd40,unfinished ,2020-02-22 16:45:05.590370,2020-02-22 16:45:05.590370
0f8b6b14-01d9-4d75-b1f6-bba6b83f30a5,aa0750e1-c200-4d25-83ba-8ca496571728,with 'Voices Insane' tease,2024-08-10 17:33:29.995001,2024-08-10 17:33:29.995001
e92db256-6a57-49d2-8e3a-2336d80f56d6,78a2c143-11f7-43ae-ac67-2d9c8af93591,with ‘Bombs’ jam,2024-08-17 12:52:51.820636,2024-08-17 12:52:51.820636
550f7cb7-b714-42b7-bdf3-c2a5d0b690d1,2aab713c-d272-410b-8e66-7aafbd6eccc1,with Tom Hamilton (Guitar/Vocals),2024-08-17 12:58:44.575939,2024-08-17 12:58:44.575939
a11023ee-d5db-4034-817b-5bf259a03e13,c16e8e76-9d72-434a-a5b0-368d2209326c,completes 4/16 version ,2024-08-17 12:58:52.383737,2024-08-17 12:58:52.383737
06e160b3-cfaa-4224-9298-178585f503e5,7bb9e08c-f154-488d-a3c3-1363e09b8f8a,unfinished ,2020-02-22 16:45:08.594956,2020-02-22 16:45:08.594956
901a3b8e-4b18-4106-8885-3a82e7f27d8f,661b2396-dfa1-4615-a30b-efcc745374fd,unfinished ,2020-02-22 16:45:08.679465,2020-02-22 16:45:08.679465
4fc1b03e-6f9a-4bc4-a1a0-f755e2eeae09,833e0fff-7171-4312-b8a0-8d943fea3ef2,unfinished ,2020-02-22 16:45:08.854891,2020-02-22 16:45:08.854891
e9264bb4-5787-40bd-88ed-3205cdcdb182,dbcb54c2-bd5b-4d79-8910-ecf022ee755a,completes 4/16 version,2020-02-22 16:45:10.143236,2020-02-22 16:45:10.143236
028707b2-7284-48d3-8af9-d62c945c1710,d7911f5f-7a9f-467e-a349-62800b159d18,Perfume version,2022-06-10 22:13:56.023823,2022-06-10 22:13:56.023823
7b11fdd5-573d-466f-a9ae-6a5f12e9e3dc,87e81ced-6a8e-4840-925a-848699bee4d9,unfinished ,2020-02-22 16:45:10.767550,2020-02-22 16:45:10.767550
d1d4f3c6-b4cc-47f3-a710-585dee766b1d,74324eee-add0-49bc-8ef0-16c9482774e5,unfinished ,2020-02-22 16:45:13.522409,2020-02-22 16:45:13.522409
eec8c979-6c9d-4184-913a-e09133addda0,676ccde6-a4b7-4342-b7f2-55079d75c55f,unfinished,2020-02-22 16:45:13.992562,2020-02-22 16:45:13.992562
a454e026-cfab-4d27-b5a3-4342f170a175,ba290231-4bc4-487a-ae33-3f28a93ef19a,unfinished,2020-02-22 16:45:14.051564,2020-02-22 16:45:14.051564
28ea22ba-c71f-4242-9fad-198c4a3a95f7,3c6ea0df-06e7-4f28-bfde-54490c23bf55,middle only ,2020-02-22 16:45:14.105726,2020-02-22 16:45:14.105726
5a3739e9-28e2-4bd0-b09e-67793877d1f9,c3c9fe42-c9fc-42c3-935f-073f82ca26b7,ending only ,2020-02-22 16:45:14.233809,2020-02-22 16:45:14.233809
f4c3e7ce-e4e3-423b-9fc0-20bb38d9bea6,f6d02439-a6fb-4f19-9192-bf12026a73b8,unfinished,2020-02-22 16:45:14.746068,2020-02-22 16:45:14.746068
d3ff5b26-5ce5-4e38-b223-dbd1e20a3f6d,10a3458b-b402-4d18-8a4c-e2896995a3fa,completes 4/16 version,2020-02-22 16:45:14.869581,2020-02-22 16:45:14.869581
7d8102e7-a141-4a41-80f5-92bb6c79a792,e2113b1e-16d1-4bec-bc72-b490c41898dd,perfume version ,2020-02-22 16:45:15.386187,2020-02-22 16:45:15.386187
2d53c4dc-0439-4472-a337-aa96dbac6fde,7a54f214-99eb-4bb1-9eb4-e8f135055b68,inverted,2022-06-14 03:02:28.143208,2022-06-14 03:02:28.143208
2a5c9ec2-277e-4397-acf9-2636ca082653,b66efa9c-cc9c-4a12-abb2-c2271eb00145,inverted,2020-02-22 16:44:54.696778,2020-02-22 16:44:54.696778
a0ca4aff-3774-422b-93f4-691fd5574b58,8ebba90a-ccbb-4bee-9a11-e8c434360e3c,inverted,2020-02-22 16:44:54.760719,2020-02-22 16:44:54.760719
b3232c59-1e2d-4120-b246-d90b64559b25,c00ce35b-1d05-4539-a667-bc4eb74d3a18,inverted,2020-02-22 16:45:00.430490,2020-02-22 16:45:00.430490
70eea084-fb38-406b-bba8-c9b2b6a7a256,fd9cd405-3164-421b-b72a-799c14881fbe,with Tom Hamilton (Guitar/Vocals),2024-08-17 12:59:00.728852,2024-08-17 12:59:00.728852
9241bb06-455c-4368-82fa-e0c6e0f08232,72b7cd79-c7cd-493f-9b32-6bfa46f1ddc2,inverted,2020-02-22 16:45:04.600490,2020-02-22 16:45:04.600490
836a5d74-08cc-48d3-af95-a8bc7325bfeb,dd593279-b567-4e13-9b8d-9589dbc9cc4f,inverted,2020-02-22 16:45:05.205570,2020-02-22 16:45:05.205570
59173a1c-d080-4de8-8e6b-f55b642c9ed9,66a5660b-fa6d-4d45-a3c6-673543a867f3,inverted,2020-02-22 16:45:05.494226,2020-02-22 16:45:05.494226
5cc61be3-217d-4bde-8e33-c28e023827fd,9c5c1bb0-98c6-4fbc-b6df-a643b8918826,inverted,2020-02-22 16:45:08.000960,2020-02-22 16:45:08.000960
7401d32c-8d39-491e-9213-fc820a7664c5,d2cc7c04-a62e-4ba7-9cf3-b490dad5c808,inverted,2020-02-22 16:45:10.942638,2020-02-22 16:45:10.942638
a604eb0f-6c9c-450c-8467-b33341251623,08c6939c-3494-4643-9bff-bea4fa60ef9c,LTP 2/13/1996 (1358 shows+),2024-08-17 13:03:10.402890,2024-08-17 13:03:10.402890
5f962321-8934-471a-a06f-348b7dba576f,d78a531d-76c4-491b-a0da-bca524b69e7c,LTP 2/13/1996 (1358 shows+),2024-08-17 13:03:18.273971,2024-08-17 13:03:18.273971
6e201d06-2b09-4be1-aac8-ff62345e02c5,03e5d79d-8e87-40ea-b1c4-722804410952,With 'Mulberry's Dream' tease,2020-06-28 20:13:22.328320,2020-06-28 20:13:22.328320
9ab89949-4ff1-483b-b158-9c20a844bf6f,469dff19-695d-4cba-b29e-9a60bff53ca5,inverted,2020-02-22 16:45:16.918260,2020-02-22 16:45:16.918260
fe2ef4c0-8f8b-4528-828a-408c6b2906c6,a080ccee-faa7-4644-aa6e-f5488cf646eb,inverted,2020-02-22 16:45:16.978800,2020-02-22 16:45:16.978800
47587650-f0c7-4e9c-be78-58426780029d,eba74519-b6cc-4fbf-a2e2-71c372e482de,dyslexic completion of 4/3/08 version,2024-08-27 17:18:46.174591,2024-08-27 17:18:46.174591
9084532b-d092-4786-9ff1-ac1606317800,e2bac65a-d39d-47a1-b451-4186f8a2465f,LTP 5/26/18 (88 shows),2023-04-19 17:41:08.299931,2023-04-19 17:41:08.299931
159fd165-0616-4313-87b1-bc377ee9887f,059f4c84-9684-4d18-9549-026d5014e9ec,unfinished,2024-08-07 23:00:57.618415,2024-08-07 23:00:57.618415
8abffcec-8e5d-4c24-bc36-f9ac9b9c320e,86690f04-7369-4244-a1cf-923d7ad88ef0,unfinished,2020-02-22 16:45:17.249092,2020-02-22 16:45:17.249092
84b50793-9b53-4e4c-85bb-2a04506265eb,3a381ccf-4132-4c9a-af48-d5cd266a7e4f,unfinished,2020-02-22 16:45:17.418493,2020-02-22 16:45:17.418493
3b19a9fb-d6c3-43af-aa54-ea1b479ebc9d,780653a6-5769-4a91-a81f-0f3b9457fd4a,Perfume version,2020-02-22 16:45:17.506263,2020-02-22 16:45:17.506263
51ffd7b9-0121-4fd3-bf18-1f0297208641,7828b70d-0622-4b08-b677-a450aadd8bd4,unfinished,2020-02-22 16:45:17.701256,2020-02-22 16:45:17.701256
fc34582e-6563-4b2b-9ca6-1f1ba5b24776,ba12a0b7-65de-4200-a848-a9771bf02789,inverted,2020-02-22 16:45:17.795838,2020-02-22 16:45:17.795838
03d69401-dae9-4523-9d7c-d40e1cdafea7,a07d54af-d905-4f43-89c2-57d6503ce243,inverted,2020-08-22 20:07:44.159562,2020-08-22 20:07:44.159562
116a9675-bbde-486c-b8f8-40763e115902,ca561633-350b-4cc0-a09b-fcf504bf6172,unfinished ,2020-02-22 16:45:18.875934,2020-02-22 16:45:18.875934
c66937d8-0376-4f6c-abbf-e2b4e324aae2,c53c5a32-8ac1-4fcf-9732-9d7facb378c7,unfinished ,2020-02-22 16:45:19.100321,2020-02-22 16:45:19.100321
fa291eac-b84d-45ca-8d52-bb811b48041f,efa76a7b-fa63-42f6-a763-cb59a864f6e3,unfinished,2024-08-07 23:01:03.531743,2024-08-07 23:01:03.531743
daaf7c2d-f1a0-4bb1-b10f-2ec8223e15c8,2524092c-073f-44be-94c0-51eeedcd7d5d,unfinished ,2020-02-22 16:45:21.958300,2020-02-22 16:45:21.958300
f1d86e2c-ff2c-4e77-b9bb-9f5b6fb96d7f,65167b1c-8061-4f81-8514-e9e3142f9a5b,unfinished ,2020-02-22 16:45:22.360885,2020-02-22 16:45:22.360885
4571808a-49ba-4030-9484-83ea4d63a861,dbdac5cf-c7ea-49a7-bad6-8f7f429e69f2,inverted,2024-08-07 23:01:10.862222,2024-08-07 23:01:10.862222
2ae80993-5242-4e6a-8a06-b531b4f85573,df1aa0b0-33bd-4a78-8657-18ce5480329b,middle only,2020-02-22 16:45:24.330460,2020-02-22 16:45:24.330460
705a6fd5-8043-4095-8d67-bda09f33b7c1,eed6942b-ecce-4fa5-a9f6-90d55f75143a,Completes 3/31 version,2022-04-09 04:00:30.363621,2022-04-09 04:00:30.363621
c05fc1cf-2540-46b0-a517-91b7e6235bff,c3f9d30c-9237-4e42-be61-0c0c0519f56c,dub version ,2020-02-22 16:45:24.904480,2020-02-22 16:45:24.904480
203ab696-9ffc-43d7-a82b-3940c071ca2b,c3f9d30c-9237-4e42-be61-0c0c0519f56c,unfinished ,2020-02-22 16:45:24.928094,2020-02-22 16:45:24.928094
5605d852-15f2-4e12-9bd7-7af6bf72d7e8,62f6a1da-acb0-4a0c-a7e7-2e10001281e7,ending only,2024-08-07 23:01:17.705420,2024-08-07 23:01:17.705420
b30d6aea-1f0d-4de1-a9d6-be5909a21729,4351f889-b38a-4795-a739-68417b3e10e5,inverted,2024-08-07 23:01:27.046287,2024-08-07 23:01:27.046287
ab9b15ca-9ae2-4d1f-91cc-ee73ff83367a,1de91091-69d0-4fe2-8587-b82dbc5d901d,middle/funk section only,2020-02-22 16:45:25.996317,2020-02-22 16:45:25.996317
894d0a54-9faf-49bc-85a5-2b48990ba9c0,350cb9f0-ce7d-4029-98bc-64e64e4b20cb,unfinished,2020-02-22 16:45:26.205293,2020-02-22 16:45:26.205293
aa405aea-d045-4165-a130-a992d032011d,a8bfaf0e-3151-4a89-b221-f63d4fd17f63,inverted,2020-02-22 16:45:26.525680,2020-02-22 16:45:26.525680
c63c842b-914e-4b1f-8019-acfb7e874302,50d13518-873a-4fcc-a42d-f1d53dea6227,improvised score to the film 'Tron' (1982),2020-02-22 16:45:27.579862,2020-02-22 16:45:27.579862
f4c4ee74-0107-4692-8968-2a7e64d63f52,61beb384-3118-440d-9bbb-7b37aa71527b,unfinished,2020-02-22 16:45:28.041916,2020-02-22 16:45:28.041916
d358a20e-a5cd-4bb8-aad0-e31d87b038c2,815c72df-f219-4ec7-892e-740dcb9d30b9,with 'Caves of the East' tease (FTP 02/29/2008),2024-08-07 23:01:42.103109,2024-08-07 23:01:42.103109
645cb27e-4da8-4b0e-b35e-ae4f8c779929,25d55805-fc03-4162-98ee-f17fe7098c23,completes 01/19/08 version ,2024-08-07 23:01:56.976065,2024-08-07 23:01:56.976065
6eb2841f-bafd-44f8-b959-fea64d63d5fd,25d55805-fc03-4162-98ee-f17fe7098c23,ending only,2024-08-07 23:01:56.987180,2024-08-07 23:01:56.987180
d59b3f90-8c7b-4b50-846c-eb96ec60bff8,5e2905c3-f502-4f85-b516-91f8f65d2c0c,with ‘The Wormhole’ tease,2024-08-09 07:03:31.197906,2024-08-09 07:03:31.197906
623e8f28-fc11-4501-8505-6b1d6ddcb103,3aa2f81d-0582-4e26-9411-00848d6c2f78,FTP (Isaac Watts),2023-11-12 18:29:26.073513,2023-11-12 18:29:26.073513
85e5fabe-26a7-430f-a202-c63a70d7013c,de392153-a798-40d8-b69c-b19bd66cdb57,inverted,2020-02-22 16:45:30.754667,2020-02-22 16:45:30.754667
52443fe6-9344-44a9-8971-3c6d419f010b,82eba08e-12fd-4cdc-9beb-20fc24d9a919,end only (completes 1/1/16 version),2020-02-22 16:45:30.834420,2020-02-22 16:45:30.834420
85d81f84-d664-43cd-bc2d-2ebd0f67eaf1,5fa63329-0ad3-4ac0-9fd3-bf6397fcc2a7,Sammy on bass. With DJ Mauricio on Roland MC-505  (Mauricio enters halfway through 'the Very Moon'.),2020-08-22 20:12:26.075442,2020-08-22 20:12:26.075442
4ff8758d-7fe0-453b-b322-b1545ba1045e,f0c939a3-7609-410a-87ca-ed25241351bc,with Tom Hamilton on guitar/vocals,2020-02-22 16:45:32.915381,2020-02-22 16:45:32.915381
e336ce8c-da8e-4803-bafd-11cd2a95ba10,142fe171-7114-4006-8234-66271dd3f6bf,with Tom Hamilton on guitar/vocals,2020-02-22 16:45:32.996423,2020-02-22 16:45:32.996423
85b2de21-40c8-43cd-b825-af556ed5d346,1ff6b093-7e9e-40de-8d3b-d09826c80afa,unfinished,2020-02-22 16:45:33.204934,2020-02-22 16:45:33.204934
bf9b6a20-9cf1-4896-b7ed-e22d70ac2da0,131ab678-5cb4-411f-bcdf-dcd7e47eae0c,dyslexic,2020-02-22 16:45:33.338620,2020-02-22 16:45:33.338620
70910450-dd9c-450d-a492-d4c751841f8e,a4f1d907-3dfb-470f-8bc0-53176ffc349f,with Natalie Kressman and Jen Hartswick,2020-02-22 16:45:33.517605,2020-02-22 16:45:33.517605
f13af9af-fc5b-4dbc-b564-76e25afde03e,92484b7a-0daf-4cc7-af0f-0005b3cea9fd,dyslexic,2020-02-22 16:45:33.807140,2020-02-22 16:45:33.807140
8552939c-d545-4007-88fa-51fbf9a5d4ea,03cd65ff-cd19-4a27-9619-5255ba42bbb4,unfinished,2020-02-22 16:45:34.454514,2020-02-22 16:45:34.454514
f3fe4770-6556-497a-84fc-ff66c88b38c7,98035e07-790d-4c09-bd91-be1596a4e373,FTP (tDB original) Supposedly lyrics were already written music was made up based on crowd reaction.,2024-02-29 14:53:06.028004,2024-02-29 14:53:06.028004
8eb178b0-fb16-43a9-8192-02ba2a497e6c,524488a1-08d5-4441-b14a-c62df16aabfd,inverted,2020-02-22 16:45:35.574755,2020-02-22 16:45:35.574755
86a5a3f4-0a24-43cf-be82-cc8517d19df6,11f8ef8b-3003-4665-b0f4-53c9ab0822a3,unfinished,2020-02-22 16:45:35.741781,2020-02-22 16:45:35.741781
8540099c-8399-49d0-b754-d4138f3f9261,642c7832-7058-43b8-a9fd-1364dc8763c7,FTP (The Beatles),2024-02-29 14:54:16.322315,2024-02-29 14:54:16.322315
4f86a391-7d1d-4835-97dc-fb3a10394bda,be1c1294-3a6a-4dbd-a5fa-18de340fecfb,inverted,2020-02-22 16:45:37.756157,2020-02-22 16:45:37.756157
84372f3a-00d3-498d-9892-0772384b955d,e9542a58-c406-48b8-9ae1-e9712d216d64,inverted,2020-02-22 16:45:38.284297,2020-02-22 16:45:38.284297
98c5939a-2691-4100-a40b-b290d3034c61,79a5a0a7-e1c3-43d9-b587-69b097cc915f,dyslexic completion of 4/21 version,2020-02-22 16:45:38.642605,2020-02-22 16:45:38.642605
51dcc1be-017b-43f3-bfef-0a6f4f3b8839,234e3807-5766-4953-8cb8-08c69e07d6c9,inverted,2020-02-22 16:45:38.891462,2020-02-22 16:45:38.891462
2c0e452a-c0f8-4198-8d9c-af0d565d6cae,b07821bb-20bb-45f7-82e8-05da902e8c0c,inverted,2020-02-22 16:45:39.551225,2020-02-22 16:45:39.551225
52ec399c-abc3-4dfd-a44d-f0aef3940f41,7557b7a5-a9ed-4dd6-ae84-a8ead5490899,LTP 2/3/17 (225 shows),2024-08-09 07:08:12.747209,2024-08-09 07:08:12.747209
16aaf819-336d-4270-8f9e-22e2940c9f50,48c625c7-37a6-4730-a813-f058070868e9,unfinished,2020-02-22 16:45:39.944541,2020-02-22 16:45:39.944541
24900f95-dba5-4aaa-a625-7b28bc60520e,fe0dedd0-e617-4aff-a585-c8296060dbfd,unfinished,2020-02-22 16:45:40.510387,2020-02-22 16:45:40.510387
ab86e776-28ad-441e-bc3f-7e7d69a94650,a2db500b-c99b-4766-84b3-7b79b52e6a46,unfinished,2020-02-22 16:45:40.683906,2020-02-22 16:45:40.683906
758447fe-2da5-436a-ad1b-27112aa341c3,53a18311-27ee-4683-a8d9-4384621c2fa6,end only,2020-02-22 16:45:40.780605,2020-02-22 16:45:40.780605
5e39d946-acc6-4669-b912-d424791c8676,36d3f4e2-7718-49a8-bde1-dcece0cd38f5,LTP 10/31/98 (971 shows),2023-04-19 17:47:59.076802,2023-04-19 17:47:59.076802
6cf158ba-be7d-4503-9645-df4ecf62698e,5b33bf01-ccf0-4594-ae48-7744eb6fe9f9,inverted,2020-02-22 16:45:41.046410,2020-02-22 16:45:41.046410
feea6c77-0303-4e86-a6d5-a69341ab44f6,1e309822-1cb9-4c97-81fd-bdf5b6d285ee,end only,2020-02-22 16:45:41.527301,2020-02-22 16:45:41.527301
772c2367-6017-491a-b4fe-ea73c18ef08f,05ea80f8-1461-4b95-a837-59605ea16dcf,inverted,2020-02-22 16:45:41.708971,2020-02-22 16:45:41.708971
3434c518-c454-499e-ae40-ca5684c1ccda,7557b7a5-a9ed-4dd6-ae84-a8ead5490899,with Snacktime on horns,2024-08-09 07:08:12.762907,2024-08-09 07:08:12.762907
3d94772c-8913-477a-ba5c-c71706db2f5a,367702b3-b279-44b1-af8c-abba220c98c2,inverted,2020-02-22 16:45:42.539742,2020-02-22 16:45:42.539742
620c7d75-19d5-49d9-8e4f-bf7eec97f0a0,22e020c7-35c3-4e62-bbd2-9e313f044952,inverted,2020-02-22 16:45:42.634816,2020-02-22 16:45:42.634816
71ff6f07-6b28-43c1-9236-36c92054893e,f0e6a3a8-ebaf-48b9-8833-2820720b6aa3,end only,2020-02-22 16:45:42.686230,2020-02-22 16:45:42.686230
89ed84ad-2caf-4702-9649-5211ac337c69,09a286f4-4619-4f01-b6a4-ec99f48b6da8,inverted (mid),2020-02-22 16:45:43.000916,2020-02-22 16:45:43.000916
9444f9fe-6aa0-4af0-a894-96cd574a8c4d,37b5128c-4d71-4776-ab85-6c1ba6865f2f,unfinished,2020-02-22 16:45:43.122041,2020-02-22 16:45:43.122041
6bbdf873-8cf5-4c2c-a325-1689d9741b3f,9af430d0-1044-4af8-8fa2-08ebc0cbcb84,unfinished,2020-02-22 16:45:43.323367,2020-02-22 16:45:43.323367
b5777645-3907-40f9-a21a-c9bdfc33129e,8a98b502-5b03-493d-8331-1a8382948498,inverted (end>beg),2020-02-22 16:45:43.430348,2020-02-22 16:45:43.430348
45c44bc4-c7d1-4847-a638-91af90c3dde5,3c9af5f6-86c0-4408-8653-bfae1acaa15e,inverted,2020-02-22 16:45:43.758411,2020-02-22 16:45:43.758411
ce0d81d6-d452-45ae-aff1-05cfc169dbe7,bd660dbe-a042-424b-a471-9a65f6d28a1b,inverted,2020-02-22 16:45:43.842638,2020-02-22 16:45:43.842638
3ce19d5b-df38-4614-914f-0f0ae07fe02d,a77a3a68-1b43-47af-84d1-3b9ba02ea04c,inverted,2020-02-22 16:45:44.312640,2020-02-22 16:45:44.312640
adb56625-de81-443b-8da2-189576f41a24,8e782e44-af4b-4bf1-afa4-2716f2f427e7,inverted,2020-02-22 16:45:45.222588,2020-02-22 16:45:45.222588
897e2dfd-d50e-4949-8599-9a899620ed81,dc15cc71-ce65-4838-8309-621632197d48,FTP (Mike Oldfield),2023-08-18 20:16:41.915224,2023-08-18 20:16:41.915224
6261d9dc-1eb2-4df6-b910-e32ac316415c,7bda86c3-e0c9-42fe-b190-1bb95bebdab2,LTP 3/21/2010 (127 shows),2023-04-19 17:52:30.831999,2023-04-19 17:52:30.831999
d6a32b5d-b628-4eaf-b80e-5065560da4cb,a74794f4-8485-4894-aa84-517b4ac96d71,LTP 4/20/2009 (209 shows),2023-04-19 17:55:43.878565,2023-04-19 17:55:43.878565
8d6b3d72-5e93-4b67-a2ee-38478a400c9c,d9870045-ec5c-492d-b1a5-5510e93cc66b,unfinished,2020-02-22 16:45:48.098943,2020-02-22 16:45:48.098943
e7f7d964-dadc-4e82-8a46-d59cd65e67b4,fe510e85-6834-456f-8e5a-885a75e57141,unfinished,2020-02-22 16:45:48.514279,2020-02-22 16:45:48.514279
e21be1f6-fbba-4ca7-92f3-1543581d5999,5ce3a723-9703-4746-b357-5a460d725cac,unfinished,2020-02-22 16:45:48.610008,2020-02-22 16:45:48.610008
614cd08e-3a73-48f7-8879-4224d44c8574,22b0613b-b6b5-40de-9d57-6a7d6523e9d9,completes 08/18 version,2020-02-22 16:45:48.990226,2020-02-22 16:45:48.990226
8142c53e-74bf-4665-8f07-7d41469ecec6,af131028-a478-4705-be97-a6dfb1ff218b,unfinished,2020-02-22 16:45:49.154366,2020-02-22 16:45:49.154366
3ef10855-0cc8-4781-8310-b7692193de18,dac8679e-3d5c-48f5-8f1d-06a663b838c0,unfinished,2020-02-22 16:45:49.457986,2020-02-22 16:45:49.457986
ad58af41-226e-4bed-8d2e-ac3d83155c41,1451a3ac-1a7d-4d09-b202-b6a604ce1920,inverted,2020-02-22 16:45:50.466766,2020-02-22 16:45:50.466766
1840cf96-3688-4044-9314-09a41e171b04,5fc479df-647c-42a5-8b87-11066732eeb6,completes 08/19 version,2020-02-22 16:45:50.714834,2020-02-22 16:45:50.714834
0f52c7dc-9468-4199-91c6-226f56c194fe,859bc2bd-a3c6-4d46-a7c6-751aae69a0da,inverted,2020-02-22 16:45:51.046007,2020-02-22 16:45:51.046007
67e0c889-960c-4a82-8837-f7d33021a3f9,881f65d6-d73c-422f-b2f7-de86af62109f,unfinished,2020-02-22 16:45:51.727797,2020-02-22 16:45:51.727797
efebb9c8-9d2a-45fb-8560-aa783aaf3762,e1a1f88f-a122-4484-983e-48919eaa04eb,dub version,2020-02-22 16:45:52.811499,2020-02-22 16:45:52.811499
0da60af2-13af-4265-9a41-4f195d4603aa,46241cec-cf64-42b3-b9bf-cd0bbd0721d7,dyslexic,2020-02-22 16:45:52.939540,2020-02-22 16:45:52.939540
4ead9c74-67f6-490c-bc08-d410a535a6b6,8700ded6-581a-43bc-8d43-95ce51505db4,dyslexic,2020-02-22 16:45:53.078506,2020-02-22 16:45:53.078506
b7a54b32-de0b-4fa6-9a53-5c56799138b1,14f2fc5f-23ff-47a4-a16a-48b0a125de53,inverted,2020-02-22 16:45:53.139798,2020-02-22 16:45:53.139798
3fd3a43e-ad96-4a36-a278-27f179506c4b,b1be7f76-85af-44a5-959d-d36e70366e12,unfinished,2020-02-22 16:45:54.042778,2020-02-22 16:45:54.042778
c1147b52-74c8-4c0b-917d-1af609f85d88,c4203271-133f-4409-8045-853dfdb6d8c2,unfinished,2020-02-22 16:45:54.160891,2020-02-22 16:45:54.160891
a06935d9-4347-490c-a526-d17984974c61,cdb7e56c-b192-4053-83bf-2f5ebcd10b29,end only,2020-02-22 16:45:54.243779,2020-02-22 16:45:54.243779
e521192e-37ec-4d43-b9d0-285012c46954,183535c2-7cd6-421b-8aa6-ada00aec21f4,inverted,2020-02-22 16:45:54.453023,2020-02-22 16:45:54.453023
228fa63b-22d3-4937-8c16-553a611e08f2,ac1dbc3d-6d1e-4a37-a584-ce7acb2d630e,inverted,2020-02-22 16:45:54.528990,2020-02-22 16:45:54.528990
f6349dc1-ab4f-42b5-8b1a-0550f45f809e,6b8388bd-6e4f-44ac-8f97-06d100f3a3e2,unfinished,2020-02-22 16:45:54.917228,2020-02-22 16:45:54.917228
f959d8b0-a572-4af3-ac6f-4104fe72d942,72433c9d-0a7e-4675-a584-632efd83f66b,unfinished,2020-02-22 16:45:54.963675,2020-02-22 16:45:54.963675
f731eeaf-9c44-426f-9723-22b152f1c3b6,8f05d86b-6b3d-40f6-a632-341b53294cfc,inverted,2020-02-22 16:45:32.000992,2020-02-22 16:45:32.000992
9681ee01-1be6-46f4-ad60-10a24ba7c406,cae62350-878b-44fa-a373-762721a9b1ab,unfinished,2020-02-22 16:45:55.142832,2020-02-22 16:45:55.142832
dfe5b505-2f24-480d-8ab3-d4e03efe71f4,31cbf4a5-07bb-4f88-bbc4-889f89e46b84,dyslexic completion of 10/27 version,2020-02-22 16:45:55.474221,2020-02-22 16:45:55.474221
37a44eff-da28-4961-b0a4-162411c0049b,09f39de3-b85d-40be-84ed-9532fa38994b,unfinished,2020-10-17 05:35:03.691049,2020-10-17 05:35:03.691049
e6389787-819d-422b-b75d-6f0b526dc9c6,3b2f3f36-0294-4f87-a072-6dc8a3973bfc,inverted,2020-02-22 16:45:55.997606,2020-02-22 16:45:55.997606
9f507c1c-070e-4f35-b5b3-9b5771fdcb74,0d6360e0-fb0c-4802-bd05-521a21fba8c2,inverted,2020-02-22 16:45:56.268435,2020-02-22 16:45:56.268435
f50bb887-c815-43de-bd89-06ca068424c9,132e30ac-eeef-400c-9a8f-e22577a4411a,inverted,2020-02-22 16:45:56.548690,2020-02-22 16:45:56.548690
bc1fc1cf-6c50-4300-8d77-c08bf529b94c,96494d15-3f68-4aa3-a9b9-e0dd3cc2c686,inverted,2020-02-22 16:45:56.623764,2020-02-22 16:45:56.623764
66fe04e6-3232-4c90-8de5-fcbe5eb359b6,bee01b6f-da12-4edd-9a94-7ba0e11759b1,dyslexic completion of 12/1 version ,2020-02-22 16:45:57.306023,2020-02-22 16:45:57.306023
9742e017-7662-434f-a538-a96b05d01872,c5bdfb5b-f8ff-488f-bda5-3fd90dab609a,with 'The Great Abyss' tease,2024-08-07 23:03:23.025427,2024-08-07 23:03:23.025427
eef8fe21-a252-4e39-8044-b7e121a77058,aff6b0b5-93cf-48cc-af7d-60c1ac9fcde9,unfinished,2020-02-22 16:45:58.448879,2020-02-22 16:45:58.448879
b76e2284-6fd2-44ed-897e-3b87744c16a1,3ac7cede-5966-439b-a311-bb8c8d204770,completes 12/30 version,2020-02-22 16:45:59.637743,2020-02-22 16:45:59.637743
f49b27a3-d0d3-4b43-bbca-a91b6f8f087d,992016d3-5c98-42ba-93a2-ea83813eedd5,completes 12/29 version ,2020-02-22 16:45:59.881585,2020-02-22 16:45:59.881585
8bcc2213-4c35-47d1-9e6d-0388663cf8a3,501845af-8514-4151-b41d-0bc7c660d06f,unfinished,2020-02-22 16:45:59.988418,2020-02-22 16:45:59.988418
a6e76ff0-4c59-4a3d-9a26-67396c5effab,c06f8502-5f30-4c75-970d-f30abc3e3882,inverted,2020-02-22 16:46:00.653415,2020-02-22 16:46:00.653415
d4065c31-5ccc-4c30-bb18-d17be3fdf2ae,4437dbfe-8f27-4ad8-ad90-4b27229cdfe4,inverted,2020-02-22 16:46:00.764847,2020-02-22 16:46:00.764847
ba05a59c-cf5f-47d0-9f0a-5758806ca469,fddd0455-caa0-4c39-9a40-41bd650948da,unfinished,2024-08-07 23:05:44.523521,2024-08-07 23:05:44.523521
e12358f5-93b5-4aa5-8225-fdf8410ed94f,ee839058-a986-427a-b348-3df1e3f8ad00,inverted,2020-02-22 16:46:01.458351,2020-02-22 16:46:01.458351
6569c62d-a6a5-4740-8564-8172bf1e60de,195fb8b7-54c1-4733-80fa-0c6369fc75df,unfinished,2020-02-22 16:46:01.697515,2020-02-22 16:46:01.697515
6aa46c95-a791-4586-93aa-6bf9ed89fddc,00483faf-45a3-4162-b877-aec0d3e62199,unfinished,2020-02-22 16:46:01.835492,2020-02-22 16:46:01.835492
0137bc63-ed32-4def-af47-77c7bb9134fd,b826a8f7-163f-41d7-abe6-2b5ff13fe8c9,unfinished,2020-02-22 16:46:02.152478,2020-02-22 16:46:02.152478
5055af2a-6a5d-4b53-8ddd-8e40e51a13aa,c0eaeb50-57b7-4fa4-8f7b-6d1cfb4e0c34,LTP 7/26/2009 (204 shows),2023-04-19 18:01:20.932111,2023-04-19 18:01:20.932111
ebd25987-151a-4c35-a08a-b734a6233b42,f2ce2ac6-2d28-484d-bee7-c8608ae6ce48,end only,2020-02-22 16:46:02.682953,2020-02-22 16:46:02.682953
849a4939-a507-479e-9f9f-9f389f3a8c63,0f7e2f14-22e8-47d1-973a-8753fea4af61,unfinished,2020-02-22 16:46:03.144291,2020-02-22 16:46:03.144291
a08fbfb2-ac2a-4681-b716-112b68858136,985bbe0c-42ba-472f-9f0f-7751adea3bfa,LTP 6/3/2009 (220 shows),2023-04-19 18:01:55.940516,2023-04-19 18:01:55.940516
c9d78eef-0575-420b-98b5-f18d429000d1,a5d12758-c6e8-4088-ae62-00ce786af7bc,end only,2020-02-22 16:46:03.310193,2020-02-22 16:46:03.310193
6febc172-74da-4730-bd40-687682ce778e,a86878db-a4df-46b3-8d74-e876988074be,dyslexic,2020-02-22 16:46:04.502544,2020-02-22 16:46:04.502544
8e7443a9-f4da-4532-be21-0271315c2f85,3d6ed56d-cb03-449f-be26-d9178d6cf0a5,dyslexic,2020-02-22 16:46:04.673949,2020-02-22 16:46:04.673949
dd7e25ce-7632-44dc-b09a-c83b8ceaf416,dbd1aeb3-5057-4cf8-a40b-52635237abb4,inverted,2020-02-22 16:46:04.966696,2020-02-22 16:46:04.966696
2aa648e2-c4cb-49a6-a035-a5f26c5907c6,2a8be5b0-291f-4bb1-b8e3-421bbac3c3f6,unfinished,2020-02-22 16:46:05.192512,2020-02-22 16:46:05.192512
0f044a6d-d5cd-42a3-a172-1758c3c60a2d,595c70e2-dcf4-43a6-a6cf-f05c345c5e37,inverted,2020-02-22 16:46:05.279666,2020-02-22 16:46:05.279666
79e265fd-b618-42c3-98d3-9eb6797a0722,8d86e111-b650-4bf4-ba8b-5f499b7a906b,with Jake Cinninger (Umphrey's McGee) on guitar,2024-08-07 23:05:53.841157,2024-08-07 23:05:53.841157
471c0c33-16cd-4727-b484-7d9707655c7d,4d1a8cc9-80ce-471b-9056-ef01e679ac51,unfinished,2020-02-22 16:46:06.650190,2020-02-22 16:46:06.650190
29060f9a-e2c2-4e02-87a0-55424760f764,fcbd020b-341e-42d2-8da4-903a6ff7e787,perfume version,2020-02-22 16:46:06.773273,2020-02-22 16:46:06.773273
be4be1c9-d6da-4927-b1d4-3b319d86e6c0,1a70475e-1bf5-4e0a-8449-d655820be506,unfinished,2024-08-07 23:15:55.790385,2024-08-07 23:15:55.790385
cd9f71cb-162f-433e-9d99-e8442b08043e,27ee0973-c288-4df4-94ac-c364e69c3904,inverted,2020-02-22 16:46:07.759657,2020-02-22 16:46:07.759657
c0329468-40f3-450c-964e-648538b5e3a9,a3d9b030-5c04-44a2-be01-9ba018d6eff4,unfinished,2020-02-22 16:46:10.334731,2020-02-22 16:46:10.334731
8d169ac9-7c7d-4345-9b5a-4ae1204fd27c,f4a458a5-553c-44d5-b9e2-a3410c1fa474,end only,2020-02-22 16:46:10.515813,2020-02-22 16:46:10.515813
2f4d35e9-1a17-4ba9-882a-ea7fd4ed36d9,64f178bf-779b-4348-96b3-c5f6f2fa0752,unfinished,2024-08-07 23:16:32.159756,2024-08-07 23:16:32.159756
43be7751-48c4-4577-9106-671ca3cd03b4,0f810d95-461c-45d8-a653-e203ea1664b7,FTP (tDB Original),2023-12-08 13:44:00.215676,2023-12-08 13:44:00.215676
5178ddba-ef62-494f-bc7f-33c5ff5d3736,559baf7e-8cca-4f80-b176-28977afb71a9,"Magic Tape (contained elements of Fly Away (Crackazat), maBri (Lukas Lehmann)",2024-01-05 13:45:01.576123,2024-01-05 13:45:01.576123
1a9658b0-d2dc-448e-81e4-16d94a122256,825151c5-f3fb-408d-b38f-26d5f1e4fe87,FTP (Led Zeppelin),2023-11-12 18:33:36.884596,2023-11-12 18:33:36.884596
5c699230-7e11-4c9f-99a1-7c3bec118b40,3501b4f2-c9d9-4dd9-8754-9ab1f1576334,end only,2020-02-22 16:46:11.114560,2020-02-22 16:46:11.114560
7900102b-c199-4b37-af6d-81a9993c5b63,42ea571e-856c-4565-adbb-522821a4cda4,unfinished,2020-02-22 16:46:11.171150,2020-02-22 16:46:11.171150
844833ea-57f3-4f69-99d3-104828ea1575,1865020d-5560-4f79-86f4-c34cc8d937ff,middle only; completes 05/28/17 version,2020-02-22 16:46:14.295639,2020-02-22 16:46:14.295639
9b5b3be7-947c-496f-903e-84ffc522d734,e8fee6b2-3220-4836-9ddb-d907e4142b47,inverted,2020-02-22 16:45:58.768840,2020-02-22 16:45:58.768840
8ab8a3d5-5496-4056-bf40-5389df79ba75,29874a6d-f15d-4207-9231-8c1a8dccb5e0,inverted,2020-02-22 16:46:12.705843,2020-02-22 16:46:12.705843
41a46edc-e934-49a8-bf91-1fc2a0d1838c,4f0a4732-a534-47e4-996e-933c726a0ea4,inverted,2020-02-22 16:46:12.902338,2020-02-22 16:46:12.902338
0694dc61-9f06-4f17-a3ea-9f761c36b0b4,993d369f-282a-4d8c-a113-99cb613450eb,inverted,2020-02-22 16:46:13.082247,2020-02-22 16:46:13.082247
d223285e-a047-4262-916f-cb7aa19fc952,6df0712b-a07f-4bc7-809a-0f0049b202e1,inverted,2020-02-22 16:46:13.842907,2020-02-22 16:46:13.842907
10c106cd-925d-4d4a-8b2c-d0a6d7fce1da,e7e28b6f-4dad-4665-9b94-39391bba96f0,unfinished,2020-10-17 05:35:48.378038,2020-10-17 05:35:48.378038
65e55d1e-4cd3-4719-b778-4702d3c8f143,9fbdfb4b-9112-4924-a6f7-c797c04e95c3,middle only,2020-02-22 16:46:15.453591,2020-02-22 16:46:15.453591
110d1ac1-dff3-4f0c-a67f-e57e08a22040,5ed69c3f-a070-4369-81d5-a7da7ee5c7bd,unfinished,2020-10-17 05:35:54.439461,2020-10-17 05:35:54.439461
dd76e97a-a08f-47a7-8e09-566d03ad76ce,65f9b90e-9d27-45fd-8ece-63de2a2860a2,inverted,2020-02-22 16:46:16.611195,2020-02-22 16:46:16.611195
af99e779-cf60-4896-bb78-3ab17e6c709d,d2880b52-1999-4626-955b-1d02f18f29ec,unfinished,2020-02-22 16:46:16.890583,2020-02-22 16:46:16.890583
e1bca958-7021-4ee3-b0a3-d7879843c161,96979b3b-6e9b-4405-8bd6-c06bd06567d6,inverted,2020-02-22 16:46:17.797594,2020-02-22 16:46:17.797594
3304631e-fc25-4eea-a846-6ff4728c04d3,08e98f41-36d6-4936-98d4-ad4562894357,unfinished,2020-02-22 16:46:18.119625,2020-02-22 16:46:18.119625
12383630-d989-41ab-bd11-c632f7cc1f42,1801672f-f76f-4c04-80c0-e759901b7f74,inverted,2020-02-22 16:46:18.510042,2020-02-22 16:46:18.510042
1c355dc9-0644-476c-9416-a5c623f5c280,6f0462e4-034e-4f76-972f-5f776dbd5f41,unfinished,2020-02-22 16:46:18.830508,2020-02-22 16:46:18.830508
663096e8-d026-48d8-8429-6e37c296b5a4,add56a0b-99b6-47bf-8aa0-7174d733c941,unfinished,2020-02-22 16:46:19.115602,2020-02-22 16:46:19.115602
e87fbfc6-e38a-4aa8-b555-6b09ecd84c9f,9bf37a98-6ed6-4ce6-92d4-a10843c13b03,inverted,2020-02-22 16:46:19.211001,2020-02-22 16:46:19.211001
c09edd32-7a0d-4a42-bc84-b7c7ee91d28e,40ade668-e1ea-43a2-b411-6a6b9f8c9331,end only,2020-02-22 16:46:19.950298,2020-02-22 16:46:19.950298
853663c4-d854-4f68-ba58-383ce280610b,2c3c1c4b-c6dc-4bce-96e2-989d869f4ef0,inverted,2020-02-22 16:46:20.814157,2020-02-22 16:46:20.814157
d07dac74-cd47-4b06-826b-d4c095ed9c55,9bf2422a-0e63-4284-a244-9ea92c6a911c,dub version,2020-02-22 16:46:21.552416,2020-02-22 16:46:21.552416
d05ccb19-59ec-42fc-9de2-3d9768feec0d,9bf2422a-0e63-4284-a244-9ea92c6a911c,unfinished,2020-02-22 16:46:21.575927,2020-02-22 16:46:21.575927
084b2772-cc48-49bf-a85a-ae9a47ebcf2e,d8408a79-a420-4b16-9b90-6b349e49444a,unfinished,2020-02-22 16:46:21.813779,2020-02-22 16:46:21.813779
db241e1f-99d2-4a4e-b05b-af574465adf2,44f2d3ba-4718-4f23-bd31-466cee6e4bb9,dyslexic,2024-08-07 23:16:41.699748,2024-08-07 23:16:41.699748
1d8d5fcf-3104-46ca-9240-9c841f260556,28bc8904-93a4-45e3-ac7b-6420530d5fb3,unfinished,2020-02-22 16:46:22.162595,2020-02-22 16:46:22.162595
b3cdfe52-6089-49f0-97ac-01edac2d037a,059e8836-36ac-47c3-963b-49c892ac0db4,end only,2020-02-22 16:46:22.228912,2020-02-22 16:46:22.228912
43492f03-3c6c-4120-bb27-c54cc4da8d9b,de24c886-b6eb-4656-9949-c9d9ec670120,unfinished,2020-02-22 16:46:22.378025,2020-02-22 16:46:22.378025
6850bc22-ac42-46f9-9815-face15744fae,74511c3a-e2de-4379-aa8f-bb9c1d4ca104,middle only,2020-02-22 16:46:22.768251,2020-02-22 16:46:22.768251
ecb28fa8-f75c-40a2-afca-b68765228d8d,bf4a92b8-eb46-4ceb-b7c4-515f26e09381,perfume version,2020-02-22 16:46:23.532694,2020-02-22 16:46:23.532694
ca6417b6-50b1-4cd2-b246-8b2beafd4ee3,80193e38-ee7a-41f8-978d-8f8d27426e12,unfinished,2020-02-22 16:46:23.627469,2020-02-22 16:46:23.627469
17c852a6-5d48-4e3d-b1a3-ba9ff69973c9,5b1eab3d-6610-4866-badf-fb411a1a5b3c,unfinished,2020-02-22 16:46:23.746560,2020-02-22 16:46:23.746560
bdb51cd5-30ad-436a-9259-0fddebc640ae,03509b9b-b563-4d94-8bc7-784f062387fb,unfinished,2020-02-22 16:46:24.061516,2020-02-22 16:46:24.061516
9044096d-dcca-4be5-ba57-8395fd26d869,c7b86fd7-96b5-4444-b59a-5590675c3d90,completes 09/20 version,2020-02-22 16:46:24.534264,2020-02-22 16:46:24.534264
77f27d16-cd3d-4746-af13-7fc8ebecf740,48a8380d-5b5d-4fe2-bc3e-3060153abe3e,ending only,2024-08-07 23:03:42.258891,2024-08-07 23:03:42.258891
78f554c6-3136-42f3-9b9d-33b284243ce1,a4aa9d0d-135f-4c6d-829c-b8fa382e2d66,inverted,2020-02-22 16:46:25.839870,2020-02-22 16:46:25.839870
99a665b6-9cd9-408a-af32-a9fcc96985a9,5b79c847-5939-4600-a963-15d3f72ce540,unfinished,2020-02-22 16:46:26.285710,2020-02-22 16:46:26.285710
de3913e2-8ec8-4110-af7f-4ab0581f7904,9dd6b1e9-a568-4111-9eb7-ba461cff9b5a,inverted,2020-02-22 16:46:26.421924,2020-02-22 16:46:26.421924
bdad745d-398f-4d0d-8efb-3593f9861af5,29bcff0e-9ec2-461e-ba3c-90a080b5b061,middle/ending only,2024-08-07 23:03:49.466397,2024-08-07 23:03:49.466397
18d2ec99-257c-4916-97e0-7fda55739a1f,89f507d5-f5b9-4506-9c61-983ce070d27e,unfinished,2020-02-22 16:46:26.730089,2020-02-22 16:46:26.730089
4fd45891-4438-4843-bf02-baea6674b598,678f8518-3765-40bc-8fbd-3f0fa2864165,unfinished,2020-02-22 16:46:26.890460,2020-02-22 16:46:26.890460
a2a4f395-d055-4d2d-9dc8-3029f9bee389,9ac71117-f252-4aa4-a706-fe6b72e4774d,with 'Abraxas' jam,2024-08-07 23:03:57.460220,2024-08-07 23:03:57.460220
4d65be91-6427-4aea-8943-d0b6b7f03422,02cb3633-c310-4cf7-a18f-66ae5e189f87,completes 9/20 version,2020-02-22 16:46:27.298375,2020-02-22 16:46:27.298375
f566a976-f83e-44ae-9bc3-e87180ee654d,86ff7bf1-41f2-4bb0-a338-c6cb0f410d36,unfinished,2020-02-22 16:46:27.930189,2020-02-22 16:46:27.930189
40501cff-f8e6-4f79-b5e7-78cef9109cb5,b3f29f7e-24d6-4008-b3d4-f792c80dcda4,unfinished,2020-02-22 16:46:28.025959,2020-02-22 16:46:28.025959
17782f4d-95c4-47de-9d87-bae6db78c20b,ca95c0a4-2e5c-43b6-a721-0b15de813a34,inverted,2020-02-22 16:46:28.446121,2020-02-22 16:46:28.446121
16c611b7-8195-4f63-888d-9aa427a9978a,0c70d020-6443-4023-a9a1-e4052a4f5a31,middle only ,2020-02-22 16:46:28.706532,2020-02-22 16:46:28.706532
5388afa1-4688-415b-a463-43a1f98a69a9,8bc926c0-121d-44d1-b9e1-c98fab5c4e4a,end only,2020-02-22 16:46:28.855794,2020-02-22 16:46:28.855794
2fc7421b-f7c6-4911-8ad2-b104529bd654,36b323e4-6258-4aaa-b73e-c4c989eeb821,end only,2020-02-22 16:46:29.510152,2020-02-22 16:46:29.510152
dbcc8781-c588-4f9c-b255-32f9c177de82,212c9f28-7af0-475e-b6b1-03f4243f4c9c,unfinished,2020-02-22 16:46:29.816193,2020-02-22 16:46:29.816193
3f324007-9e22-4386-a614-8bb2ea6ec61e,112d7c9d-9b64-40b1-91ce-f159d510ff8f,inverted,2020-02-22 16:46:30.399963,2020-02-22 16:46:30.399963
97b2e5c9-694f-4896-bf3e-14775475e202,2a8834c5-3899-4fac-a31d-79234aae5fb0,inverted,2020-02-22 16:46:30.710786,2020-02-22 16:46:30.710786
0859ec78-6354-4427-898a-848749bfdfe0,8161351a-9ca4-42c9-819b-fe65fe1242d8,unfinished,2020-02-22 16:46:31.885725,2020-02-22 16:46:31.885725
94a19732-4540-45ec-8fab-cee7c5cbb83d,04015595-c8e7-4a53-a376-5260a756e669,inverted (mid>end>beg),2024-08-07 23:04:03.902578,2024-08-07 23:04:03.902578
1180f590-b3df-43ec-aaf2-7d7419439c8e,e1b08815-0f68-40d0-990e-97b10c963b11,with Gabe Mervine and Drew Sayers (The Motet) on horns,2020-02-22 16:46:32.230122,2020-02-22 16:46:32.230122
365200e9-c537-475c-b2c5-1576fe82a65b,d3b5138f-438f-49f9-9366-4477d3375be4,inverted,2020-02-22 16:46:32.321730,2020-02-22 16:46:32.321730
bcfb8b7b-bd59-478d-a0b9-6e6d15aa6ccb,a5b43c27-2a95-47b7-8a9b-829217a6e3f0,unfinished,2020-02-22 16:46:32.495537,2020-02-22 16:46:32.495537
4c0f727b-666e-417d-9589-8332d40e6a26,589adf57-9ae3-4bec-a8d1-c4949bfb762f,ending only,2020-02-22 16:46:32.652633,2020-02-22 16:46:32.652633
adb7be1d-0d96-40d5-8589-278e4c60b67f,6873dc85-6faf-47ad-8f7b-f21531e71422,dyslexic completion of 12/2/17 version,2020-02-22 16:46:33.323771,2020-02-22 16:46:33.323771
af2bd6ef-a2e7-4b55-93e3-d7a4636aa727,a9f0596b-8186-4fe3-acb6-8ea3aae61547,end only,2020-02-22 16:46:33.874150,2020-02-22 16:46:33.874150
e613656f-cbe2-4b19-a9ed-535c8f0a04f4,033f6908-99a1-4d49-9dff-a3307de334d6,LTP 12/30/11 (102 shows),2023-04-20 13:32:33.941975,2023-04-20 13:32:33.941975
3764df73-3508-4673-8748-2abf3c6795f8,9f944eba-b4f7-4126-86ae-632a1849f67f,end only,2020-02-22 16:46:34.443371,2020-02-22 16:46:34.443371
dd655ba1-2e9b-4bc2-a640-3ce31c537ccc,de05bf34-f0b6-481d-ad59-c319be3de1c3,unfinished,2020-02-22 16:46:34.619180,2020-02-22 16:46:34.619180
dcfb9f39-af10-4d48-92b3-5ff56f05af7f,6637aa3b-191a-41fb-a741-0bc1d6c66471,dyslexic ,2020-02-22 16:46:34.721954,2020-02-22 16:46:34.721954
7ed967c3-7db3-4e4d-bd95-a75e3c94a972,09806fd1-36e0-4b95-9df2-6e71a02345b3,dyslexic ,2020-02-22 16:46:35.004681,2020-02-22 16:46:35.004681
c912732d-476f-4004-8c42-e969625d077a,3afafbb1-b590-43c5-9219-03e36f766e71,unfinished,2020-02-22 16:46:35.099520,2020-02-22 16:46:35.099520
6de17ef0-80dd-4095-b6ac-c9f946a1bf03,42637fb3-5ded-4c24-8288-ab8b2f6a1251,inverted,2020-02-22 16:46:35.189061,2020-02-22 16:46:35.189061
ca05eac9-5d9e-4f50-8760-f4df3ace9cd8,3dd7e2b1-93df-401b-aea0-5664870fec66,unfinished,2020-02-22 16:46:35.790695,2020-02-22 16:46:35.790695
5bd56509-2c1f-4b7e-814f-26b8a425166b,ca1cf994-a5be-4779-ad94-69e5ee2e2fb6,ending only,2020-02-22 16:46:35.904149,2020-02-22 16:46:35.904149
c3b0b8ff-1ab4-41eb-9260-88bf4464b669,9fbdfb4b-9112-4924-a6f7-c797c04e95c3,inverted,2020-02-22 16:46:15.419485,2020-02-22 16:46:15.419485
ddf1baec-2ad5-4daf-9849-5b7f127ea492,caab6b03-3be9-4eee-a280-dd971627959c,inverted,2020-02-22 16:46:15.650988,2020-02-22 16:46:15.650988
1b1059c8-e590-4705-a302-322dae718495,838bb2bf-ebf9-45bc-83aa-4c6640f6b23e,unfinished,2020-02-22 16:46:36.231470,2020-02-22 16:46:36.231470
72b10012-bf1c-4eef-8a78-92aab0ba6147,bc49c704-5f41-43ff-ade2-d67a996cdaaf,inverted,2020-02-22 16:46:36.786489,2020-02-22 16:46:36.786489
d42529f8-2b21-427b-b8d8-36740739126b,c8e5b279-2345-4314-bb4f-f5ca3ee29247,unfinished,2024-08-07 23:04:10.520479,2024-08-07 23:04:10.520479
9dfba9ec-ea95-4476-b571-d47a4cb7640f,b72be163-67fa-4b2b-8cf3-962f3d312f6b,unfinished,2024-08-07 23:11:14.220803,2024-08-07 23:11:14.220803
5ffacd9d-4de2-4bd1-837f-cd317476e8b1,c46c2500-2e3e-42ca-b7ea-e92b24314f5c,inverted,2020-02-22 16:46:38.130889,2020-02-22 16:46:38.130889
668c5eb8-05ed-45fe-bd75-5620c2c672cc,2e6a2334-25a7-49ca-b50a-e0d31d544e5d,inverted,2020-02-22 16:46:38.802909,2020-02-22 16:46:38.802909
9a56100f-f96d-4d58-81c2-f66bb9568896,ef6ca3bc-9d92-44d6-878f-cff0161dc82e,ending only,2020-10-24 00:36:40.600568,2020-10-24 00:36:40.600568
f74a84f2-74c2-46e4-8249-40224eb35d10,c9b9c8ec-f790-4e27-a1a9-8e821006e8ef,middle only; continues 12/28 version; unfinished,2020-02-22 16:46:39.432049,2020-02-22 16:46:39.432049
d022f001-c83b-4810-a4ff-d5f2f7c6e81c,36c1d2b6-9f9e-4dc7-9188-4bc2383aea3d,inverted,2020-02-22 16:46:39.862833,2020-02-22 16:46:39.862833
35111a04-dd22-494b-8c28-a4e0cda32a0a,618f7d1d-5b2b-42e6-8bd2-745956e61606,inverted,2020-02-22 16:46:40.300589,2020-02-22 16:46:40.300589
fd432684-aef2-4a78-883f-3e4d08dba36e,0ea1fb60-d782-4dc4-bafa-edb1ebb9a3f9,unfinished,2020-02-22 16:46:40.378587,2020-02-22 16:46:40.378587
46974652-1a3b-4d7c-9f45-cbd070bcfa07,c7b47986-3ce9-49a1-9018-56890ca6b303,inverted,2020-02-22 16:46:40.625795,2020-02-22 16:46:40.625795
971e6a1a-a408-4b45-adff-48bb2dfd3970,3c06daf1-5e6a-44fb-9daf-1aefae108ed5,unfinished,2020-02-22 16:46:41.389999,2020-02-22 16:46:41.389999
f2e0429c-ec88-4310-82dd-9e658b7029ff,7309fe73-ffb9-445f-9799-44870bfc16f1,middle only,2020-02-22 16:46:42.308097,2020-02-22 16:46:42.308097
7359aebc-ab95-404d-aca3-b1e4a58ff45d,87cd0640-d392-4ecb-88f5-77dfa6196206,unfinished,2020-02-22 16:46:42.407774,2020-02-22 16:46:42.407774
a7248c5a-ddf1-4be2-83a4-34e653444365,93169e6d-ab97-456d-8f5d-c234d979d578,inverted,2020-02-22 16:46:43.024187,2020-02-22 16:46:43.024187
e539265c-226b-4581-a017-c8120e2b78dc,547e0322-897b-46f0-8619-9ecbbdd68b5c,unfinished,2024-08-07 23:11:24.070162,2024-08-07 23:11:24.070162
c02d2d20-63a4-4411-9ef8-00a7edb79812,fb2eaea5-7dbd-44f3-bfa5-4605a0f4af39,inverted,2020-02-22 16:46:44.414027,2020-02-22 16:46:44.414027
9dc885e5-051b-447e-add8-e192cc7c5813,bbcc665a-5000-4e8c-a932-581f0495dc7d,unfinished,2020-02-22 16:46:44.702149,2020-02-22 16:46:44.702149
88a00dc4-440f-451d-b7a5-c882ca933d7b,4241ae49-2f95-4776-a350-767e66e7256c,inverted,2020-02-22 16:46:45.020225,2020-02-22 16:46:45.020225
dcbf804d-35ce-4244-b931-045359f47cb1,b46600a5-6edc-4f6d-8028-43156ec615b4,inverted,2020-10-25 23:28:32.720172,2020-10-25 23:28:32.720172
19ad814c-a20b-4c8a-98c5-53eff47da61b,3d6583b5-8d81-43fd-b6dc-026c2f01402c,inverted,2020-02-22 16:46:45.425530,2020-02-22 16:46:45.425530
73e7f80d-37af-4f6b-920a-52478fecb109,69958733-37e9-4bd5-a50f-cd953dddf5a8,inverted,2020-02-22 16:46:46.186113,2020-02-22 16:46:46.186113
6e81ddde-12af-4b19-b6f0-c6fb03955dcf,d70fb49c-f243-4b72-bb9d-3d67b8c50b44,unfinished,2020-02-22 16:46:46.479452,2020-02-22 16:46:46.479452
348b19bc-030a-4eae-a275-830c582dc6b0,ad0bb3a3-b2a0-486d-b576-2f4cc0e798e5,unfinished,2020-10-30 23:40:26.223245,2020-10-30 23:40:26.223245
227f67c2-d279-4f6e-a9d9-b219a7cffe65,8eab6326-36c8-4e3f-8688-8cec34e9353d,unfinished,2020-02-22 16:46:46.917121,2020-02-22 16:46:46.917121
a76a21ab-47f9-4e0c-b8c8-aafd23feb3d9,10ca96a3-5f12-44f8-9f7a-da3748ffbd3a,inverted,2020-02-22 16:46:47.122038,2020-02-22 16:46:47.122038
aec26869-eacc-4960-aea8-40f470524a7c,935b16fe-81f6-4728-a4b4-50e828a0a937,inverted,2020-02-22 16:46:47.310966,2020-02-22 16:46:47.310966
a8323819-b199-4ce3-9ff6-8e5a1dcfd06c,2e71f52d-fc37-400f-9b82-2a2363e89489,unfinished,2020-02-22 16:46:47.538371,2020-02-22 16:46:47.538371
58aa6762-7ee6-46fa-9bf0-0691b235679e,d816f421-f927-4390-995f-11df2099e579,inverted,2020-02-22 16:46:47.911605,2020-02-22 16:46:47.911605
54aa106a-9135-4192-8846-e91adebdd1e4,c62076b3-cb77-4859-a904-120fd681b917,inverted,2020-02-22 16:46:48.047662,2020-02-22 16:46:48.047662
244a4099-bdb6-4b20-86d3-7966cbf33ce8,6fdd9abc-bd94-4428-becc-254da6412476,perfume version,2020-02-22 16:46:48.129896,2020-02-22 16:46:48.129896
1a633bdd-eb0c-46b2-968e-95b98283b4b1,c71b8191-6af8-4d8e-88fa-cdb38197e60e,inverted,2020-02-22 16:46:49.269542,2020-02-22 16:46:49.269542
006c6e47-6ae8-4091-9ee2-ec6af1622bf9,c5556da8-545a-40bb-94a4-287b22fa1686,unfinished ,2021-02-06 22:19:45.280474,2021-02-06 22:19:45.280474
0e855a04-b481-48fb-8621-64e23d7138f3,8094487c-dc89-4245-b63c-0217d0cac316,end only,2020-02-22 16:46:49.698972,2020-02-22 16:46:49.698972
9ac5a512-cd2a-4b49-8690-cdb6f0ec4bcc,e3a8c9aa-27d6-4bdd-82d8-b27b29c4ab49,dub version,2020-02-22 16:46:49.898262,2020-02-22 16:46:49.898262
928a405c-fca0-4e1a-a418-56e816547d9e,ffa540f8-1e9e-4e19-b984-7d35489c22db,end only,2020-02-22 16:46:50.162830,2020-02-22 16:46:50.162830
ae3b35b4-f528-4a20-b8c8-ab77aca38e70,f37c88fa-bd28-4dee-bd79-8d5716a626c2,unfinished,2020-02-22 16:46:51.054317,2020-02-22 16:46:51.054317
662ac37a-5d10-4c95-b1eb-fbb0995e976d,c99f3e6d-a5dd-43f3-8c47-f27b685428f1,LTP 9/10/11 (107 shows),2023-04-20 13:34:06.943453,2023-04-20 13:34:06.943453
80d5c13d-6fa4-40be-9578-951601133dad,17d8958e-4279-46fb-81e4-d7f6f6b1c95a,dyslexic version,2024-08-07 23:11:32.328880,2024-08-07 23:11:32.328880
225462f3-f0b7-4258-9c7d-6f536f732d6e,64958e89-0c99-48f6-b1ea-b083256d89c0,unfinished,2020-02-22 16:46:51.260743,2020-02-22 16:46:51.260743
fedd8e10-f2fd-4efa-a542-83fdd9910433,81b6f18a-6ab3-4225-83b1-c147ae8e3097,unfinished,2024-08-07 23:04:31.259175,2024-08-07 23:04:31.259175
9e5cf5c6-ee9e-4045-9737-529f8c7d56aa,3f29a280-40e9-4e98-8ddb-6c11e77214ec,Perfume version (honky-tonk),2020-02-22 16:46:52.154077,2020-02-22 16:46:52.154077
704acfce-703d-4aa5-8700-017e1d82a2a0,a983c6d8-84e2-4150-baf2-9512bb752ae2,Tractorbeam version,2020-02-22 16:46:52.306116,2020-02-22 16:46:52.306116
37cab9f0-3065-488e-a785-44a56b887b73,1109c8b1-3d07-4839-8f29-e0670054baac,Perfume version,2020-02-22 16:46:52.382101,2020-02-22 16:46:52.382101
970624be-57e5-4ea0-ac66-e98d55bc63d5,c5250140-d2a5-408b-960b-e065106b3354,Perfume version (Beastie Boys),2020-02-22 16:46:52.453285,2020-02-22 16:46:52.453285
3f4f5533-14f1-4ca3-b302-a851bc425caa,84b94ffb-a61a-4038-8aa7-44ccb2d46ae6,Tractorbeam version,2020-02-22 16:46:52.513889,2020-02-22 16:46:52.513889
920520c7-af8a-42be-8a80-8cad701b67b9,be2bbe4d-ab4b-4884-be38-07e79046a6af,unfinished,2024-08-07 23:04:38.324809,2024-08-07 23:04:38.324809
aee70640-d07e-45f7-bed9-143433fcc446,b4b3636b-4a21-4e9f-8199-80680b8fcd87,end only,2020-02-22 16:46:52.772519,2020-02-22 16:46:52.772519
aff65323-b2db-4b5f-85fa-e08744290f01,ecfa3943-8ee1-4bd2-a5ef-7f8dd1a3d8d5,unfinished,2020-02-22 16:46:52.841575,2020-02-22 16:46:52.841575
a8eec032-783b-4190-acd6-b83761293024,726ee8e9-62d9-40b7-879a-5a098f4b2a11,Sammy on bass. With DJ Mauricio on Roland MC-505.,2021-03-10 02:21:43.940979,2021-03-10 02:21:43.940979
6ae9c3d4-949b-4ab4-a5d4-9916bd68eb33,63747b08-57d3-4ba2-81fe-5a4c766606cb,Barber on bass for part of the jam.,2021-03-10 02:26:56.077215,2021-03-10 02:26:56.077215
12011517-f3bf-4996-b5ac-d4717f6f069c,8d981e0c-a489-4656-9dfa-e1547eca21a4,unfinished,2020-02-22 16:46:53.616391,2020-02-22 16:46:53.616391
965291a8-ad67-4533-a537-b23be8439f43,c7074fc3-6f4f-449f-9e06-3c2d342802eb,unfinished,2020-02-22 16:46:53.759817,2020-02-22 16:46:53.759817
e4eb75aa-5087-4267-bb85-5b948547cb95,5bc87086-06b6-4b1c-a875-0a2dbf8d50de,unfinished ,2020-02-22 16:46:54.027730,2020-02-22 16:46:54.027730
b1d8fa6d-8a95-492b-8bd6-c21b444e8a65,0ac29878-5aef-4177-9d63-bea77467ea83,LTP 3/24/05 (169 shows),2023-11-14 05:30:11.130999,2023-11-14 05:30:11.130999
2b9d349b-468d-4d6a-8364-5a64be3c9d78,3a53d72b-1edb-4ebd-9951-395ebe852a67,middle only,2020-02-22 16:46:56.362279,2020-02-22 16:46:56.362279
3ab80b54-baeb-4fcf-82f4-ce4cc7f05102,b63032e2-c550-40e2-844b-8d382b8bc84d,unfinished ,2020-02-22 16:46:56.573909,2020-02-22 16:46:56.573909
f160e6eb-9245-4711-8b2d-738ca349a5f2,886be321-c878-41f8-a8da-776d0fe24cec,LTP 1/13/2011 (96 shows),2023-04-20 13:51:13.813200,2023-04-20 13:51:13.813200
5c37110c-d1c7-4b46-ab2b-aaf8589d74f3,243f47cc-f8e9-412b-8657-50dca793e43e,inverted,2020-02-22 16:46:56.878078,2020-02-22 16:46:56.878078
0e6a660e-68fa-407f-b862-a4bbcdb2593a,f6a3fb8c-aef4-4598-ae02-347d2402ea34,inverted,2020-02-22 16:46:57.094235,2020-02-22 16:46:57.094235
fd327445-5a7f-420c-ae3d-f787b621d8a0,2e93970b-21f3-4dd9-bfb2-a27f70889d9c,inverted,2020-02-22 16:46:57.602835,2020-02-22 16:46:57.602835
af9a9c12-c267-4025-9059-cc7fda2c3f4e,7ed98722-0bd6-4294-a800-b581bf43b0e5,unfinished ,2020-02-22 16:46:58.256295,2020-02-22 16:46:58.256295
440bf19c-734a-470a-a3c9-55dbd9d4060b,18e1d669-5baf-4025-9141-9510fcc93133,ending only,2024-08-07 23:04:46.793945,2024-08-07 23:04:46.793945
e6507d7d-8a54-4e94-b3be-8a45af1d49a7,530a5bae-dd67-4129-b5f3-87829459ef8c,inverted,2020-02-22 16:46:59.148699,2020-02-22 16:46:59.148699
852573a4-ce00-48e2-8b26-1ec9880cba9b,5a823664-86b1-4ad1-8c43-87bf23d4c91d,inverted,2020-02-22 16:46:59.764279,2020-02-22 16:46:59.764279
ecbf2dc3-ef6c-4c5f-a405-0aa0f552602b,f4b3f2b6-2578-4156-b3e0-02a076e8bf43,unfinished ,2020-02-22 16:47:00.054594,2020-02-22 16:47:00.054594
0bf99a8b-7488-4443-9ab9-f6e1694e3324,4973613f-3679-42e9-a989-a63494d895d3,inverted,2020-02-22 16:47:00.148760,2020-02-22 16:47:00.148760
cb6d4e86-a86b-4e1b-9b2d-bf7a8fb5c4b3,b228cbcf-e6da-4187-8376-8422b3c5f20e,inverted,2020-02-22 16:47:01.848714,2020-02-22 16:47:01.848714
9261c430-c31c-441a-9311-c8f229124d3b,b8c7f376-1230-470c-b232-e1d595b8f8b4,unfinished ,2020-02-22 16:47:01.943456,2020-02-22 16:47:01.943456
225cf7e4-2430-4ca4-bf9c-75682ad98c0e,7cb063a3-d1c8-42fc-901a-7341f8f47b79,unfinished ,2020-02-22 16:47:02.082044,2020-02-22 16:47:02.082044
c40a8e55-db5f-49b1-9e1f-25bdcfd6e4f9,49c51c50-3398-4081-bb5a-9308ad8a6980,unfinished ,2020-02-22 16:47:02.423816,2020-02-22 16:47:02.423816
46c9700a-c1bd-4430-a437-ba8053f2cbcf,cb5acb2d-397f-4956-bc74-3e8c5480023a,unfinished ,2020-02-22 16:47:02.666759,2020-02-22 16:47:02.666759
261c28b6-580c-4eb8-8b70-47b9cf2d16c0,9e9d141e-fe9c-4bc4-b879-5a9a59d8e0ce,inverted,2020-02-22 16:47:02.994601,2020-02-22 16:47:02.994601
52956ae5-9183-4c87-a07c-873b0e463266,43b3cae5-791b-47b6-be07-bc9e31957180,unfinished ,2020-02-22 16:47:03.443216,2020-02-22 16:47:03.443216
4eec420b-4def-4074-88d4-e608dabcb310,529f020b-b7fb-4b46-a79b-f6ed6c989448,LTP 9/30/03 (219 shows),2023-11-14 05:32:26.379324,2023-11-14 05:32:26.379324
10e71d9c-5fa2-41ec-af77-3cfd561ef913,d2d6ebe4-b138-46c3-9b29-165b4bee467c,inverted,2020-02-22 16:47:06.784946,2020-02-22 16:47:06.784946
56744675-58a8-49e0-abd7-aa8a737c8efb,c6c33d9f-5807-4283-8811-6ab7be9b8c13,unfinished,2020-02-22 16:47:07.934144,2020-02-22 16:47:07.934144
ca5b0baf-7e49-4729-8fa3-ff40234d7c9b,897bcae1-e155-49dc-828e-8170128664da,inverted,2020-02-22 16:47:08.854265,2020-02-22 16:47:08.854265
3996284f-f936-4083-8df5-f77b76eeb7b6,bca45c01-82cd-463b-8474-3f3de7d8c54c,inverted,2020-02-22 16:47:10.661389,2020-02-22 16:47:10.661389
be47e17b-8df0-4ce1-bffd-18e506571911,21770d42-437d-4927-8367-30ef01d6384c,unfinished,2024-08-07 23:06:14.563932,2024-08-07 23:06:14.563932
e2d51e7f-5d2b-40f7-8e43-66b26a4fc354,a903d097-9adf-4702-b137-6db2f7beed25,inverted,2020-02-22 16:47:13.450461,2020-02-22 16:47:13.450461
6e5801b4-578b-4218-8284-945d863a5b5b,af32b753-083a-4662-9811-96c4d7e4f256,inverted,2020-02-22 16:47:13.690688,2020-02-22 16:47:13.690688
eaf9b341-8d42-4a6b-94fd-9635180b3a91,a5ad16a6-5d9a-4a7b-8b00-3b2fff4c0668,dyslexic ,2020-02-22 16:47:14.862082,2020-02-22 16:47:14.862082
b30121c2-e595-4b03-a9c8-2654df57b181,56bb1414-17e8-427a-be10-3d50c76caf7f,dyslexic ,2020-02-22 16:47:14.954369,2020-02-22 16:47:14.954369
cd9cae88-be77-45c2-8486-414e40740b91,f097c088-6cbc-438e-9e16-4c4dfb9a479e,inverted,2020-02-22 16:47:15.417672,2020-02-22 16:47:15.417672
10eca85d-0029-4b38-be60-d19029114049,131078ae-4c38-4753-838b-df1b65943e5a,inverted,2020-02-22 16:47:16.302005,2020-02-22 16:47:16.302005
95f3f786-5fa1-4c6e-9e97-4afba55b98df,a9b698f7-c9a3-4558-92ba-98c9c3771ee8,unfinished,2024-08-07 23:06:21.162087,2024-08-07 23:06:21.162087
084096b4-108a-4902-9ae6-661e3913dbc8,813c565d-bff0-403a-b318-261d308a2ccc,inverted,2020-02-22 16:47:16.833293,2020-02-22 16:47:16.833293
cca8b552-afa5-4ec3-9a38-87e21cc49af7,210e9835-cf41-424c-bb4b-6025baa94e78,inverted,2020-02-22 16:47:18.210838,2020-02-22 16:47:18.210838
bf3dd95d-8379-4a24-bec0-5eec28fd98e2,b142ad64-c077-47d9-ad1a-235ffe630989,unfinished,2020-02-22 16:47:19.135411,2020-02-22 16:47:19.135411
c59643c6-ea51-47a9-b6ee-c87ef1d6f14a,0c615f7a-1ef4-476c-8a34-91ee579b3cc1,inverted,2020-02-22 16:47:19.401943,2020-02-22 16:47:19.401943
03a02281-32b4-4fd2-82c1-fa881efff12e,733cbd81-287f-4024-8617-78dc5d9d2495,inverted,2020-02-22 16:47:19.571444,2020-02-22 16:47:19.571444
171fa262-96dc-4d30-8a35-a1b33e4d8d46,9df65b41-3fac-499a-84a4-7fb8afb27a31,inverted,2020-02-22 16:47:19.798284,2020-02-22 16:47:19.798284
cfdc6c31-dc61-4422-aa26-a6dd88844135,961fa3a5-81db-4b76-9dbe-43ae794c5156,unfinished,2020-02-22 16:47:20.270094,2020-02-22 16:47:20.270094
adfeacb6-1d1d-4ac1-85d4-a673580b2c53,153f7057-4803-449d-bb91-5054c408535d,unfinished,2020-02-22 16:47:23.355263,2020-02-22 16:47:23.355263
7fae7d35-564a-4133-8c40-6bced2d05fa4,976e43ca-52bb-4367-8b95-f61640a18432,inverted,2020-02-22 16:47:24.654148,2020-02-22 16:47:24.654148
a14eea9d-4611-4aa1-9ed2-ca35dd304435,897f38f1-96e6-48cd-b427-c35be420f951,LTP 8/23/2011 (58 shows),2023-04-20 13:40:54.921838,2023-04-20 13:40:54.921838
671dbc0d-4f30-4755-8187-79ff1f9459fd,38b77580-1b0f-4b46-a835-e3c83c91f979,inverted,2020-02-22 16:47:25.889955,2020-02-22 16:47:25.889955
dc24ed44-bd8a-470a-a164-00934920c481,ddffec8c-10c8-4a72-993e-114d8b01aab1,inverted,2020-02-22 16:47:26.939029,2020-02-22 16:47:26.939029
a4ce9a88-ab52-4160-acd6-21e1db06fa0b,6b48a54b-37bd-4b48-9197-eb10063283a8,unfinished,2020-02-22 16:47:27.515949,2020-02-22 16:47:27.515949
15872c51-26d1-4388-8fa4-feef5f43d388,f847f1ef-2383-483f-a229-04963baa3546,middle/end,2020-02-22 16:47:27.823032,2020-02-22 16:47:27.823032
f7a1d140-734b-4890-8c75-cc65142d8574,3fba2ffa-10cf-4542-a2d2-a49fd2747745,unfinished,2020-02-22 16:47:27.912600,2020-02-22 16:47:27.912600
ba6ad105-bff3-4f92-a5be-7509efb9538c,5da3aa41-7353-4354-a3b3-4a79ffc3497f,completes 11/16 version,2020-02-22 16:47:28.389787,2020-02-22 16:47:28.389787
858796d7-9b63-4a53-8ce7-3ab658855214,221b1de2-21b7-4845-bcdb-f565884a59c4,inverted,2020-02-22 16:47:28.623052,2020-02-22 16:47:28.623052
cb7863e7-e4ef-4181-a8ba-90c53bafd053,31a75e02-3a69-4e1a-bbcd-c496dc1dbb06,FTP (Jimi Hendrix),2023-12-08 14:03:05.881228,2023-12-08 14:03:05.881228
c1903d22-62a2-48e1-830b-631cd5b64a81,2eb7ee66-e1d9-44b8-931e-9d6d928b3c7b,unfinished,2020-02-22 16:47:29.123061,2020-02-22 16:47:29.123061
5e6e49d2-4dbe-4325-95ab-6a7f7c242606,d8563c27-293f-47cd-8887-5e738b957c05,completes 11/16 version,2020-02-22 16:47:29.210673,2020-02-22 16:47:29.210673
27076f37-edfd-48e6-9d2d-5a5b2fe72166,49e5f902-f179-4ed7-ad3f-77241dd9195e,inverted,2020-02-22 16:47:29.846066,2020-02-22 16:47:29.846066
6176f3ea-bece-4641-a009-f40f65ba9dc6,633cbb1a-a0e4-4c64-b52b-2b2b509bfd27,inverted,2020-02-22 16:47:29.930173,2020-02-22 16:47:29.930173
55dfc4c6-9850-46f8-9b6c-6b95e69983b5,2c820533-56cd-45b4-84e0-9d16bb798c9b,"end only, completes 10/28 version. ",2024-01-06 11:25:22.458568,2024-01-06 11:25:22.458568
004dbfbe-9acb-4e8e-bb27-7b27af44dc13,94f645e5-1e57-49e5-97b8-eb20eaeb06df,inverted,2020-02-22 16:47:31.462993,2020-02-22 16:47:31.462993
2c1c0a2f-4fd5-40cf-8271-6d7bb05c7cee,8e6e6e80-d4dc-4f74-aece-ec97f397cce2,dyslexic,2021-02-06 03:36:40.648308,2021-02-06 03:36:40.648308
a8292481-b77f-4d39-abe8-333e5ed7f167,260478d6-bc4a-44a7-a01e-4ab797c1f40d,Barber on bass for part of the jam.,2021-03-10 02:25:22.985031,2021-03-10 02:25:22.985031
def8d724-643c-47a4-93ad-23f93c5e3b8d,05e7020e-f0cb-4ae2-9a2b-db6e3d9b0a45,ending only,2024-08-07 23:06:28.121945,2024-08-07 23:06:28.121945
880f6a98-c0e0-4b0a-a5af-53b913647ecc,759e23a0-f1c6-4c4b-a3e5-cfb358155adb,Completes 11/22 version,2020-02-22 16:47:32.938345,2020-02-22 16:47:32.938345
4eddff02-af72-435e-839b-33bb823088b4,70e97619-0b8b-44fa-85b6-0c59542a9e71,unfinished,2020-02-22 16:47:33.183047,2020-02-22 16:47:33.183047
29511d01-2a74-4544-af4d-15b6211d85de,b7247d1a-6411-4921-8f03-485d5cf17bea,inverted,2024-01-09 13:55:18.204376,2024-01-09 13:55:18.204376
8d00dfbc-3e4c-419b-b7de-fdf958219809,db5a8276-8248-45ee-a44b-b788d3fb934b,unfinished,2020-02-22 16:47:34.026358,2020-02-22 16:47:34.026358
bec95ce1-0c7a-40be-bbb9-f8c3c8e1342c,f2ce7ba5-371b-4de6-a195-1913d30036b3,inverted,2020-02-22 16:47:34.399594,2020-02-22 16:47:34.399594
dcbfc2d2-aa95-4c15-a740-c88159ea3e95,b7247d1a-6411-4921-8f03-485d5cf17bea,with ‘Days Between’ (Grateful Dead) teases,2024-01-09 13:55:18.274873,2024-01-09 13:55:18.274873
21c5f715-827a-43d6-b49b-3a9ec72b7274,d8d4a9e4-83c7-4149-8139-1705fd4be716,unfinished,2024-08-07 23:15:42.009629,2024-08-07 23:15:42.009629
5e4f15ec-7afe-48f3-8a5c-4d503fcaee10,df4e5e75-c722-4081-8ab9-62abce38d541,FTP (tDB Original),2024-01-15 11:49:40.778134,2024-01-15 11:49:40.778134
edb17e93-c88b-43ce-bd04-3bec8f79129b,f41d6c23-f66a-4397-96ce-f2b9cdd9d7f6,inverted,2020-02-22 16:47:35.662617,2020-02-22 16:47:35.662617
d81ea8cc-9311-49a2-9cdf-a6467a14030e,a4b0d791-151e-44d2-b5bb-4d5b81c18293,FTP (Harold Faltermeyer),2024-01-15 11:50:00.503756,2024-01-15 11:50:00.503756
8387a872-565b-45c3-87fc-aee8ccc41bb1,00bfb89d-928e-414b-9eb6-f939aa563a50,unfinished ,2023-06-18 22:49:20.243359,2023-06-18 22:49:20.243359
05930718-167c-4b65-94a6-badc32057986,403b7049-7868-4244-ba8a-82c48616ab2f,inverted,2020-02-22 16:47:36.948877,2020-02-22 16:47:36.948877
fd4c2319-b22d-4464-9051-77a83fc25af7,8ab6644d-f791-48e3-98de-a843b96ad979,unfinished ,2020-02-22 16:47:37.086195,2020-02-22 16:47:37.086195
a2cddb41-a430-4466-ae7b-dae261c791b3,b5d49189-dbce-4c47-91c2-385408815ee1,inverted,2020-02-22 16:47:37.407694,2020-02-22 16:47:37.407694
1ab64129-7021-4f78-9fdc-39bb5dfccf49,ea7b3e15-12d3-48e2-9985-55d8d533d319,unfinished ,2020-02-22 16:47:37.519466,2020-02-22 16:47:37.519466
471063ab-1590-4032-b6d6-0a6617568e52,35d0adf3-ccf0-49f7-8e1a-e91c4614d2f4,inverted,2020-02-22 16:47:38.105671,2020-02-22 16:47:38.105671
2f841ab6-a4d3-42dc-b0aa-25c3f40bcf85,5958ad8c-b1d9-4dca-ae94-66d3472888ef,with 'Catalyst' tease/fakeout,2020-10-24 02:07:09.866871,2020-10-24 02:07:09.866871
63190033-a9eb-4122-9cea-43487ff296d7,cfe65ab9-faa6-4850-9426-10a106b6630c,middle only,2020-02-22 16:47:41.023322,2020-02-22 16:47:41.023322
edf9e188-212a-4cfd-b732-8b784a44e330,5f74e41e-8939-4368-99e1-0cb84d5b8917,inverted,2020-02-22 16:47:41.094562,2020-02-22 16:47:41.094562
e0eecf03-03ee-45c8-8626-ee23526c36ed,5da4bbed-c936-483d-832f-f08c26030948,inverted,2020-02-22 16:47:41.223195,2020-02-22 16:47:41.223195
b9eb96f9-f8e2-4ee3-9505-c2c304b61e64,843cbe2e-5412-47a1-b591-1b7438fae5ce,unfinished,2020-03-14 17:27:24.375548,2020-03-14 17:27:24.375548
36671af6-7815-48ea-a7c9-c03e978d7014,843cbe2e-5412-47a1-b591-1b7438fae5ce,with KJ Sawka on drums,2020-03-14 17:27:24.444023,2020-03-14 17:27:24.444023
aba7b4ca-56cf-4e5c-a7a0-591f9d198c91,e64497f2-d3d0-4660-8687-ccfdf5388945,Perfume version,2020-03-14 17:27:53.694549,2020-03-14 17:27:53.694549
13e4c8d3-f614-4381-8eee-3c458420f2bd,95e5e11e-0218-4543-bfd1-a288d2afb759,completes 7/17 version,2020-03-14 17:28:09.884760,2020-03-14 17:28:09.884760
a2e314a4-daf7-4d7e-ba05-44b3e3e0f0c0,440f33eb-d0bd-4a54-a9f5-5d54530b3378,middle only ,2020-03-14 18:30:50.218931,2020-03-14 18:30:50.218931
705c3f50-1623-44fe-8ce8-26fd139d2893,2829a893-6c60-4fad-a1d0-4675f294b79e,With Jordan Crisman of Cantus on bass.,2021-03-10 02:27:58.599502,2021-03-10 02:27:58.599502
45bed523-8c20-4a03-8984-a7e947b996ae,7c658575-6cde-4233-9fd2-86ef7948c00d,with Tom Hamilton (Brothers Past) on guitar,2020-03-14 22:19:30.715426,2020-03-14 22:19:30.715426
72bd36d1-9574-48fb-b925-d47f11144c08,2829a893-6c60-4fad-a1d0-4675f294b79e,With DJ Mauricio on the Roland MC-505.,2021-03-10 02:27:58.646520,2021-03-10 02:27:58.646520
16278e1c-e4c8-4a75-9a7b-952f63446fd0,57b03899-7760-4e5f-926a-a84e9d3caf6d,with Tom Hamilton (Brothers Past) on guitar,2020-03-14 22:19:51.304990,2020-03-14 22:19:51.304990
1ddc752b-974e-41ac-952c-b1950b19039a,f0d82d49-034c-415b-a943-a5f394cd185b,with Tom Hamilton (Brothers Past) on guitar,2020-03-14 22:20:25.145926,2020-03-14 22:20:25.145926
69a07beb-d47a-4a44-b2e8-c6a7aa4f1c5f,2b2668be-fd7e-4f6d-a8cd-c152b37fbe54,segued out of Dr. Fameus set,2020-03-14 22:23:17.359988,2020-03-14 22:23:17.359988
2b66e416-86a8-4b45-8479-cf94023c3cae,8fe881e0-af53-4937-9c34-1f757cc9a9f4,unfinished,2020-03-19 16:07:12.315702,2020-03-19 16:07:12.315702
a1019f06-7bda-4ac9-a5bb-8f6e88c3fd37,3ff12f35-acf2-44be-aa94-a0bd5927876c,FTP (tDB Original),2024-01-15 11:56:15.253362,2024-01-15 11:56:15.253362
2bdeb745-0d81-43f8-988b-f00ea1e78ba5,4bd75887-8835-464a-95b6-4e2abae9ae51,With 'Hello Skinny' (the Residents) and 'The Wondrous Boatride' (from 'Willy Wonka And The Chocolate Factory') vocal teases. Jim Loughlin from moe. joins in on percussion in the middle of the jam.,2024-01-18 18:31:56.070979,2024-01-18 18:31:56.070979
6f16a12c-c81e-490f-91e7-2d85504f1ab7,4bd75887-8835-464a-95b6-4e2abae9ae51,With Les Claypool of Primus on bass and vocals.,2024-01-18 18:31:56.081836,2024-01-18 18:31:56.081836
d750da4c-f196-4619-a0f9-73dc20c53672,c3a39c65-a102-44df-9299-6dfcba97e83c,with Tom Hamilton (Brothers Past) on guitar,2020-03-14 22:24:07.684364,2020-03-14 22:24:07.684364
d6bdb1d8-92ed-4872-b775-c69f9b1df707,08937441-eece-470e-bc97-651c4365825b,"Before 'Helicopters', the band announces that Marc Brownstein has rejoined the Disco Biscuits.",2021-03-10 02:34:05.362057,2021-03-10 02:34:05.362057
b98eda25-68a1-4afc-b336-4411742d9e09,08937441-eece-470e-bc97-651c4365825b,With Marc Brownstein on bass.,2021-03-10 02:34:05.390177,2021-03-10 02:34:05.390177
c6470b56-a05e-4984-b2ee-5946bfe1fb4b,a6698eb8-e6c2-4d1f-bed3-612f41e07b55,LTP 3/15/08 (311 shows),2023-04-20 13:43:47.502144,2023-04-20 13:43:47.502144
35f61429-ee34-4ae9-a8e1-4c9dc1377a8e,3ac96f80-a5bd-4cdf-9070-6880247f33e9,with Tom Hamilton (Brothers Past) on guitar,2020-03-14 22:28:12.232295,2020-03-14 22:28:12.232295
de76beb3-b453-4bb3-b26c-4b56d6dc7c1e,5fabf1dd-7970-44e8-9bcc-83d757fc16af,reprise,2020-03-14 22:32:54.252175,2020-03-14 22:32:54.252175
be192084-46b8-4821-aab8-e445c087c786,b00efdf4-b47f-4dec-8b2e-ba6b146d46b5,inverted,2020-03-14 22:34:58.395388,2020-03-14 22:34:58.395388
0db17f7b-7965-4d3d-85c4-5a6cfeac55ac,6c177148-4777-48d7-97d0-40f6c2e38610,unfinished,2020-03-14 22:41:45.183405,2020-03-14 22:41:45.183405
9f7210d4-8a22-43c3-9113-4b9cb7f9da81,8175c8c9-6e68-4fdb-83ee-db5e695d3766,with Bonobo replacing Marc on bass,2020-03-14 22:42:41.521935,2020-03-14 22:42:41.521935
392078d5-bbc1-4ee1-a4e2-abc458b3c48a,81e208be-3558-4afd-9473-0afbf3f21b86,with Bonobo replacing Marc on bass,2020-03-14 22:43:28.887990,2020-03-14 22:43:28.887990
6f0a3712-b421-4bad-88e9-6ec07ac4b7b1,5204cce8-f415-4f99-90b1-d96176f9385a,inverted,2020-03-14 22:43:53.379407,2020-03-14 22:43:53.379407
b7474ae8-63da-4f69-a430-d88292ce2b4e,bee31f3c-620d-46c3-a0d8-4fe07dd2580c,dyslexic,2020-03-19 04:45:54.988096,2020-03-19 04:45:54.988096
32bee484-edbc-4b81-a6cb-32c49931606c,2272bc0c-82d1-44fd-8a98-90c4ee8d30fe,unfinished,2020-03-19 04:51:33.355719,2020-03-19 04:51:33.355719
85af9008-9ec8-47d1-93ae-07f28b02cb3e,915a2508-4a10-47e5-adeb-2814f62b0c40,With 'The Very Moon' tease.,2020-03-19 04:51:50.521942,2020-03-19 04:51:50.521942
cba602d0-1c3d-4962-8995-8b5e1057d318,e2675f21-39ac-467a-adc7-9867ee02d55f,completes 4/24 version,2020-03-19 04:53:43.223475,2020-03-19 04:53:43.223475
bc8b77c1-6479-4721-9a5a-8e7c5dc4cca9,e7d9b1e9-a07e-4057-93f6-74edd77bf3ef,ending only,2020-03-19 04:58:17.205755,2020-03-19 04:58:17.205755
b914410e-2a85-4231-833b-a55fc298bcd9,8f64282e-535b-4d36-8cf8-9caebd7906aa,Dyslexic completion of 6/3 version,2020-03-19 05:00:20.232910,2020-03-19 05:00:20.232910
bf9481db-428e-4b25-9df3-96506ed67c51,34e63789-8f73-46f3-bdee-aacb34895f8c,unfinished,2020-03-19 05:03:30.391450,2020-03-19 05:03:30.391450
cbb29727-6206-4898-a234-ebce396ab461,e79fcd96-2e61-4212-abc2-580abfb4749b,unfinished,2020-03-19 05:07:59.096784,2020-03-19 05:07:59.096784
3e4805b8-f6fc-40ca-939c-b50238525ecf,14e92e2a-850c-4a00-bfc6-4c2a78712734,unfinished,2020-03-19 05:09:51.417486,2020-03-19 05:09:51.417486
c5b9396c-1f61-49ab-a283-01cde453679f,4824da5f-7433-4a8d-a1df-3bb98cb34843,Completes 9/17 version.,2020-03-19 05:13:01.518381,2020-03-19 05:13:01.518381
832d6977-88a3-4918-a0a9-de00df2443ae,a757e3ac-2a95-4a39-8d6d-c29a322f8cdf,preceded by 'Basis For A Day' fakeout,2020-03-19 05:15:59.662145,2020-03-19 05:15:59.662145
4a6f5d58-5d37-4b49-8641-18f8081a617c,a757e3ac-2a95-4a39-8d6d-c29a322f8cdf,unfinished,2020-03-19 05:15:59.675864,2020-03-19 05:15:59.675864
08a33900-1258-487a-a9f4-c73adb20fe6a,a1883831-2319-47d5-800f-0869d42f2fc4,unfinished,2020-03-19 05:16:11.062564,2020-03-19 05:16:11.062564
f9e94d2a-a5a0-4d28-a05e-eeb0b78ed79c,01a1ad0b-c00a-4269-a4cc-74ea6007c9da,unfinished,2020-03-19 05:24:23.825058,2020-03-19 05:24:23.825058
dee2af3e-60e4-4f10-be6a-3a991beacdbf,d67dc6af-45dc-4506-9aed-af7e25c7364c,unfinished,2020-03-19 13:16:31.374937,2020-03-19 13:16:31.374937
4c3aeb85-a7ec-4569-9bfd-e59d1e6d7384,857f7933-2a2c-4aa8-83ba-9b8c54ae5176,FTP (Prince),2024-02-29 14:54:31.499056,2024-02-29 14:54:31.499056
a89c79ed-1323-430d-9bcc-1177b6da934e,d8832008-35f1-4580-a1b3-1d0e2e9ea06a,Dyslexic completion of 10/21 version,2020-03-19 13:17:39.003385,2020-03-19 13:17:39.003385
b4ce5ef1-d846-4e51-b2d0-6d331d174127,59fc24e2-a4c2-424f-ac0a-90438fe097e4,middle only,2020-03-19 13:21:58.265140,2020-03-19 13:21:58.265140
52df69a3-e082-4f71-8b85-2988e887fbc8,3d7fa92a-3477-44b2-944c-b806f65d90b3,preceded by 'Basis For A Day' fakeout,2020-03-19 13:23:07.362517,2020-03-19 13:23:07.362517
1e5b1c39-4070-47c2-bde9-9f58a5795882,34eff17e-49b1-4643-8e54-32d93a474fc4,with Spaga end teases,2020-03-19 13:24:22.970949,2020-03-19 13:24:22.970949
ac9e0eba-6dc7-41b3-a4c7-743bc7e743a8,5d4fdd3a-48f2-449e-8177-a0fcfbd02b51,unfinished,2020-03-19 13:25:42.732085,2020-03-19 13:25:42.732085
3f73e466-6bf4-4f69-b6a1-9090de2b42fe,bd5d59e9-c219-4174-b4b8-7091af707c6f,unfinished,2020-03-19 13:25:51.099311,2020-03-19 13:25:51.099311
5e6eb8b1-5a96-448a-af0e-82aa164d9326,4990d0d0-ca1d-4ad0-8a43-8e51212c31ef,unfinished,2020-03-19 13:26:05.436905,2020-03-19 13:26:05.436905
fb5c941a-64d0-49eb-a59c-4325d61843c4,be0a578b-736e-4a19-90e4-4c08e651f0c7,middle only,2020-03-19 13:26:51.603868,2020-03-19 13:26:51.603868
c71d5ac8-ac78-4fd9-a58d-f3a810c51f09,9eba88b6-2f09-4215-9b0b-5ad6f17b6cb9,unfinished,2020-10-18 04:04:34.498734,2020-10-18 04:04:34.498734
ccb5f98b-dcf5-4d07-8fe7-b12408121f6a,d03e5e85-3f10-4cbf-88dd-a215725f90f4,1st time inverted,2023-11-17 07:19:08.634916,2023-11-17 07:19:08.634916
1e156ccc-c9a9-4a50-8093-79caa6f8c4ab,bcd3b931-fb01-4202-a20e-6ac63d8204ea,"ending, no final reprise section",2020-03-19 13:29:39.557715,2020-03-19 13:29:39.557715
f3952613-97a8-4074-8b34-a6690851bc76,c4a93cbd-1f4b-493f-ac35-e997dfd3281b,Ending only,2020-03-19 13:29:54.978258,2020-03-19 13:29:54.978258
c4943117-e69d-4b51-9678-795fd6687727,00b5d371-3a78-47a6-ae54-ccff5882d8e8,With 'Magellan' vocals teases,2020-03-19 13:31:26.647877,2020-03-19 13:31:26.647877
13a31e43-0744-4d4e-b023-e7e859cfd9c2,4e15f964-6747-4091-985a-6345b5afe8a7,Ending only,2020-03-19 13:32:46.901988,2020-03-19 13:32:46.901988
091b3a67-6069-4485-b979-3b29b3065d6f,97616ce0-fc8c-4598-b670-75f638c06ef2,"Completes 10/28 version, preceded by Mulberry's Dream tease",2020-03-19 13:39:04.797526,2020-03-19 13:39:04.797526
e1ac58c1-455d-4e3c-b314-247184590b97,efe96e26-c0cf-454b-ac23-0948a51a1773,unfinished,2020-03-19 13:53:44.946457,2020-03-19 13:53:44.946457
7eb3e081-eace-4f50-8f77-68b5e3f2213a,7973e355-b529-43a9-b164-10ebac054f33,unfinished,2020-03-19 13:56:00.203170,2020-03-19 13:56:00.203170
f607da6d-f969-4066-a0f6-5058c8afd7bf,8093f53b-4b0e-46fe-b280-7c9f25ccf04c,unfinished,2020-03-19 13:57:59.970505,2020-03-19 13:57:59.970505
668d6ec2-f86f-4f38-b3d1-687551a6a41b,405f76c4-073f-4062-938e-be9d50d7c20f,"Dyslexic version (ending first, then beginning).",2020-03-19 13:59:38.701802,2020-03-19 13:59:38.701802
211ee3e3-bcca-4790-93fa-d6a3063c3dc9,c78caac2-dad4-4f07-a09f-2c1aa4f1a417,ending only,2024-08-07 23:10:20.414065,2024-08-07 23:10:20.414065
f4c0da84-77bb-433e-b52d-51b1a848b142,e61091b5-6f19-4f6f-8d67-4c78dab64426,unfinished,2024-08-07 23:10:31.051252,2024-08-07 23:10:31.051252
ac3f002c-c65e-4715-b394-f726d33f245b,065274aa-98b5-4ef2-bedc-b1ebaa238623,completes 3/22/08 version,2024-08-07 23:10:38.543412,2024-08-07 23:10:38.543412
772c3ece-6344-47c2-b63c-ad4f655b410f,d99bdf80-2b22-4923-a295-709ca81406cc,unfinished,2024-08-07 23:14:09.195577,2024-08-07 23:14:09.195577
d8919919-a4e4-478a-86d8-e33f546abecf,3953ae06-a937-4f85-bc71-961ed4755482,unfinished,2020-03-19 14:25:28.200716,2020-03-19 14:25:28.200716
8e2ac790-a513-4e77-944e-86568276fb8f,f6e684ca-5afd-455a-85e8-9163a429a31a,preceded by ‘Basis for a Day’ peak fake-out,2020-03-19 14:26:24.989003,2020-03-19 14:26:24.989003
53deffb3-64da-4bc5-9d64-9b091ea7faed,f6e684ca-5afd-455a-85e8-9163a429a31a,reggae style,2020-03-19 14:26:25.005442,2020-03-19 14:26:25.005442
3e32122d-30d8-4a72-80db-1e0fa5248280,2886e22e-a028-446b-932b-316eeb8136e5,unfinished,2020-03-19 14:26:41.839687,2020-03-19 14:26:41.839687
ea9631ec-d337-4399-aa4d-e77d1ff691ae,436d4f63-9aa6-46db-9650-6a64859a5426,unfinished,2020-03-19 14:28:06.250663,2020-03-19 14:28:06.250663
19a488b8-ded7-4fdd-aed6-0cef65d37df2,436d4f63-9aa6-46db-9650-6a64859a5426,preceded by 'Plan B' peak fake-out,2020-03-19 14:28:06.265693,2020-03-19 14:28:06.265693
6159bbb1-6a30-475b-98da-0d02839c8fc7,546b6ff4-afa9-4216-bca7-5ef773b25585,no intro,2020-03-19 14:36:04.517191,2020-03-19 14:36:04.517191
51bcba75-7a23-43d3-87e4-9b88f39ed610,c8dd60e7-075c-46d6-a242-8d417d6d7eab,unfinished,2020-03-19 15:45:01.639438,2020-03-19 15:45:01.639438
ca5d8e40-c2a4-4419-add1-115c0d01284f,54b79a2e-8168-47b5-9adb-6ac810cb1461,unfinished,2020-03-19 15:49:24.460132,2020-03-19 15:49:24.460132
efa4a25d-3207-450b-be98-7bbd071ab3a6,7da1db0b-f7f2-4f99-9d32-0601a0cb34bb,unfinished,2020-03-19 15:50:01.679021,2020-03-19 15:50:01.679021
f45f1fac-fc62-4ad7-a420-52e28bbe3408,9c6f7b6c-e85a-43a6-86da-cb4340841d23,unfinished,2020-03-19 15:53:06.722909,2020-03-19 15:53:06.722909
b4c47932-a57a-4ae6-ab1d-9b34473d3492,6fbc89a6-f438-42d8-a638-7f2f14454462,unfinished,2020-03-19 15:54:24.664444,2020-03-19 15:54:24.664444
de66cd39-34d0-44d7-ac9b-86ae53bff2af,f9d5f461-f223-48ee-82e5-e0a0a6d825f4,followed by cheese-eating contest,2020-03-19 15:55:28.709581,2020-03-19 15:55:28.709581
f7d0dff3-ef5f-43a0-87c6-a1fffc697f31,aca4f2e5-196b-4282-87a3-1520d1aa2a4a,beginning only,2020-03-19 15:58:07.961867,2020-03-19 15:58:07.961867
a03cb60b-d428-40d6-89a2-d501a80a86ac,db8164bf-82e9-435b-af3a-6154ed8d471b,unfinished,2020-03-19 15:58:35.282713,2020-03-19 15:58:35.282713
e4835c47-dc31-4d7b-8b88-989fc387d736,4194e4b1-9627-4e4e-8822-e21b52bf29b0,ending only,2020-03-19 15:58:44.203568,2020-03-19 15:58:44.203568
f26f0a3e-2fe9-46d4-804b-00240f5141c0,7a3c0e68-8d9c-4dca-bc58-a5f84f4a9a3d,unfinished,2020-03-19 15:59:28.715009,2020-03-19 15:59:28.715009
0d42c43b-c168-4913-b1d2-19cc121791a5,fbc0dc67-314e-4a8f-957e-5944ce0e9358,unfinished,2020-03-19 15:59:53.051750,2020-03-19 15:59:53.051750
5984d351-be2c-46fa-bcb8-54ac957e8e6b,cbb10000-33b3-4bf4-ac83-f5164184ce6e,middle/ending only,2020-03-19 16:00:34.261601,2020-03-19 16:00:34.261601
61bee916-3c94-4b4a-bf48-aed02ef880a7,36fd3356-0c23-45dd-b418-a9e69452cb50,unfinished ,2021-02-07 02:28:38.803364,2021-02-07 02:28:38.803364
42d4a0e9-f2d8-4c71-901c-de793071b216,59322b43-eb37-44eb-9ec2-2cd503849e14,inverted,2020-03-19 16:02:47.817284,2020-03-19 16:02:47.817284
f248b7a8-0366-4464-8a5c-35b5c1e0a583,e859dffe-40a8-4220-ab2e-f4227bb7377c,completes 4/25 version,2020-03-19 16:03:03.140741,2020-03-19 16:03:03.140741
0be16f46-f485-4385-bd28-9782e91378b8,6fd2db18-1f29-4ac6-a77c-cec40c71184d,unfinished,2020-03-19 16:06:29.375279,2020-03-19 16:06:29.375279
1641f86d-5070-4513-99bf-ecb79e5ce9e9,0f9ca234-c5da-45d9-a73a-b9dd15be5fc8,LTP 3/21/10 (164 shows),2023-04-20 13:57:07.778667,2023-04-20 13:57:07.778667
8a359ea8-6d77-4d48-aa9c-7bfd3606ee25,02000adb-0f44-4ea6-a3a7-544c0bcef91b,perfume version,2020-03-19 16:12:47.779124,2020-03-19 16:12:47.779124
8ee864fc-50a1-4afa-b961-f604261ae0ae,bc4596eb-bc80-4eb1-af3d-72fca1d05df1,honkytonk version,2020-03-19 16:13:08.040092,2020-03-19 16:13:08.040092
22057d6c-1c36-4f10-8b07-f01c40eab46b,0f9ca234-c5da-45d9-a73a-b9dd15be5fc8,unfinished,2023-04-20 13:57:07.788140,2023-04-20 13:57:07.788140
ec3f68bd-683e-4681-b530-19b569619f4a,b8dd6985-432f-4383-acc3-f3d96f92fd5f,dub version,2020-03-19 16:13:58.602810,2020-03-19 16:13:58.602810
679da543-b85b-4980-82df-171c6bd1d961,be2120a1-d533-49d9-8e62-dd7ca1aed76f,dub version,2020-03-19 16:14:11.762403,2020-03-19 16:14:11.762403
a0695039-1a46-4e22-a105-13afc849fd74,13d6ae43-4fa9-4914-9d0d-02d6816383ea,spooky carnival version,2020-03-19 16:14:34.056129,2020-03-19 16:14:34.056129
3c46cef7-72dc-4a88-b5bd-6e8cf2b92b0b,2a5e4b70-9730-4118-a48c-67fcde78ad1d,Heavy metal version,2020-03-19 16:16:40.163034,2020-03-19 16:16:40.163034
eee7bd02-4abb-4523-be79-79f6f01270cf,d8cd4d3e-77e6-4b17-b96b-4aec844be940,Jazz version,2020-03-19 16:16:51.076902,2020-03-19 16:16:51.076902
7755e89d-b7fc-4cf2-8404-94e6cc3a0780,7eb49353-8c45-449c-b8ba-8ed2db1a3788,dyslexic version,2024-08-07 23:11:40.675649,2024-08-07 23:11:40.675649
a46c686a-ec4b-4990-8bec-8fb69281e783,d5537acb-d50b-4568-9687-2bcc00cdcc95,unfinished,2020-03-19 16:50:24.684528,2020-03-19 16:50:24.684528
8e5160ce-4442-4d33-90d6-9cd810d1e7f2,fcf28087-b3bd-4de6-9511-ae60931f5ca6,unfinished,2020-03-19 16:52:32.595728,2020-03-19 16:52:32.595728
16b59494-ab88-48f0-afb7-eeb89a7f803f,3a7f6ecb-64d9-4bb1-b756-33ca27c52a1a,unfinished,2020-03-19 16:55:28.393249,2020-03-19 16:55:28.393249
c03484c7-b6b9-488c-acbc-d457d7d554e8,aed5c4b0-1990-4b94-8b27-6e166f5a0f54,unfinished,2020-03-19 16:55:43.664167,2020-03-19 16:55:43.664167
d73b2503-bb5a-4969-96cc-69a38baceb86,e7ff68e9-e61e-4cb5-a8c8-bf557680dd00,LTP 7/25/08 (301 shows),2023-04-20 13:59:04.771263,2023-04-20 13:59:04.771263
6470ec1e-7c2c-4076-a77c-ca4958a315d4,b596b1dc-9e4b-4bbf-9f3b-0b0ceffe6f67,FTP (INXS),2023-04-20 14:00:06.192543,2023-04-20 14:00:06.192543
a81fbb90-aef4-4c2c-b038-e79a35d5ff4f,82119d6b-4e3a-437c-9da0-ea6990f7f010,unfinished,2020-03-19 16:57:10.182155,2020-03-19 16:57:10.182155
95f25a58-87cb-44b1-9ca6-f02535cb4974,2975c255-f25b-4374-a834-64b4ab5c269f,unfinished,2020-03-19 17:09:26.502722,2020-03-19 17:09:26.502722
6f00cc65-14fd-46da-ac24-2a7a24c2d548,48fdafa8-aa9e-42f6-9b80-13f8b6c409c2,unfinished,2020-03-19 17:26:04.193953,2020-03-19 17:26:04.193953
b63da0dd-5989-4929-a254-66fcc434a45a,8e4c7f9d-3d98-4f56-b172-f7ffbc027b33,unfinished,2020-03-19 17:45:55.745464,2020-03-19 17:45:55.745464
1a73126c-53e3-4f04-a8ca-fa12aef7066c,a1f92c30-232c-4e95-9c39-c0ed5f9833a6,unfinished,2020-03-19 17:47:05.208353,2020-03-19 17:47:05.208353
789564e7-928e-48f6-86b0-31826d5aa104,f9d5f461-f223-48ee-82e5-e0a0a6d825f4,inverted,2020-03-19 15:55:28.695522,2020-03-19 15:55:28.695522
0da04f92-9d68-42a9-8506-14bcd6ff1e80,cce653dc-d6b0-42b6-9312-a5eaffc0882e,middle only,2020-03-19 18:37:28.494590,2020-03-19 18:37:28.494590
e40bd04c-c8f6-4052-92d7-0cff4d54d2bb,d85c7bc9-08c1-4451-8adf-488b18154b0e,LTP 7/04/09 (212 shows),2023-04-20 14:06:00.421365,2023-04-20 14:06:00.421365
21418461-3e8b-4b00-ae4c-1fe0c2fde324,20823111-0e2a-43f8-b809-265cd1bac57d,unfinished,2020-03-19 18:49:29.526144,2020-03-19 18:49:29.526144
3495281c-8416-44a4-9977-7059e69f3dee,a6a0b6f2-4e6a-4cf4-bf28-a42ccf5106eb,unfinished,2020-03-19 18:51:09.360111,2020-03-19 18:51:09.360111
4d0c314c-aec6-408a-97f5-a2e0237bb73c,eb920434-93cf-4862-9fd0-a36fa1584688,unfinished,2020-03-19 19:08:07.941477,2020-03-19 19:08:07.941477
61f8c5b1-efbd-4555-9ad7-dfdc1c487de6,823d872c-9226-4573-acff-4ff3f0286c9c,unfinished,2020-03-19 19:08:55.475147,2020-03-19 19:08:55.475147
b370d3c3-26ce-464e-a052-8a67d90f0a3f,449adc82-4ac2-43ce-b5ba-f4752007d94a,perfume version,2020-03-19 19:10:34.159309,2020-03-19 19:10:34.159309
4af45a5a-7c1f-43b2-a68e-c1017b3a1fb6,e4bfb1e9-87cc-4eb1-8fe7-984c2789e8c0,unfinished,2020-03-19 19:11:23.021653,2020-03-19 19:11:23.021653
8f254baa-2c64-4f5d-a0bb-0c01a196b8b4,6a884537-ee1a-4bc8-aa6d-9d9f28948024,unfinished,2020-03-19 19:11:34.878667,2020-03-19 19:11:34.878667
635bde48-ac72-40b7-8bd0-0d567fc4ffa5,e0130d71-ba51-4134-ab9b-c86b8680fc4b,unfinished,2020-03-19 19:11:43.892536,2020-03-19 19:11:43.892536
8349e8bf-9577-4d16-a651-f5489cdbb916,00490744-38c0-423b-9790-93b283e63fbf,unfinished,2020-03-19 19:36:50.389231,2020-03-19 19:36:50.389231
85f71dd7-084a-4bdc-a79c-556409c5f4e1,46f48db9-534d-4ef8-9639-7c4025bbbd3c,with 'O Fortuna' intro,2020-03-19 19:43:07.873566,2020-03-19 19:43:07.873566
859abbae-0e03-440f-a220-9083aff65297,46f48db9-534d-4ef8-9639-7c4025bbbd3c,unfinished,2020-03-19 19:43:07.898203,2020-03-19 19:43:07.898203
09ee8d30-da3e-4634-b768-547253ce04f0,596720cb-b98e-4424-a215-3f1296c66400,unfinished,2020-03-19 19:43:33.734374,2020-03-19 19:43:33.734374
a8902301-efbe-439c-b226-f08835cf2a69,4a0dfd2f-1e7f-4050-b26f-c2d9965ac872,perfume version,2020-03-19 20:01:26.727523,2020-03-19 20:01:26.727523
f9d24414-7712-4656-8a31-2ddc029facce,42e586c6-139a-4d77-954c-46d3e52311c6,completes 10/30 version,2020-03-19 20:02:39.086957,2020-03-19 20:02:39.086957
b6f58c7b-bb01-4613-8b52-b38fcd585be0,71f81d7d-312c-40ea-adf6-910e53b2e05f,unfinished,2020-03-19 20:02:50.605981,2020-03-19 20:02:50.605981
5734bb2d-1e30-467e-ab8e-9a5138cd2b6f,bf893648-97ba-46f0-a166-6a58c08b9eb4,unfinished,2020-03-19 20:40:05.708403,2020-03-19 20:40:05.708403
9254245a-5bab-420f-ba83-4fbe7f661503,e4afed1f-07bb-4bc2-9374-81b5ecdb74bd,with New Years countdown,2020-03-19 20:45:19.924247,2020-03-19 20:45:19.924247
57dd0e77-fe2a-4f85-be2e-64c496d794d0,c2114b88-3129-41a5-b644-97037f390143,segued from Microstar's set,2024-08-07 23:11:52.162953,2024-08-07 23:11:52.162953
e1bf8918-922c-4fa1-928b-0ba19758381d,9ed85aae-8fa6-45b4-84fd-d30ff5e31d46,with ‘The Deal’ tease,2024-08-09 07:05:24.027503,2024-08-09 07:05:24.027503
5bdd58a7-669b-40f1-84f0-d14a822a169c,b8ed5968-0006-4ae3-bda1-3bb3ac840de2,dyslexic (end>begin>middle),2024-08-10 17:37:39.924070,2024-08-10 17:37:39.924070
4312df45-657e-43a2-9253-7cbb219505d7,b8045104-ffda-4790-a180-2a5480b19504,with Dominic Lalli (Big Gigantic) on Saxophone ,2024-08-17 12:55:02.105291,2024-08-17 12:55:02.105291
d5161e86-5e27-4812-bb4c-48361c5a4b36,b8045104-ffda-4790-a180-2a5480b19504,FTP (Pink Floyd),2024-08-17 12:55:02.119746,2024-08-17 12:55:02.119746
47062f18-cd0d-4313-b313-649c41d39758,5dd4216d-c61f-415a-b7c4-19204205f7a5,dyslexic completion of 5/16/07 version,2024-08-27 17:20:08.051474,2024-08-27 17:20:08.051474
a46727b8-ee1c-4e61-9165-bee1129b0c19,dc9cc87c-f58a-45dc-9d3c-c3dbbbe61eb5,Peak only (replaced ‘Crickets’ peak),2024-08-27 17:23:26.650872,2024-08-27 17:23:26.650872
ac8f5b96-78be-4817-bda6-061c48d2ab1f,7382523c-7574-43fd-9dc7-2a0d1a4fbe42,LTP 7/6/23 (84 shows),2024-08-29 03:48:09.161831,2024-08-29 03:48:09.161831
5daa978a-0538-420f-9645-9d75cd1ecaab,785aea87-c5e7-4abf-bff1-168dac6fb9a6,with ‘The Champions’ teases,2024-09-02 19:24:50.719783,2024-09-02 19:24:50.719783
0e62a910-a6b6-47fa-8f61-453343cf95b1,e26dde5e-d72a-47af-b61f-63d39b6321a4,LTP 10/25/23  (59 shows),2024-09-06 02:26:53.914395,2024-09-06 02:26:53.914395
38fd5d12-7ad7-4223-8f08-e8f90a27ab4b,14915adb-3960-4b67-a252-212d095b6f74,inverted ,2024-09-08 08:18:33.684445,2024-09-08 08:18:33.684445
87b6dcbe-c2ce-4f5b-a449-cdf491b7e5ff,a700b662-3893-47f8-9eea-6f13088ed759,inverted,2021-03-10 02:59:31.286126,2021-03-10 02:59:31.286126
40537bde-842c-41c6-b7dd-efc34c5fbba8,4d5b0822-7cff-4560-ba0e-cb17c439443c,inverted,2021-03-10 03:01:35.151648,2021-03-10 03:01:35.151648
50462fd5-bbf4-4694-b52e-91213f562169,14e1106b-e359-426f-a5dc-56eee62d7c4c,middle only,2020-03-19 21:04:10.867724,2020-03-19 21:04:10.867724
154cf4a8-a4e1-44fd-808d-d21f62070d49,b55bd1ae-73b0-4539-8f04-00419f8dc9d2,ending only,2020-03-19 21:04:34.519689,2020-03-19 21:04:34.519689
fa76b6fa-29ef-4aad-8cc0-47217c81cc33,1befaf92-ff2b-4b82-814d-bdefd6b6ff2a,unfinished,2020-03-19 21:08:44.095701,2020-03-19 21:08:44.095701
c6d3a314-108c-4a42-9c5c-bd37f6e5b0ef,a711a83e-d1c7-41b8-96cf-62ee1d770d0a,unfinished,2020-03-19 23:06:57.255934,2020-03-19 23:06:57.255934
1c5584b3-2d25-449b-81d9-da7b7cbd3f35,9c525bbc-128b-41f4-b736-5b85025bb4a7,unfinished,2020-03-19 23:08:13.955859,2020-03-19 23:08:13.955859
cdc58a04-9259-4b8f-8d31-15b76e484f3f,950119f2-4b10-411a-a930-7f67a258fb8a,unfinished,2020-03-19 23:11:20.953967,2020-03-19 23:11:20.953967
3ed784d1-90d8-4917-a640-5374a0db515a,4372b05b-ca9a-4cfe-b93c-1ba22a9b0b8a,dyslexic version,2020-03-19 23:11:39.318234,2020-03-19 23:11:39.318234
0da00d2a-8a4e-4a72-94df-480c15125ce5,e7206784-1288-4656-8f32-212c5327db9f,dyslexic version,2020-03-19 23:11:47.534843,2020-03-19 23:11:47.534843
b658e03c-2991-471f-9982-7049c7e4eb13,60efb740-b0e1-4ad8-80bd-c057a612c12e,unfinished,2020-03-19 23:20:45.027569,2020-03-19 23:20:45.027569
e9db1c94-85c2-4c40-9d8a-f9082292777f,50cdd268-b5f2-4503-96f1-aa4ac21ff48a,unfinished,2020-03-20 00:26:46.746390,2020-03-20 00:26:46.746390
7b5337af-a937-4b81-8b73-1a3806ffab51,73615f46-0be5-4363-b987-d29823f90ae6,unfinished,2020-03-20 00:27:39.548744,2020-03-20 00:27:39.548744
d006dfe5-b347-4f61-8de3-4d69077e5f12,8698a15a-59eb-41c2-8771-82f105ea98c0,perfume version,2020-03-20 00:27:48.405338,2020-03-20 00:27:48.405338
f423bb47-c492-4821-95f2-dd0b1d7c6dbb,12ccf507-2d41-4543-9804-b0ea967bc54f,inverted,2021-03-10 03:05:00.071373,2021-03-10 03:05:00.071373
933c64be-0930-4648-8899-a8485058821b,bcac9a22-218a-4aa8-96ad-79bcb96019aa,unfinished,2020-03-20 00:29:12.664034,2020-03-20 00:29:12.664034
5ae20a86-1c2f-48a4-8e51-bd40ff8289e4,7fd09024-a232-404a-afc5-1f0b1db46ad4,with ‘Let It Grow’ (Grateful Dead) tease,2024-01-09 13:57:06.609760,2024-01-09 13:57:06.609760
2fbb84f4-18a0-4494-86c9-5d695762f405,bcac9a22-218a-4aa8-96ad-79bcb96019aa,with Bill McKay (Leftover Salmon) on keys,2020-03-20 00:29:12.675640,2020-03-20 00:29:12.675640
945318c0-5894-422e-afbf-109ba64a10c0,9c542b18-9819-446f-b0fb-c187ccd119a5,with Bill McKay (Leftover Salmon) on keys,2020-03-20 00:29:18.826874,2020-03-20 00:29:18.826874
b8b50161-21bd-4236-867c-f6d5887ca663,8854a838-8cf1-4373-aafb-021c5ffdab01,beginning only,2020-03-20 00:38:54.423772,2020-03-20 00:38:54.423772
170077ed-d25a-4101-9b6e-b8efc8507a5b,f9bc4b32-4eb3-4ea0-8d24-b973865148dd,unfinished,2020-03-20 01:47:27.111004,2020-03-20 01:47:27.111004
aec0743f-e1ac-4262-9f24-3c0eb42a6a68,36f7c559-4b94-4579-a14e-06e0a1294554,unfinished,2020-03-20 01:49:12.536101,2020-03-20 01:49:12.536101
d0c04aaf-02b8-4c25-9904-9c1173cc4e91,86ad10f2-433e-45ea-b0bd-6029aa543ba0,dyslexic,2020-03-20 01:49:26.926932,2020-03-20 01:49:26.926932
70df313f-5ec9-4018-a505-75b42c245e63,f5fdbce8-0415-42db-ae7d-ff528c3dadb4,dyslexic,2020-03-20 01:51:37.361944,2020-03-20 01:51:37.361944
8673f26c-3b3c-42b5-bbf1-4939cb945d24,8c66b6b8-2087-4b3e-81c8-5c9e566fcf15,unfinished,2020-03-20 01:51:46.548509,2020-03-20 01:51:46.548509
1d08700e-0673-4b6a-9cf7-3a96d6ff123a,1e8a4ed5-18e0-4f50-bd5e-bf084615a9f6,unfinished,2020-03-20 02:08:26.735183,2020-03-20 02:08:26.735183
5182c7c3-db49-4bc6-8279-67e7b38b21a2,a38dda73-ee45-48db-b7b6-63970711af6e,unfinished,2020-03-20 02:08:55.580128,2020-03-20 02:08:55.580128
b4e41d05-eb7e-4f37-abb8-2da27be71baa,1b2ab519-d58d-4edb-800c-ebb5ab2c1c6b,unfinished,2020-03-20 02:10:57.657247,2020-03-20 02:10:57.657247
d5df478d-a492-4a4e-83d0-ca9c139595a0,a2f7c51d-9a01-45e4-830c-32f6015cb342,inverted,2020-03-20 02:11:12.619966,2020-03-20 02:11:12.619966
3cd28c38-2f4b-43ac-8558-2fa6ff9aaa81,9f083673-76fb-4322-a963-3775daf5568f,ending only,2020-03-20 02:14:06.568020,2020-03-20 02:14:06.568020
3486d760-dc77-45a7-b0b5-0ff545f91050,cdbf7196-4244-4445-ba09-3d4f79506c4e,ending only,2020-03-20 02:14:29.566561,2020-03-20 02:14:29.566561
0a64dfd3-55a5-4f5b-b997-3d63667eecc3,6761e7fe-9981-446f-9f0f-c7291d01f17c,end only,2020-03-20 02:17:21.637066,2020-03-20 02:17:21.637066
5f9ad9fd-0d4d-4470-97c3-457e13cf0727,119dfd7e-8f26-46b7-9bd7-a3473b165ca7,inverted,2020-03-19 19:35:48.485403,2020-03-19 19:35:48.485403
4ad20708-9152-4a2f-a307-50a8c68fe149,6dd3f80e-56d6-4f7f-b398-a1a3b629a65f,inverted,2020-03-19 23:11:57.297086,2020-03-19 23:11:57.297086
795f44fc-8bb6-4fa5-8b91-85d23ccc38ba,1387afec-f214-4a7a-9e91-57dbbdd40906,inverted,2020-03-20 02:08:42.322811,2020-03-20 02:08:42.322811
6d63fcb3-ed4e-441b-8800-a4ce58a22732,42d1ef38-8198-4fd4-bc5c-a690b0488b36,dyslexic completion of 7/19 version,2020-03-20 02:18:35.884951,2020-03-20 02:18:35.884951
f827ffc6-7521-4dc4-b157-73207a79e7da,504594c0-f649-4986-93a2-146772c35eea,unfinished,2022-04-09 20:43:02.489318,2022-04-09 20:43:02.489318
f0f3d0f4-1b4b-487b-a7de-a34d1f0c9808,7b9c9167-960c-4a3f-99ce-e0d1ab97e7cf,middle only,2020-03-20 02:20:19.743332,2020-03-20 02:20:19.743332
b562ebf1-9d32-42b1-8faf-d10bbbdf899d,0b5c3699-d5ec-4bfe-bca0-954aece70990,inverted,2020-03-20 02:21:44.712302,2020-03-20 02:21:44.712302
23a2ef80-06fb-4674-993d-b49162ce3d00,6159f1c5-84b5-4034-8b33-09d6067a1834,completes 1/3 version,2020-10-18 23:51:18.517499,2020-10-18 23:51:18.517499
6c6cbfa2-1f71-42eb-9731-80ddab7f4769,a6f6923e-fc3e-4ca2-bf30-437b7dc24ef5,instrumental version,2020-03-20 02:22:32.091510,2020-03-20 02:22:32.091510
559ff27c-4ff5-4b09-b47e-1371778dbfe9,c860566b-803b-4113-9b45-789fc53d7f7f,unfinished,2020-03-20 02:27:30.148742,2020-03-20 02:27:30.148742
b2739155-1801-4efb-b131-fc8ee503fe12,d62b3019-8d33-46f3-b2d9-b8184948bf32,unfinished,2020-03-20 02:28:57.535194,2020-03-20 02:28:57.535194
670219c9-765d-4370-92e9-29ce76fc35a7,5ff4c256-ebc1-418a-a66a-76ff42d1acf5,with Eric Wortham on keys,2020-03-20 04:09:48.660262,2020-03-20 04:09:48.660262
cb8394a0-13a3-4b09-ac74-30e2d2ecf225,ef695a21-5231-40ad-a2b3-138d3721d3ab,unfinished,2020-03-20 04:10:00.053417,2020-03-20 04:10:00.053417
28123f08-f872-4f07-a967-a7cbf3940ec2,432f77b6-670d-4038-9007-39332d4df393,unfinished,2020-03-20 04:10:10.739044,2020-03-20 04:10:10.739044
aad1cd7a-69ea-4c69-8569-40e25a018414,5c7ad62e-14f3-4b46-8816-d30c6f1c15ca,middle section only,2020-03-20 04:10:17.015232,2020-03-20 04:10:17.015232
5723e645-2373-4dc8-87f4-7fd365a38271,39cf4b3f-ea56-4dfd-a72b-701e2479b3dd,ending only,2020-03-20 04:10:23.808186,2020-03-20 04:10:23.808186
d9c9ae50-abde-4dd2-bd43-da3a4174603d,61489ca8-e81f-4bb9-835a-37a959cbe6a2,dyslexic completion of 5/24/08 version,2020-03-20 04:10:31.453735,2020-03-20 04:10:31.453735
ebf41674-8e55-492d-bf2f-7fafa2ff44fd,39d9a1b4-edcc-4c82-8c33-bef87d466946,FTP (Eddy Grant),2023-04-20 14:06:36.953527,2023-04-20 14:06:36.953527
3e745d8f-d838-48d2-b0ad-17a49ff57cc6,22a85cdf-d946-46fc-9696-560afa556421,inverted,2021-03-10 03:33:29.322797,2021-03-10 03:33:29.322797
e011d7ac-200c-403f-85fb-e5d853c04d42,f019cf2b-d0de-4c86-acaf-c495a85568fb,ending only,2020-03-20 04:19:46.164562,2020-03-20 04:19:46.164562
6b9ed772-6b5d-4531-b399-862a985d6f3f,f50c5028-39a9-46ba-8c40-ac76db8234a6,unfinished,2020-03-20 04:21:37.578101,2020-03-20 04:21:37.578101
c11d859c-9b01-4b38-a173-6c294826a790,ba9b04d4-6fe6-4e3b-890f-a300c6d943b8,ending only,2020-03-20 04:28:14.729873,2020-03-20 04:28:14.729873
5c4b86d9-51ca-4198-b1bd-523ca899a6f1,deb81ade-7d72-47be-8a07-752144ec4225,middle section only,2020-03-20 04:28:38.985258,2020-03-20 04:28:38.985258
4be99eb7-5e6d-4870-a471-ca9fc2dfdbda,8f716de0-bf7b-48f6-8249-f8c8c239fec4,unfinished,2020-03-20 04:28:46.595827,2020-03-20 04:28:46.595827
14b1d343-2a47-48e4-8ee4-b8fdce8e3452,53dfbe80-1bfa-4892-81ba-2c7c7d6f7969,unfinished,2024-08-07 23:12:16.902273,2024-08-07 23:12:16.902273
120e3de7-6fcc-4b05-a025-141a15831a4a,9256466b-7543-48bb-a993-3d502115afa3,"middle section only, completes 12/28 version",2020-03-20 04:37:48.532177,2020-03-20 04:37:48.532177
f865dcde-335c-4198-9c5a-7ceecbd13d96,e7a13b96-c7e8-47ad-bfb1-8cd5329874fb, with ‘Sister Judy’s Soul Shack’ teases,2020-03-20 04:38:22.303031,2020-03-20 04:38:22.303031
43d8e2df-1630-467d-a7d8-7e7ce1eee2f8,8e1addbd-e169-4a6e-8663-4109d6c36874,with Basis for a Day fake-out ,2020-03-20 11:58:54.315822,2020-03-20 11:58:54.315822
aee82a25-91ef-4d39-8bde-9e936d059655,138d269f-5614-4da0-bc82-0673298cd1e1,unfinished,2024-08-07 23:12:22.814200,2024-08-07 23:12:22.814200
f59c621f-c837-495e-bd42-3c326822aa94,b269c689-d0f6-4b98-8f7f-04971bfd1ca9,inverted,2020-03-20 13:15:41.361995,2020-03-20 13:15:41.361995
89422a68-444f-48cc-9fba-877ed29aaf46,55ce139a-354e-4069-b958-e3929dd552a5,unfinished,2020-03-20 13:15:59.601134,2020-03-20 13:15:59.601134
f3459562-ea95-4d40-92a7-ed944524f9ff,f70edf3a-ba0a-4fbe-a076-f44a0c741873,unfinished,2020-03-20 13:41:07.472823,2020-03-20 13:41:07.472823
8bd272f4-7953-499d-8df2-0b62a13976f8,30d48ff7-da90-4b14-a2b3-a594be560eeb,middle only,2024-08-07 23:12:29.313116,2024-08-07 23:12:29.313116
116470dc-47c9-4307-8c03-1b51fd1474c4,86b45520-a3bf-4c95-9d19-c5b83b62ffcc,ending only,2024-08-07 23:12:40.910951,2024-08-07 23:12:40.910951
740ca21b-792e-417b-bf18-639c2bf6bc0d,e368d193-ece1-43cd-a3b4-5ba5d6d09d75,inverted,2020-03-20 13:57:13.007817,2020-03-20 13:57:13.007817
5f343389-1355-414f-aff2-86dd7ad778d8,35cbb990-78a9-4047-a805-8f2b171e3da8,unfinished,2020-03-20 13:57:19.580973,2020-03-20 13:57:19.580973
1337cda4-2259-4747-877d-418ab9b1ad47,5c416195-6a77-4e4f-92bf-bb85fbe8fc2e,no middle section,2020-03-20 13:57:54.589298,2020-03-20 13:57:54.589298
9df89346-7352-47cf-96ca-65efa868d8c6,1c3b3620-4cd6-452d-9446-5a95f2fa8229,middle only,2020-03-20 13:59:34.643447,2020-03-20 13:59:34.643447
502c8bad-b660-4955-9dd3-d644f58b019a,567a3a4d-3a91-48c6-bceb-2f3d4c48ef48,"end>beginning, completes 2/26 version",2020-03-20 13:59:59.228141,2020-03-20 13:59:59.228141
4ce7027d-7d55-4244-b3e0-da1fa446d7dc,17d6f8a2-9a7f-4971-b03e-72ae5f750167,unfinished,2020-03-20 14:01:26.053329,2020-03-20 14:01:26.053329
b22af27d-306e-4c90-95e1-9be0904227f5,85d95d8d-a787-4e74-acdf-f1473dd1fd62,completes 2/27 version,2020-03-20 14:03:08.464866,2020-03-20 14:03:08.464866
91cf58d1-13dd-4b46-bb54-04ce37222526,6a2db4f3-84f2-4441-a998-456bfc99d42c,middle/ending only,2020-03-20 14:08:43.002622,2020-03-20 14:08:43.002622
91c9ddf5-1040-4464-b99a-64cf3ff5b676,7b074b38-7cca-42da-8384-5bc71b5bd144,unfinished,2020-03-20 14:09:04.115848,2020-03-20 14:09:04.115848
7ef2d514-de8a-40c9-bf20-84ceace15f0d,548547ab-eb8d-4e01-9535-66b85a00db38,unfinished,2020-03-20 14:09:11.412273,2020-03-20 14:09:11.412273
4fe46103-7a31-4a80-a6f8-55e5ea7daa1d,74c2b0c7-82ea-4c4a-879f-e3f1bb243229,inverted; with ‘Why We Dance’ teases,2024-08-09 18:35:21.368725,2024-08-09 18:35:21.368725
dcbdd376-5275-4f4d-bf2a-7256e30c7e71,ddea53a0-d7a4-45c6-a614-537382179ed3,inverted,2024-08-09 18:35:32.199497,2024-08-09 18:35:32.199497
87decbcf-675a-4c8f-8669-d301c2d2b701,d949a496-892f-4eed-9a8c-9692a3fa32d8,unfinished,2020-03-20 14:20:21.540316,2020-03-20 14:20:21.540316
35c27c07-1e80-427c-8bc2-382ee63fc146,d949a496-892f-4eed-9a8c-9692a3fa32d8,with ‘7 Nation Army’ (White Stripes) tease,2020-03-20 14:20:21.557748,2020-03-20 14:20:21.557748
248e9eab-7a02-4812-9a2c-36a4558e7c63,bbb956d9-627f-4740-a704-b7d967a8f039,unfinished,2020-03-20 14:21:06.064302,2020-03-20 14:21:06.064302
e49a3be6-3cb4-4feb-ac1e-66752cd4e57b,47a0cd84-e6d7-4f9e-bf15-0cdb1036bcaf,"with Eli Winderman (Dopapod, Octave Cat) on keys ",2024-03-10 05:07:36.349222,2024-03-10 05:07:36.349222
f50a0685-f151-4af5-b245-28f0487b1201,f80dc355-a46d-4409-9c94-9007acdf3a40,1st time inverted,2024-03-31 04:02:59.770461,2024-03-31 04:02:59.770461
21a60ddb-459c-4625-8ee8-be34a0cc3d06,d4bd6fa4-779c-4cda-a081-c999f19b7db2,unfinished,2024-04-05 18:02:33.860359,2024-04-05 18:02:33.860359
382bf8be-de68-46a7-900d-1a713b9e5084,fb47785e-488a-49c2-9c8d-df4622fb9e32,inverted,2020-03-20 14:21:21.190462,2020-03-20 14:21:21.190462
68055112-8bf6-4f9c-a795-e8b849158360,d967ab70-54ec-4c3d-a7ce-c3e83d6575eb,unfinished,2020-03-20 15:13:01.502260,2020-03-20 15:13:01.502260
75e8c430-9fc6-4e45-a7f4-b1ef06718f9e,00e00f37-70ac-4f67-9d76-390eb951a8bc,completes 4/2/08 version,2024-08-07 23:14:16.729172,2024-08-07 23:14:16.729172
b46e3716-7310-4577-ac09-b052d741f7b7,f17deb78-b67e-4bef-880e-2dfe66a32303,no middle section,2020-03-20 15:17:33.969522,2020-03-20 15:17:33.969522
a843b8b7-3513-4ffc-a0f9-c0c9ed454cad,24634149-8508-4c71-8bae-037394ba94eb,inverted,2020-03-20 04:19:55.122895,2020-03-20 04:19:55.122895
bbfaf548-abee-4bb9-986e-e6721cf14791,bcbb34a4-c2c4-483a-ae29-6fe3f146bed7,LTP 12/31/98 (1011 shows),2023-04-20 14:14:39.688172,2023-04-20 14:14:39.688172
c52a3fd0-7d7f-405d-ae01-a1273eb93207,d435e2ed-dd36-4701-bdc3-1bcee35b6114,unfinished,2020-03-20 15:20:28.846051,2020-03-20 15:20:28.846051
b4503ac3-7fcd-4990-a349-ef222907ec7a,fddb2414-21d5-4ca0-9bc1-749491916a5a,unfinished,2020-10-18 23:59:37.753907,2020-10-18 23:59:37.753907
a24d82c1-8143-4e9a-a61a-759471a55d25,2405edb3-590a-4448-bcb0-8238a7e89a93,unfinished,2020-03-20 15:25:06.728893,2020-03-20 15:25:06.728893
63c96ded-8496-4582-8d2b-93bd05514a9f,71778951-161b-4ff7-a0de-7572c87fdbbd,inverted,2021-03-10 02:57:12.560737,2021-03-10 02:57:12.560737
d1f0fa08-aa4e-479e-aa1b-99f9245bb023,508e3d0f-b569-41df-a60d-c80d91b0e350,FTP (tDB original),2024-02-29 14:58:27.999034,2024-02-29 14:58:27.999034
4b84b4f7-9db1-4eeb-a1a9-4368e4859ca4,a44fc806-8d9e-41c7-80ba-34c0f9ab7580,unfinished,2020-03-20 15:34:52.748582,2020-03-20 15:34:52.748582
a62aeaf4-940a-4d5f-ae1e-68b8f64ed237,c3052cbc-8969-4a44-ac63-b749d82b779f,unfinished,2020-03-20 15:35:16.964657,2020-03-20 15:35:16.964657
062fa28b-a837-4fa0-8724-713e7f825e96,a7fc6ff6-5948-405b-ac5b-a401cb20458c,unfinished,2020-03-20 15:37:59.957837,2020-03-20 15:37:59.957837
bdc40b21-ee63-4fae-a6f6-61603ff3df90,92671c80-1901-4d95-b5c8-b31886d9b64f,inverted,2021-03-10 03:28:49.226550,2021-03-10 03:28:49.226550
5d7ece1c-2fa4-4503-be65-c03b0490eb6f,e300ce75-6a04-44d3-ab57-9a5bd365f7ee,middle/end only,2020-03-20 15:49:00.145602,2020-03-20 15:49:00.145602
63b2b64d-6429-401f-b15c-fe2fe528820f,062d8d84-5e8a-4e03-8b50-251538b57fc2,completes 9/23 version,2020-03-20 15:54:58.719346,2020-03-20 15:54:58.719346
6379ff4e-d2cf-43b1-8a77-f1716cc8da51,38b66519-a477-4354-81fd-09638e5adc6e,FTP (Led Zeppelin),2024-02-29 14:59:22.863176,2024-02-29 14:59:22.863176
8c159b54-4a99-4eda-b220-047ad52721d4,deb4d7c2-8da0-495e-aa48-c86c1756931f,unfinished,2020-03-20 16:00:31.297726,2020-03-20 16:00:31.297726
8caebcb1-e5b1-4671-bb07-eb628159d08a,bea3f903-4c6b-4803-bcbb-3bc9b486c72d,unfinished,2020-03-20 16:00:52.440886,2020-03-20 16:00:52.440886
156bffa1-a865-4b92-8826-b7facca14437,0a849598-962f-41bc-b2c9-da4a83cc0a36,completes 9/26 version,2020-03-20 16:01:16.108699,2020-03-20 16:01:16.108699
c64f2dab-78e9-4a41-8a96-248ee1fc1e9f,8559c863-8cfe-4938-ae6e-68cb1929de82,dyslexic completion of 9/26,2020-03-20 16:01:29.042930,2020-03-20 16:01:29.042930
ce568358-0c37-4e03-b2ba-69755001518a,a577d794-3e90-4282-af9f-c8a4a448a25d,unfinished,2020-03-20 16:02:41.619332,2020-03-20 16:02:41.619332
c775984c-785e-48ab-a00a-ce05b1b763c6,384bd9fe-e32a-4888-838e-a7387480ff25,preceded by ‘Save the Robots’ end teases,2020-03-20 16:03:07.829086,2020-03-20 16:03:07.829086
6d9b13b9-498d-4a15-bc8b-247de2ac2a4c,002f436e-b6b1-48b6-a227-d497866ea145,unfinished,2020-03-20 16:03:45.434509,2020-03-20 16:03:45.434509
7aa56828-f8cd-49fe-9cad-b9d7ed1453d0,592736cb-f75a-49d3-b758-179c99aafd87,unfinished,2020-03-20 16:04:26.857779,2020-03-20 16:04:26.857779
ebdc0bbd-868f-4caa-a9c1-d2d71eb4d660,7e610d71-1471-498f-8a90-5fd0238bf0c2,middle only,2020-03-20 16:05:18.981332,2020-03-20 16:05:18.981332
2f531edb-88f9-4486-b913-e524a32f8429,d577538d-c14b-40c8-88f2-ef74b59d238b, completes 11/18 version,2020-03-20 16:06:06.021257,2020-03-20 16:06:06.021257
5b7a7da0-4e0c-4477-876d-8ddc57f8dc6f,81583f18-173c-4a0a-81e2-662b0426d3ab,1st verse and chorus,2020-03-20 16:14:18.171502,2020-03-20 16:14:18.171502
844f4f9b-78c3-4b68-b6b1-69163fa4b877,7afd18df-dae3-440f-836d-2c30cba7b9f6,2nd verse and chorus,2020-03-20 16:14:29.467360,2020-03-20 16:14:29.467360
e281b483-28f5-49a9-bb09-a7b3fc7e5076,b09018a7-9443-46e3-b119-9c0e6143fd16,end only (middle not played),2020-03-20 16:15:24.334344,2020-03-20 16:15:24.334344
7a1ad6ae-cb98-4b0f-93db-e6d73c3af2c9,5c3212c8-0684-4b49-b1f3-8c8803cebffb,unfinished,2020-03-20 16:16:41.171743,2020-03-20 16:16:41.171743
bd88f307-0b16-47b0-a589-ebd24d4a91ec,55f3b761-250b-48fb-bf7a-135a3681106e,end only,2020-03-20 16:17:54.373835,2020-03-20 16:17:54.373835
1c20ae83-a5f6-44f1-b53f-7bb8593d3411,3ceefb0e-1956-4554-ab25-a2038cc01b7b,unfinished,2020-03-20 16:21:06.962018,2020-03-20 16:21:06.962018
c99a722f-17fd-4289-a796-33cdf82183a4,f83b8e4b-fcf0-4fd8-bd8e-ff0603a80de4,unfinished,2020-03-20 16:21:29.918056,2020-03-20 16:21:29.918056
1b0c695a-a00d-4b6d-89e2-cee30457e44e,5c17ec93-64f3-4e19-8257-6d895f92ad75,no middle section,2020-03-20 16:28:55.058164,2020-03-20 16:28:55.058164
24da9321-07d5-4896-8552-f10c13103942,6356f99c-dfe7-4cf8-bd9d-3c10fa12e362,Perfume Version (Devo style),2020-03-20 16:34:08.924819,2020-03-20 16:34:08.924819
18ddb712-ab57-4eaf-8ce1-eeb32a84d742,0ee74d77-b4ec-4269-a550-deca1192a2fb,Perfume Version (Devo style),2020-03-20 16:34:32.020352,2020-03-20 16:34:32.020352
7595f23b-e372-4cfa-a0a8-30f65e5e2123,4ff251fc-d900-4623-9706-5f27f28d82f0,reprise,2020-03-20 16:34:44.490619,2020-03-20 16:34:44.490619
eaec0008-a815-484c-9d64-d16d5774741b,ffc33fa0-7fc2-4001-8e89-a2427ab0cd44,unfinished,2020-03-20 16:36:10.607256,2020-03-20 16:36:10.607256
e048415b-270c-4d26-ab30-f3fc838c26a5,c65c4a77-41ba-4591-b4fb-5eb884a80dd2,middle only,2020-03-20 16:36:19.904428,2020-03-20 16:36:19.904428
ae3344df-8ec6-4b03-a443-e17ddddfa80f,d42696be-79b3-4ced-a4c1-1f8de08adb05,unfinished,2020-03-20 16:38:04.538521,2020-03-20 16:38:04.538521
546842eb-16fe-41b1-adaf-83adfe13c6ac,22b97ce7-4251-49b6-9e4f-5bb49d181645,unfinished,2020-03-20 16:39:04.323260,2020-03-20 16:39:04.323260
366ca987-e54d-49da-9f56-14c0da278653,ac516239-69af-4ef7-a808-9887f8fd64b1,inverted,2020-03-20 16:39:14.452120,2020-03-20 16:39:14.452120
52a50d90-605f-4b71-8261-1c7c93b1396d,34e34e64-0775-4434-9f11-e676fb609962,middle only,2020-03-20 16:40:08.797708,2020-03-20 16:40:08.797708
0890776f-aded-4986-bf73-fa2beca0201d,13cbeb56-299f-4f0f-a8b7-487e6dfcbc1c,middle only,2020-03-20 16:40:35.402322,2020-03-20 16:40:35.402322
45dfbf32-c85a-43bf-8ac6-9db4dd4e6f77,0e7c642a-636f-4cb3-9dd6-cae810594eac,inverted,2020-03-20 16:40:54.875583,2020-03-20 16:40:54.875583
c3617389-35df-4397-a651-771bb3a91279,15a79f6c-4efb-4bf7-b388-01a8c8a92150,unfinished,2020-03-20 16:43:06.588641,2020-03-20 16:43:06.588641
f0ed50ff-cd5f-4d8d-b866-a6060aa63be8,b2af5c54-9dc3-4c8c-8c09-64434c7ef573,inverted,2020-03-20 16:45:10.599116,2020-03-20 16:45:10.599116
1ab1abbc-32fd-4a1c-9bb7-1aa57b37e736,f0fb55f4-7407-405b-b052-4443afb0d01f,unfinished,2020-03-20 16:47:43.136965,2020-03-20 16:47:43.136965
a261eb44-945d-4ca5-a762-67769cd81687,d100ea0f-04c7-48ad-b8e1-008b6520b843,ending only,2020-03-20 16:48:11.127168,2020-03-20 16:48:11.127168
07a178e1-eae1-42f9-812e-384838954b5b,8dcae498-b16b-4711-a7ca-b7b2d81aeb10,unfinished,2020-03-20 16:50:27.176347,2020-03-20 16:50:27.176347
e98a4a93-26d9-4972-82a0-de63d51b673d,4afd6664-8436-4ace-b96c-7525f752f0e3,unfinished,2020-03-20 16:51:25.465534,2020-03-20 16:51:25.465534
159055ec-43cb-463e-81b0-9eb5eb78b877,e1b5aef4-eadf-43e8-82c2-222505d5c586,intro only,2020-03-20 16:53:37.001961,2020-03-20 16:53:37.001961
5382b62a-8258-45a4-8416-e0995e81a6e1,14ed6cef-d4aa-45a9-a319-32b70c917d2e,middle only,2020-03-20 16:54:59.890912,2020-03-20 16:54:59.890912
342dbce2-de7d-4ec7-8417-970ea567989c,fd9b1144-7ed9-4205-b434-690586a91fb3,ending only,2020-03-20 16:55:13.484597,2020-03-20 16:55:13.484597
87db9e79-d3ea-4499-81b7-564dc63d771b,ed517612-0c10-4e83-95b7-d7f7eda3f4c1,inverted,2020-03-20 16:57:00.834653,2020-03-20 16:57:00.834653
1363923a-d790-45bd-8de3-e207f1b0f2ce,8f7dfffc-c0f6-4221-b11e-dee9cead42be,unfinished,2020-03-20 16:57:20.796360,2020-03-20 16:57:20.796360
3e58d381-f936-4375-af28-10ad413db63d,c59fc63d-61d1-4f3c-9df7-cc5b75d78711,inverted,2020-03-20 16:59:23.914227,2020-03-20 16:59:23.914227
5e8a1e1a-d7ce-4b43-a563-edd9599171ac,8e6080eb-7397-4fb0-bc45-457e4e104fa3,with ‘Voices Insane’ ending fake-out,2020-03-20 16:59:41.780241,2020-03-20 16:59:41.780241
aaf8fe0e-0399-4d9f-9337-078e2fa4941a,cf2d72c3-6923-4d54-89bf-084d75ebaff3,unfinished,2020-03-20 16:59:53.052662,2020-03-20 16:59:53.052662
cd4e8fc1-8bc2-4b27-8106-a4bab6875a1b,8ab822b9-a475-48b6-a645-23cafb95f576,ending only,2020-03-20 17:00:53.256348,2020-03-20 17:00:53.256348
f5f749ee-2713-4252-a5df-db22d0e598c5,155967ac-3016-4645-b18b-b40909d77d41,unfinished,2020-03-20 17:01:02.424956,2020-03-20 17:01:02.424956
a8acde28-68ee-4ed3-946c-fefd87ae23da,12220d63-da0a-4559-abbd-e8a768a1b6a9,unfinished,2020-03-20 17:05:10.518472,2020-03-20 17:05:10.518472
e3b2a773-7e81-49af-a613-7ef5ba8311d6,bdb11a1f-5637-453d-8729-9a5bfe628611,inverted,2020-03-20 17:07:49.877388,2020-03-20 17:07:49.877388
ddebdeb6-28c6-4987-a62d-cfb59b859d99,a666fc7b-7d48-4543-ad00-10cbc3c91c13,FTP (tDB original),2024-02-29 15:02:19.356990,2024-02-29 15:02:19.356990
18978bea-72e9-4a6c-b4b6-4e1152d999d4,5f07d71b-0f14-4818-8322-10ef404e8672,consisted of Spacebirdmatingcall > Crystal Ball > Story of The World > Shimmy > Little Betty Boop > Reactor > Munchkin Invasion > Jigsaw Earth > Basis For A Day,2020-03-20 17:09:33.298551,2020-03-20 17:09:33.298551
7e51e204-5ca4-4fd2-a920-5d3a45760f30,03a2c856-0f08-44d7-b372-c7ee64e5b594,with 'Aquatic Ape' fakeout,2024-08-07 23:14:30.523304,2024-08-07 23:14:30.523304
006ed436-b1b3-417f-892d-acd9840e4ff8,03a2c856-0f08-44d7-b372-c7ee64e5b594,with 'Gamma Goblins' (Hallucinogen) tease,2024-08-07 23:14:30.543126,2024-08-07 23:14:30.543126
014059d4-3baa-4d4d-94af-b9b9d3b901cf,d738c7c1-835a-4cbb-bcdd-4a81eb85fe18,unfinished,2020-03-29 18:14:11.685573,2020-03-29 18:14:11.685573
1aadf144-3117-41de-8f9c-266ea4dd25ce,0bf35b2f-05e4-468a-a764-29815aa5a0e5,dyslexic completion of 12/28 version,2020-03-20 17:10:16.608832,2020-03-20 17:10:16.608832
f8a85dc5-0686-49e0-a3ae-5d11135cc7e0,7b9ac5ec-103f-4541-b211-d5c7995748f0,unfinished,2020-03-20 17:11:17.523269,2020-03-20 17:11:17.523269
4718a1ee-4b63-4df2-8e32-7e580edf26bc,f4ecbe29-fbcd-4b83-86c0-277ab454ff31,dub version,2020-03-20 17:11:37.904307,2020-03-20 17:11:37.904307
83740f55-f48d-4b3c-92d8-bf2201b17529,f4ecbe29-fbcd-4b83-86c0-277ab454ff31,unfinished,2020-03-20 17:11:37.918574,2020-03-20 17:11:37.918574
d8c8ecd4-2af5-4876-80e8-4da35e3cec6f,15f15a64-94e5-4f5a-b3e8-6eefe803c18d,unfinished,2020-03-20 17:15:31.035202,2020-03-20 17:15:31.035202
fd22b779-8278-453a-8bd3-d621cf523498,28eccf30-024e-43ec-aea2-59d54fe35624,unfinished,2020-03-20 17:19:47.277482,2020-03-20 17:19:47.277482
308aad22-fa57-443b-9fe1-80222f390af7,b5906961-bba1-40cf-8950-d6ac5a92521e,unfinished,2020-03-20 17:20:22.448345,2020-03-20 17:20:22.448345
45688be3-daf6-46cf-b018-d4b92352e1d1,411be551-dd21-43fc-8f56-ebb8a7061e25,no intro,2020-03-20 17:22:36.800904,2020-03-20 17:22:36.800904
f36f96e6-1d4c-4be1-bff7-00f7a75266da,93171aae-b544-4380-8bf5-539e57bc338d,unfinished,2020-03-20 17:22:49.181781,2020-03-20 17:22:49.181781
4fa19911-c857-4ad7-80f0-c7fdf364ab6e,cbe97ea9-1fd1-4222-aa9a-f48bc3c4a53b,unfinished,2020-03-20 17:23:43.732437,2020-03-20 17:23:43.732437
f4e482a4-2653-4b4e-8fc5-bb64e4a64cb9,e0cc8716-28e9-4812-b5cf-0c22e823882b,unfinished,2020-03-20 17:23:51.217027,2020-03-20 17:23:51.217027
266ed976-eaec-4f5c-9323-36ae58d11829,b43764fc-1190-4dcc-83ef-fe32c14d385a,unfinished,2020-03-20 17:24:01.973466,2020-03-20 17:24:01.973466
a5750d1d-3174-47ff-b09e-e8fa2b55fdb2,64463f30-9cd9-4782-9982-dc1a8b2ea18d,unfinished,2020-03-20 17:24:57.651680,2020-03-20 17:24:57.651680
ba2301d0-a714-4201-9701-cd4ae0df7d86,2acdd597-d755-41e7-adf1-e78eede0f453,unfinished,2020-03-20 17:25:11.705649,2020-03-20 17:25:11.705649
5e74a9e4-729f-4584-a547-15a246d30fa4,2acdd597-d755-41e7-adf1-e78eede0f453,dub version,2020-03-20 17:25:11.722889,2020-03-20 17:25:11.722889
264769f3-bff8-4101-b158-5dc6ed10bd08,e201c8af-13fd-4e9b-839e-fce4c32f3a41,unfinished,2020-03-20 17:25:19.551397,2020-03-20 17:25:19.551397
26697512-0510-49b2-9390-76ee55640c8a,7f55fc86-0476-4b14-b251-b15c14a967f3,LTP 4/30/1999 (950 shows),2023-04-20 14:19:56.200093,2023-04-20 14:19:56.200093
3255aaf2-700c-4c11-957a-3b16d6fb805f,f7665842-98e7-4dd9-83ee-c5cde4dfec94,unfinished,2020-03-21 18:23:54.122895,2020-03-21 18:23:54.122895
1c39f398-59a7-408b-82f7-9a1b79a7cb58,7f55fc86-0476-4b14-b251-b15c14a967f3,instrumental version ,2023-04-20 14:19:56.209506,2023-04-20 14:19:56.209506
f7ed1adc-8dde-4ee8-9cde-793addabf1f8,7f0664d8-473c-4cdc-87fa-0b4e7770488b,dyslexic completion of 2/20 version,2020-03-21 18:28:04.779985,2020-03-21 18:28:04.779985
8d8f3a28-2829-41b6-ab05-15d98d7cda29,9abfe2d4-988c-4115-82c2-a6940079ee90,preceded by ‘The Great Abyss’ ending fake-out,2020-03-21 18:28:27.811809,2020-03-21 18:28:27.811809
407cb7fd-35b9-4ab6-b119-5b12e66212b0,9abfe2d4-988c-4115-82c2-a6940079ee90,inverted,2020-03-21 18:28:27.832540,2020-03-21 18:28:27.832540
084e9afb-c730-4f89-bdec-16b2ce2b28c6,a411a98f-2722-4fcf-91cd-ae813b553308,"ending only, completes 2/20 and 2/21 versions",2020-03-21 18:29:04.518941,2020-03-21 18:29:04.518941
08db1773-944f-4587-8443-5e5be9c8ae85,55c11297-d80c-4564-bfa7-be824b54fbed,unfinished,2022-04-09 21:37:41.809965,2022-04-09 21:37:41.809965
ba8669db-ca40-44aa-ac59-a2838ab657e5,a0467344-5d23-40b4-ae77-0612c513df47,unfinished,2020-03-21 18:29:51.589515,2020-03-21 18:29:51.589515
f6e7d4c5-99ff-426d-ad6c-0767a3e29cb8,88c25f35-ec8c-4817-a11e-b72610fad2ab,unfinished,2020-03-21 18:30:32.499578,2020-03-21 18:30:32.499578
88697e5d-3c88-4805-b88b-a7d8d9e090ab,d27df4d7-5aed-4e23-b6ad-be3153e0c115,perfume version,2020-03-21 18:31:40.967526,2020-03-21 18:31:40.967526
73b59886-95dd-4738-b4b5-2c39a409001e,d27df4d7-5aed-4e23-b6ad-be3153e0c115,unfinished,2020-03-21 18:31:40.997089,2020-03-21 18:31:40.997089
22b6137b-885b-4042-8c83-83c1e7876a8e,1896d33a-7c2c-4529-a497-484b634212e4,unfinished,2020-03-21 18:34:14.371747,2020-03-21 18:34:14.371747
e64c14cc-b38e-4695-b2d8-2f7323a708bc,95a0d0c0-5f79-4dac-8f8e-e5d14bff74fd,unfinished,2020-03-21 18:34:49.193187,2020-03-21 18:34:49.193187
52a38c95-ce52-4f50-b11c-aecf26c1660c,9d1c8207-b368-49cd-8884-2216b761a855,unfinished,2020-03-21 18:37:38.700635,2020-03-21 18:37:38.700635
e1063908-b19d-4e69-b7c8-0d423cbce541,3ff4740a-c42f-4541-8826-4972a23705d6,middle only,2020-03-21 18:39:35.121458,2020-03-21 18:39:35.121458
63638d3d-f75e-48c4-941e-56d1e2e85029,d5d65bf8-b576-42ca-8b8e-f29b8b7340db,beginning/ending only,2020-03-21 18:40:28.508755,2020-03-21 18:40:28.508755
ca8028ef-bc31-4f6d-8faa-8f0265f3d625,87b10c23-ca82-487f-8e99-385ec7dc32ba,unfinished,2020-03-21 18:41:25.029678,2020-03-21 18:41:25.029678
c11a867d-cf10-4586-b6f3-4a29741f3d33,04033d96-0b62-49e1-80d4-655b766fcae1,unfinished,2020-03-21 18:42:49.725874,2020-03-21 18:42:49.725874
b0cd9f03-62ad-4192-bec8-1b6aeaa890aa,58ed0619-226e-48d3-ba09-f6f67ee07412,inverted,2021-03-10 03:05:20.103975,2021-03-10 03:05:20.103975
db4511f5-ec99-4930-b780-8d64cabf9548,6b7beb1b-df3b-43a3-8471-bd7da27f21c2,dyslexic,2020-03-21 18:47:16.069608,2020-03-21 18:47:16.069608
9fe030f3-c4a0-4684-84c1-354c0249a2cd,d2946687-cf9b-4c55-9f02-2de15953dd21,Devo version,2020-03-21 18:52:41.309003,2020-03-21 18:52:41.309003
1f56fd7e-7ee6-439d-a5bf-bbf3ad824ba9,4adfbc19-9053-4dbc-8274-38b34bd5ad18,Dub Version,2020-03-21 18:52:49.903803,2020-03-21 18:52:49.903803
08155376-0698-42c4-b7d0-4f0507c6e7ee,13ba4123-5dc3-4d7c-b026-ccf96863a333,Disco version,2020-03-21 18:52:56.655509,2020-03-21 18:52:56.655509
355848aa-698f-4021-8b11-c5bef1ce1518,97134c31-bbd8-438a-966f-5b9c8b2c0e6c,Punk Rock version ,2020-03-21 18:53:13.675618,2020-03-21 18:53:13.675618
ec936732-1da5-405b-98bf-966ea1b0a757,aeeb2d61-80fc-490e-87fe-8e81cf193023,unfinished,2020-03-21 18:53:37.643247,2020-03-21 18:53:37.643247
8228e232-67a8-4237-a42f-1ee53534f713,9b3c6811-b820-4caa-ad7a-90f65e492038,unfinished,2020-03-21 18:53:50.260849,2020-03-21 18:53:50.260849
383cdc63-8da2-4d59-bb0c-229fe3a7f7c1,304e55f0-e0c8-4734-8da0-aa7a9382378c,inverted,2020-03-21 18:54:08.976773,2020-03-21 18:54:08.976773
3d808b3a-887d-4b56-9be6-e3165ec33db8,6ab3e931-0470-4037-9d75-b5664a1d6341,Perfume version,2020-03-21 18:54:56.508870,2020-03-21 18:54:56.508870
df2c23d6-2a63-491f-bf8c-b9fadb3dc193,32ca1cf4-d451-45f9-bc16-5fd6eb34cf80,middle only,2020-03-21 18:55:44.559025,2020-03-21 18:55:44.559025
e1b9ee8d-adbc-485b-828f-4e4d703d6822,e6e66951-a975-43fa-b966-d52f9f1b2ec7,LTP 4/14/2011 (104 shows) ,2023-04-20 14:22:14.118900,2023-04-20 14:22:14.118900
113612e9-6f73-4e30-b432-634752b1e594,5660734f-721c-465c-9e77-a55beea49f05,LTP 9/03/11 (80 shows),2023-04-20 14:23:51.631570,2023-04-20 14:23:51.631570
b88793c9-02a1-4d9b-a192-1f3a6f549c42,f7b46aaa-429c-4673-ab8a-2f89d3cf9cd0,unfinished,2021-03-10 03:09:12.580716,2021-03-10 03:09:12.580716
f62ebe3a-6d8a-4786-9ba4-4cf1ca034aa8,d7ab5c04-ceb9-44ce-9d70-813f321eed84,unfinished,2020-03-21 19:01:19.384229,2020-03-21 19:01:19.384229
7323d7ef-20c7-489b-8e31-6eaae9870c8e,550018ef-5028-4bc5-b352-7602b73e9751,FTP (Grateful Dead),2023-04-20 14:29:26.773384,2023-04-20 14:29:26.773384
dc8d9458-089b-411b-97e8-3a4d2cb68904,807651e2-d986-48c2-9a90-8f458178ee86,inverted,2021-03-10 03:19:51.047396,2021-03-10 03:19:51.047396
334bedde-8c27-45ea-99a5-fc587b4dfc2d,55ec852d-fae0-46d9-8394-d3d10a818b4c,inverted,2021-03-10 03:23:27.079236,2021-03-10 03:23:27.079236
1eab2e21-85a9-46c6-97e1-d938266d0a4f,7b4e5ab8-9ef7-45db-9427-fd5ea8e69e7a,inverted,2020-03-21 19:03:33.356881,2020-03-21 19:03:33.356881
2ba24f20-ad3e-408f-a576-4fcb28913cb4,89e6e039-e62a-4dcf-bd8b-3be2d9ed3c5d,ending only,2024-08-07 23:14:39.942919,2024-08-07 23:14:39.942919
9387a507-4c97-4b74-958b-e2363f5d987c,8f095760-8eed-450e-9374-394e8caffa15,unfinished,2020-03-21 19:14:42.569233,2020-03-21 19:14:42.569233
beb54ca5-b7f7-455f-bf61-4ce77391adee,7eeb4288-6961-4fe7-b02e-86a487821265,beginning only,2020-03-21 19:15:11.923649,2020-03-21 19:15:11.923649
bd32ebbe-8a7c-405b-9c80-92c484ef3ab7,7eeb4288-6961-4fe7-b02e-86a487821265,dyslexic completion of 2/20 version,2020-03-21 19:15:11.937868,2020-03-21 19:15:11.937868
f005ecb3-7ee8-411a-82fa-0fa23cdde022,d1b57195-faae-45a5-b459-a3b9b4b8ecea,inverted,2020-03-21 19:15:32.072585,2020-03-21 19:15:32.072585
be5d51e0-b716-4f7d-92ee-ffa9fd990b72,31bbbe3e-a542-4e2c-ae6a-b832ad42cf23,ending only ,2020-03-21 19:15:51.779619,2020-03-21 19:15:51.779619
04da3b6b-0f5d-42d8-86e3-ba6afecda584,31bbbe3e-a542-4e2c-ae6a-b832ad42cf23,completes 2/19 version,2020-03-21 19:15:51.802563,2020-03-21 19:15:51.802563
12a50f12-935b-4888-923c-9dacbdf4060b,9e13b1c0-6991-4035-a5e6-83eb9fc9771a,unfinished,2020-03-21 19:16:50.831679,2020-03-21 19:16:50.831679
ec94f9bd-86d6-4482-b6e5-78326d4c2e28,dd59be80-3996-4f18-9fd1-6c4630dfb164,unfinished,2020-03-21 19:17:19.937741,2020-03-21 19:17:19.937741
946e736c-8de9-4ff1-9a77-f9494dd19f64,05bb5be3-291c-4123-b811-eb33935a7082,unfinished,2020-03-21 19:23:44.743328,2020-03-21 19:23:44.743328
38220bdc-8e76-4ed3-8ce1-e971c40d2427,4c4d343d-786b-453f-8068-c9e7855caf63,unfinished,2020-03-21 19:24:29.013234,2020-03-21 19:24:29.013234
ef05feba-1630-45d4-852f-6d631bfb7a0c,f0b8f1a9-7ba7-42eb-923e-716aaf80811e,ending only,2024-08-07 23:14:51.811190,2024-08-07 23:14:51.811190
3da85f59-6ef8-40b1-9e5d-e24d5dfe3907,b7fec77b-ee12-4dc1-ab79-5e62d67a33fd,unfinished,2020-03-21 19:25:28.192155,2020-03-21 19:25:28.192155
2b953aad-4de6-4d3c-8733-2ff0d2527170,1398f9da-cb30-4857-a207-3d535b600b02,With 'Mulberry's Dream' tease.,2020-03-22 01:22:38.872201,2020-03-22 01:22:38.872201
bd256a38-4547-4a9e-b53e-778837e30635,ad72ce31-ebf4-4897-993a-c67f35f47ff7,FTP (tDB original),2024-02-29 15:00:29.984153,2024-02-29 15:00:29.984153
a1dc75f8-171e-45f1-93df-db74fb607446,8c4e6fdd-b9b1-4a7b-8e29-36e4dd4d3c62,Perfume version,2020-03-22 16:56:40.562893,2020-03-22 16:56:40.562893
3d7a73d5-2179-4561-bc18-18a8d349e21f,a3bb919a-1613-40e4-980a-1e551b7a3510,FTP (tDB original),2023-11-23 11:12:02.546718,2023-11-23 11:12:02.546718
aff5c456-ffe1-4f86-be65-880494c3a6d7,d07c27b0-4e5a-4b97-b1d8-2f999e7a0369,unfinished,2024-08-07 23:48:10.295909,2024-08-07 23:48:10.295909
edaa50fc-9167-431b-b273-76fed673b9bd,d94ade72-4197-4e7a-8e0a-fa24a66a478b,completes 3/25 version,2020-03-29 17:51:44.964621,2020-03-29 17:51:44.964621
ecb7b764-98a9-4646-a8ac-dac5f1d18d20,7a78711f-d978-47b3-9211-5193bd533907,FTP (tDB original),2024-02-29 15:01:13.027024,2024-02-29 15:01:13.027024
dc89a995-6ca9-4ee4-b36d-d787cf6a9115,a4d8496b-115f-48b8-b1f4-ca1744b8ddbf,unfinished,2020-03-29 17:55:28.943062,2020-03-29 17:55:28.943062
b26097c2-5769-4b9d-ac62-1e405e9255c5,362099b2-4d76-41a2-bd81-d13beaa553f1,dyslexic completion of 7/14 version,2020-03-29 17:55:51.749948,2020-03-29 17:55:51.749948
4d98556d-983a-4e6d-a296-ec873bc2e6ad,1d404d34-a46c-42f9-b302-5fb347557e5e,unfinished,2020-03-29 17:56:29.484069,2020-03-29 17:56:29.484069
e07fd0aa-c125-44a4-a170-01c8376a6d70,5aea81f3-e9ad-4a18-a5db-6562e37a3b6e,unfinished,2020-03-29 17:57:08.904156,2020-03-29 17:57:08.904156
9b65ab9e-3342-41c2-a907-334bbf18615a,afe8c0b0-f1ba-4f86-8976-375106fcf04b,unfinished,2020-03-29 17:57:41.985426,2020-03-29 17:57:41.985426
47362b0a-3c9b-4006-ae73-8f800f4ed809,95c41c23-289f-4c52-9264-8151ce10fa51,middle only,2020-03-29 17:57:53.819501,2020-03-29 17:57:53.819501
5101f1bf-bb38-48ea-8244-c9face2f53f8,49e2ba5d-9f6c-40ac-ad5f-737b7e6ec004,unfinished,2020-03-29 17:58:32.611354,2020-03-29 17:58:32.611354
84c058a8-1a7e-4933-8053-820424ffb9cd,2aea901a-45e3-4013-86ad-f91fa76798db,unfinished,2020-03-29 17:58:43.718314,2020-03-29 17:58:43.718314
b7768b26-1a96-4472-8e69-e19e15e074e9,a34e1cda-7c9f-47dc-a1f0-bc9d7e8631d0,LTP 1/14/2011 (50 shows),2023-04-20 14:27:45.921999,2023-04-20 14:27:45.921999
71694e96-401b-49ad-b9cc-09214def541e,d1d5d680-8854-43e8-a075-cae40a10b63d,dyslexic completion of 2/3 version,2020-03-29 18:01:57.529884,2020-03-29 18:01:57.529884
455b7603-44de-494d-9c67-f5cf96e5863c,eaf4bf5b-18d0-44c2-9c8f-c05fba19d1d8,completes 2/2 version (no end vocals),2020-03-29 18:02:45.681943,2020-03-29 18:02:45.681943
f22c50b9-8513-40a2-8c72-ef38c41cb197,0340e78b-284c-4c22-9fa6-7b6505e85a4d,completes 4/27 version,2020-03-29 18:05:49.944769,2020-03-29 18:05:49.944769
637c21da-0b6e-44b1-b5c5-6af38cf0cd97,132e5022-eb13-43cc-9bfd-66c48fc8f21a,unfinished,2020-03-29 18:08:59.947610,2020-03-29 18:08:59.947610
e9794fe2-0731-4569-8e24-9196f58ead6b,12e9a721-0716-4da1-9ffb-c07f71a3e12d,unfinished,2020-03-29 18:10:41.227165,2020-03-29 18:10:41.227165
bb37b034-1105-4988-94f2-134856471f71,590e5221-b6c5-4806-a764-2b5ed2174b06,unfinished,2020-03-29 18:11:01.046767,2020-03-29 18:11:01.046767
f1008fc3-8853-4e6e-8d81-ecd8eb7b7683,1b505140-ee45-43dd-a8a6-f8944bab923f,perfume version,2020-03-29 18:11:31.554760,2020-03-29 18:11:31.554760
486c5d68-49cb-424a-af7f-8552070e61a7,1b505140-ee45-43dd-a8a6-f8944bab923f,unfinished,2020-03-29 18:11:31.567329,2020-03-29 18:11:31.567329
1b797fb8-2cdf-41e6-818d-7aa5e494d508,be898c91-0ccf-46d3-9080-59dfb3919ecb,FTP (Glen Larson),2024-01-15 11:52:48.037295,2024-01-15 11:52:48.037295
63601bf9-b478-45f0-9f1c-4fd235e40e2d,1c49fd86-af9e-4523-be78-dad95a6699a6,FTP (Sausage),2024-01-18 18:32:28.967202,2024-01-18 18:32:28.967202
433be707-5a01-40d7-8d0b-fd87d0618702,1c49fd86-af9e-4523-be78-dad95a6699a6,With Les Claypool of Primus on bass and vocals.,2024-01-18 18:32:28.978653,2024-01-18 18:32:28.978653
5c8570b5-3806-4e4b-adc3-5365077e5094,4fd2d1de-7997-4fec-85ee-80bc0bc04dc9,unfinished,2020-11-01 00:46:56.030958,2020-11-01 00:46:56.030958
9f7994c0-861a-4b39-91eb-5772fc8f2c05,dffb978d-3d6a-43ce-b921-2a1f38fdeaf5,inverted ,2021-03-26 00:17:53.378117,2021-03-26 00:17:53.378117
50daafbd-d29d-4e04-b21f-6cbbbe000587,64d7ba5f-ca43-424d-87f2-e5080e6e975a,inverted,2021-03-27 00:40:00.164051,2021-03-27 00:40:00.164051
4bf342ee-d0c5-4535-bc48-a6eb811f8272,d5d8c927-d167-46f4-9f8b-86304d3b96a0,FTP (J.J. Cale),2023-04-20 14:32:52.666096,2023-04-20 14:32:52.666096
e70fd376-386e-443f-9cfa-b4cd04bbeb13,14f999da-2c9f-43c1-bdb5-91e826b2aa60,unfinished,2024-08-07 23:15:48.453456,2024-08-07 23:15:48.453456
192b2b1a-1017-41cd-9cf2-a7a951c028f0,b009ff09-65ad-4a30-b044-fc7afeaa2b54,inverted,2021-04-23 23:04:49.542236,2021-04-23 23:04:49.542236
4fd7b1b1-1f9b-464e-b037-943ec1723955,f570a887-1659-4e43-ab80-4903b1e88960,inverted,2021-04-25 04:28:53.522443,2021-04-25 04:28:53.522443
e6c9c465-9050-48c7-a19b-11caa7ca0368,a221988b-4c98-40b9-9983-025402c44f5f,unfinished ,2021-05-29 17:47:29.708052,2021-05-29 17:47:29.708052
19c89ddf-86ad-4e87-b128-bdadb3d70643,e4bb5490-8511-46aa-ba3a-cfe01db9a759,inverted,2021-06-20 02:43:04.393944,2021-06-20 02:43:04.393944
40e5a5c8-2bd7-497e-a316-76ff22cd7178,badb9c21-5f49-4065-905b-da1aa76d4f53,with 'Meditation' tease,2021-06-20 02:43:42.784842,2021-06-20 02:43:42.784842
a154aeb2-f334-4e70-ac8c-0a6f1b15bdaf,3ffac2ce-b435-4e92-9ce0-f7b9402e18eb,with 'Story of the World' vocal teases,2021-06-27 02:44:31.590783,2021-06-27 02:44:31.590783
a8e94113-1fce-4e95-88f4-86fd7cd35f4a,9e659d0a-6e6b-46dc-a53a-c7c20b240f11,middle only,2020-03-29 18:16:14.247478,2020-03-29 18:16:14.247478
6383144d-bf1f-47a2-a7f3-f62586668c11,6bf8124c-6bd7-436e-9bb8-742bd0269a3b,middle section,2024-08-07 23:35:53.665314,2024-08-07 23:35:53.665314
de915ce9-ed72-4e82-865f-a7c43ca55c7a,ab87272e-16c3-485a-8a86-fb4d53e4dc0c,FTP (Carl Carlton),2023-04-20 14:35:52.962932,2023-04-20 14:35:52.962932
49cae093-15f5-4c77-a160-6e93228daf3f,b737773f-44b7-47cc-bc4b-07cbc7e5989d,FTP (tDB Original),2023-04-20 14:37:33.082100,2023-04-20 14:37:33.082100
84382d39-a610-4c0c-be20-34e44bc7f405,b484e6c2-5de5-425a-af5b-b2b5d344c0a4,"beginning only, dyslexic continuation of 12/28 version",2020-03-29 18:21:30.917971,2020-03-29 18:21:30.917971
6375c49d-fd7c-4589-8e67-73af5b898116,f82d8795-712d-4c60-9e98-0350fb1388ca,inverted,2020-11-01 00:54:51.379907,2020-11-01 00:54:51.379907
6d9fe3d6-43e5-4cb9-9785-c710e954dccb,52e53591-73dc-4f23-8f67-577b2f546fd9,unfinished,2021-03-27 01:50:03.580549,2021-03-27 01:50:03.580549
7994bb03-7bf2-4f5a-8bb1-4b4404f3aa29,4efb49d1-1291-4009-8d52-8c45e387551a,middle section,2024-08-07 23:36:00.419523,2024-08-07 23:36:00.419523
feef84dd-2d1a-4b0d-8de3-d556f3472ee4,14dd4017-6f3d-40b2-9648-08a59711b37e,inverted,2021-04-24 01:44:52.697034,2021-04-24 01:44:52.697034
9e0a0d06-2c5d-44f0-84ef-d51ef65fdfd0,8cccd097-6d29-48cb-9892-cc4bac3f2fd2,inverted,2020-04-18 07:29:07.623697,2020-04-18 07:29:07.623697
39757912-e8c2-4824-aa45-2af4408f09e9,8d65c1cd-e2c7-4b1b-b8bd-c63c09c5b693,FTP (The Beatles),2024-01-18 18:33:00.378901,2024-01-18 18:33:00.378901
c9fafc0c-0be2-418d-adb6-6baded51348d,c5a666d8-d52c-4bf7-9149-9fb7f9352c87,unfinished,2020-04-18 07:30:49.853548,2020-04-18 07:30:49.853548
a69d8b4c-00b7-4bf2-bfba-eb2bea2c79d4,e4469fd1-67a7-4388-a144-1dd713fe797e,ending only,2021-05-19 00:07:09.719886,2021-05-19 00:07:09.719886
c2a179bd-8a5f-4e49-ae3f-c9087132dc6f,e0eda9c5-defb-4f71-8b7e-54083682e566,inverted,2020-04-18 07:44:00.588722,2020-04-18 07:44:00.588722
5e45ddc8-7710-4f5c-a98a-165efc183f49,ccea4a67-ba2a-4456-87bf-42a509c609cf,inverted,2020-04-18 07:45:54.941111,2020-04-18 07:45:54.941111
164bc955-2511-4377-b0c4-0e22681c926f,2cc7b07c-5ea7-415f-996a-dbb76ae5864f,inverted,2020-04-18 07:46:30.781394,2020-04-18 07:46:30.781394
24d584c9-bcb8-4dd1-a988-e25d9a0b5232,63640550-9fc6-49a4-bddc-5fbf7079f393,ending only,2021-05-30 04:24:44.613331,2021-05-30 04:24:44.613331
b5513a4e-d40f-4f79-8dcc-3105ddd564c8,4c2b4692-06ea-4901-a797-115f9289d246,inverted,2020-04-18 07:48:10.139054,2020-04-18 07:48:10.139054
40da2645-bf21-4701-8d85-4e86be45e640,03eabbf2-f88c-466e-97b7-1cabe8fe18d9,inverted,2021-06-06 13:45:50.506164,2021-06-06 13:45:50.506164
ecaac7e2-8d7d-4cc3-8237-5fc5482a5aae,1e89435a-248e-4f3c-885a-5d5e74319509,FTP (tDB Original),2023-04-20 14:42:47.386452,2023-04-20 14:42:47.386452
c6ef91f4-bd41-402f-a367-adef6dab929f,e3e2bab2-85db-473e-a6a1-1df5a3f94c6f,FTP (tDB original),2024-02-29 15:03:09.635118,2024-02-29 15:03:09.635118
4d055008-8348-4035-beae-faab3ab17799,dbb61121-a257-4276-8f16-7d4786a18600,unfinished,2020-04-18 20:57:57.862927,2020-04-18 20:57:57.862927
00929079-26c0-4664-9474-11a7faafda86,be589a6e-08d6-47ca-97c3-23d30c54f189,LTP 10/29/15 (52 shows),2023-04-20 14:48:28.551730,2023-04-20 14:48:28.551730
219b28c2-9a56-4e5c-86bf-2474af738070,1b8d6b6a-c2b9-4a54-9359-4da9a103215a,Primus-style.,2020-04-18 21:03:53.421152,2020-04-18 21:03:53.421152
5a2e1dc1-b6fc-4b9e-859c-e925364e8c94,1e9f5162-0dfc-4256-a7c7-5bbb73fd7d2b,Techno version.,2020-04-18 21:03:58.712948,2020-04-18 21:03:58.712948
74014061-2a45-4414-befa-3ad0d5f6e2b7,319c3f72-a0e1-43e4-a3d6-a9f444f8f26b,middle section only,2020-04-18 21:09:34.005072,2020-04-18 21:09:34.005072
c0d8e0a0-9692-4030-b360-c1cf93c69d28,08c8178c-3531-4319-a02d-c3d3b850bd07,unfinished,2020-04-18 21:09:50.201006,2020-04-18 21:09:50.201006
40fe6451-fd1c-46b8-a3ab-4fae1a107a63,113c48f1-54b4-473b-b17e-11513ad1345c,unfinished,2020-04-18 21:13:04.243906,2020-04-18 21:13:04.243906
a57f4488-7839-4265-9f3a-5d3eb9a4502e,204237ce-5546-49a4-a887-c3a22bb59532,unfinished,2020-04-18 21:13:08.941080,2020-04-18 21:13:08.941080
b56f10d9-75d1-4cf9-b26d-a63c8d2a7ff3,18ac87da-8d94-403b-b44b-9f0c98903310,unfinished,2020-04-18 21:13:16.752884,2020-04-18 21:13:16.752884
b6cf4fc4-f464-4cac-acfa-310dc0c7f1dd,5dbba718-8858-417d-86a8-473fe3d52599,inverted,2020-04-18 21:18:52.420095,2020-04-18 21:18:52.420095
cbb0bbe7-deda-4bc3-bd35-b7987367c96f,6cb846c9-199d-473e-83fa-238f3376232a,Perfume version,2020-04-18 21:20:58.847702,2020-04-18 21:20:58.847702
894778af-3223-4748-9798-c84416bc5d76,0f3f6d59-d751-4a12-8dee-247b61f2df48,inverted,2020-04-18 23:52:36.325504,2020-04-18 23:52:36.325504
09168a60-c60d-406c-b8b1-f679135788d6,28a57138-b95e-49db-92cc-88886561acfd,FTP (S U R V I V E),2023-04-20 14:54:40.808694,2023-04-20 14:54:40.808694
6a03eacd-76d6-42e1-912b-dd34f0e135fa,08b663d6-cef7-49e3-a828-d8f4a99ff998,inverted,2020-04-18 07:23:55.949633,2020-04-18 07:23:55.949633
40434d01-1a4c-4cf5-8e20-7826a4131892,f6f5d1b0-81eb-4216-a90f-a5bb2c544ae2,inverted,2020-04-18 07:45:18.092791,2020-04-18 07:45:18.092791
8de55771-3ac3-46b7-b943-026d9ed45b4b,f7972802-44cd-4a01-a424-618667dc3611,inverted,2020-04-19 00:41:34.693431,2020-04-19 00:41:34.693431
dd082760-ec1b-476b-bb2c-0711bf0532de,434ed324-9e28-423d-87ac-c451c6d45629,unfinished,2020-04-19 00:44:24.947811,2020-04-19 00:44:24.947811
2147347c-52ad-4b6f-b4e4-ab29d88c7bd3,e18e7b3f-66ce-4a44-bd9f-1ffe8864ccf0,inverted,2020-04-19 00:44:50.368284,2020-04-19 00:44:50.368284
263b8c76-69de-461a-b316-3bb5e95efe83,268db697-09ea-497f-977a-52c9d1eeb949,inverted,2020-04-19 00:47:37.124212,2020-04-19 00:47:37.124212
1691d09d-f83d-4554-860e-812f40cf3e34,68fdf02b-ff6f-4fbe-89c5-aedd85710991,unfinished,2022-04-10 03:24:33.072349,2022-04-10 03:24:33.072349
2af7a467-a193-460f-b8a7-89898c2f8f76,f7d86d79-00e4-485f-aef7-2c82661b2da3,middle section,2024-08-07 23:36:13.416471,2024-08-07 23:36:13.416471
a601296b-1de1-4073-864d-00ac17757a5a,2e467622-2cc4-47ab-89a5-c467653895fd,with 'Baby You're a Rich Man' (The Beatles) tease,2024-08-07 23:36:29.246163,2024-08-07 23:36:29.246163
895133df-2e56-42cf-9e03-2b5f74ed47b4,0731541e-d2f5-4573-b94a-e330e0169ed7,inverted,2021-03-27 02:32:57.784375,2021-03-27 02:32:57.784375
0fe7ad34-6b62-468f-9880-8683882b432a,3b784c9b-ed4f-4396-874d-8a44a0749db8,inverted,2021-04-03 02:56:01.447871,2021-04-03 02:56:01.447871
17107ccb-b681-47cb-8d79-c8f34075130e,ae1207b4-1e06-4da8-a74e-c5abe7bb6c7c,dylexic completion of 5/15 version,2021-05-19 00:07:42.230695,2021-05-19 00:07:42.230695
45d26541-3853-403c-af7f-714031160006,796fc665-0272-4ca8-94f0-11e7fcfe1a64,unfinished ,2021-05-19 00:07:55.521669,2021-05-19 00:07:55.521669
46d6c166-16e9-48ba-8d24-868e26a87fe1,dac0b817-5bd1-4536-b8f8-37242e052e83,unfinished ,2021-05-19 00:08:06.803005,2021-05-19 00:08:06.803005
6f0f1408-b481-448b-b103-201a1ac16762,391a8cf6-43a0-4759-b1df-74a1cd6f2cc3,inverted,2021-05-30 05:19:40.787863,2021-05-30 05:19:40.787863
5418435d-82b5-4684-9fa3-cf4e4c8ff740,e988d9e3-cae2-496c-834c-e9bbefc22742,inverted,2023-06-18 22:59:44.197243,2023-06-18 22:59:44.197243
6bd65bd4-d4ae-41ae-a3af-5468dcd5c044,f2f355da-1d67-4b5f-a2b2-fb9aa071339f,unfinished,2020-04-19 00:50:24.845505,2020-04-19 00:50:24.845505
20eba6d1-19cc-4de9-bdf7-54f6bd3c60ea,f822004e-57c4-45f9-80b6-b43ffd78619b,inverted,2020-04-19 00:50:32.833928,2020-04-19 00:50:32.833928
880be5d3-7171-4b6d-90c4-ff1f843a66f9,40c677d2-1114-4638-8309-b45977689d24,unfinished,2020-04-19 00:50:39.826033,2020-04-19 00:50:39.826033
11c0aa3a-11f1-4617-ae43-0b2c8106d27e,4adde9d2-fa75-47d8-b7a7-012227cb1077,middle section only,2020-04-19 00:51:41.012834,2020-04-19 00:51:41.012834
a0cec879-04b4-4591-9ac4-266fb1ac528b,86b3a5fc-c12b-4890-800f-b4fa435344b5,inverted,2022-04-10 03:43:28.614984,2022-04-10 03:43:28.614984
1269ada4-fb9f-401d-a2c9-dd992c0cdb4e,7c060e33-27bb-42db-b662-7546395b9615,with ‘Rio’ (Duran Duran) teases,2024-08-09 18:39:43.441069,2024-08-09 18:39:43.441069
70ae79ac-a9c1-43f8-bafc-3b548e9ec1ca,7c060e33-27bb-42db-b662-7546395b9615,with ‘Another Plan Of Attack’ teases,2024-08-09 18:39:43.455543,2024-08-09 18:39:43.455543
b77c4f24-c433-4478-bac9-7091292114bf,d52e823b-76a7-405b-b797-84fe99f58732,inverted,2024-08-09 18:41:56.700294,2024-08-09 18:41:56.700294
8aeb9532-da6f-4895-8678-f60d34d49b3d,37e14bab-0bca-4241-aedb-4d2cd1fbac70,Continues 10/8 version.,2020-04-19 01:33:42.605850,2020-04-19 01:33:42.605850
f29108c9-23c6-45ae-a653-fc3749675be4,4f7d19e4-19a0-4b93-8c15-833c8e691522,inverted,2020-11-01 02:55:28.398363,2020-11-01 02:55:28.398363
64446ded-b511-48c6-a45b-7e67450676af,15babd17-4b31-417c-b4a7-7d9b552597e1,inverted,2020-11-01 02:55:42.531659,2020-11-01 02:55:42.531659
8c8c7544-08c0-4401-8ba4-ae11bb7dc946,e988d9e3-cae2-496c-834c-e9bbefc22742,LTP 8/26/22 (52 shows),2023-06-18 22:59:44.215088,2023-06-18 22:59:44.215088
ba959e7e-e7dd-47d0-bd54-aab7334fb52c,b121bd37-f87a-4660-add3-1219b604fc9a,dyslexic,2020-04-19 02:31:32.527381,2020-04-19 02:31:32.527381
a523d2f4-7e4b-42b7-b208-b6c26f55e108,045f582c-38ab-419c-a64d-346331659ed2,inverted,2020-04-19 02:31:41.445965,2020-04-19 02:31:41.445965
acacc773-34a9-475e-b1bb-4204a2925eb8,4bae9377-99d4-48f3-888c-3855a784c397,dyslexic,2024-08-07 23:16:51.900732,2024-08-07 23:16:51.900732
81c93286-a2ce-4f6e-80d4-37a736b7c4a0,a116a91a-5bd7-4ab3-80cf-0546b0552dd3,inverted,2020-04-19 03:23:30.227103,2020-04-19 03:23:30.227103
89557e5d-d896-46b0-af6a-97e95189ae3a,647bc864-54d1-4693-9799-a16733adc4fb,unfinished,2020-04-19 03:25:49.041022,2020-04-19 03:25:49.041022
a2f67d54-374f-4285-a59d-a6f9d182bd0e,94bd385c-2b98-466d-8e30-36dfb9de1714,with ‘Sidewindah’ (Gorgon City feat.  Flirta D - Interplanetary Criminal Remix) samples,2024-03-18 01:02:00.522739,2024-03-18 01:02:00.522739
208e9a30-0dac-4406-ab20-bb21f3f5f1ca,a7b1fa57-4d6b-4436-b8b9-28ff525ca0b1,techno version,2020-04-19 16:27:18.849643,2020-04-19 16:27:18.849643
6a40b9bc-2d8a-419c-846e-bb6987f990b6,6d490a1b-eafe-411e-957a-067940a31f70,Completes 12/30 version.,2020-04-19 16:28:13.742246,2020-04-19 16:28:13.742246
13bf5cce-b389-4143-8ffd-58e99dc2dc57,668fa639-7292-4c7f-9d97-509b64f53838,LTP 12/31/13 (102 shows),2023-04-20 14:49:46.688340,2023-04-20 14:49:46.688340
98f91ca1-2a20-41df-a7d8-3e59755720af,ef248a11-06b1-4d59-9ed2-0cb8e0a6bdbd,inverted,2020-04-19 16:46:23.008811,2020-04-19 16:46:23.008811
bbb227c9-813d-4b5d-b79e-3104bab70c4a,c644f44a-3123-45b6-82c4-c720c70539e7,LTP 4/1/22 (77 shows),2023-07-08 02:34:55.899158,2023-07-08 02:34:55.899158
b86a2a90-07cd-4ac0-8f72-aa11d359c14a,6e6397e4-1575-4db8-a8c8-87b62fda3e4e,inverted,2020-04-19 16:49:20.255814,2020-04-19 16:49:20.255814
c18c956e-197d-4961-824c-374c9dc520e3,cb302b74-928c-45f2-a9cd-ba7a61e82e57,Reggae version.,2020-04-19 17:43:59.891949,2020-04-19 17:43:59.891949
eb444637-cb81-4649-8937-0faa152515b4,81b93e7a-2bd3-4e53-a30a-6a2eab7ed580,FTP (Donna Summer) instrumental,2023-04-20 14:53:28.020544,2023-04-20 14:53:28.020544
aec16d8f-b131-48be-9833-ffb50aa81bd3,4b56f8b1-346b-4bbf-b172-a4b12220f297,dyslexic completion of 4/3/08 version,2024-08-07 23:17:14.571458,2024-08-07 23:17:14.571458
f0ab61f9-8023-4976-a2d6-a3c6cf88fd0f,0c971e55-61f8-490d-8988-c5d8e621e52c,unfinished,2024-08-07 23:17:27.850414,2024-08-07 23:17:27.850414
6445e197-7f56-46ad-b60e-65468aeaf2f4,27ac5254-a339-408f-a469-51f8247c9a68,unfinished,2020-04-19 18:58:14.783170,2020-04-19 18:58:14.783170
12dc3f5f-b748-4adb-ae62-2ca34c3e1b73,c6d02fc8-f3e9-41c9-b939-84dcd66ff760,unfinished,2020-04-20 21:48:14.866755,2020-04-20 21:48:14.866755
b22d3b7c-fdfd-4e7e-92c9-272bcdce5c98,4cd1f0f9-b4b0-4950-b439-7a59a8a3f72d,middle section only,2020-04-20 22:00:02.197498,2020-04-20 22:00:02.197498
e974ab43-f0e2-4983-af8d-32bee3e56401,346841ea-da95-466a-b09a-9b86587f4016,unfinished,2020-04-21 03:14:05.088524,2020-04-21 03:14:05.088524
0f0ce692-4ba0-4085-b433-b64d7ee1fab8,39baca45-1364-4e3b-8b36-057f4bfaf4a2,unfinished,2020-04-21 03:14:35.374384,2020-04-21 03:14:35.374384
a0ca2b6d-36d0-4b6b-91d1-dcab09dd9254,40c2ba4f-25b8-44a7-bfe5-aa7696b1efbf,with ‘Resurrection’ teases,2020-04-21 03:15:46.513287,2020-04-21 03:15:46.513287
65b3edc4-ea29-4748-bfbf-98549c2485cb,40c2ba4f-25b8-44a7-bfe5-aa7696b1efbf,unfinished,2020-04-21 03:15:46.527103,2020-04-21 03:15:46.527103
5a66400f-a575-4953-8651-1db2820c7e14,4b9713a1-7688-4c14-ba74-60b4525aa217,with ‘LSD’ (Hallucinogen) jam,2020-04-21 03:18:28.465239,2020-04-21 03:18:28.465239
52697d36-f209-4777-bbcd-6be359c2ac5a,6daab8a0-d892-4ee4-9dfd-00910852b6a7,Inverted,2023-11-23 14:16:29.736277,2023-11-23 14:16:29.736277
7095e48b-1ce5-400b-a0d9-315a4a301a68,99ef1d3b-6432-40f3-915b-b35bdfbf29fa,"dyslexic version (ending first, then beginning).",2020-04-21 03:24:27.157843,2020-04-21 03:24:27.157843
e89a793b-b2cb-4186-86f2-a146d0d47412,18e9d704-f133-408f-9da4-56df38545fa8,inverted,2020-04-19 00:52:32.741608,2020-04-19 00:52:32.741608
5a38aeb9-75cb-4d2f-adf0-ee30a03a1ab7,1b962eda-cb8c-48b4-9f92-d033f3731711,inverted,2020-04-19 00:53:32.958225,2020-04-19 00:53:32.958225
7e4dbb0e-5197-45ee-8bea-54269098a215,0cc8e108-c4f2-4961-b617-6036d3cfd559,inverted,2020-04-19 01:02:23.127936,2020-04-19 01:02:23.127936
59d9c9db-3aa1-4f69-925a-9b8967698f65,2b418681-5b1d-487a-83d6-4802ebfb79fb,middle section only,2020-04-21 03:34:05.378142,2020-04-21 03:34:05.378142
c2d37e6e-ffbe-4d72-9d90-9afa349e874b,4ad99c47-4950-40b8-aa09-6b45957c4578,perfume version,2020-04-21 03:41:44.492025,2020-04-21 03:41:44.492025
2b5b847e-9628-499f-822b-a800fe35a3c4,6b057a67-d4d1-44d2-b024-1f43e0012f34,inverted,2020-04-21 03:52:38.942534,2020-04-21 03:52:38.942534
f1fbaee1-6c61-4a62-b365-5cdee9dee964,c959efc9-60dd-4f05-9442-84d040897ed0,inverted,2020-11-01 03:10:37.916800,2020-11-01 03:10:37.916800
b5cdd6d5-0a98-4cfe-ba95-1d03009a89e5,52a51960-e5c1-41d6-8164-bf4f0557bd98,inverted,2020-04-21 03:59:36.005371,2020-04-21 03:59:36.005371
3118d459-df59-43b9-8b0b-b689e5b6e08e,5c788d89-79d7-40bd-b791-add83e583715,unfinished,2020-04-21 04:06:50.925892,2020-04-21 04:06:50.925892
3480ac7a-562f-4eb9-ae3e-bc3ee7c3b475,34baa322-3a58-46e2-bb74-c09a031896e5,FTP (tDB original),2024-02-29 15:03:32.964889,2024-02-29 15:03:32.964889
aff44aeb-3b21-499e-9623-1cd0ae594827,0d4a5a47-33ae-4986-b70f-3a66b2f18d4a,FTP (tDB original),2024-02-29 15:04:12.177626,2024-02-29 15:04:12.177626
3ba5caf2-8f26-4b4e-8242-e3b6941d9b40,438d3f5c-7e69-4a7a-a105-700437f60cca,inverted,2020-04-22 03:28:47.040334,2020-04-22 03:28:47.040334
d07f8dbe-b6ac-4568-abd2-d9a936cafeaa,cfe75ca5-9115-415a-bef2-9194e6fd28fb,unfinished,2020-04-22 03:29:18.516171,2020-04-22 03:29:18.516171
36d36600-a402-4162-bea2-4925aa9e728a,423e6f54-a54e-45b5-a973-380c50740755,inverted,2020-04-22 03:30:44.942004,2020-04-22 03:30:44.942004
0e639065-38dc-4654-9da0-f4f8a5c1a809,a0c6f208-b89f-46b2-b62d-e03694029dc3,unfinished,2020-04-22 04:28:26.002319,2020-04-22 04:28:26.002319
c1f1b726-1eaf-40a3-a96b-4af062fd5841,d3adf291-4c65-4756-9a0d-2344a81d55cf,ending only,2020-04-22 04:31:20.563065,2020-04-22 04:31:20.563065
ded059b8-544c-40b5-81f5-1710ee831a8f,5b1ad2e6-f75f-47eb-a123-a83a1cf453d5,consists of Orch Theme > Morph Dusseldorf > Run Like Hell > Aceetobee > Vassillios > Mr. Don > Above The Waves > Munchkin Invasion > Crickets,2020-04-22 04:31:27.399658,2020-04-22 04:31:27.399658
12780c40-5b18-4be7-93ee-d3724e6dc1e6,4af5df47-7b12-4104-b653-1ead9cb8b718,unfinished ,2020-04-22 04:37:04.408183,2020-04-22 04:37:04.408183
633f3b16-bcbb-4fb4-bba0-6dabe22d56ec,91124756-9238-402a-9d37-1071113e3381,interruped due to fire alarm ; picked up from stopping point after 40 min. delay,2020-04-22 04:50:12.819555,2020-04-22 04:50:12.819555
8de40f3f-07f2-4ccd-ba7d-476ee30db167,c2df5c8b-162c-43d1-8003-d2e66c6001dc,with 'Above The Waves' fakeout.,2020-04-22 04:59:51.698019,2020-04-22 04:59:51.698019
cefe8c33-e1c9-439e-a005-119752a35e72,785384cc-d8a5-4cbf-b84a-fa07d259f813,unfinished,2020-04-22 05:09:34.916083,2020-04-22 05:09:34.916083
e24315fb-4b93-4828-b477-a7f1fbd120b5,8f50e21e-0dc1-45a1-a1f5-58d044b5813d,FTP (tDB original),2024-02-29 15:04:42.005122,2024-02-29 15:04:42.005122
73ab8467-a6dc-4dd6-8fa9-10bbea9981c6,04be80df-1267-4146-8e64-e79258323b88,with 'Piano Concerto #21 Andante' (Mozart) and 'Itsy-Bitsy Teenie-Weenie Yellow Polka-Dot Bikini' (Brian Hyland) teases.,2020-04-22 05:13:11.157764,2020-04-22 05:13:11.157764
4f9c84cc-e0d1-4717-9c52-d869523c46c0,04be80df-1267-4146-8e64-e79258323b88,unfinished,2020-04-22 05:13:11.170918,2020-04-22 05:13:11.170918
7368a89b-4f0a-4a7d-a419-3ac0d4cacb92,0cb30a82-4fa3-4769-9054-062814d1f828,unfinished,2020-04-22 05:27:22.705557,2020-04-22 05:27:22.705557
d5523c84-a878-4508-8128-ca2565606cba,3b56175b-6347-4d94-97d9-89ea8fc42d1a,unfinished,2020-04-22 16:57:17.789861,2020-04-22 16:57:17.789861
2a7e3127-bc88-4a8d-ac16-68c2cafc799e,62ab72b6-7363-4b76-b10e-99cebd77c4a7,With 'Happy New Year look out below' lyrics.,2020-04-22 17:14:28.558474,2020-04-22 17:14:28.558474
4ead633c-91e4-4b35-ad3a-17b0a2e71e6f,804373ef-6110-4c58-9c87-f3fc760039ad,Improvised score to Katsuhiro Otomo's 'Akira'.,2020-04-22 17:14:48.507675,2020-04-22 17:14:48.507675
0ee02934-9d16-4c0c-9678-fdd3d3baf957,355a97d0-8c6e-421c-b262-650b8656f510,Completes 10/20 version.,2020-04-22 17:20:59.964346,2020-04-22 17:20:59.964346
69704206-1916-4462-b35a-e349f990463c,963f0858-7ed3-41ee-b3d4-822cce16ed1c,with ‘And the Ladies…’ teases,2024-08-09 18:42:23.425795,2024-08-09 18:42:23.425795
cc67ec6b-0d61-4d52-a7b0-854a4b2aac93,86d3f8f8-ef7e-4073-999c-984ec666cdc1,with 'Unspoken Rhyme' & 'Three Blind Mice' (Traditional) teases,2024-08-10 17:38:06.813869,2024-08-10 17:38:06.813869
43703c51-ba16-4b04-abda-8eab48b8de1a,86d3f8f8-ef7e-4073-999c-984ec666cdc1,dyslexic (end>begin>middle),2024-08-10 17:38:06.828072,2024-08-10 17:38:06.828072
01bab128-f968-408e-a15b-3b5e9bddbf6d,2c812d1f-de24-426c-8033-8076981e0b3e,dyslexic (end>begin>middle),2024-08-10 17:38:15.409381,2024-08-10 17:38:15.409381
2d87b6d1-7070-444f-bdbb-05670944429d,cc1d1fc2-9917-4851-8780-93f68dde5898,with 'The Thieving Magpie' (Rossini) tease,2024-08-17 16:25:28.086080,2024-08-17 16:25:28.086080
56447cdd-0463-4c97-9d9c-522e3f771cac,ebeefeb9-e154-475b-843b-7538b5bf041f,with 'Svenghali' tease,2024-08-17 16:25:37.695338,2024-08-17 16:25:37.695338
9dc5af3d-a4f4-470a-aa53-caf216215d95,c6303466-60f7-4ad7-98ba-46998ff84526,1st time inverted,2024-08-17 16:39:55.946996,2024-08-17 16:39:55.946996
8ddb1e0b-32a0-4512-a27a-94d1813dcddb,4aa21d75-6473-47ba-b219-843e036bc8ec,completes 8/29 version,2024-08-31 03:29:43.654695,2024-08-31 03:29:43.654695
58a2175a-c33c-4d94-b9f7-ba0ad42e7e42,00f02989-ffb3-4eea-b3af-098fbff0c118,unfinished ,2024-09-06 17:31:39.032515,2024-09-06 17:31:39.032515
9f94b5e5-72d2-4bc2-ae83-76e7fe78e1cf,00f02989-ffb3-4eea-b3af-098fbff0c118,with ‘Take Me Home’ (Phil Collins) teases,2024-09-06 17:31:39.055586,2024-09-06 17:31:39.055586
b3a58af5-a9da-41e7-894b-9ae12e3543b9,b8677336-ebc4-4ca8-8b56-999ec2a4ac75,1st time inverted ,2024-09-07 02:17:57.827074,2024-09-07 02:17:57.827074
4e409095-7258-4d27-b6b0-2af2d717aaaf,45a951ea-2cb1-4c62-9ca7-a0ca7cdfc072,LTP 8/27/2016 (42 shows),2023-04-20 15:01:31.098148,2023-04-20 15:01:31.098148
dcc9bb63-f147-447e-87ad-743364f523ed,6bca60c7-7524-4960-9c51-3051cfa09594,unfinished,2020-04-22 18:02:06.831613,2020-04-22 18:02:06.831613
1ac896de-d328-49f7-b3ab-9cf3064ec187,e6d73001-2a1c-46e5-be5b-c3a775770039,unfinished,2020-04-22 18:12:59.120150,2020-04-22 18:12:59.120150
828ae55f-47a1-4676-901a-62fff4f11b2f,f6e9e5be-295e-40ad-b803-7ac9a26c7289,FTP (Duran Duran),2023-04-20 15:02:40.492719,2023-04-20 15:02:40.492719
815fcfce-8282-4bd8-bc07-c27c43c8157d,59e4152d-2dd9-4310-937b-ae2b244b8395,FTP (Koji Kondo),2023-04-20 15:05:59.798983,2023-04-20 15:05:59.798983
c8ba198d-2ff7-475c-bd02-ce1863d27101,8673a5fc-5761-41e8-bbb3-80a92874f26b,FTP (Koji Kondo),2023-04-20 15:06:19.406439,2023-04-20 15:06:19.406439
0966dcef-4982-4883-b060-3883d2044413,6e88f525-e7fb-4767-b48e-5476ea6aa6b1,inverted,2020-04-21 03:27:52.208018,2020-04-21 03:27:52.208018
b4628ca9-d1f3-4e85-ba78-30b3f9f8ace1,6d8cc359-eb77-4551-b1d2-a6a7b5122b3c,inverted,2020-04-21 03:47:36.873886,2020-04-21 03:47:36.873886
164f249d-d9a4-47eb-9b36-7e0087523543,d699e841-598d-476a-9fce-f2338db4b81d,inverted,2020-04-21 03:57:09.290308,2020-04-21 03:57:09.290308
c71c12b4-4d37-44ad-8508-e42c13308db9,3eb17c4f-9794-414f-b4a4-339ece805656,FTP (tDB original),2024-02-29 15:05:11.864701,2024-02-29 15:05:11.864701
b2eff705-830e-4775-b919-6bd809ff0b6f,0ca8ee41-60a2-4ab6-856e-575b0c7ce7eb,inverted,2020-04-22 03:47:26.929272,2020-04-22 03:47:26.929272
11074bb0-7ace-45ff-9172-e4ca8958611f,8672ef4c-2ca8-4813-9e86-fdf9203d166d,inverted,2020-04-22 03:53:16.514038,2020-04-22 03:53:16.514038
68e9f0af-69f8-43b1-aee1-c9e3bed3cf8b,d09f7320-d50d-4064-b3b1-6ca01836b8d8,FTP (traditional Russian folk song),2023-04-20 15:07:45.504715,2023-04-20 15:07:45.504715
5c06791d-28e0-4c0d-a5be-d3eb631ead06,39655d67-9ad0-42b8-8541-76e1e6a8ec48,with Erica Lynn Gruenberg on vocals.,2020-04-22 18:21:54.076248,2020-04-22 18:21:54.076248
16e2cdb5-5fc6-417a-a5dd-5f7f458868a8,bde11268-dd9d-441d-8a31-f7bca738e07b,unfinished,2020-04-22 18:43:42.325422,2020-04-22 18:43:42.325422
eacce859-093f-4bbd-ae93-3f6f70f8ee46,477526a6-fe22-4694-a353-c52786eeaf14,unfinished,2020-04-22 18:49:31.331433,2020-04-22 18:49:31.331433
5eebe73e-d04b-4367-bfc2-0d496a7dd32b,49249ce5-c253-4604-b7e4-a31e3b98e78e,unfinished,2020-04-22 18:52:59.765861,2020-04-22 18:52:59.765861
80fcb262-13c1-4774-9cc2-91c7f4dd006d,aba64bd5-a89e-4004-abab-3f8cbfce609a,unfinished,2020-04-22 18:54:19.693213,2020-04-22 18:54:19.693213
8fcdc91b-e56d-424e-907b-93619f768434,62c9a557-5f52-4423-bcde-eed4b5d19836,FTP (LCD Soundsystem),2023-04-20 15:09:39.211844,2023-04-20 15:09:39.211844
1a5ed4ab-fe6d-4373-9202-18e2203ed032,7a9e7020-9285-40ef-91cc-e41215ed6d65,dyslexic,2020-04-22 19:11:32.686197,2020-04-22 19:11:32.686197
1e145d02-6e4d-4858-89eb-402da0de5f5a,07a8440c-2704-4943-b7dc-d6eb91059c60,LTP 2/6/2016 (80 shows),2023-04-20 15:15:28.119803,2023-04-20 15:15:28.119803
761b2499-bad6-4189-bd94-2306cc6c709b,69d0e819-dd04-4fa2-8a7d-c930c1c2c89c,inverted,2020-04-22 19:20:58.995217,2020-04-22 19:20:58.995217
16f3a873-1b75-43fd-b0b3-baabc53bb14b,d148dbed-250a-42b1-922a-0e16252cfea5,inverted,2020-04-22 19:21:41.656050,2020-04-22 19:21:41.656050
711e9ec6-5597-4942-a217-c9d4bd5f523c,94eba2af-07a3-4ef4-8ba0-3b5ccb78691a,With 'Shem-Rah Boo' and 'Basis For A Day' teases.,2020-04-22 19:31:23.776807,2020-04-22 19:31:23.776807
00e0c28e-8349-4dd8-bb6d-ef930b844459,b4aa2fb9-992e-4f66-a533-2c39ca98a2cd,dyslexic,2020-10-20 01:40:47.674794,2020-10-20 01:40:47.674794
03daa8d1-3e29-4a6e-bd6d-36dcd57621db,dd690ccf-6fd7-4464-89df-79b94d1daae0,LTP 8/27/2016 (68 shows),2023-04-20 15:18:05.535045,2023-04-20 15:18:05.535045
aabdcd6a-0466-4c02-b9aa-a7eb96d04c46,a088a849-224e-48ca-a462-fafdb192b47d,techno version,2020-04-22 20:45:05.572184,2020-04-22 20:45:05.572184
ece15f7b-17e2-4494-9e30-b32d03f685b3,200f9c41-3627-4f0e-9e97-af0f915ad1c4,techno version,2020-04-22 20:45:30.465505,2020-04-22 20:45:30.465505
ac9d570c-4b66-46b8-bd5f-34082d5e554e,dd690ccf-6fd7-4464-89df-79b94d1daae0,unfinished,2023-04-20 15:18:05.545970,2023-04-20 15:18:05.545970
28290e0c-e21b-4b94-ae2f-ed9bd7ee9b4f,3c7b78ad-ce96-47ef-81f6-77b4988c6f90,unfinished,2020-04-22 21:00:00.979060,2020-04-22 21:00:00.979060
e61e2f00-a688-413c-84d7-7d7b684d0169,7138da3d-0c5d-4755-b005-6e38292a8b55,unfinished,2020-04-22 22:23:54.659162,2020-04-22 22:23:54.659162
5e8b37a4-224b-4b35-a9be-9c7eda979b0e,c78fbca0-185d-4640-a603-93c49fdca571,unfinished,2020-04-22 22:45:26.864444,2020-04-22 22:45:26.864444
072a4a35-772e-4975-a5b9-61253fa0b830,bd9debf2-228a-4f80-8e3a-9f7f7edca152,unfinished,2020-04-22 22:45:31.261634,2020-04-22 22:45:31.261634
e44176e3-753b-4d22-9056-585aacee653a,fe56df7f-2b1e-4791-b253-cb80e26e5040,inverted,2020-04-22 22:45:35.489584,2020-04-22 22:45:35.489584
4a996e3b-bb49-4114-b269-5d9234826a90,1ba5b04f-7221-46ff-b30a-262ce8d6560f,unfinished,2020-04-22 23:09:28.529812,2020-04-22 23:09:28.529812
47a7b370-257e-4906-9914-ba7336c211f2,1f2c05ac-c504-4c4c-9e04-858e340164bb,dyslexic completion of 1/2/16 version,2020-04-22 23:09:44.674730,2020-04-22 23:09:44.674730
c5c96611-b893-4ff8-867c-ae0c4b9bbf22,879294ae-ab40-4745-ae6b-b01c43aa5aa4,inverted,2020-04-22 23:09:48.475823,2020-04-22 23:09:48.475823
80a5fb14-dbaa-444a-84b8-0d88f54ebfb7,df4d2784-7590-4569-a3f1-9b477eb6277d,completes 10/18 version,2020-04-23 00:24:59.763498,2020-04-23 00:24:59.763498
42ea7a80-37ef-4c9d-8f49-f8713263d22a,49727e5a-7d26-4157-8a3b-55af5a473c62,unfinished,2020-04-23 00:33:06.801247,2020-04-23 00:33:06.801247
d8f3ed1a-9769-49f5-aeea-8198546f62d4,4d817f80-f7d9-4b17-a6e2-c1f841258249,inverted,2020-04-23 00:42:25.240959,2020-04-23 00:42:25.240959
7592a7ed-3983-4988-9b8c-67dd7f25aecd,4202d88e-7c5e-402a-9138-7d1b55f18267,inverted,2020-04-23 00:42:30.571734,2020-04-23 00:42:30.571734
81f5fc7e-a37e-4a95-9b99-ef485aed62e7,b0b0c0b4-eb7b-42e6-a367-c0457a9ba920,middle section only,2020-04-23 00:55:23.138374,2020-04-23 00:55:23.138374
82c0af53-13be-4cb9-a71d-19e037511dad,cb99ff71-bd70-413e-b30e-fe75f444777e,inverted,2020-04-23 00:55:42.121241,2020-04-23 00:55:42.121241
c5d8c61e-f491-4615-82dd-39486407b042,f9acc985-1f5c-429c-ac81-90147f2f706d,unfinished ,2023-04-20 15:20:40.411750,2023-04-20 15:20:40.411750
3e40dc48-f977-4aa1-b6cd-d432e32f2fc3,9097b5e9-c1b3-4e0e-b4fb-55ec34194498,unfinished,2020-04-23 01:45:19.316268,2020-04-23 01:45:19.316268
874ab12b-6e84-4402-bd9c-ac9a5b3bdca3,25c0a8dc-06f8-4ae2-b9f5-6cb9d79048de,LTP 6/4/2016 (80 shows),2023-04-20 15:23:03.969693,2023-04-20 15:23:03.969693
b7040fa9-555b-4f8d-bf25-235ec1a1202f,8569a406-36a8-4337-9d8f-95a597875cb6,FTP (John Lennon),2023-04-20 15:31:29.022421,2023-04-20 15:31:29.022421
bc550e0d-f523-4ad7-931c-9da97c33e76b,08ce6668-b5e4-446d-8b8e-978c8202902e,inverted,2020-04-23 02:18:50.749047,2020-04-23 02:18:50.749047
f0fb0d84-0383-4d2a-8330-7bc1f32391de,aeb6d163-f8e0-4139-b1bc-dee4d75c6cb0,unfinished,2020-04-23 14:35:16.893008,2020-04-23 14:35:16.893008
05538e60-e7c2-4e15-bb07-e7561938797c,51495546-385a-420a-acb5-f91b2f229b72,unfinished,2020-04-23 15:27:04.694183,2020-04-23 15:27:04.694183
40d450f8-6988-467c-a09c-484075399254,6d5c0a69-7c68-4d5d-9222-e57ad00176ea,Beginning/ending only no middle,2020-04-23 15:44:39.396409,2020-04-23 15:44:39.396409
4d2ed142-c625-4cea-8a1c-4ccb286d691b,e3fb3362-483f-4f80-b072-68ce09b6a181,"With Shem-Rah Boo, The Very Moon, Jigsaw Earth and Basis For a Day teases",2020-04-23 15:44:47.885431,2020-04-23 15:44:47.885431
368315a0-1a39-4593-8e85-60b050a3e86a,e3fb3362-483f-4f80-b072-68ce09b6a181,"with Magellan, Little Betty Boop and Pat & Dex vocal teases",2020-04-23 15:44:47.921872,2020-04-23 15:44:47.921872
e3022d18-966c-4333-9cf6-e6d9e584b1ec,b15b0333-b361-4ea6-8933-ad5786121d5a,LTP 7/15/2017 (49 shows),2023-04-20 15:36:20.528124,2023-04-20 15:36:20.528124
de72049d-334b-4ec1-bdff-f9b6911b73f8,6bb865af-dd38-411d-9be8-0e6d52effcde,completes 1/18 version,2020-04-23 16:17:07.385083,2020-04-23 16:17:07.385083
4a550e34-db46-4ed2-a5f3-4ef920f54920,cae9f029-ff3b-4682-9141-e079a8bcecf9,middle only,2020-04-23 16:43:04.855529,2020-04-23 16:43:04.855529
739e9ac2-29ea-4c56-8dca-05fd8dd21a18,797aa129-cc71-4f61-a813-eadd7d0afa0d,inverted; with ‘The Thieving Magpie’ tease,2024-08-07 23:25:39.443477,2024-08-07 23:25:39.443477
7c9b993c-82cb-4856-93f4-6c02eb7ef892,ba1fe418-778d-47e1-806d-9fd22b3d37cd,unfinished,2020-04-23 16:53:44.564191,2020-04-23 16:53:44.564191
84e2df0d-e621-4993-a481-4400c2a56c48,02400ad2-1220-4d92-9eb6-440d265743bd,Alternating back and forth with '1999',2020-04-23 16:54:47.528520,2020-04-23 16:54:47.528520
d6dd111c-c062-4214-82fa-77eb028ee9fc,41597cc0-cd93-4c04-9ad1-12079bf7b3dd,unfinished,2020-04-23 16:57:03.330771,2020-04-23 16:57:03.330771
17b4bdf1-a107-42d4-847d-b6f84891c795,466f0e2d-b78b-48dd-90b7-f1b21275ac19,unfinished,2020-04-23 17:09:07.770054,2020-04-23 17:09:07.770054
52d37be1-04e2-4cb5-95a4-804d70016199,6ee20e59-49fd-4dc1-84de-4919dbb2b8d2,unfinished ,2020-04-23 17:14:43.847102,2020-04-23 17:14:43.847102
3b52fa9d-1eca-404a-a95e-fc05ef7ecef1,6761921b-1d08-45cf-b717-dc934306d607,unfinished,2020-04-23 17:17:31.560484,2020-04-23 17:17:31.560484
ed702e40-dc46-448b-a0ea-8d15a0f577f2,4742d3bc-2f3a-4c62-98b6-f4d6620adacf,inverted ,2020-10-20 02:33:27.107172,2020-10-20 02:33:27.107172
ec9a43bd-fc95-40ff-ae62-9809711b6a81,cdaa8dd4-6209-4e91-bfd3-c3ccbfe831ea,completes 7/18/08 version,2024-08-07 23:48:44.708771,2024-08-07 23:48:44.708771
1b8dd343-2c7d-4936-a45d-a635f032beff,6f1aad95-6930-4786-893e-246667dbf0b9,inverted,2021-05-16 01:02:52.865628,2021-05-16 01:02:52.865628
793dc9ab-06d4-4d8b-8570-473422a14ec6,affda7e7-c009-4be6-8d77-9d0e72b81026,with 'Munchkin Invasion' tease,2021-05-16 01:03:08.058316,2021-05-16 01:03:08.058316
abab9780-2ab0-4d9d-9fed-1f2f18e5b6ae,d173621a-ce5f-45ad-9a54-3ac18909718b,unfinished,2022-04-10 05:11:54.727918,2022-04-10 05:11:54.727918
7edf0df2-4647-49f2-8ec5-37c04b281367,802a4c25-b64d-4063-bb00-565e84830c99,unfinished,2023-11-28 17:10:35.055560,2023-11-28 17:10:35.055560
abb2dd3a-ccff-46a9-bc92-9d47c8ab57b0,c618878b-8f45-4e5b-a2e0-5cebde5607ae,LTP 10/3/22 (51 shows),2023-07-09 02:06:22.449314,2023-07-09 02:06:22.449314
b5ae868a-1421-4c7e-82d2-16a137043d64,c82b302b-16a4-446d-97cd-dffa5ce397b2,unfinished,2020-04-23 19:27:34.090922,2020-04-23 19:27:34.090922
7f906ebe-da4c-4912-a421-cdab97be474d,8fc3d3d7-62a2-4824-8f9e-86ce4b87f782,unfinished,2020-04-23 20:04:31.061176,2020-04-23 20:04:31.061176
673df754-4e03-4e47-bd78-88f9f4d57d61,dcadcf34-7c4d-4a92-a1f0-0e1a38ed97cd,middle/ending only,2020-04-23 20:04:37.540525,2020-04-23 20:04:37.540525
727c9f48-2372-4f0d-bf0b-4b9e02e13f42,ae7260e0-e439-4284-8485-7369ebfcaa31,Perfume version,2020-04-23 20:11:58.532195,2020-04-23 20:11:58.532195
c7e39dc9-a0bc-4da1-bb9d-f2d383ae630f,54c8e14f-3f13-4808-b60b-1a5052b384e6,unfinished,2023-11-28 17:10:45.201055,2023-11-28 17:10:45.201055
2eb3b301-bf07-465c-9b25-20aca87a00f2,3d12baa3-a305-4cdb-a9b7-57a7345e39a0,ending only,2024-08-07 23:48:51.447175,2024-08-07 23:48:51.447175
824e8ea4-574f-4f0d-87b9-501384f6c861,1c1d51e6-c5f8-421b-b878-f38bd28a8aa1,unfinished,2024-08-07 23:48:58.359972,2024-08-07 23:48:58.359972
8e42435f-fb46-4b40-94c1-fb1660868e9f,cf876c83-27db-4560-8727-7eccd8d7d92e,unfinished,2024-08-07 23:49:21.248406,2024-08-07 23:49:21.248406
5b9bf219-51b6-41aa-9575-e3737d286d74,f0c4c609-fa83-4f1e-8da2-88c0ac16a1fb,inverted,2024-08-09 18:43:31.224513,2024-08-09 18:43:31.224513
68710a00-054e-44dd-9487-89c32fb150c7,3d3007ca-9028-48d6-a86f-0d1cd43f7799,unfinished,2024-08-09 18:48:00.422201,2024-08-09 18:48:00.422201
f323ef80-d459-499f-9d12-b56edc381e6b,cfd33206-b578-430d-8a61-607080d8e580,unfinished,2024-08-09 19:05:57.092276,2024-08-09 19:05:57.092276
1dbd06a9-77ea-4f98-9544-524d60397511,2d28cccc-6310-4008-9dd7-f78b6c07e61c,unfinished,2020-04-23 20:19:19.269129,2020-04-23 20:19:19.269129
139473ea-7703-47e4-acf8-5420704b710d,f415158b-bbfa-46b7-8447-e207cd6a0a5a,Completes 4/9 version.,2020-04-23 20:30:26.747206,2020-04-23 20:30:26.747206
14755325-93a8-4453-b3c0-324b7723e1df,482258e7-4b15-40b2-a7bc-2e7da610e89a,unfinished,2020-04-23 21:19:23.121374,2020-04-23 21:19:23.121374
bef0d724-42ec-45b4-97ad-b70c7874c388,b44f3f57-11b6-47ff-87a1-87b7e3a3a6f9,With '1999' fakeout.,2020-04-23 21:23:15.799926,2020-04-23 21:23:15.799926
5c716d42-b7d2-4377-ada1-06bd9b639d3a,2132191d-5ce7-415e-a757-8e8650291094,Completes 3/17 version.,2020-04-23 21:24:39.596316,2020-04-23 21:24:39.596316
20e75b92-480a-4c8d-84b2-485e7d2f54a9,e3366c6b-003b-4b4c-bf6b-d935cb877bb1,unfinished ,2020-04-23 21:36:14.638121,2020-04-23 21:36:14.638121
a97232bd-25df-4438-bd01-e986e836da17,0093c674-1102-4f73-b631-1781d97d5fb7,completes 12/27 version,2020-04-23 21:38:39.186446,2020-04-23 21:38:39.186446
8d7b56bf-cdf3-46b0-b785-6fb1e3a4305a,76c8c8e6-b3fe-4e53-a0bf-53dabb79e7cc,inverted,2020-04-23 22:00:32.835877,2020-04-23 22:00:32.835877
7c10ab07-3ff8-493d-b6db-1931a75dae7b,1b7043d4-7411-4ace-b547-9b189bd05c76,unfinished,2020-04-23 22:00:52.658355,2020-04-23 22:00:52.658355
1f238810-9d9a-45a8-a6c6-d7933348a5ca,bb887ab1-150e-4e9f-b1a8-22e18e045b0f,unfinished,2020-04-23 22:00:56.700727,2020-04-23 22:00:56.700727
869e554e-d5b5-49d4-a0a2-df6b74d5b75c,ba6217f3-85fa-4510-a699-0b1294c51720,unfinished,2020-04-23 22:08:07.504172,2020-04-23 22:08:07.504172
3718fdc2-5bc5-4f17-b3d8-d33abed8917b,c60d5aa2-76ab-41d9-b7cf-f0aea1a8ac01,With Jordan Crisman of Cantus on bass.,2020-04-23 22:23:31.256178,2020-04-23 22:23:31.256178
be1e8ee6-e983-4a48-830a-af197467025f,ce9240b7-18ea-4df2-bdd1-b0c172df3eb9,ending only,2024-08-07 23:48:18.264110,2024-08-07 23:48:18.264110
21455203-978b-4829-a751-64bfbf58cfef,260cae90-8917-40e4-a1f4-802a8d9d5e9c,unfinished,2020-04-23 22:45:54.546225,2020-04-23 22:45:54.546225
aa74cc9d-3526-4a34-8936-ec6528cde403,7919dddb-a333-4074-b724-73f0996ac276,unfinished,2024-08-07 23:52:05.602954,2024-08-07 23:52:05.602954
7d68f959-0134-44a1-87b5-8ece5075b039,9c70b040-b249-487a-81b5-06b05605bb2c,with 'Star Wars Theme' teases,2020-04-23 23:02:31.910437,2020-04-23 23:02:31.910437
213cf0f9-26b8-49bb-b2c7-872c3c3d2aed,9e0798cc-43b6-4c36-b50f-1456b480e267,unfinished,2020-04-23 23:05:37.374326,2020-04-23 23:05:37.374326
47ede58c-687a-49f9-918b-c5a10c004657,1c8aac8f-7bab-45b2-aa90-77f6024205c1,With Jamie Shields of The New Deal on keyboards.,2020-04-23 23:08:10.136957,2020-04-23 23:08:10.136957
69e9c6ba-0e3e-475e-a180-4334b6240c95,78d7baf1-042e-4bc3-8c47-79931e372570,unfinished,2020-04-23 23:09:41.440679,2020-04-23 23:09:41.440679
a33bbcc5-cf9b-4c2a-b1d2-b7145ce5ca75,148d01f7-a7cd-487f-ad42-5fc1c3903d04,inverted,2021-04-04 00:55:48.752781,2021-04-04 00:55:48.752781
f4eac3c1-6fa1-417f-84cd-dc0814297504,52b12137-fc2c-4faf-acd7-534925e1dee4,ending only,2021-05-16 01:20:32.589425,2021-05-16 01:20:32.589425
360e98d4-ee80-43a9-ba0a-b0ebe6b0377a,646f3637-7f47-46b3-a980-5034bb17122d,inverted,2022-04-10 05:25:35.457346,2022-04-10 05:25:35.457346
76c843a9-fe91-4aa9-b9e0-a67e92136441,efa0f94e-cae6-4a2c-8a53-cf108112c9bc,unfinished,2020-04-23 23:12:43.583703,2020-04-23 23:12:43.583703
805df200-98b9-4aae-982a-dfad7cd0ee00,b1856d51-d750-41d4-86c7-e751a4c81a44,inverted,2021-04-04 01:20:16.617932,2021-04-04 01:20:16.617932
32660b4b-aa87-4fcb-a4b4-67d2d50c0d5a,9ba74e7b-c395-48ce-bf70-a42c6ee52474,with Camp Bisco 7 announcement,2020-04-23 23:14:58.968578,2020-04-23 23:14:58.968578
28811069-309f-49ee-b5ac-487191cc7d00,9ba74e7b-c395-48ce-bf70-a42c6ee52474,inverted,2020-04-23 23:14:58.951935,2020-04-23 23:14:58.951935
4558cf4a-d5ef-42db-8d18-912c11be60ca,176ad477-2a23-45a0-8e5d-8681042c2ae8,LTP 1/25/2013 (178 shows),2023-04-20 15:39:14.309891,2023-04-20 15:39:14.309891
91677d13-7c20-4f93-bf7a-1af0337417b2,2e7a380a-dabb-4745-9016-1546233bcf97,inverted,2020-04-23 23:18:14.627657,2020-04-23 23:18:14.627657
ff3d149c-aae7-4b72-b212-48484bff76ad,6a464a37-954a-44b5-b05f-bd978f163603,ending only,2021-05-16 01:52:20.458159,2021-05-16 01:52:20.458159
71d64fa9-e844-441c-a603-c13f2d8d9945,5140b32c-2ad7-4ae6-9e8e-d5cef29909a0,unfinished,2021-05-16 02:01:46.360921,2021-05-16 02:01:46.360921
a9b59d3a-ca34-4437-a2bd-6626c7373d3b,5140b32c-2ad7-4ae6-9e8e-d5cef29909a0,middle only,2021-05-16 02:01:46.385902,2021-05-16 02:01:46.385902
2375ad8e-71a5-4750-b91a-59ddf17302e3,3ac75a32-23fb-4b85-9627-ef40f35d3905,unfinished,2020-04-23 23:13:36.931757,2020-04-23 23:13:36.931757
0eb7fe18-4f22-43fb-8a13-2306f69ed880,d8680626-684c-40c4-94b9-ee6e05319975,inverted,2020-04-24 02:45:50.428860,2020-04-24 02:45:50.428860
862b8718-f366-4e69-8903-c403eb098a3d,b3ce622f-01dc-4ead-95f8-291e1b74e4e5,inverted,2021-04-04 04:01:11.469063,2021-04-04 04:01:11.469063
3878e27e-a139-4a0c-8fe6-73a4e32a633d,7919dddb-a333-4074-b724-73f0996ac276,with ‘Shadow’ fakeout,2024-08-07 23:52:05.635035,2024-08-07 23:52:05.635035
f6c24ee9-5953-4568-8f5e-9c407e7ef6c6,aa936667-8e4f-4c00-af26-268ef2f4f2f0,unfinished,2020-04-24 15:35:19.003599,2020-04-24 15:35:19.003599
a83051b2-f304-4812-96f1-99ed3398ea5a,1a093ad5-1640-49d5-8bad-f4161f2e82e8,unfinished,2020-04-24 17:54:56.425401,2020-04-24 17:54:56.425401
bbad8b1f-fa73-4a2c-94e9-d6bce19f4730,83200b99-f07f-424f-8556-97ee520036bf,"Dyslexic version (ending first, then beginning). ",2020-04-24 18:44:36.809482,2020-04-24 18:44:36.809482
3d8b4dae-bea3-4394-a577-84097fdfc054,20d8f203-7b3e-4ded-8f56-7eb6f2f4f506,unfinished,2020-04-24 19:24:10.471993,2020-04-24 19:24:10.471993
65d2a105-9b03-4993-bb2c-c67c0a67ba58,c706f326-dc55-463e-9c36-2efe61f62b86,unfinished,2020-04-24 19:51:55.862315,2020-04-24 19:51:55.862315
5bf31426-f739-46d0-9d3b-401eb8fa85c0,af46a693-223e-4ca7-a793-1e9972ba67ed,unfinished,2020-04-24 20:08:53.741643,2020-04-24 20:08:53.741643
b0e135e8-31cc-472c-84ed-b3de6800f38f,8ebc0841-f47a-47fd-8c37-cdc811dc6d45,inverted,2020-04-24 20:10:51.398843,2020-04-24 20:10:51.398843
e9234ab6-2eaa-4544-8b02-c04e6379692f,0122fdec-225b-4c4d-aa47-e54185e2cc48,inverted,2020-04-24 20:12:59.983517,2020-04-24 20:12:59.983517
edbd5f14-45c9-425b-ac93-46b24f74b4f6,36789927-f7f5-458c-9983-788fdfa8ddc7,inverted,2020-04-24 20:13:23.051179,2020-04-24 20:13:23.051179
6ff1858b-c019-4fed-9d1b-9f5b7e19b7d5,626b093f-080b-404e-9d3f-b128afd02c08,middle/beginning,2020-04-24 21:09:52.968204,2020-04-24 21:09:52.968204
0913a79f-a990-4717-a673-de27147da525,5e10637b-842e-4980-aad4-7f46aea3db5c,"beginning only, alternating back and forth with 'Shem-Rah Boo'",2020-05-01 15:46:13.253609,2020-05-01 15:46:13.253609
bf302149-1ee2-4a4c-be5d-a7e93a61e16f,f9a3c399-5fda-4962-99ad-5eeece421137,ending only,2020-05-01 15:46:24.959556,2020-05-01 15:46:24.959556
52fc9c18-c07c-4bd7-a0bb-685b39187be3,e80214b5-8938-4d38-8ac0-09c5eaa928fe,"2nd verse only, continues 08/30 version",2020-05-01 16:13:03.585014,2020-05-01 16:13:03.585014
2656b3ef-702f-4b78-af64-4b9f8c0363ca,b5fb1b9a-e4cf-4d4d-8834-6cffbd866ddc,unfinished,2020-05-01 16:22:43.667530,2020-05-01 16:22:43.667530
356cdb4d-75a0-49cc-8eec-1491e2620f52,b22eb5bf-31e4-40b4-9711-586affc190f2,inverted,2020-05-01 16:26:59.289396,2020-05-01 16:26:59.289396
0c03a8c2-edc0-4f2c-ba18-9354c6044694,78c36857-dbf1-464a-bff3-8dcf60683ff5,"‘Flight’ ending only, completes 6/3/17 and 9/23/17 versions",2020-05-01 16:27:49.645906,2020-05-01 16:27:49.645906
4deaaaf1-cf36-4508-b930-16bc3cdcb388,69377ec2-8ec1-451d-ad46-61849304ef75,unfinished,2020-05-01 16:28:22.710466,2020-05-01 16:28:22.710466
3ad1a32e-a57a-4195-b8e4-5b11023ab9f9,1a1c3f25-e5b3-4bf7-9d69-d16b3b99bb73,unfinished,2020-05-01 16:28:36.076307,2020-05-01 16:28:36.076307
3c963906-d496-49b1-8d9f-ae93dfe1f7ea,c64f03d8-a32b-4186-98ed-a31798660a26,unfinished,2020-05-01 16:31:59.417423,2020-05-01 16:31:59.417423
9b157c13-04d5-4726-b0c9-9a92ef842e75,c8c77c26-5eeb-48de-b553-b3c7ea7563b2,unfinished,2020-05-01 16:32:29.294752,2020-05-01 16:32:29.294752
5a26aa1f-b906-4cdf-9095-39281a0cbfb5,29277b99-3994-4844-97b0-ac125c54edc0,Perfume version (dub),2020-05-01 16:32:42.910100,2020-05-01 16:32:42.910100
fd3d83b2-cef1-4658-ac95-b7d02272cb49,29277b99-3994-4844-97b0-ac125c54edc0,unfinished,2020-05-01 16:32:42.955181,2020-05-01 16:32:42.955181
815cda7c-7355-4b43-8caa-d51d90f53cc2,e563e770-cb23-4190-b060-201d13e2a00b,Tractorbeam version,2020-05-01 16:33:08.455802,2020-05-01 16:33:08.455802
5c2dc5be-2029-453a-bde4-4b04bfb31038,e563e770-cb23-4190-b060-201d13e2a00b,end only,2020-05-01 16:33:08.466126,2020-05-01 16:33:08.466126
76d56525-b323-40b8-b596-933c0b51bc7e,11ba9e4c-25a6-4868-8d2e-4fbedbaa190f,middle only,2020-05-01 16:33:23.197863,2020-05-01 16:33:23.197863
271f4506-7091-47a9-b661-458c0bc448d8,0302aef6-469c-467c-8e47-c73c9c7bcaa5,middle only,2020-05-01 16:33:48.279837,2020-05-01 16:33:48.279837
28be73f4-4624-4f51-b9e2-3cb9e642939e,5ac10da9-7a55-4713-b0a2-fdffd5617f9b,Perfume version,2020-05-01 16:36:02.790861,2020-05-01 16:36:02.790861
e9425f69-004b-4db3-a5f3-ba492c7370f5,5ac10da9-7a55-4713-b0a2-fdffd5617f9b,unfinished ,2020-05-01 16:36:02.800104,2020-05-01 16:36:02.800104
57589c68-d74f-4e8a-80e8-859a6a6247cc,63a1cacb-46f6-4a4e-877a-ccd21f2ffc34,unfinished,2020-05-01 16:38:16.357323,2020-05-01 16:38:16.357323
3f4b8131-f547-48cc-ab54-a2386ec278bb,7554eddb-c67c-490b-8100-c4e5aaeeb42a,inverted,2020-05-01 16:38:36.843201,2020-05-01 16:38:36.843201
f9b3f11d-0e9f-466c-b7dc-299cec36e4e1,40eee5c8-d941-414d-97c4-ada0d43574cb,Perfume version,2020-05-01 16:38:56.084736,2020-05-01 16:38:56.084736
ac1aa83f-f278-4f0b-ad95-b13da55384f7,f0262c6c-011f-49ea-aba1-4afa5a35028a,with Ned Scott (The Egg) on keyboards,2024-08-07 23:55:31.396164,2024-08-07 23:55:31.396164
dc45f636-9a12-422c-8a20-60c53f9d18f9,eab55102-3cdc-4ea8-8c01-32be1410edc6,with the Boston Symphony Orchestra Choir,2024-08-08 00:32:34.372831,2024-08-08 00:32:34.372831
b4f771ce-e7f4-4f07-b119-a79d72df00ee,461e2ab8-94e5-4fd4-8d62-347193e1fc50,instrumental version,2020-05-01 16:44:51.158171,2020-05-01 16:44:51.158171
300b0aea-73a3-4330-9440-54ed56d32b2b,91548365-8bea-4670-b323-c48c2137ca46,inverted,2020-02-22 16:32:22.291741,2020-02-22 16:32:22.291741
05002994-d9ec-4054-9375-5a3e80910d87,614dfeff-3773-46e7-ad64-60560a1ffcf2,inverted,2020-02-22 16:32:26.360769,2020-02-22 16:32:26.360769
ecdc27b4-e6a3-4d22-876a-e9af7097ca47,e0a307f0-a7f4-428d-9e16-e372fba5a61d,inverted,2020-02-22 16:32:27.440096,2020-02-22 16:32:27.440096
21650690-9b44-4847-bdcd-384f877e732c,465646a2-bf75-415e-8533-2098b04db517,FTP (The Rolling Stones),2024-08-08 00:32:42.183643,2024-08-08 00:32:42.183643
7fe57843-117b-4c6a-b013-a485691cacfc,465646a2-bf75-415e-8533-2098b04db517,with the Boston Symphony Orchestra Choir,2024-08-08 00:32:42.203032,2024-08-08 00:32:42.203032
00b87fdc-df86-48b0-879c-28497f84e50b,cfc9dde1-7b25-4fbf-a47d-04b38f1e1b80,inverted,2020-02-22 16:32:28.626491,2020-02-22 16:32:28.626491
a1eca807-d97e-4363-a1a6-c35a95ad14e0,b8f4bb49-dacd-4ae5-abbb-7d6ed391dbe4,inverted,2020-02-22 16:32:30.734699,2020-02-22 16:32:30.734699
00d1cc6c-d5f4-4d72-bda3-82bbc8140881,ce686640-8e77-41a0-9315-a30a8c561138,inverted,2020-02-22 16:32:36.100281,2020-02-22 16:32:36.100281
5973b58d-97a7-4326-95ed-1428e525f8a9,d7326f19-2241-4d60-b573-ee930bb856d7,inverted,2020-02-22 16:32:37.141401,2020-02-22 16:32:37.141401
0803b517-ffdf-4daa-9416-40530ad6d1ab,51d26e00-5602-4974-a6f1-8f445bed676e,inverted,2020-02-22 16:32:38.302495,2020-02-22 16:32:38.302495
2fc542ac-9179-4cb7-97e2-ddbca0812d11,f5b4f0fa-ab8e-4000-ba4a-8deee63b617c,inverted,2020-02-22 16:32:38.748849,2020-02-22 16:32:38.748849
fb9d51d7-5089-4ea4-8ca7-0d2827f5bac3,d0792be8-5a9b-4897-8dce-cd9ffccc30c4,inverted,2020-02-22 16:32:41.360489,2020-02-22 16:32:41.360489
9ea18099-19a3-4e58-85c8-9469dd99d7b9,610b39df-46eb-4ab3-8651-3c3bb6ea745f,inverted,2020-02-22 16:32:41.558409,2020-02-22 16:32:41.558409
583f7d0b-031f-4b90-99a6-7cf727b1206f,913d6b6b-f76c-4e59-8797-091528ca369c,inverted,2020-02-22 16:32:47.458094,2020-02-22 16:32:47.458094
6f0bd8ab-45e4-4dd8-a946-0c8856991346,d7a5242d-ff72-45a9-bfeb-d840318622b8,inverted,2020-02-22 16:32:56.982648,2020-02-22 16:32:56.982648
0c0c19ea-9fd1-4c8c-92af-b2e14032c52b,5748fca3-bec6-46cd-b091-6ceaa88c07f2,inverted,2020-02-22 16:33:01.042041,2020-02-22 16:33:01.042041
f4343421-7bb8-4b85-b409-7ec14a2343a7,131c2dd0-4502-4f76-930c-bb4cbeadc523,inverted,2020-02-22 16:33:07.482770,2020-02-22 16:33:07.482770
ac3b38e6-b8be-4603-a552-b0158aea84f7,9cb6bf23-f273-4bfe-9e4c-b4d36c18b038,inverted,2020-02-22 16:33:08.610373,2020-02-22 16:33:08.610373
ddcc5c6e-cab2-4720-bebc-92ec179b48d9,d15276fc-ab32-4290-9e25-48fe8673b48a,inverted,2020-02-22 16:33:09.315910,2020-02-22 16:33:09.315910
139f70e7-7285-4893-9967-515eeec149ee,b75a703e-fdd7-4a9c-803f-658dd0a871a8,inverted,2020-02-22 16:33:09.560203,2020-02-22 16:33:09.560203
de331b40-9733-4c97-a31e-2e9e8f78821c,c264b92a-2d31-45ea-9801-6ad15ba6db6c,inverted,2020-02-22 16:33:10.515994,2020-02-22 16:33:10.515994
676c4534-cec3-484b-a8be-87cc66919b9b,71cacb59-eecb-47cb-b192-4758c65e532e,inverted,2020-02-22 16:33:11.456287,2020-02-22 16:33:11.456287
0153b061-22ce-45a8-847d-776f0a605d1a,dafee50c-cfec-46c1-9bad-2a83ced3cff6,inverted,2020-02-22 16:33:30.720949,2020-02-22 16:33:30.720949
97691386-fda7-4641-b157-eb0f41066b24,4545c334-9fff-459e-8223-5545833ca571,inverted,2020-02-22 16:33:31.602402,2020-02-22 16:33:31.602402
72ab93a2-b07b-4059-b914-32bb6d2f64d3,5b4d5f1b-c125-4ed9-b398-a31be160c036,inverted,2020-02-22 16:33:32.143962,2020-02-22 16:33:32.143962
0dfef956-2cb1-4f56-afba-cf9286a3d987,086bd86d-5074-4165-afac-b515b805c54b,inverted,2020-02-22 16:33:33.069782,2020-02-22 16:33:33.069782
4e125f29-233e-4166-b406-8cfe16919708,4b793c27-3b03-49f6-92f0-b6aec4f9cb6f,inverted,2020-02-22 16:33:33.858744,2020-02-22 16:33:33.858744
2eef8725-3cfd-44e0-9df6-9c3c76fdb491,91af2ee4-9ca3-4133-9324-977dfc977c7a,inverted,2020-02-22 16:33:40.548321,2020-02-22 16:33:40.548321
210b3603-1989-4cce-91f8-d60821bf9edd,03aa69d6-3c4e-4643-91e6-06cfc8ef3ac7,inverted,2020-02-22 16:33:50.253159,2020-02-22 16:33:50.253159
0cde554c-66ff-41b8-a41c-8c726edbd6e8,9a5c1de6-1756-4488-bb05-f534c69fbb5e,inverted,2020-02-22 16:33:51.654678,2020-02-22 16:33:51.654678
1a0f0daa-e805-4cb0-9c29-7563c2a92889,cb399e8c-e6e7-4b50-9aa9-44010c6628b9,inverted,2020-02-22 16:33:52.051929,2020-02-22 16:33:52.051929
dfeaae81-364f-44c6-8809-b9283610f971,a78860e4-362c-4f71-899f-d73747a6dcc8,inverted,2020-02-22 16:33:53.198494,2020-02-22 16:33:53.198494
10f70f5f-caf5-475e-91a0-edb7bd1b4ef8,1b127fba-45a6-42e9-bc1f-fb15a0415c92,inverted,2020-02-22 16:33:54.626567,2020-02-22 16:33:54.626567
79cca699-27c6-49e9-ac31-17ebfa3cedc9,2cbf7ead-1e4a-4d20-871b-b27f8099504e,inverted,2020-02-22 16:33:55.966473,2020-02-22 16:33:55.966473
698e01c6-d650-4bd8-9cbf-0e1d8ca7826e,b744ea06-3671-4291-a697-04541777aedf,inverted,2020-02-22 16:33:58.433562,2020-02-22 16:33:58.433562
25e366d4-aadb-4d31-912e-177229ef20ae,ce4c4a7f-1be7-4ab5-8221-a3130705c53c,inverted,2020-02-22 16:34:00.574127,2020-02-22 16:34:00.574127
f97e3310-cec7-45f7-8955-d8204811fbbd,a31bf2b6-ad4a-4dcc-a5bf-e3b1a36dc7db,inverted,2020-02-22 16:34:06.611079,2020-02-22 16:34:06.611079
29a7bfe7-d389-4f9e-983e-cd2269f1ed7d,d3f6a57b-ab96-4b97-a64f-30b0a8787289,inverted,2020-02-22 16:34:07.754233,2020-02-22 16:34:07.754233
51a8973c-2db7-4662-a4bf-b3a724edf862,f7197ba6-c782-4724-aa9a-c2c997389b35,inverted,2020-02-22 16:34:51.373790,2020-02-22 16:34:51.373790
6c00110d-1839-49f9-9d4d-b111f674e98a,b4353c04-6538-4b1c-99bd-c52638d29fa3,inverted,2020-02-22 16:34:53.572795,2020-02-22 16:34:53.572795
0703f52e-a67a-4b3d-a792-4222a23774ea,e62e237d-32c4-4d6c-b7fd-a4f2d0d2f554,inverted,2020-02-22 16:34:55.170012,2020-02-22 16:34:55.170012
8df26796-32df-4fe2-9dfc-63858cc033f6,2ad293f6-36f9-4903-8b0c-bd06f1482c14,inverted,2020-02-22 16:34:56.004115,2020-02-22 16:34:56.004115
d29995e7-993e-4cdd-a0ab-776f78d50d2b,cd11d3a7-c2fa-46b7-8427-a2026dc2f5a6,inverted,2020-02-22 16:35:13.797944,2020-02-22 16:35:13.797944
2b8c5435-52f3-425e-abcf-310b663c785f,396dd759-40a4-4991-ad1e-c51bff0aad3e,inverted,2020-02-22 16:36:06.899767,2020-02-22 16:36:06.899767
5086f232-d273-45d1-971e-832321688c7c,93ec8873-88fe-4c84-a945-a7b075076a9d,inverted,2020-02-22 16:36:07.426296,2020-02-22 16:36:07.426296
cb66a2fc-3373-4837-b800-de1863a2a0bc,374ce892-c0ea-4fe9-b380-c0a9fae7ace5,inverted,2020-02-22 16:36:08.304666,2020-02-22 16:36:08.304666
073413a6-29d0-44dc-837e-143e80965331,b61e5a76-519e-4b00-a001-be8eb90e7ff8,inverted,2020-02-22 16:36:09.843186,2020-02-22 16:36:09.843186
1774fa5a-1872-4df9-8481-ba09fd33261c,09401928-2927-4ebb-83a2-ea5e216bbdb0,inverted,2020-02-22 16:36:11.070691,2020-02-22 16:36:11.070691
471e20a7-fefd-4f13-9aa0-5b7b6c2a95d6,72001c4c-bfe0-4dc1-98c7-b686345ef529,inverted,2020-02-22 16:36:11.822172,2020-02-22 16:36:11.822172
2a53f0ee-a07c-4efd-9079-e1cf4be3be13,2f5a00cb-1b6b-4d5a-b45d-13c2dd948336,inverted,2020-02-22 16:36:16.786331,2020-02-22 16:36:16.786331
9f61ade5-9abc-4adc-a6d0-a48c8dae8acc,7bf0ba3c-2af3-4ea0-80bf-103571c713ef,inverted,2020-02-22 16:36:18.802382,2020-02-22 16:36:18.802382
fc150a96-d772-4613-8f72-66ed14ad7acb,38741787-c29d-4f24-95d4-9d86f3fcf8a0,inverted,2020-02-22 16:36:23.948811,2020-02-22 16:36:23.948811
04cc93e3-0c51-4fe5-9d39-782f51a6ef69,ff143303-e68a-4f12-ae84-3ffdaf7b24b0,inverted,2020-02-22 16:36:25.407019,2020-02-22 16:36:25.407019
ae81b7c8-b244-46f0-9a14-0c47686e79da,b8e55ac2-06cc-4748-988e-d53f374f3a8a,inverted,2020-02-22 16:36:28.968755,2020-02-22 16:36:28.968755
0399a292-3061-4a18-a4f0-d9174bf02d2d,1464f730-0711-4338-8554-86f53adedf07,inverted,2020-02-22 16:36:34.254862,2020-02-22 16:36:34.254862
a05becfb-0f94-4f6c-9f82-ae78c56e0261,8a039ba7-ec85-4fc8-8f6a-dfa4025c98c8,inverted,2020-02-22 16:36:34.750074,2020-02-22 16:36:34.750074
56d80be8-bd48-4fe0-8c12-695433221ad0,3e0515c3-ca54-4efd-990e-967fbab7a8b7,FTP (tDB original),2024-02-29 15:06:03.106143,2024-02-29 15:06:03.106143
cb4b03d8-a4fb-4fbc-8f28-f526c67e10f1,27775070-5d9c-4cc7-a770-29cf0894ed97,inverted,2020-02-22 16:36:41.721163,2020-02-22 16:36:41.721163
57d5cc87-13d1-479e-97d9-647c97a056a7,7139de2a-8c07-4c03-bdfa-283a2c6bf5f3,inverted,2020-02-22 16:36:43.117084,2020-02-22 16:36:43.117084
96b99fe0-c005-4799-a539-31fb32ee146f,51e909ad-6b65-478b-b223-8befc2352b11,inverted,2020-02-22 16:36:52.779833,2020-02-22 16:36:52.779833
f127ef6c-4bf1-4f29-ba11-6820a5106752,e37e8e28-3fd9-4973-940e-1f814406aabc,inverted,2020-02-22 16:36:53.278417,2020-02-22 16:36:53.278417
ab9c67b2-067f-4767-aceb-2599857f51fc,d1e3ff89-5ff1-4592-be9a-173441779377,inverted,2020-02-22 16:36:56.187112,2020-02-22 16:36:56.187112
7d17f388-c8d1-4f3d-9d97-c2cece418cb3,71d0d7ee-34bd-4935-8f76-f1446e05c040,inverted,2020-02-22 16:36:58.530483,2020-02-22 16:36:58.530483
197bc857-79ed-4f8c-aa34-f32993c23a0f,d4ed46ca-1471-4ad6-b30a-d86074ec9edc,inverted,2020-02-22 16:36:59.374493,2020-02-22 16:36:59.374493
d2249df5-90e0-4e8b-8f09-7cc27b42c0e4,056e3fc7-4f14-4c4f-9dc4-0890bd171149,inverted,2020-02-22 16:36:59.883538,2020-02-22 16:36:59.883538
0812162f-ce8e-4cb3-b042-0567ac6512a1,5daef92d-fd8f-4091-8813-a5b237db0b35,inverted,2020-02-22 16:37:00.078242,2020-02-22 16:37:00.078242
c4dad9f4-85b1-4dad-a796-5357a6dfc4df,39b2a92f-57af-4e01-b49a-a2d7ac01fd7c,inverted,2020-02-22 16:37:01.127062,2020-02-22 16:37:01.127062
fe7fa4bc-0c0b-49e0-bf3f-3819283d208e,04eb769c-5b90-4b41-a1bb-e0be08743236,inverted,2020-02-22 16:37:08.530881,2020-02-22 16:37:08.530881
d0bbd94c-b632-4b1d-87cb-069c53d02fd5,4c7813c3-dafd-44e3-bcba-b151ce529392,inverted,2020-02-22 16:37:12.033988,2020-02-22 16:37:12.033988
4a33e59f-66a1-4c31-825d-f7f4c264b0e0,097448c5-eba8-4114-aa2d-85a98706f1c2,FTP (tDB original),2024-02-29 15:08:41.125641,2024-02-29 15:08:41.125641
81af76ab-7518-4b8f-a4dc-964c95a2c704,33a802b8-23fb-47e7-b099-96957b5287fa,inverted,2020-02-22 16:37:44.565308,2020-02-22 16:37:44.565308
7b829db2-8bbd-4fea-92c6-17d328ea8c12,1f33f660-b71c-4bc4-8774-b0e7bb2851cf,inverted,2020-02-22 16:37:46.444979,2020-02-22 16:37:46.444979
7f197d54-70fc-43df-b8b6-21f53cafd338,7655d42f-bfef-4aa9-952b-76e087fd212f,inverted,2020-02-22 16:38:25.672894,2020-02-22 16:38:25.672894
813019ee-f9d4-49a4-835e-c0c9a94f2fbb,fe5052a7-1a3c-4c70-a24e-9a67cba155f4,inverted,2020-02-22 16:38:26.098650,2020-02-22 16:38:26.098650
f4eeffd6-be0b-4629-8238-634e1c48cf8f,976ed13f-c5ef-4969-ba5b-619f4ecf5a62,inverted,2020-02-22 16:38:26.555130,2020-02-22 16:38:26.555130
d7472dca-01d3-42a9-ab01-b4790c1fe06c,09c57a14-8e59-47f8-88b3-6cd422ea1fc3,inverted,2020-02-22 16:38:26.926323,2020-02-22 16:38:26.926323
e10212ac-22a9-43e2-8cf7-eabbe81c7bd4,f1803a20-43ce-439c-9e67-4ac9a41046c9,inverted,2020-02-22 16:38:28.049482,2020-02-22 16:38:28.049482
718908de-2d99-44f3-9a60-fe7a242bbeee,00ea421b-224b-487d-a4c9-1e779ed0438d,inverted,2020-02-22 16:45:11.808485,2020-02-22 16:45:11.808485
976f9d0d-8604-4a97-85b1-ca8779f58274,f0118b92-81d8-4e54-ad14-5c77fd6c7a66,inverted,2020-02-22 16:45:12.974827,2020-02-22 16:45:12.974827
e9ad7d03-02f7-4141-a3e9-bdc089483f8d,dc6ab571-5977-40d2-9f7b-3922d06fdd4e,inverted,2020-02-22 16:45:13.387087,2020-02-22 16:45:13.387087
f2eb9ffc-03b0-41ee-a257-a77c3ab96dc9,ff21ae27-3d7b-47e4-9ff0-db326be82eb7,inverted,2020-04-18 21:00:24.271736,2020-04-18 21:00:24.271736
a934231b-9c7a-450e-a1a4-b1576d1e9f46,916fc06d-29d1-4cee-9914-9f23c7851d29,LTP 12/3/2016 (88 shows),2023-04-20 15:50:03.070059,2023-04-20 15:50:03.070059
251ca0d6-29e5-4d34-8f14-d04897a335d2,6c3f2314-25e2-41c3-896a-7f342638411f,inverted,2020-04-19 00:24:47.276560,2020-04-19 00:24:47.276560
a5962351-2c06-4271-9a23-b050fcb44fdd,d1e2717d-e3ad-401a-bc7d-3f4478d0ae16,inverted,2020-04-19 00:37:23.195396,2020-04-19 00:37:23.195396
23df96c9-3152-425c-b95b-c8129e7b10b4,89f86db0-1b5c-4b84-a6bc-38576a524475,inverted,2020-04-19 00:39:01.633720,2020-04-19 00:39:01.633720
1c9d0b04-c579-4fee-a7d2-110c2e54c8d7,1ecabbd2-83d9-4e88-ba7d-ade10d9fd36a,inverted,2020-04-19 00:39:07.445335,2020-04-19 00:39:07.445335
a6904b52-4bc1-43a2-a29b-267fde50c9b8,b7005038-6da2-4981-87f3-075fdb45b5ab,inverted,2020-04-19 00:42:55.176277,2020-04-19 00:42:55.176277
6b6500fe-2741-4bcb-b6e7-5f060e71f841,77016c7e-7f83-47c6-915e-505b52a914b8,inverted,2020-04-19 01:39:47.637090,2020-04-19 01:39:47.637090
feec6e9f-f25a-4836-becf-6c1027f8e574,223a446d-ae9d-4714-96aa-1e4622557650,inverted,2020-04-19 02:21:29.262169,2020-04-19 02:21:29.262169
7d6430bc-c4cf-47e7-8e66-13f14df8a59b,0510e4a4-8d55-4d82-9d09-c12aa515ad70,inverted,2020-04-19 02:21:55.922028,2020-04-19 02:21:55.922028
11367370-244b-4620-b823-f786c1b62b15,8a940ea5-6f5b-4dac-a00b-4d273e6505fa,inverted,2020-04-19 03:13:03.897457,2020-04-19 03:13:03.897457
23aa3514-7a8c-48c1-be7a-5e89fb66cc20,c4e07d32-1352-4f7c-86e8-308d4a01bd0c,inverted,2020-04-19 03:18:16.608133,2020-04-19 03:18:16.608133
8586496f-5e54-44d0-af81-b56d4cde7c9a,ece90c8a-d9cb-4061-88ea-be02836ff583,inverted,2020-04-19 16:35:10.836552,2020-04-19 16:35:10.836552
2298248f-8da2-4bf0-a74c-d7616bd13672,2414e1b6-26cc-49d9-80e6-66613c9723a0,inverted,2020-04-19 16:35:20.231967,2020-04-19 16:35:20.231967
8cb1b405-f53b-4762-aacf-085cf86beac1,33a6710b-6e92-4f32-981f-9c11528807b9,LTP 12/31/2017 (50 shows),2023-04-20 15:53:39.329525,2023-04-20 15:53:39.329525
d5254184-7586-43ad-9b78-72c975215af5,d023d740-f2bf-4435-a937-e367615157b6,inverted,2020-04-22 17:27:14.917660,2020-04-22 17:27:14.917660
4a5ea34d-355b-4c3e-9cc0-10a43f7ae299,123e229c-c720-41b4-bc74-2801bab0bf0c,inverted,2020-04-23 01:26:23.766161,2020-04-23 01:26:23.766161
c722006a-6774-4c50-9602-e5ffbb3f2ac7,63fd4572-572f-4946-9376-b9d390ee38d2,inverted,2020-04-23 01:27:52.135078,2020-04-23 01:27:52.135078
e74d0898-2cbe-4540-9811-20a8b4633fa2,e9eef18e-f1ae-42d5-bc50-7447023d21c6,inverted,2020-04-23 02:07:53.995933,2020-04-23 02:07:53.995933
ff256a2b-f62b-4b03-8584-915ec5ba200b,6c85142e-8956-42ad-a4e1-13e2e8d80925,inverted,2020-04-23 17:25:36.174556,2020-04-23 17:25:36.174556
f710ba50-ac11-45d4-805e-d078883ce5ae,effffedc-9ce0-4d05-97e0-b2d50069acdc,inverted,2020-04-23 17:40:29.647458,2020-04-23 17:40:29.647458
c97d06c7-cd36-4ad2-92ca-766c41aeada5,70265753-315f-41d7-8886-cef1d897be1f,unfinished,2024-03-19 18:21:49.303002,2024-03-19 18:21:49.303002
9cfa81ab-1b07-434f-b909-faf95961ba20,fb46a43a-8fea-494e-a62e-dead97c6c2c3,inverted,2020-04-23 21:00:39.923252,2020-04-23 21:00:39.923252
f7fb2e72-f273-4eeb-813e-863a5b0ac2b6,4e733542-2cd2-4c52-9c9c-f4d19b3aea3a,inverted,2020-04-23 21:01:17.647541,2020-04-23 21:01:17.647541
a1280d6a-736a-4ced-939b-5a9b817042e7,ae50bf33-f654-4c15-b761-109ae26d25c4,inverted,2020-04-23 22:05:43.687724,2020-04-23 22:05:43.687724
815ae0be-1807-49b9-b804-4292e42b3451,9838c595-c92b-4b50-985c-efb0616d8178,inverted,2020-04-24 15:22:52.211373,2020-04-24 15:22:52.211373
8e4b129a-bd36-4414-8d08-5f24c9e51318,5ef65657-fc19-47a0-a003-5f245226827a,inverted,2020-04-24 15:24:39.545978,2020-04-24 15:24:39.545978
e86791c5-b54b-4a79-8895-3a14da9741de,cb383e85-f61d-4b93-9a77-28b683cae3d6,inverted,2020-04-24 20:09:38.349395,2020-04-24 20:09:38.349395
f91e5c2a-508c-416c-be85-818b9ed52975,9afa20db-a9b3-4278-934e-dda92e58bd5f,inverted,2024-08-08 00:04:17.993236,2024-08-08 00:04:17.993236
1e0d9251-7075-49f6-a3d8-9f6af9bb3626,60336285-e7eb-4055-b8e2-1531bb8ba737,Technical difficulties; set ended early,2022-06-18 23:33:03.683159,2022-06-18 23:33:03.683159
10237861-dbd4-4ea4-a668-5fc568e209a7,078d9fac-d1db-40e9-8921-affe9ab7c678,inverted,2022-06-19 01:54:01.433353,2022-06-19 01:54:01.433353
278d62f1-19f5-4174-a9bc-b35073198d94,ae9f4f83-af65-4cf8-87c4-59becbea4fd0,unfinished,2022-06-20 00:43:48.780040,2022-06-20 00:43:48.780040
16d53912-f28b-41c2-b18e-83a071232d95,d817320e-b058-4523-8f39-e2e420df46a0,ending only,2022-06-20 00:45:37.734765,2022-06-20 00:45:37.734765
581d6774-6ba2-4f0f-bc05-d02d6adbd4e9,ca4e3beb-c115-4b06-97fc-97e96b36c418,Segued out of LP Giobbi's set,2022-06-20 01:22:26.200868,2022-06-20 01:22:26.200868
8db637c2-0663-4f7a-9597-d67bdc236e5c,12df60d0-9d47-4515-9118-183ffe091fb1,inverted,2022-06-20 02:00:37.576366,2022-06-20 02:00:37.576366
2fba542d-0ea5-47d1-b4d4-c43f0f74264b,c9f8ac62-3220-4349-9222-f40923935a3d,inverted,2022-06-30 02:19:03.253943,2022-06-30 02:19:03.253943
479a5d1d-0f83-4cc5-81c7-dcba414a58c8,16a5ab18-d721-4ab1-997c-a8e73a3598e2,with ‘The Great Abyss’ fakeout,2024-08-08 00:06:20.669545,2024-08-08 00:06:20.669545
ac1112be-e32e-46e3-aa1b-ce210bbde313,debb7249-a175-4b83-abed-f02966811e66,inverted,2022-07-02 11:48:37.956838,2022-07-02 11:48:37.956838
f6fe9335-c25e-4855-b522-aa0c59346c5b,0d7c41cf-9e6c-4507-912b-95ee350a234f,unfinished,2024-08-09 18:43:50.567586,2024-08-09 18:43:50.567586
318a8e9c-1a5a-48d7-99e3-9c3192bd5f10,bdd80a32-580d-4959-a356-2f11b01bff78,inverted,2022-07-10 02:43:26.614617,2022-07-10 02:43:26.614617
22631701-0b8e-421b-b6f1-1f4df8a1fbca,bdd80a32-580d-4959-a356-2f11b01bff78,with 'King of the World' tease,2022-07-10 02:43:26.800988,2022-07-10 02:43:26.800988
67df9c32-08aa-476e-80fd-1b820fbd5b32,750747bd-c9fb-476b-ac39-70d5e82fdbcc,inverted,2024-08-09 18:46:01.511086,2024-08-09 18:46:01.511086
ed54807e-31c7-485a-a654-98d2186280a5,24181230-9c6c-4c6a-a66b-2f91b48bcb0e,unfinished,2022-07-16 18:51:13.918872,2022-07-16 18:51:13.918872
1d70e839-50f9-42a9-a005-6cf867e80e6e,33704c16-47e5-4b2f-a586-7791898c7fd4,unfinished,2022-08-11 20:09:07.811135,2022-08-11 20:09:07.811135
5ea2279b-5652-429a-b769-90954bb1ce64,b361e183-982d-43dd-98fd-2a65bdf28b27,FTP (tDB original),2024-02-29 15:06:52.306821,2024-02-29 15:06:52.306821
3ff35b6d-d1c1-4c6f-b8d3-bfa221a5d070,02298c1b-a38b-4053-9046-2d049978c255,ending only,2024-03-10 18:43:29.486034,2024-03-10 18:43:29.486034
ea19cfa5-f063-47a6-8343-581b28aa4486,02298c1b-a38b-4053-9046-2d049978c255,with ‘Baddadan’ (Chase & Status) samples,2024-03-10 18:43:29.664070,2024-03-10 18:43:29.664070
7e6b59bd-0be3-4550-9bd2-0e5a2d3fff66,2ce5dcd8-93fb-47cc-9add-502d0e8ea3f8,inverted,2022-08-13 05:24:20.372231,2022-08-13 05:24:20.372231
3769558f-884a-43c7-b3b5-3fa5ab560d2e,9c611296-81ee-4273-8c2c-a30303776cdc,unfinished,2022-08-13 13:38:32.936980,2022-08-13 13:38:32.936980
05c5e52f-cb7f-42e6-badb-1bd01d5e556f,36b92431-aea0-4edd-8afe-cbdc1df77d18,inverted,2022-08-13 13:58:39.396389,2022-08-13 13:58:39.396389
ab771e34-d946-4414-8d80-94af0919dc07,a288414f-c85b-4bb0-b6ec-598e6c386452,with 'Helicopters' tease.,2022-08-13 13:59:32.735952,2022-08-13 13:59:32.735952
57e6d12b-d498-4fa9-bad4-9e84c3147be4,dabd2193-7a80-4ee7-98ad-2ee065dee3a3,completes 4/13 version.,2022-08-13 14:00:28.356007,2022-08-13 14:00:28.356007
2e9b535e-0746-467b-8ccd-042c8da19487,6c9f5d52-4443-4d4e-9404-1991e52ebc9c,With 'Bernstein and Chasnoff' fakeout.,2022-08-13 14:04:45.036207,2022-08-13 14:04:45.036207
b47fbebe-b842-4e4c-9aca-c2c81861bba4,b9ff11ef-a4b4-4702-9bc8-79ae675c43ab,inverted,2022-08-13 14:10:48.620106,2022-08-13 14:10:48.620106
c88c56d0-7eab-44e8-8ba7-58c490a63ce8,dae695e1-c3c9-46ef-99e9-cf45907cd453,With 'Kamaole Sands' tease.,2022-08-13 14:11:00.766918,2022-08-13 14:11:00.766918
7c62cf01-238d-45ea-b51e-a89a21074a19,a7ab9e9c-4124-4f8d-b2f6-8b324bd92bad,inverted,2022-08-15 01:26:51.262150,2022-08-15 01:26:51.262150
60735ff6-7b05-47d7-99c3-2708483a7dcb,4ac86be5-0a7c-4b84-a771-a9eac2155bf8,unfinished,2022-08-25 15:17:15.616438,2022-08-25 15:17:15.616438
68a12e59-cf58-468b-9724-d9c58b052afb,dce5576e-9868-4cd0-9b91-28ee7e4b3ad2,unfinished,2022-08-25 19:25:21.768358,2022-08-25 19:25:21.768358
5836ff96-d2bf-420c-a4c8-f943f8f35d0b,264a57cd-db1d-44fb-82a0-fc231c828efb,unfinished,2022-08-25 19:25:31.082525,2022-08-25 19:25:31.082525
a5996393-fffb-43f3-975d-77ced9d94026,b86f9db2-7555-4a34-9591-999e0a94731a,dyslexic completion of 8/21 version,2022-08-27 13:00:05.862645,2022-08-27 13:00:05.862645
0e456f52-3558-4815-88e0-6f0f590d7b32,5cc3472d-e471-485b-b5ec-2af67b99c8fa,inverted,2022-08-27 13:01:33.386959,2022-08-27 13:01:33.386959
332ec36b-01c4-4ef4-92ea-1042b5d02dd2,8d049ba8-d131-47f9-af9f-198fc4ada48b,unfinished,2022-08-27 13:03:25.340844,2022-08-27 13:03:25.340844
40101971-212e-4d72-8cec-316fec22a322,370e9701-49dc-42e2-97ec-585643a6e170,inverted,2022-08-27 13:27:04.381639,2022-08-27 13:27:04.381639
025272e5-290b-4630-9014-312880c86aff,76f38e32-62f4-46f5-8f82-e4631b76f04d,inverted,2022-08-28 00:24:11.596794,2022-08-28 00:24:11.596794
6c171105-0009-45ab-855e-1015afeebeb5,b54d3db3-fc33-4c0d-b2b4-df7a4f18694c,inverted,2022-08-28 18:41:56.818822,2022-08-28 18:41:56.818822
6ca7b21a-08d8-4b7c-9b9a-d56597cd7f17,a66b2599-7b12-4dd9-a4bb-6053c10b9bf7,inverted,2022-08-29 17:29:11.087834,2022-08-29 17:29:11.087834
b809e6eb-dae2-4ded-8ec9-af01e614e131,e36c4c3b-33a1-467e-83a5-fffa54eeb6f0,inverted,2022-08-29 17:30:53.410429,2022-08-29 17:30:53.410429
64c6cb3b-a7cc-4929-9bdc-dcea8cbb3e30,0d3be0da-52a2-4641-8717-ac935bfadbb2,inverted,2022-09-09 03:00:38.727985,2022-09-09 03:00:38.727985
e174ebb5-0881-41d8-a0fb-02107051ac87,a4400185-0ee6-4e48-9bac-40530e34b1eb,with 'Norwegian Wood' tease,2022-09-09 03:50:11.776845,2022-09-09 03:50:11.776845
397b8ff7-a4b0-46a2-8895-70c3ac5aa694,83358807-9b24-427e-a243-9f4c4569611c,inverted,2022-09-10 03:49:53.088719,2022-09-10 03:49:53.088719
7fc68af8-6a54-4363-afda-967f249ba1c7,082c1bf7-45c0-499d-81e2-cf55ded0a680,inverted,2022-09-11 01:15:45.851042,2022-09-11 01:15:45.851042
876661cd-02db-45ce-b70d-2501b614a179,aabe38ea-3f3b-4bd3-b5bc-fff611bcb04e,inverted,2022-09-11 03:33:09.134568,2022-09-11 03:33:09.134568
7e5c5d37-26d4-4ebd-aa55-8d1a8af91048,0f764e78-8808-4c92-bf10-d4f9f635a379,inverted,2022-09-28 22:47:22.319047,2022-09-28 22:47:22.319047
9d90d0a6-fc36-4c1d-8e75-89baad034478,96cdd44b-c96b-4682-90bc-6b99aae13c2a,"With 'Above The Waves', 'Aquatic Ape', and 'Crickets' teases.",2022-09-28 22:48:19.042784,2022-09-28 22:48:19.042784
2134130c-eea6-46f1-a615-bc3157379e03,8136768d-2971-49b6-819e-bb85eeec9f06,With 'Ring My Bell' (Anita Ward) tease.,2022-09-28 22:49:19.101315,2022-09-28 22:49:19.101315
68819f70-d432-47a2-9731-eb345f8307b3,3a71612a-3f81-4888-99d1-7d7611e8f508,"Inverted version, followed by another ending.",2022-09-28 22:49:34.797478,2022-09-28 22:49:34.797478
2496a208-f081-4beb-a366-c9eaaceb1115,a9a49dea-39db-4fb9-985b-20da273f386f,With 'Come As You Are' (Nirvana) tease.,2022-09-28 22:50:19.765766,2022-09-28 22:50:19.765766
295afe04-ff5b-4bbb-81b5-fdec86fdb706,278741e0-f898-4a10-8b1d-8db63d7a1ded,With 'Stonehenge' (Spinal Tap) vocal tease.,2022-09-28 23:02:49.544175,2022-09-28 23:02:49.544175
4ca7c1a6-3156-44a8-a245-244fffb7eaab,146be8cf-f6d9-4648-805c-dca7823a1e30,inverted,2024-08-09 18:46:08.192857,2024-08-09 18:46:08.192857
7fae0956-0186-462e-ab06-a947a166ee86,21509bba-e9a1-4d50-8c59-af15cbb99c18,unfinished,2024-03-19 18:22:30.431682,2024-03-19 18:22:30.431682
b5eadbe0-9462-45a1-bd5d-b6daa0fd05a0,bacdd86f-a59b-42bf-97e1-4616bcb7020a,1st time inverted,2022-10-07 11:51:39.944571,2022-10-07 11:51:39.944571
ebdb526b-881f-48d0-9b87-3bbed7608fd3,8c5c84b6-a958-49eb-92a0-af7a0fd83ddc,completes 12/19 version,2022-10-11 20:51:34.635330,2022-10-11 20:51:34.635330
3f5a978f-8cb6-4a4e-b7c3-c6c3c4c01d9a,7b11ed1a-ef0f-4935-b3db-e7d8ef7898d2,1st time inverted,2022-10-19 21:01:03.659992,2022-10-19 21:01:03.659992
00be6a7c-8c04-49c1-b6c3-ebc4ea6e40d4,0088014e-05e9-41bd-a318-7beeb56ac7b1,1st time inverted,2022-10-19 21:10:31.030946,2022-10-19 21:10:31.030946
cb8a319d-602a-434c-bed8-ee922f85c922,4b960510-ba3a-4c74-ac7b-c472d0f5c568,1st time inverted,2022-10-19 21:15:12.704413,2022-10-19 21:15:12.704413
df9183fc-66f4-4643-8726-40180b088d95,d4bd6fa4-779c-4cda-a081-c999f19b7db2,LTP 6/17/23 (63 shows),2024-04-05 18:02:33.875764,2024-04-05 18:02:33.875764
a4701fbc-214a-4442-8564-3baf7874837d,def475d4-9c94-4ad4-b926-1ba5884d8f87,1st time inverted,2022-10-26 18:01:49.280004,2022-10-26 18:01:49.280004
fedf2ee1-d6be-4117-a48b-a80997642497,6894894f-c48e-46d8-ad97-3b3bc1ba9993,1st time inverted,2022-10-26 18:07:23.820467,2022-10-26 18:07:23.820467
88de6241-6b7a-4040-8b67-638c63d09879,3209c8de-748e-4317-8651-3a473f5db958,1st time inverted,2022-10-26 18:07:41.060192,2022-10-26 18:07:41.060192
d59dd24b-7a12-4db4-b38d-7a79e20d96b2,ff689365-0057-4129-91cc-8df5eb858a74,1st time inverted,2022-10-26 18:09:45.793457,2022-10-26 18:09:45.793457
76a2c371-1fcc-4f1f-9989-153fe6307d14,cd809f24-7b16-4646-bb8a-5644d8686680,1st time inverted,2022-10-26 18:11:44.463826,2022-10-26 18:11:44.463826
040566e6-5534-4abd-8d84-3124f3da7046,525610a6-b28a-4fcf-ae3f-aaf35a29aeda,LTP 12/28/2018 (71 shows),2023-04-20 20:04:54.496782,2023-04-20 20:04:54.496782
b08b2d08-5b9d-4510-b093-7ad055eb8365,1dcdd644-9f88-4f17-9f89-1245aba9dcb8,LTP 12/28/2018 (71 shows),2023-04-20 20:05:09.080711,2023-04-20 20:05:09.080711
f9e6a4d6-0d61-4110-b7b3-0613e5ace9f7,d4bd6fa4-779c-4cda-a081-c999f19b7db2,with ‘Go to the Mardi Gras’ (Prof Longhair) samples,2024-04-05 18:02:33.886371,2024-04-05 18:02:33.886371
fabcb6f8-4e2b-4dc0-8ebc-0752bb5a4b85,761bc2b0-c9ff-4eda-b1d6-ddd91d20c533,LTP 9/4/10 (155 shows),2023-04-20 20:20:45.911315,2023-04-20 20:20:45.911315
eda954bd-cb44-4967-b9de-60d325b5c0e7,7ad0b801-b312-4df9-aa02-e8b7ddbd2940,with ‘Basis For A Day’ tease,2024-08-08 00:07:48.974430,2024-08-08 00:07:48.974430
cd5846f3-83b3-4fa3-8d68-91ffabbc9402,63426294-f65b-4202-94af-823a664cef65,with ‘Big River’ (Johnny Cash) samples,2024-04-05 18:03:08.857720,2024-04-05 18:03:08.857720
75181974-ef70-4cf0-8b59-fc51dc975185,b53a96b0-0d0d-40ab-8dea-c10ee18e49cd,inverted,2022-10-28 16:22:25.332285,2022-10-28 16:22:25.332285
afe44165-195c-400f-81f9-252bafacb6a3,4765518a-7d75-44ad-ad5d-d9335b31efe2,inverted,2022-10-28 16:23:15.949247,2022-10-28 16:23:15.949247
47852156-81fb-412c-8252-0015ccc66027,d514d3f4-7a8e-412d-9702-890447e97700,inverted,2022-10-31 01:04:22.299383,2022-10-31 01:04:22.299383
7d0612c5-1882-40b7-aab9-b3f1adbaeb0d,e3104323-ebec-4ce1-88a8-914a711a32f8,inverted,2022-11-02 01:05:27.421267,2022-11-02 01:05:27.421267
fa2b8a62-0564-45b9-a915-8cabc0c4abf6,1f053a86-6ee8-4ea3-84ee-0a424650835f,unfinished,2024-08-09 18:46:17.987867,2024-08-09 18:46:17.987867
178b80bb-afe1-4e69-b7cb-35ebf5f29f8a,009d231e-93c3-4843-a981-7b42330442bf,unfinished,2024-08-09 18:46:37.479977,2024-08-09 18:46:37.479977
7bae12b0-dc53-4e3a-bf06-db000cefa499,774653d4-1788-4532-994b-1e0b12a445ca,Fusion,2022-11-02 20:24:38.976262,2022-11-02 20:24:38.976262
2ef32408-9dda-43ad-9c6c-0736c38dedd4,1273ca44-5eeb-4444-b951-168cf6dddcbf,unfinished,2024-08-09 18:50:18.626115,2024-08-09 18:50:18.626115
c8f6501c-ab17-4dcf-875d-85668d4ac9f7,12690735-aac7-4f07-aff1-568d6b862b7a,with 'Time to Pretend' (MGMT) samples,2024-04-06 05:01:09.387011,2024-04-06 05:01:09.387011
f994a2e5-e706-410d-89aa-f0b5b0d17eed,1708dc73-6b63-4867-bb81-76be8afa6f3b,LTP 4/19/08 (638 shows),2023-07-12 11:55:39.056092,2023-07-12 11:55:39.056092
08c868e0-30b0-4bd5-bc2f-374c947537f0,6509ec87-77d2-4aef-8f38-c6d760f59551,Inverted,2023-07-13 06:20:16.466922,2023-07-13 06:20:16.466922
d3b7cf6c-964d-418c-b7dd-3a19175f784c,5f7fb3c9-de97-4f17-afed-1e344e5b61f3,ending only,2024-04-06 05:01:38.171085,2024-04-06 05:01:38.171085
b2956e8f-cc4f-40c7-aa15-71ee80fc1591,fd0455ca-206a-479a-aafb-8d46462337b1,with ‘42’ teases,2024-04-08 00:46:38.281086,2024-04-08 00:46:38.281086
6be09c14-357f-46b4-85ce-0b18b1e7269d,8404a9ed-0c89-4795-83ee-eb09c029b3b6,inverted,2022-11-12 04:14:05.659758,2022-11-12 04:14:05.659758
4259ac28-2a98-48a6-9b4e-0c97860a60f9,4bd209fe-351c-4fed-affa-3af54e46ff62,dyslexic,2022-11-12 04:55:48.154142,2022-11-12 04:55:48.154142
46c12859-5dde-473f-87e8-d9724cb816f8,a9ba67ff-b58b-4e73-8d76-76f6b2bcc8ee,unfinished,2022-11-12 05:02:02.652474,2022-11-12 05:02:02.652474
1b77b338-4c1a-47d1-be29-da27751dad9b,a9cfff60-a0bd-4800-b422-56b3f5461496,inverted,2022-11-13 02:51:56.022691,2022-11-13 02:51:56.022691
8f555f9c-97c9-482e-82b1-f0d4c21b7dea,465aaf97-2b96-4b25-8983-be778e0b1235,inverted,2022-11-13 04:23:40.018008,2022-11-13 04:23:40.018008
c62d2bf8-658d-4cf3-97b4-45293ca2cb08,278b3b59-f07f-473a-b3bc-46260eec7edd,unfinished,2022-11-14 02:53:38.129939,2022-11-14 02:53:38.129939
a66cba14-cbc0-4eea-b2a9-2566d609a6cc,5e0ec780-4e3c-4ef7-a4b4-268eb0c03ee2,inverted,2022-11-19 05:34:51.114521,2022-11-19 05:34:51.114521
a4707da7-d311-4f94-bc21-f71eab44a368,66c8e8c4-dfe6-43e8-862b-b103d63f81c5,inverted,2022-11-20 15:00:12.118901,2022-11-20 15:00:12.118901
d4a9b224-4b77-4a42-a9e6-9e8041d7daed,d7ffdff8-822d-40af-96f4-15ec04f7cbe8,inverted,2022-11-27 23:15:53.846101,2022-11-27 23:15:53.846101
09f8963b-f2b0-4805-88cf-15e88108ac5e,629fb5c0-c0fd-444d-b25f-933301267b82,1st time inverted,2022-11-28 17:36:58.953910,2022-11-28 17:36:58.953910
6f8e79c7-bcb1-4e7a-ae33-d111e012ee71,604011db-d419-47ec-8037-f9ae72c9c72d,1st time inverted,2022-11-28 17:37:41.576023,2022-11-28 17:37:41.576023
0bd6ff8b-02e7-4ea9-b821-6fad7b59acb6,17ea885f-1c89-4191-a42b-a2b0ce240eca,1st time inverted,2022-11-28 17:39:44.552609,2022-11-28 17:39:44.552609
a8213e77-e0e8-4ddf-885a-16b53f08f530,76048610-2a10-4395-aa74-c2e35be304cc,1st time fully inverted,2022-11-28 17:42:25.913874,2022-11-28 17:42:25.913874
626b491f-7ac0-4531-9857-802cbe2fd16e,59df4aa7-93cd-404b-b94f-05dd3fcbf4b1,1st time inverted,2022-11-28 17:43:23.410522,2022-11-28 17:43:23.410522
05049651-244a-4578-b46d-150da2611576,bc79b96b-6068-40ac-8ad9-330b6562f89a,1st time inverted,2022-11-28 17:48:25.836335,2022-11-28 17:48:25.836335
020f7d56-e673-4b97-9126-3b08c79dd13c,c48b960f-dcab-4c48-96fc-80d69615b5b8,1st time inverted,2022-11-28 17:56:29.689943,2022-11-28 17:56:29.689943
b5de930a-44b1-481c-89d1-f108dd430e6e,49841ce2-cf6b-4421-945f-d17329f78d8c,1st time inverted,2022-12-01 18:28:08.199661,2022-12-01 18:28:08.199661
433aacc2-e4ae-436b-9b03-df916f347715,188f9b53-9d55-4ab4-9e1c-963209793379,1st time inverted,2022-12-01 18:30:04.051754,2022-12-01 18:30:04.051754
f95cbb0e-59d3-47bd-baab-11f43759c9fa,7a52039e-a670-4752-875e-b65e4cad2fcc,1st time inverted,2022-12-01 18:39:02.891757,2022-12-01 18:39:02.891757
3ab4c6df-3a1b-4316-9cbd-2187614b5386,80798bc6-3bed-4a5d-9033-7ae1aa87fb3b,hot rave version,2022-12-07 00:58:55.030128,2022-12-07 00:58:55.030128
b7b748b2-a4a4-4e00-83ee-c9ed982d082f,e1b2d3c2-5853-4c1d-9b60-4a9fe49910cb,FTP (tDB Original),2023-11-28 20:38:43.448615,2023-11-28 20:38:43.448615
87f31abc-de57-445b-8741-4ee8293f4c36,f9509c0e-cb0c-45e0-b920-15b5f352ae37,middle/ending only,2022-12-17 09:43:01.307629,2022-12-17 09:43:01.307629
5a0af494-1b61-4e87-9892-3b0bec76f088,6176c4b4-64af-444d-8ebf-828a05fb5fdb,1st time inverted,2022-12-17 10:47:25.943946,2022-12-17 10:47:25.943946
a2aee4ba-1578-461a-9497-65ef6f383d2a,e3e246a0-d538-47e6-9581-97bb32ade34b,1st time inverted,2022-12-18 17:09:46.905307,2022-12-18 17:09:46.905307
0c4237fa-244c-4bfd-b33a-e08c879ca04a,05b1804b-eb3e-45dd-9186-a4bcb630e8c5,1st time inverted,2022-12-18 17:11:50.928897,2022-12-18 17:11:50.928897
4b32aacf-9206-447a-bbb0-1983e0f13d07,eb9f2510-99af-48f2-a778-c83f56a4ed98,1st time inverted,2022-12-18 17:17:42.708134,2022-12-18 17:17:42.708134
5b0aef96-47a1-43de-a68a-5ebd300023ea,e158c07a-4681-4b3e-8ade-1af460cb4bde,1st time inverted,2022-12-18 17:19:53.927779,2022-12-18 17:19:53.927779
16cba9a7-652b-42d6-b748-c6fac1ad30ca,82102a08-34e0-4027-9730-7eb1a715924c,1st time inverted,2022-12-18 17:40:16.122729,2022-12-18 17:40:16.122729
9330a820-71a2-493b-882a-791d1671bee9,3195d84e-24f4-4caf-b73f-88d10c807d9f,1st time inverted,2022-12-18 17:46:47.758095,2022-12-18 17:46:47.758095
f3f75cd2-a41d-44e1-b611-215586fb1d5e,17054729-a537-4316-8828-8e5eda738e28,inverted ,2022-12-30 06:07:38.418711,2022-12-30 06:07:38.418711
143c18ce-f9df-46c1-8d36-7d41d095fc72,d6e2313d-1ed2-40dd-80e9-7394c45e05e9,unfinished,2022-12-31 09:30:59.375418,2022-12-31 09:30:59.375418
1387c3fb-337b-481f-a750-96eb908f2154,470eded1-a527-4a3e-abf2-a11f6815f36e,Magner played a tiny piano,2022-12-31 09:32:19.268723,2022-12-31 09:32:19.268723
95052d30-e669-4259-bee5-5ec9ec689c62,f7c6ff4c-dc41-4442-a6c7-7df41753d222,LTP 1/26/2019 (54 shows),2023-04-20 20:10:35.372477,2023-04-20 20:10:35.372477
d7a0baab-9c01-448c-ac40-35bd14d8a70f,d9059e4f-e7f5-49f2-aa71-f1ff8607a2c7,inverted,2023-01-01 04:48:59.724021,2023-01-01 04:48:59.724021
1c94b7e8-0ce9-44fa-8138-9263a1f2636d,45c2f468-ea9a-4524-a573-d0fc615d5fe3,with New Year's countdown,2023-01-01 06:17:25.958352,2023-01-01 06:17:25.958352
98cb2805-dedc-4781-b040-57046e859a79,bdcbc2c4-a942-41ce-8fff-76dc11c83391,dyslexic (middle>begin>end),2024-08-10 17:38:24.155355,2024-08-10 17:38:24.155355
7ef2e630-7ddd-45b2-910e-e681c2933e3e,11eb7182-9452-4979-a032-0f94f9a0f450,inverted,2023-01-01 06:24:38.311727,2023-01-01 06:24:38.311727
4780dc26-ff98-4659-b150-ae3272c176fc,5e0fdc6f-6024-40fa-9460-333d5d3e4ca0,with ‘Little Shimmy In A Conga Line’ teases,2024-08-10 17:39:28.200636,2024-08-10 17:39:28.200636
061ca4a1-f9c4-492d-a713-12844d941c99,175416cf-a62d-4a04-8a6d-8599a80d094f,with 'Highwire' tease,2024-08-10 17:40:10.549277,2024-08-10 17:40:10.549277
9f8bf33c-b19f-4792-9969-c4a933b714bf,d169f28c-1943-46a6-a934-db264094ca92,1st time inverted,2023-01-14 08:09:57.738653,2023-01-14 08:09:57.738653
af6726c6-cc48-4da0-aa76-18f83f9c7c3d,4b0e15d2-f42a-45d7-aa56-da7240598dde,1st time inverted,2023-01-14 08:12:52.834675,2023-01-14 08:12:52.834675
dcaadba1-5488-4ca6-b63c-4fc0da7f1241,f539a3ff-0238-44c3-a6fa-f8e2bd7ea557,inverted,2023-01-19 04:23:41.659927,2023-01-19 04:23:41.659927
42119f03-9097-4aa8-bf51-4697a1292883,9d67481d-960f-419b-8226-aa10043fb935,inverted,2023-01-20 04:51:22.550042,2023-01-20 04:51:22.550042
4f938bdb-c6e7-4fb0-afa5-9ec440384e0e,10474ab4-7350-4b1d-968d-5e0bd34dd11c,1st time inverted,2023-01-20 19:15:21.595997,2023-01-20 19:15:21.595997
63cc29eb-0f5d-4a1f-a568-59bbf05f0cc2,c5bf4ea0-a77e-409d-83a8-214d727274ce,inverted,2023-01-21 20:17:37.057764,2023-01-21 20:17:37.057764
d28e2196-18f4-4e33-8014-19037430f0b7,abed0030-5f17-4891-8ec4-ae4439b60de4,unfinished,2023-01-24 16:36:13.098524,2023-01-24 16:36:13.098524
8425a723-1874-48a7-8554-87c3c99da215,9057e46a-a216-43dd-aa6b-6713ed53c02d,unfinished,2023-01-24 16:37:35.042432,2023-01-24 16:37:35.042432
1201c9a3-7940-476e-a2f2-3c39d65bf5db,285de244-0174-4295-bf84-4384ebbdac20,1st time inverted,2023-01-25 17:00:03.368720,2023-01-25 17:00:03.368720
cdce800c-9465-4f8e-9633-f2ad546815f4,685bb3d3-236c-4cae-8989-80b0a3f5a22a,Inverted,2023-08-12 15:10:01.408596,2023-08-12 15:10:01.408596
edd0696c-6366-4cb6-bbf6-dd477a8b250b,138671e4-ead9-455d-8e73-11b43b94a6d4,1st time inverted ,2023-01-28 17:11:43.529614,2023-01-28 17:11:43.529614
fdc976e1-8e0e-47ff-8330-178f7e96a8fe,ad1e324c-021f-4130-8d3f-d82e87bad643,inverted,2023-02-02 12:52:02.613226,2023-02-02 12:52:02.613226
c87f433a-1ec9-41df-a8ac-a764ace4ba44,ecb78094-7d90-4f66-a981-c89e68e00d76,inverted,2023-02-03 10:05:30.945229,2023-02-03 10:05:30.945229
3eba5872-0969-4427-8922-85f37f8a8736,8288e43b-21d0-412f-8e90-edc788254827,Inverted,2023-02-04 02:40:40.576668,2023-02-04 02:40:40.576668
ccd19511-2b44-4544-91e5-1a31fea76543,462140c7-ecda-47fc-8c32-7bc53007d89f,Inverted,2023-02-04 04:38:02.881025,2023-02-04 04:38:02.881025
e2889f50-9574-4510-af3f-ef5311950b5c,048d5564-a161-472f-954d-e16711f21246,Eden (Spacecookie Mix),2023-02-04 14:06:32.025023,2023-02-04 14:06:32.025023
54cb9109-d262-4889-93b8-d1b2adf78cc4,4b27683c-8817-430a-97b6-ba785c56c93b,unfinished,2023-02-08 12:32:04.618169,2023-02-08 12:32:04.618169
91dfd901-7dd3-4f31-9eee-b4f8eb8d4d5e,a964af4d-3a7f-4115-8e7b-f123e1bc709a,Inverted,2023-08-12 15:10:15.096826,2023-08-12 15:10:15.096826
88e529ff-fe50-410c-b85f-24f8025fe1d7,11b8c591-bebf-427d-a4ef-54d382f09e54,LTP 2/13/96 (888 shows),2024-08-08 00:33:07.498539,2024-08-08 00:33:07.498539
2f724969-02c7-4b8c-ab64-94081d36420e,fce4d6ef-880a-4836-a758-32cbfa2ec513,1st time inverted,2023-02-11 05:46:59.318544,2023-02-11 05:46:59.318544
79a0419f-15f3-430f-a4e0-fa2aed54c692,01ff87e5-e041-45d2-8061-47cec31bf962,unfinished,2023-02-16 18:53:51.766759,2023-02-16 18:53:51.766759
81c1000b-aff3-4522-8f04-ebd89f22955e,11b8c591-bebf-427d-a4ef-54d382f09e54,with 'O Fortuna' (Carl Orff) intro,2024-08-08 00:33:07.540201,2024-08-08 00:33:07.540201
cad82cb6-ffbd-4747-83f3-21962d0ef626,a48fa176-bf67-4777-a8e8-17d228166a0b,Dyslexic (middle/end),2023-11-28 20:33:16.875156,2023-11-28 20:33:16.875156
98ff136d-3d0b-4b34-870e-580194982cfb,e35bcdd5-a507-4e21-a2ae-b0b6f3c63a54,1st time inverted; (only time so far),2023-11-28 20:39:08.856505,2023-11-28 20:39:08.856505
56e5cdb3-735a-4460-b65f-fa2595166170,f8e928e3-3f2b-4d4c-8be8-41d4d78f2504,inverted,2023-02-25 06:35:40.774358,2023-02-25 06:35:40.774358
4add72b8-3531-4770-95b6-65abfb94537e,b4c63086-b356-48a1-a56c-ca8dee4a2799,1st time inverted,2023-03-09 20:21:28.532137,2023-03-09 20:21:28.532137
1c3be04b-9c94-441d-9974-e4cd4dfe12cc,e22e2206-81c9-4d57-974c-0e200ef4fced,with ‘Bus Stop’ (The Hollies) tease,2024-01-18 17:12:53.158470,2024-01-18 17:12:53.158470
98768236-8cab-4333-b20b-42f973502950,62da64e6-b965-470a-8ab9-3dcd68071c40,inverted,2023-03-11 06:29:25.171200,2023-03-11 06:29:25.171200
4a7066a0-b642-49a7-b371-1f0010815f3e,ca3d0b88-3a9a-41f4-a78d-d94cc06a2dc8,Perfume version,2023-03-11 06:36:15.686343,2023-03-11 06:36:15.686343
19219133-2601-4de9-8dc5-dd496de6fef9,c4f549d7-461f-4b57-bbfc-d80d7d8c94e4,unfinished,2023-03-12 04:58:35.126737,2023-03-12 04:58:35.126737
e5f4eb14-ecb2-467c-bfa7-899124364faa,522dcb2d-f2ef-4415-834f-809933cd43b9,"played to ""The Fifth Element""",2023-03-12 06:14:11.902827,2023-03-12 06:14:11.902827
110c61ff-587e-445c-a004-708c066f3681,ab648786-4163-4966-8e93-2d1e504ef792,inverted,2023-03-13 02:29:06.025244,2023-03-13 02:29:06.025244
0ec81865-892e-4479-832c-68000b2548a6,bd218132-2a6a-477d-b5a6-aeafee0026bb,inverted,2023-03-13 06:26:20.280928,2023-03-13 06:26:20.280928
d48a3d99-1944-4c3e-a293-be2a7bf58d67,5bb260d8-2d6d-4321-ab3c-3414c5dc35d6,unfinished ,2023-03-13 06:33:53.257669,2023-03-13 06:33:53.257669
ea5d6f1c-3e53-4459-b1df-13a75160fa64,a076079b-7e2d-49ce-ae23-19f06619a76b,LTP 9/18/09 (515 shows),2023-03-13 17:28:53.256870,2023-03-13 17:28:53.256870
f111fdef-5af1-4ed3-b98e-a5c3128ea2eb,cdb9e9c2-a9d9-4b07-8a33-9c2590b2ffc2,LTP 3/10/22 (53 shows) ,2023-03-13 17:31:07.497885,2023-03-13 17:31:07.497885
e15b99d0-4b01-438d-ae0f-a8063c362133,97fd2ba8-1627-41c3-b132-23de3f07c456,LTP 11/21/21 (63 shows),2023-03-13 17:31:52.372738,2023-03-13 17:31:52.372738
a3a62e3b-69ad-4f1f-ac8b-ca7ee6ac52df,7b8b781e-391b-413a-b0f3-74524ff05116,beginning only,2023-03-14 16:39:44.526352,2023-03-14 16:39:44.526352
958ca5be-4e81-4232-a453-5c99c9934804,11b8c591-bebf-427d-a4ef-54d382f09e54,with the Boston Symphony Orchestra Choir,2024-08-08 00:33:07.564540,2024-08-08 00:33:07.564540
cbe8ef6a-d417-4bbd-a6aa-dc11eb9f9691,85f651f1-4ecf-4183-912d-01a6040095e9,1st time inverted,2023-03-22 10:23:24.185072,2023-03-22 10:23:24.185072
957cd5c3-4b21-4ffe-a74c-c0eeef724b81,8d65c1cd-e2c7-4b1b-b8bd-c63c09c5b693,With Jim Loughlin from moe. on percussion.,2024-01-18 18:33:00.391378,2024-01-18 18:33:00.391378
32adbc18-08bb-41c3-ad51-a9ac9517856f,ab257605-0516-4679-a3ed-8a0f7aa6ccef,middle only,2023-03-25 03:52:19.647339,2023-03-25 03:52:19.647339
49d51792-53e3-42fc-af90-9213d6439a30,b2a816ff-b073-4c15-ba66-092c770aa6ab,unfinished,2024-08-08 00:39:56.207471,2024-08-08 00:39:56.207471
4fd173db-a7a7-47fb-934c-353b4beed872,f2b32f1d-1864-4ea7-a403-7f663cea8716,intro only,2023-03-28 03:25:50.412981,2023-03-28 03:25:50.412981
527728bb-5773-458e-b7f8-d6ca5748d5bb,7968c147-32a2-4bdf-8dec-1b8d8e00ffcb,unfinished,2023-03-28 03:27:19.845290,2023-03-28 03:27:19.845290
e72ad6e7-b6a9-4e50-848b-d00b515eaceb,1ae5729c-e37a-4dc9-9f83-b0722e26dacd,unfinished,2023-03-28 03:27:56.029365,2023-03-28 03:27:56.029365
606aa1cd-ad6b-4ff6-8b6e-c97076e1aebe,bcbc4e62-8d31-467c-ba1e-7c674cfee90a,unfinished,2023-03-28 03:28:29.578023,2023-03-28 03:28:29.578023
65565d77-22de-4b6b-9c3b-6337ee41ecfd,2ea8dba9-1d50-4938-9cdc-93723b442562,unfinished,2023-03-28 03:29:34.818656,2023-03-28 03:29:34.818656
6137e80c-7eac-42ff-bfa2-85628b47ec57,1cf3934f-b86c-4d97-a9b8-5b1ab3837fb7,unfinished ,2023-03-28 03:32:07.209652,2023-03-28 03:32:07.209652
b92b7e1f-5a35-46b1-95a3-635102dbccde,1cf3934f-b86c-4d97-a9b8-5b1ab3837fb7,with 'The Overture' and 'Hot Air Balloon' teases.,2023-03-28 03:32:07.218956,2023-03-28 03:32:07.218956
76fcaefc-38ae-4d19-97ac-9f9c3f0c1ba2,a42b1c95-f87c-4941-8610-2081e4c494ad,unfinished,2023-03-28 03:36:57.707569,2023-03-28 03:36:57.707569
c37d56e3-af2e-4cc4-ad56-4dda81426ea9,910c3d24-9a14-48d1-b801-13de9c0b8100,unfinished,2023-03-28 03:38:34.029928,2023-03-28 03:38:34.029928
28ef6f79-f2a4-431e-a1e3-60fffc057479,8d65c1cd-e2c7-4b1b-b8bd-c63c09c5b693,With Les Claypool of Primus on bass and vocals.,2024-01-18 18:33:00.402060,2024-01-18 18:33:00.402060
3196d047-7100-40dc-ae45-8557d064c1d6,519b2eef-5f6e-456c-939e-0aea074179e7,unfinished,2023-03-28 03:42:12.589764,2023-03-28 03:42:12.589764
9e77c825-cd67-4692-85f3-dc9e511e5c8f,e5b4fe38-d108-4d9c-b6fa-1aa9a1dcff46,unfinished,2023-03-28 03:44:08.090889,2023-03-28 03:44:08.090889
968e0de1-49d1-44c6-89f8-9172384b732c,bb9c305b-1896-41db-aa24-3e10348d40f5,Perfume version,2023-03-30 09:40:50.517362,2023-03-30 09:40:50.517362
c1721849-1fb8-4d86-b280-6d1a699425fc,d079c871-bedf-4bc7-83bc-087a3d502a18,inverted,2023-03-31 02:56:15.071182,2023-03-31 02:56:15.071182
f040d6ff-57e0-4699-9760-c7917102189f,28a11cfb-c257-4dfd-a138-c2cb13dbb184,unfinished,2023-03-31 03:27:11.892563,2023-03-31 03:27:11.892563
a347d7d4-a12f-4769-94a1-7d5add65d901,fb1ff293-8764-45f3-9328-1acbc8ddde4a,LTP 5/3/02 (277 shows),2023-04-21 09:20:53.313979,2023-04-21 09:20:53.313979
d9472c04-8189-4065-bcb2-8582e88b2c34,dfb041ee-8889-4601-b7e8-5cc89ec4a0a3,inverted,2023-04-02 04:37:00.243387,2023-04-02 04:37:00.243387
7bbdf100-7120-453e-9f8d-95187aac7164,f6aec9e7-98b9-4a9f-b594-e883b289a268,inverted,2023-04-02 06:11:59.129453,2023-04-02 06:11:59.129453
f13eaa0c-4018-4322-aad3-2391870de919,5d95d267-a781-4c4a-afa9-9efaae484a85,inverted,2023-04-02 06:23:37.790652,2023-04-02 06:23:37.790652
44a41429-272b-4ba5-8724-5d066ac24f53,c81a830e-d117-4427-929c-f80c1a0dbc67,inverted,2023-04-02 06:35:51.822312,2023-04-02 06:35:51.822312
4f5e797b-e1a2-4c6e-b23a-28604e7f8b86,e644608e-fc0d-4373-9c19-4d5af7ebae9b,completes 3/25 version ,2023-04-05 20:54:27.298211,2023-04-05 20:54:27.298211
7097b62a-39bb-48fc-a459-2594a6cc9bb0,8093b3db-6446-4344-a014-6ee5be5ce7e6,dyslexic,2023-04-05 21:01:35.707565,2023-04-05 21:01:35.707565
2a49e162-ad57-453c-bbea-73001dfbf65f,2d5abac1-5991-404b-8757-acae934775cc,dyslexic,2023-04-05 21:02:11.733610,2023-04-05 21:02:11.733610
6e09e150-a49a-45ed-95dd-b352a70f0e00,8d65c1cd-e2c7-4b1b-b8bd-c63c09c5b693,With 'Reba' (Phish) and 'Stairway to Heaven' (Led Zeppelin) vocal teases.,2024-01-18 18:33:00.411126,2024-01-18 18:33:00.411126
e37c587c-9d97-41eb-8b60-e6f538f3a862,5e607349-599b-40df-b1a9-4ca448110e5c,completes 8/21 version,2023-04-05 21:03:41.539177,2023-04-05 21:03:41.539177
3c8f872b-f570-4c56-8546-745d36b0cd15,a0938ed7-e669-4579-bb85-f19ab8088d25,completes 12/9 version,2023-04-05 21:23:11.960684,2023-04-05 21:23:11.960684
92687f28-f223-4fee-83c5-3cdde277d1a0,01ae6c6a-f17d-45c3-8bb4-409c48490eb4,completes 12/12 version,2023-04-05 21:23:23.546624,2023-04-05 21:23:23.546624
6b1cc151-f0d7-4a8d-ba5b-34728ce228ba,5c0cf722-b738-4ee4-8b95-784c79519583,completes 12/9 version,2023-04-05 21:24:20.786903,2023-04-05 21:24:20.786903
576ede0d-e2b7-4685-9bef-56135ce70eb5,0c57007f-59c7-4e81-94fc-e6850bd8bcdf,completes 10/20 version,2023-04-05 21:27:12.963064,2023-04-05 21:27:12.963064
c810a52d-0945-48ea-ac22-37fc8de66ff1,f8b52c32-8af4-4ede-8cbf-e063bef37781,completes 5/18 version,2023-04-05 21:30:34.672101,2023-04-05 21:30:34.672101
23ccf792-c6b1-43a3-8497-0290ad3b36c7,67b90163-b83a-4b17-96c3-35fa427e690a,completes 12/29 version,2023-04-05 21:31:26.608405,2023-04-05 21:31:26.608405
0c9b392c-cff1-463e-8dea-3301687f1ab8,537b2ea1-4a29-4b60-9c41-94d0c01ffe62,unfinished,2023-04-05 21:38:10.671831,2023-04-05 21:38:10.671831
b43be542-53ba-4978-ac30-49f3e0906ca9,3cd956fd-9b9a-436e-ae1c-2b4e0f8ef693,inverted ,2023-04-05 21:38:17.412195,2023-04-05 21:38:17.412195
252efccd-7ece-4a68-a177-59cec577df77,56ac3d61-cb6d-4764-a2b5-b5eff5ab41c5,inverted ,2023-04-05 21:38:52.335808,2023-04-05 21:38:52.335808
15d3d5c8-53ae-4bdb-b7e4-e609dc3f0a6c,13b6f8c8-372b-4e7f-ba23-1481f59552e7,"improvised score to ""The Fifth Element""",2023-04-05 21:40:41.852821,2023-04-05 21:40:41.852821
670e73b6-3a48-4496-9b2a-73938648bdd3,13b6f8c8-372b-4e7f-ba23-1481f59552e7,film played at 1.25 speed,2023-04-05 21:40:41.862159,2023-04-05 21:40:41.862159
41d78f36-2f44-463e-9da0-5554381fac92,088f7062-4ba5-48c9-b8db-146bf70dafbe,original version,2024-08-08 00:40:04.586142,2024-08-08 00:40:04.586142
8aeb3c6d-da70-438d-a246-19994ae10afd,a57a453e-579a-4d8f-a836-c2f6234cc665,unfinished,2024-08-08 00:41:21.405652,2024-08-08 00:41:21.405652
b5a7110f-4d4b-4866-bb24-7ba6812827e6,c4e0346c-f6f4-4349-8134-ae15a9fd90e1,with 'Never Trust A Woman' teases,2023-04-05 21:51:05.939040,2023-04-05 21:51:05.939040
145c5c51-1f91-4cb9-8864-75fab41367eb,e3e4ea90-8944-422d-8193-78c92989abd4,inverted,2023-04-05 21:52:16.436041,2023-04-05 21:52:16.436041
6c88b065-c670-4071-b8e7-9995ac9fcd2e,b3b6392f-2d4a-4bd7-8ad0-a39694581bb6,unfinished,2024-08-08 00:41:34.606275,2024-08-08 00:41:34.606275
22744b0d-ddf3-42c3-b1df-35e46a087e26,04bf4505-9df4-49d7-94c1-32a4728bb4c5,FTP (Jimi Hendrix),2023-04-05 21:54:49.831268,2023-04-05 21:54:49.831268
2314f551-ad52-45e9-909d-bbe8fb6bc619,28917bc5-206d-4f9e-9302-7034d2bb4bb2,with 'Ducks and Geese Are Free' vocal tease,2023-04-05 21:56:02.272578,2023-04-05 21:56:02.272578
8059f062-60d2-4fdc-b71e-b85460ef5eaa,8962c1a6-27c2-4f55-b087-965fc6117688,ending only,2023-04-05 21:56:14.430891,2023-04-05 21:56:14.430891
ef91a997-6250-4ec8-bb15-3c4355ffba6f,2b6176ac-bc70-4428-a8e6-7e5615fb8aa5,inverted,2023-04-05 22:00:31.119451,2023-04-05 22:00:31.119451
dcd940fd-c0b9-43ac-a7f9-d6ec0854492a,9e494b0a-8929-4213-b086-09ee84005c93,1st time inverted,2023-04-05 22:05:02.022165,2023-04-05 22:05:02.022165
70059a14-5790-4640-9629-4c12146f1b53,e1b266a5-33dc-414a-9611-e09558ef3e37,with mascot battle,2023-04-05 22:10:37.154934,2023-04-05 22:10:37.154934
f451b754-6302-4997-a00e-9d1725e8eb3e,29bbe832-b91b-4492-99bf-d2657d3ade19,completes 8/20 version,2023-04-05 22:22:06.270465,2023-04-05 22:22:06.270465
3482e935-7bd0-456c-8b10-3207d223132f,678ebc92-d3fd-4d35-8bfb-159a3b182d8a,completes 8/30 version,2023-04-05 22:17:52.567382,2023-04-05 22:17:52.567382
3946283c-6926-47af-866b-d0d24f1edb72,480e8432-d051-4594-baff-e50ac64d479f,FTP (Devo),2023-04-21 09:16:46.327861,2023-04-21 09:16:46.327861
9385d116-1478-48a2-8aae-164726f1ac56,850a28a6-7ba0-408f-98d0-76cdbec28129,Last Time Inverted 10/1/02 (240 shows),2023-04-21 09:28:46.604418,2023-04-21 09:28:46.604418
3a085da4-d339-40d9-b3fb-6bfdb092b892,ec45b49f-4760-40da-a378-4e8afeca05f3,inverted,2023-04-05 22:26:36.321729,2023-04-05 22:26:36.321729
5662a422-fc88-4ba1-9e8b-fd6413120342,9d263319-777c-468f-9b0d-82330af0ae6c,Last Time Inverted 10/23/02 (225 shows),2023-04-21 09:31:00.514305,2023-04-21 09:31:00.514305
c8dd9a71-b468-4828-a597-098109bb6799,55a5b900-9c64-4880-87a5-68efde559dbd,FTP (Bob Marley),2023-04-05 22:18:54.769337,2023-04-05 22:18:54.769337
ce4dd1dc-e1e8-4618-bdff-ca8d9352de56,1032c285-6d8a-4c9e-91d1-f944d24239fe,FTP (tDB Original),2024-01-18 18:06:06.353049,2024-01-18 18:06:06.353049
0726700f-b021-44da-b4ea-b17b3aa6572d,0aa63877-d93c-4159-90f8-d3ef506c7a49,FTP (Hallucinogen) Warwick Bassmonkey Mix version,2023-04-06 00:18:14.711786,2023-04-06 00:18:14.711786
25b1841d-3f6f-418f-883e-642e1233584d,af541967-8db8-411a-903d-a5637b38db1d,with 'Strawberry Girl' fakeout,2023-04-06 00:21:25.664243,2023-04-06 00:21:25.664243
2539bd01-6d2d-4aac-931d-b89b5ce3c71d,8a45fff6-770b-4ada-a967-af29e2efa5ea,1st time inverted,2023-04-21 09:54:45.003771,2023-04-21 09:54:45.003771
73e871e4-9415-463f-a7c1-aa87de4e6652,5a1eeb24-0eaa-46ba-ac5a-1955a5af47f9,with 'Sesame Street' tease,2023-04-06 00:26:55.240035,2023-04-06 00:26:55.240035
042a1434-106b-4718-90a6-d5f684cadc4e,fb0c63b0-f8eb-4253-9b31-ea2f97357247,unfinished,2023-04-06 00:29:02.273624,2023-04-06 00:29:02.273624
c7c0e81f-e0d1-4313-8816-d6204af4d4e0,c33fb938-bd32-48e2-a1a0-92d5d753d5ef,with ‘Minions’ jam (FTP 2/15/07),2024-08-08 00:45:07.870512,2024-08-08 00:45:07.870512
3c2d7bf2-3f66-48c9-9675-514e1cbbaf96,a2e97f26-de43-48b6-92ae-cfaabebd1e0e,middle and ending only,2023-04-06 00:30:51.558284,2023-04-06 00:30:51.558284
a91df1bd-4769-4b59-b98f-76a7cb8c1bb7,d181c5d9-80dc-481d-be67-42812e7a172f,FTP (Rage Against The Machine),2023-04-06 00:31:12.858497,2023-04-06 00:31:12.858497
d40ef20e-5252-4c36-bcb2-29740f241d5e,ba80b3d5-7dcb-43ef-a863-15b3b4c97227,unfinished,2023-04-06 00:31:25.236756,2023-04-06 00:31:25.236756
ce1394f8-a39c-4442-b3af-46571bce63b9,166c54c3-98e6-4695-89e7-f67ed2fe2b8b,unfinished,2023-04-06 00:33:01.059998,2023-04-06 00:33:01.059998
b704601f-642c-41c4-ad9a-b3fb5d02a01d,931f2f41-de9e-49b2-bd37-c6fb98806ee6,unfinished,2023-04-06 00:33:42.650874,2023-04-06 00:33:42.650874
f7285fad-f577-4bb8-9ef1-4cb8a64f02ee,76a5051b-5baa-4bae-9dff-4730e0fce00c,with Ruu (Younger Brother Live Band) on vocals,2023-04-06 00:34:02.386327,2023-04-06 00:34:02.386327
93e3e9ad-0ef0-4c0f-8c54-ee792cee9fc1,76a5051b-5baa-4bae-9dff-4730e0fce00c,unfinished,2023-04-06 00:34:02.402986,2023-04-06 00:34:02.402986
53359ea5-a2d0-4313-a34b-b100723c6911,6aec3b25-7f23-4850-8ec5-082256534cc2,unfinished,2023-04-06 00:34:10.380808,2023-04-06 00:34:10.380808
e7942fbf-2b55-4398-beb9-efa393892c51,48d2dd74-4225-4777-b4d9-f4108a582bd2,LTP 10/31/03,2023-04-06 00:35:57.922969,2023-04-06 00:35:57.922969
e913a7bd-1299-4367-a7f9-47099b8768dc,27ec5d8f-13e8-46f3-a253-ac0e1eaf1bd3,FTP (tDB Original) (1st Debuted by Electron on 8/19),2024-01-18 18:35:44.708736,2024-01-18 18:35:44.708736
49ba2465-309e-4d6c-b00a-2bdf8f623ab8,77179a83-9dfa-4b3f-92c6-2d3da180d13b,FTP (Billy Reid),2023-04-06 00:38:02.881760,2023-04-06 00:38:02.881760
b8f39d81-cca4-48be-9b3f-4725a6982d2a,5e5ab08c-d290-4d8e-b1af-49f42cb1280e,with ‘Svengali’ teases,2024-08-09 19:06:10.949641,2024-08-09 19:06:10.949641
de8e6d61-4801-45ac-88aa-014d8020bc93,a57a7f23-9885-4f53-8193-ed5fb560303a,with Chris Michetti (RAQ) on guitar,2023-04-06 00:46:40.989250,2023-04-06 00:46:40.989250
ac5ce064-3721-459a-a817-f686ffa3e4b3,c61e5c7a-85f3-4971-a74b-2609bfacb9bb,with Chris Michetti (RAQ) on guitar,2023-04-06 00:48:55.542289,2023-04-06 00:48:55.542289
a45c0548-4a1a-4986-ba1b-e78ea4136869,341762b1-c3a3-455d-a6c9-5a4fa74572d2,with Chris Michetti (RAQ) on guitar,2023-04-06 00:49:21.745857,2023-04-06 00:49:21.745857
ab87501b-a94d-4c94-9324-841b47fffa6a,8e7d1703-5e4b-4636-80d2-73f4875b821b,FTP (tDB original) (1st debuted by the Maui Project on 4/8),2024-01-18 18:39:07.252871,2024-01-18 18:39:07.252871
3714f9dd-c8cd-486d-8100-39fef48e0e7b,819237d9-1752-409b-af04-e1cb4ef332cb,1st time inverted,2024-01-18 18:39:41.210174,2024-01-18 18:39:41.210174
490efb85-b81a-45d4-b959-4b725cab09f3,7d2208fb-1c4f-4cd6-8629-893328aa1006,with Chris Michetti (RAQ) on guitar,2023-04-06 00:49:37.352945,2023-04-06 00:49:37.352945
d8ac88bc-1eca-484d-abe7-8428c6a1c582,95455937-6299-4b23-abb3-b23b2c04a0f1,with Chris Michetti (RAQ) on guitar,2023-04-06 00:51:04.645489,2023-04-06 00:51:04.645489
62206286-2c4d-4276-bb31-8c0b24ab8493,50b37e2b-160c-4d88-aeff-d101daee2fc1,LTP 11/27/04 (360 Shows),2023-04-06 00:51:23.863509,2023-04-06 00:51:23.863509
2de44521-ba60-41ce-a767-789f1a3c5aed,50b37e2b-160c-4d88-aeff-d101daee2fc1,with Sam Altman on guitar,2023-04-06 00:51:23.887694,2023-04-06 00:51:23.887694
191c1a17-c87f-44b9-8713-2b4d9fd998c6,2c60e134-2e1b-4a9a-a9b3-c538b1179b9e,with Sam Altman on guitar,2023-04-06 00:51:33.960777,2023-04-06 00:51:33.960777
06c78a89-fc89-41eb-be30-a331109d259f,2c60e134-2e1b-4a9a-a9b3-c538b1179b9e,LTP 10/15/07 (195 Shows),2023-04-06 00:51:33.980462,2023-04-06 00:51:33.980462
322c42a7-84f7-4b2d-8654-ef77a6a34541,aaf504a2-6f37-45d4-a18b-c564dd742a5b,with 'Highwire' tease,2024-08-10 17:40:20.354479,2024-08-10 17:40:20.354479
ae368960-d1c7-4e83-9e34-2ca4b91d7850,6ebefd3e-e8d0-40cf-bece-9ecec842006f,"dyslexic version (ending first, then beginning)",2024-08-10 17:41:39.158437,2024-08-10 17:41:39.158437
1b05e335-f26f-4832-875a-e0cacdedd066,09f7cf95-6c8b-49d9-9ec5-0682e6d66ba4,"dyslexic version (ending first, then beginning)",2024-08-10 17:42:00.415038,2024-08-10 17:42:00.415038
75d69ae8-49e1-4b12-a246-fabcc2ed2c4f,460bee92-519d-422b-87f8-f193cf97c946,"Onstage power went out midway through 'Trooper'. Song finished with drums, bass, and vocals only",2024-08-10 17:43:44.247707,2024-08-10 17:43:44.247707
6e4b654d-dd42-4073-9ef0-318739ccdc00,460bee92-519d-422b-87f8-f193cf97c946,with 'My Favorite Things' (Julie Andrews) tease,2024-08-10 17:43:44.270158,2024-08-10 17:43:44.270158
b92332e8-0f16-498a-989b-dd4167193b32,c7d23d57-0d98-4112-9235-95597ee8d316,with Tom Hamilton (Brothers Past) on guitar,2023-04-06 00:59:07.114782,2023-04-06 00:59:07.114782
9eae0d31-ecd1-4a7c-a1ff-bdcb7c696bf6,c7d23d57-0d98-4112-9235-95597ee8d316,with Chris Michetti (RAQ) on guitar,2023-04-06 00:59:07.132539,2023-04-06 00:59:07.132539
588e5eb2-7afe-4ed7-9e20-f9f908113169,70fede05-3a68-4aa2-8e46-e4deb6c1d15c,with Chris Michetti (RAQ) on guitar,2023-04-06 00:59:55.622332,2023-04-06 00:59:55.622332
c1ac6153-5ab8-4b30-b1ac-cb3fbe2738c5,70fede05-3a68-4aa2-8e46-e4deb6c1d15c,with Tom Hamilton (Brothers Past) on guitar,2023-04-06 00:59:55.634555,2023-04-06 00:59:55.634555
22aa48c3-8332-4cbd-a42a-e1b73aa0c693,2ea1832b-77db-42e6-a387-04623a35138f,with Tom Hamilton (Brothers Past) on guitar,2023-04-06 01:00:29.048376,2023-04-06 01:00:29.048376
d354458a-b092-4941-b728-139636721746,cfd6c83f-a1e3-48cd-9b43-76aa07e3b21d,with Tom Hamilton (Brothers Past) on guitar,2023-04-06 01:01:12.494268,2023-04-06 01:01:12.494268
ea1025d2-3ff8-436d-af82-b91522a9bee8,c4913208-af5f-46c6-8f70-b5446096b197,with Tom Hamilton (Brothers Past) on guitar,2023-04-06 01:01:51.396051,2023-04-06 01:01:51.396051
4b9ad3f6-0f2c-4ae9-9aa5-46c6076be8e3,c4913208-af5f-46c6-8f70-b5446096b197,with Mackenzie Eddy,2023-04-06 01:01:51.420732,2023-04-06 01:01:51.420732
b3c3e18b-e67e-4fbd-895d-c927696342ea,dbf0110a-e409-49b4-b115-9050fc52fc5f,"Sam on drums; Barber, Aron, and Eric Bernstein beat-boxing while Marc raps",2024-08-10 17:43:53.156451,2024-08-10 17:43:53.156451
f4a9390b-e293-47a2-a461-9f06d43ecc39,5cd7ed59-8fb8-49a5-97ad-ac708b0ff78b,with 'Mulberry's Dream' tease,2024-08-17 16:26:05.771069,2024-08-17 16:26:05.771069
bfaab27f-3777-4574-8539-61351aa7ed2d,02e3ee6c-1faf-4b12-afaf-364c9fa7682c,with 'Bernstein and Chasnoff' tease,2024-08-17 16:26:18.390963,2024-08-17 16:26:18.390963
cc26e60c-c442-4c11-838f-eaf93c2fe27a,fb23d2f7-3ee0-4df2-aa73-b190c1fb3742,LTP 2/15/2007 (281 shows),2023-04-06 01:06:37.422580,2023-04-06 01:06:37.422580
589e62f9-5e68-465e-b3aa-e4d919383ae2,af1cbdd9-c0a8-445a-88c4-b8aaa34af375,with Chris Michetti (RAQ) on guitar,2023-04-06 01:06:57.922594,2023-04-06 01:06:57.922594
77d26afb-933b-4674-aad5-3715316fc616,9943fa9d-4ccb-4825-a17e-d16dd5bc14df,LTP 9/5/2004 (400 shows),2023-04-06 01:07:10.058656,2023-04-06 01:07:10.058656
3289e6d4-81e2-4964-b02c-cb1cbbb9c6c9,871b221f-5672-4386-b998-9cbb4777945b,FTP (The Stranglers),2023-04-06 01:09:58.225785,2023-04-06 01:09:58.225785
9156fec5-0d1d-4ff0-a651-a72ab54947c7,692727a5-fbd4-4131-a8b1-52175044cb5d,LTP 11/20/21 (74 shows),2023-04-06 01:19:53.998405,2023-04-06 01:19:53.998405
86347e12-33bb-48c6-9aa5-5973f1bbe8aa,2055e358-4e1b-4201-8432-57ad6baf7670,completes 9/11 version,2024-08-17 16:26:29.203743,2024-08-17 16:26:29.203743
fbc7aa22-475b-4b97-83fb-ff94ea4b140b,111d04d4-06ff-40c4-8aec-f6334e97ff38,with 'I-Man' tease,2024-08-17 16:26:38.675619,2024-08-17 16:26:38.675619
c1dcecbe-4732-42f6-9f58-7682a9ac4f64,d1c3e929-5466-40d9-9847-b2faa031e2ef,middle only,2023-04-06 01:20:52.542316,2023-04-06 01:20:52.542316
8cb6c17e-c275-4860-9743-03e824845550,a8b0516c-464c-4424-9430-8a674bba3de8,unfinished,2023-04-06 01:28:24.286599,2023-04-06 01:28:24.286599
11206d95-6d0c-4cc2-ae42-5885be386493,2817f866-0023-4f47-bb90-82fd8a9a5a28,middle only,2023-04-06 01:28:30.947369,2023-04-06 01:28:30.947369
94f14f6d-f6ab-4d64-993b-8328be5e3c84,6bd7491f-edf4-4d4b-a0ef-e5a108b714e2,ending only,2023-04-06 01:28:39.442121,2023-04-06 01:28:39.442121
f9df3409-3f88-451d-babe-1b26339ccbfe,680f0e0c-4480-4dd1-917c-5ce49765db0a,with David Murphy (STS9) on keys,2023-04-06 01:28:54.590704,2023-04-06 01:28:54.590704
5ca5acac-7f44-4bf0-8f15-a04c29be3e4e,f5b03c6a-8268-4b8d-829d-dd395c814245,with David Murphy (STS9) on keys,2023-04-06 01:29:08.069221,2023-04-06 01:29:08.069221
95b8f8c6-5be0-4fe0-816e-ddd30d5287d2,53184dca-9748-4b38-9ef9-ada2d191b5f9,ending only,2023-04-06 01:29:14.422500,2023-04-06 01:29:14.422500
2d0f556b-f28e-4949-9585-cfa28f41dc0d,9e793176-a6e5-478e-8220-df2d3babd1d7,completes 12/28 version,2023-04-06 01:33:26.713268,2023-04-06 01:33:26.713268
ad08a946-5b36-4a07-91a7-2c2836e04edb,71cc73b2-f670-47e9-85c8-bae7c2132f2f,completes 12/27 version,2023-04-06 01:34:13.676196,2023-04-06 01:34:13.676196
a35062de-351d-49ee-a098-37ed1135fde7,b4d444b0-41c8-42ab-9b5b-d5ad70fce959,with ‘Magellan’ tease,2024-08-08 00:43:17.647530,2024-08-08 00:43:17.647530
67398d66-6f8f-4385-8700-5b87f19cf3e9,fd47a41c-e1f7-4c84-8d1a-4378bb988893,unfinished,2024-08-09 19:06:42.285870,2024-08-09 19:06:42.285870
c80f68d6-92e4-4b4c-8115-883211c6770b,32d523a7-b11a-4a65-b1aa-2286a8763c4f,unfinished,2024-08-09 19:07:31.939291,2024-08-09 19:07:31.939291
233f7af6-8170-4a2f-9de2-5f24a5204427,bca37893-790d-46e2-b109-930485b7bc6c,unfinished,2024-08-09 19:08:07.507292,2024-08-09 19:08:07.507292
87a2f2ef-9806-4625-9442-16d95be6aa73,0e8a63a5-36dd-4f68-8890-bfa39295f41c,inverted,2023-04-06 01:39:24.546384,2023-04-06 01:39:24.546384
c9258474-a1dd-4ee3-b7a4-026f67fd58f1,d18a26cc-9a34-4283-a676-56ed69933a7f,with Radiator tease,2023-04-06 01:40:38.446045,2023-04-06 01:40:38.446045
b17e0100-ff87-41be-bfbd-3a19ad97ab38,83caa3bd-01c8-4290-8786-51937b9f743f,completes 12/28 version,2023-04-06 01:41:26.545355,2023-04-06 01:41:26.545355
912cc271-98a8-4db4-b495-0628619fb247,de8e3513-619d-4575-bc3b-3d7cc6f385ed,completes 7/25 version,2023-04-06 01:42:19.670642,2023-04-06 01:42:19.670642
4e10b9f8-74f5-484f-be63-b09e6bde24f4,78e7fa40-3486-479e-bcf4-128709178ede,with 'Plan B' vocal tease,2024-08-10 17:41:15.450225,2024-08-10 17:41:15.450225
8fcf90f8-0919-4a41-ad25-0fdb876f18cf,65a0989e-8b6b-4231-b28f-8f5bd3abbb24,ending vocals first,2023-04-06 01:45:46.073641,2023-04-06 01:45:46.073641
20e1b232-1d09-4b1b-a478-f20c3091cd71,111d04d4-06ff-40c4-8aec-f6334e97ff38,unfinished,2024-08-17 16:26:38.702963,2024-08-17 16:26:38.702963
4e70fb1c-1d24-4993-b8d4-300222fdb5b3,a9b2b675-89dc-4ccd-94f2-8b415599cbbb,completes 9/11 version,2024-08-17 16:26:53.160497,2024-08-17 16:26:53.160497
20633ff5-74c3-44a1-9d29-15e19e836339,a9b2b675-89dc-4ccd-94f2-8b415599cbbb,with 'Bernstein and Chasnoff' tease,2024-08-17 16:26:53.191408,2024-08-17 16:26:53.191408
4f077335-690b-4f32-a146-32dff21d76aa,f4cb8d53-69d1-4c0d-8a42-e638203d8238,with 'Mindless Dribble' tease,2024-08-17 16:28:44.581089,2024-08-17 16:28:44.581089
5bb4ffbd-f6e5-439a-8d08-baf2251bc753,d19693d8-ed04-4dbf-8a70-b43e8434268a,completes 12/27 version,2023-04-06 01:48:42.945489,2023-04-06 01:48:42.945489
ac0ceabd-7eb1-471f-818e-76eebb700d52,f0b94c9a-6a7a-427c-8141-36a00a47fff8,completes 4/11 version,2023-04-06 01:49:34.624570,2023-04-06 01:49:34.624570
1ee92774-fd99-4f5d-91e0-8ba2d50ea54c,9482197c-854d-4598-aeb5-775d0fa8988b,dyslexic completion of 8/11 version,2023-04-06 01:51:25.247297,2023-04-06 01:51:25.247297
8b72115e-b10c-4f37-aaf2-1769c8b545cd,7df865d2-4439-43cf-872b-6731ae7b6a79,completes 8/7 version,2023-04-06 01:51:33.406092,2023-04-06 01:51:33.406092
f3e8535c-b87f-4072-8561-7988eeea949c,bb11044a-694b-43af-919a-f8d86a590cec,Perfume version,2023-04-06 01:54:35.272459,2023-04-06 01:54:35.272459
efb47348-0831-4542-a666-c3d847a138f2,ecfe8fc7-723c-4e1b-81eb-5f2369102124,unfinished,2023-04-06 01:55:34.170373,2023-04-06 01:55:34.170373
c4af20b5-9942-46eb-98fc-86ae80fb9345,96c60eaf-8636-44d4-83e7-71baeac841a9,original version,2023-04-06 01:55:46.634433,2023-04-06 01:55:46.634433
bb4cfdb4-ad92-45c7-8a3e-739675c6f861,f6a8bd5b-589d-4e97-9857-502faccb80ff,completes 12/6/06 version,2023-04-06 01:56:21.588262,2023-04-06 01:56:21.588262
2040744c-88c5-4f72-a950-d2e3e2829ee6,71bbbaba-ea11-47c1-a16f-568475077356,ending only,2023-04-06 01:56:40.423961,2023-04-06 01:56:40.423961
deb54d9e-9937-4c62-88ad-601b09d7212a,f4ef7b41-0206-4673-96ee-7fe9673ed703,with Jeremy (Big Gigantic) on Drums,2023-04-06 02:02:43.011237,2023-04-06 02:02:43.011237
3b9244d8-87fc-443e-9bcd-cc2d57407df2,f4ef7b41-0206-4673-96ee-7fe9673ed703,LTP 11/09/1995,2023-04-06 02:02:43.029447,2023-04-06 02:02:43.029447
272b76e5-6791-4dba-9b21-fcac58a6f453,b913d5db-9eab-4240-872a-664fbe2eb997,dyslexic,2023-04-06 02:04:32.614361,2023-04-06 02:04:32.614361
c1ee73fa-cdd9-42eb-adb7-bcaf3b7ee90c,762d1efb-129b-4440-899a-f9416ca125a0,dyslexic,2023-04-06 02:04:40.477124,2023-04-06 02:04:40.477124
14e52e22-102e-4c66-b0b7-071d0de3de8d,bffde766-d14f-4caf-80fb-650879898308,dyslexic,2023-04-06 02:04:48.040761,2023-04-06 02:04:48.040761
73e1b23d-9705-4d40-bfb0-6c13df15e7b4,786e8712-044f-4db9-9e57-c7c13ada3513,dyslexic,2023-04-06 02:04:57.962237,2023-04-06 02:04:57.962237
b7d90e71-a002-4a10-9c95-b197c9377261,41a99a1f-0437-46b8-83e1-5ac0a5b05219,unfinished,2023-04-06 02:05:33.463507,2023-04-06 02:05:33.463507
3a604cfe-09a0-43b8-a692-70b6dccff066,1e882b5a-c150-4ca1-bdfe-262e0f9a2e53,dyslexic,2023-04-06 02:06:52.398279,2023-04-06 02:06:52.398279
c2134b42-89bc-4636-be7d-6eb2fb70a820,1e8f218b-29c3-47f5-833c-93d7bd5bbc92,dyslexic,2023-04-06 02:06:57.804648,2023-04-06 02:06:57.804648
e85f2af4-0753-4afc-8086-79d60a4877f1,f688cd09-383f-4709-8b3c-73b5e36a1420,instrumental version,2023-04-06 02:07:31.005365,2023-04-06 02:07:31.005365
4cdf2ce0-6212-4c2f-8ce4-9f1b97816e02,f688cd09-383f-4709-8b3c-73b5e36a1420,LTP 6/06/09 (240 shows),2023-04-06 02:07:31.024376,2023-04-06 02:07:31.024376
7d48deab-04f8-470e-bb2f-5d949d465722,655df6f7-cc8b-407a-afb9-de0e7ae0b681,Last Time Inverted 4/15/02 (1010 shows),2023-04-21 10:55:24.325936,2023-04-21 10:55:24.325936
0965fd68-f388-4db2-b3de-9048de7aa82a,fe49955f-544c-4e9a-a2c3-4e0a83c38ade,dyslexic,2023-04-06 02:09:53.438346,2023-04-06 02:09:53.438346
bf8356eb-9673-42f2-8b2b-cde3dff1febf,76aa5388-2c03-4071-93f6-fd8b2d83dc42,FTP (LCD Soundsystem),2023-04-06 02:11:16.368570,2023-04-06 02:11:16.368570
0c1e53c9-436a-4d3a-8c4a-329fe2537aab,34cc726a-b984-4fb2-82d2-ac0297985c42,FTP (Prince) instrumental version,2023-04-06 02:15:07.506350,2023-04-06 02:15:07.506350
abec44f5-ca57-49bf-b650-498f8a5f990b,f544d8db-e9d6-4c9d-9d05-2561994b8089,with Pac Man samples ,2023-04-06 02:18:19.458306,2023-04-06 02:18:19.458306
bedd1a11-11e2-4010-9b4e-d6393f510f73,94555238-abfb-40b8-aaf6-c860b2c3bd85,with NYE Countdown,2023-04-06 02:18:37.442322,2023-04-06 02:18:37.442322
81a702a5-b77c-43bc-b2e5-6ba2bb08fbe1,94555238-abfb-40b8-aaf6-c860b2c3bd85,LTP 9/5/2010 (231 shows),2023-04-06 02:18:37.470658,2023-04-06 02:18:37.470658
8800b925-634c-4e56-b59f-593b7a3d64e8,0bbb4236-8b95-4fa8-81aa-bb2524f78025,LTP 7/19/19 (77 shows),2023-04-06 02:33:48.433418,2023-04-06 02:33:48.433418
328d9a08-2072-45e9-9419-55a6bca227b1,59dee715-2d3b-4e84-8faa-54cc62505abc,with New Year's countdown,2023-04-06 02:34:30.657988,2023-04-06 02:34:30.657988
9065ccdc-79e2-4f1e-8546-b5c8ef35b032,59dee715-2d3b-4e84-8faa-54cc62505abc,LTP 2/2/2017 (169 shows),2023-04-06 02:34:30.675824,2023-04-06 02:34:30.675824
b5ecc4b5-d640-449f-be53-7acdc0be3b5b,8ad6b7f3-647e-4d9a-b7fd-42e2c3b11daf,LTP 6/9/08 (545 shows),2023-04-06 02:35:37.066272,2023-04-06 02:35:37.066272
5912eb4a-d61f-4c0f-9d40-160f0d4c9176,21c1eec1-0935-4968-b57f-ff7c8844baaf,LTP 4/2/21 (50 shows),2023-04-06 02:35:45.454419,2023-04-06 02:35:45.454419
1c597976-03ed-410e-82ba-1b33a2393ada,32e58fca-f903-4ad8-8ef5-df05938b65b9,LTP 11/3/18 (112 shows),2023-04-06 02:36:13.799575,2023-04-06 02:36:13.799575
b6cef6e5-40b8-4b92-b103-7da625a5d925,23985992-f064-4403-a95f-7960d0f4a409,LTP 2/2/2019 (128 shows),2023-04-06 02:37:57.972342,2023-04-06 02:37:57.972342
630d9f3f-b04e-44e8-8aa2-f42789f8fdda,c0289bfd-dfb7-44dd-b4c3-9ca2f8b42863,FTP (tDB original),2023-04-06 02:48:30.998357,2023-04-06 02:48:30.998357
47aa4996-6bc0-4f45-ab01-46d19b9ab7a2,5e22f95f-d1ef-456c-be98-dc81b475e426,with 'The Thieving Magpie' (Rossini) tease,2023-04-06 02:51:35.550339,2023-04-06 02:51:35.550339
e0186645-b9d6-46ce-bc68-d582218eaee3,191160d3-62b9-436f-bad4-051b9bbab6c2,FTP (tDB original),2023-04-06 02:51:40.746379,2023-04-06 02:51:40.746379
586ef8ca-f30c-4b54-85a2-7c46876d2bd7,11dac4a0-2214-491f-8fbc-b248ab2563c7,completes 10/2 version,2023-04-06 02:52:08.673907,2023-04-06 02:52:08.673907
c01b4a38-5a55-4b2b-ad36-dbab488cd99e,3f8dfb7c-b452-4e8f-8a68-337e85c0c106,FTP (tDB original),2023-04-06 02:52:13.986860,2023-04-06 02:52:13.986860
b4182230-911a-4ee5-85fc-c7bb14ff1773,c5d0e85f-2170-4e6a-b0ed-42c62d8e5d2a,FTP (tDB original),2023-04-06 02:53:03.194100,2023-04-06 02:53:03.194100
1fcd4035-e8a5-4228-991d-01f18ebdf622,5d2193ef-5b67-4c73-b080-eb594dc16863,FTP (tDB original),2023-04-06 02:53:12.593367,2023-04-06 02:53:12.593367
40e94498-e788-46ad-a229-d1d93d09aeb7,4c507a04-a2d4-4240-8140-9f58b0785f5a,FTP (tDB original),2023-04-06 02:53:22.354479,2023-04-06 02:53:22.354479
64f8ef24-df48-4d7f-adf8-48af8b6d47b2,b60f6d34-598b-401c-9524-afd142a5f92d,FTP (tDB original),2023-04-06 02:56:19.830330,2023-04-06 02:56:19.830330
b89f5107-a197-4512-b129-7e8f5dabd47a,cb16d8e1-de04-43a2-bb46-62d72db05baf,LTP 4/10/2001 (862 shows),2023-04-06 02:11:41.778374,2023-04-06 02:11:41.778374
fe28d4ba-c32c-4330-add4-8e88e4c518a7,fc7dff80-6392-4e99-8148-00340e4948b1,LTP 7/17/15 (124 shows),2023-04-06 02:24:27.926350,2023-04-06 02:24:27.926350
f98e93e4-d030-4467-9524-51b1471ba75c,1680b3ea-84f1-461c-8625-03961b14f653,LTP 7/17/15 (124 shows),2023-04-06 02:24:33.946891,2023-04-06 02:24:33.946891
8e192fbd-493a-4064-b77f-7667b8de9c58,da5ceefb-fbae-477a-b8aa-bae453524feb,with Benny Bloom (Lettuce) on trumpet,2023-04-06 02:25:14.457522,2023-04-06 02:25:14.457522
5c0eb9e1-f8ef-4b6e-8ab2-a86f35290fb0,2692ed05-f002-4f40-ad6a-666c0fe4f2e5,completes 9/13 version,2024-08-17 16:28:52.870116,2024-08-17 16:28:52.870116
d7f06a8b-6ba1-47c0-9704-6887b63f8ba1,a4960739-6203-44db-b3df-08c862a31d36,LTP 11/17/17 (114 shows),2023-04-06 02:30:40.581742,2023-04-06 02:30:40.581742
f7a7ba1a-cb34-4d21-a8f0-46002f46c93f,00dbc4b4-2c2c-4135-a7cb-72d8d030bb91,LTP 7/19/19 (58 shows),2023-04-06 02:30:48.800055,2023-04-06 02:30:48.800055
df1e8014-0f56-412c-af95-7728171ce418,bff13033-cace-4132-a18c-927d5db5492e,LTP 3/15/10 (401 Shows),2023-04-06 02:31:56.952022,2023-04-06 02:31:56.952022
49140980-7b5e-461a-8713-5e984c396066,a7cf168b-48d6-4763-9290-07de8b18e43b,with 'Mindless Dribble' tease,2024-08-17 16:29:13.818855,2024-08-17 16:29:13.818855
1bd209f2-d41b-49db-929f-812ed49d4909,c38a2446-53a6-4b87-9f83-0ae8089d8fd1,completes 9/10 version,2024-08-17 16:29:22.486572,2024-08-17 16:29:22.486572
56d6dffe-c4e8-4180-8a34-4eb9ef5e7166,3644f86a-3fd2-45fa-8dbe-f8fe4313d29d,unfinished,2024-08-30 04:11:16.792103,2024-08-30 04:11:16.792103
b010b401-cd66-4ed2-8ba9-c3b1ee8420b9,2ab4c86e-388c-4b87-85a7-4cd24d905d03,LTP 10/27/23 (57 shows),2024-08-31 04:21:25.664033,2024-08-31 04:21:25.664033
4ed70aa5-7948-4bae-afa2-978292292fdb,e2e3d2b2-190c-4412-adda-03195f7f2e5d,LTP 12/27/19 (60 shows),2023-04-06 02:32:03.829384,2023-04-06 02:32:03.829384
d2322b5d-ed35-49ff-8c71-4868ce5955f7,226d0b04-b710-448d-ac58-dfcfd4226400,LTP 12/13/18 (95 shows),2023-04-06 02:32:32.010530,2023-04-06 02:32:32.010530
b98d4ddc-06a9-409a-819a-0977a3e5a2b2,c4510493-81fd-410f-a5eb-d07841188c05,LTP 10/19/18 (149 shows),2023-04-06 02:36:39.699132,2023-04-06 02:36:39.699132
c650c77f-3102-40f3-bbfc-dcc2c28d30b4,a7e212fb-f502-40bb-a41c-465a7f52a1df,LTP 7/16/21 (70 shows) ,2023-04-06 02:39:49.689445,2023-04-06 02:39:49.689445
15319501-bd37-475d-8c8e-79e9e3e75a31,f19949fa-e062-4f14-9940-c992cc022e8c,LTP 10/29/20 (95 shows),2023-04-06 02:39:58.366119,2023-04-06 02:39:58.366119
66eb51ca-dc66-4f74-83fc-5c52702e009a,05e3a694-16ab-493b-9dcc-a56da34903b7,FTP (The Alan Parsons Project),2023-04-06 02:41:01.486261,2023-04-06 02:41:01.486261
738f9041-a780-4546-8fbe-3a5f64acdc9a,05e3a694-16ab-493b-9dcc-a56da34903b7,with band intros,2023-04-06 02:41:01.510628,2023-04-06 02:41:01.510628
92f96215-eff2-49df-a2d5-f08e3db0ed5e,b66b1058-7f47-4b4f-938f-145a0b327172,with ‘Cocaine’ (Eric Clapton) teases,2024-08-08 00:56:02.869530,2024-08-08 00:56:02.869530
bb2e0504-bf6b-4f4c-9b95-cf767e73b335,4997f7f2-2330-4f08-ae3d-b153e75f2a69,LTP 4/20/18 (50 shows),2023-04-21 10:59:53.393311,2023-04-21 10:59:53.393311
a89f80c0-d64c-4f6c-82aa-e608a5dab02e,21f6f923-b6aa-4e4c-a2d6-59ae3ab7bc9f,FTP (tDB original),2023-04-06 02:50:59.490327,2023-04-06 02:50:59.490327
e4b91dcf-0c4f-4b5c-bcd3-3dc809a6b64b,3195c666-79fb-4e20-bf8f-c893d92c0899,FTP (tDB original),2023-04-06 02:51:05.918475,2023-04-06 02:51:05.918475
87bdc5b8-ee2c-4e14-aa40-7c7395d54fcc,de260518-6454-4cc3-9318-70d4f1801bbd,FTP (tDB original),2023-04-06 02:51:12.883208,2023-04-06 02:51:12.883208
6e17772d-7f83-4685-874c-e987d4a29646,f6e73c78-f8f0-4ffa-aefa-335952f5c1da,dyslexic,2023-04-06 02:53:52.174355,2023-04-06 02:53:52.174355
d2489e65-ee30-45a6-bb8e-43625730a900,a3273eeb-c017-4f31-9019-9d1ab0124e4a,dyslexic,2023-04-06 02:54:27.570042,2023-04-06 02:54:27.570042
80f22e8c-c0df-4352-b828-65a5551e5a30,a3273eeb-c017-4f31-9019-9d1ab0124e4a,with Star Wars theme (John Williams) tease,2023-04-06 02:54:27.598769,2023-04-06 02:54:27.598769
1c74b496-62ee-4b7d-95a2-ec9c1199b935,04389da9-d1ec-4514-b700-11fc6e2a5eae,"Dyslexic (ending first, then beginning)",2023-11-28 20:49:34.279590,2023-11-28 20:49:34.279590
65e040e0-1ba5-4688-a3bb-db09ee968a05,04389da9-d1ec-4514-b700-11fc6e2a5eae,1st time dyslexic,2023-11-28 20:49:34.290672,2023-11-28 20:49:34.290672
7f600326-20ba-4217-8d57-b5fbbdc3e0d0,fa0de395-18ab-4eb4-9f25-c5685905091c,preceded by ‘Munchkin Invasion’ fakeout ,2024-08-09 19:40:19.530659,2024-08-09 19:40:19.530659
df96e1a2-2ef9-4bf1-87b4-008124453594,992e0a74-97e7-42e9-b7a7-66b1a65e3d0a,LTP 10/31/10 (211 shows),2023-04-06 02:16:52.970403,2023-04-06 02:16:52.970403
dc71908a-2933-4a6b-a322-4fb3fb01f6fa,36df544a-6a50-422b-bba0-6d05b025e8e7,LTP 7/10/04 (643 shows),2023-04-06 02:17:12.922379,2023-04-06 02:17:12.922379
387b8bf2-75db-4329-954f-2a067b644c95,9db1d10e-0711-4e44-b968-118bc88a12a2,LTP 4/23/09 (365 shows),2023-04-06 02:22:00.808343,2023-04-06 02:22:00.808343
e2027f7f-d63c-49f9-800e-202718117ab2,f23ca53f-5f77-4f0b-914b-b3fd9be44ea9,LTP 5/26/18 (114 shows),2023-04-06 02:33:14.913310,2023-04-06 02:33:14.913310
0e538be0-46dd-47ff-9f4c-4aee6557e3bb,8935acc8-6ba4-44b7-b57d-34bb50b7c373,LTP 7/13/18 (110 shows),2023-04-06 02:33:23.611780,2023-04-06 02:33:23.611780
cffb52fe-c29a-4169-b036-06bb286011d0,f69fa2e6-d1e9-40b9-aa9b-7c1cfd98dbaa,FTP (tDB original),2023-04-06 02:49:01.794708,2023-04-06 02:49:01.794708
c857f1a4-f632-484f-8378-6864f54cc2ff,98ce271c-ab5b-4c1f-897b-f5aff9f1cb99,FTP (tDB original),2023-04-06 02:49:10.446314,2023-04-06 02:49:10.446314
b06e435f-031e-448e-a9b6-be8e5f7f72da,626d7d42-56c4-4825-bf5b-194a511733df,"Dyslexic (ending first, then beginning)",2023-11-28 20:49:48.820976,2023-11-28 20:49:48.820976
e5815232-c3e0-4011-b9f9-adf98ff594ec,62bcf915-f777-48e2-af2d-8605bb743a3b,unfinished,2023-12-11 18:41:14.009561,2023-12-11 18:41:14.009561
d35f9a25-f163-48a6-97e9-71b6c890fb8f,060fa32d-e7bb-4d8b-aacc-8144c088bba1,FTP (tDB original),2023-04-06 03:02:51.641535,2023-04-06 03:02:51.641535
bf4ba544-dd0a-4104-9bf6-07512cf263fc,74eeeb14-f8e6-4ff5-80e3-afe4cd30d7f9,FTP (tDB original),2023-04-06 03:02:57.148992,2023-04-06 03:02:57.148992
291a0789-ca7a-4d94-bb48-ad4530d35498,c78b2fe9-4d16-4554-ae56-89fbdbb72e59,LTP 9/7/10 (226 shows),2023-04-06 02:17:54.421703,2023-04-06 02:17:54.421703
06603a15-bdc3-4b8b-a17f-2b4aeb5092f5,5df9a9f8-832f-46d4-a3d8-50003b6279f8,LTP 12/27/04 (675 shows),2023-04-06 02:22:50.862384,2023-04-06 02:22:50.862384
51eeb623-e31e-41f7-9c2c-e9d1e918087a,2eb75d6b-b17c-4c3b-b9cc-a6c82ccef4f8,"Dyslexic (ending first, beginning 11/8)",2023-11-28 21:00:26.782829,2023-11-28 21:00:26.782829
98476722-6380-4655-9be1-b148d33ef5d2,23424ad3-cdf0-4b66-87a3-9a460a1e9d69,LTP 12/26/2014 (136 shows),2023-04-06 02:23:16.939533,2023-04-06 02:23:16.939533
70cac63f-b1df-4f41-95fc-9d37554b85e9,fbdb8e37-dec4-4522-a423-d937b63113a0,LTP 4/17/15 (131 shows),2023-04-06 02:24:40.500998,2023-04-06 02:24:40.500998
8325381f-3240-458b-bb5a-bb39807fc032,55c5a615-4e93-4a49-8317-5b8544a5d7e7,LTP 12/30/16 (126 shows),2023-04-06 02:28:00.041377,2023-04-06 02:28:00.041377
68ce3e26-d1a1-4858-bed1-02243c870857,22ddf9de-d3c3-4a57-b047-c98720c21088,Perfume Version,2023-04-06 02:31:29.762544,2023-04-06 02:31:29.762544
bb98df7a-520e-4272-845e-8e54475b7114,22ddf9de-d3c3-4a57-b047-c98720c21088,LTP 12/29/18 (82 shows),2023-04-06 02:31:29.790937,2023-04-06 02:31:29.790937
c9fc13e4-1538-4060-a035-3240339af745,ea7441af-b730-4793-8124-c9b5b58ac2ba,with Shira Elias (Turkuaz) on vocals,2023-04-06 02:31:37.652947,2023-04-06 02:31:37.652947
8a7da165-5b82-487e-8729-81e3540361e7,861527b5-de4c-415c-905d-7d230e8167a0,LTP 12/14/19 (60 shows),2023-04-06 02:32:52.011110,2023-04-06 02:32:52.011110
aa6e9d6f-d3af-416c-ae95-71f4978265c0,c84d78b4-246c-467a-a86e-8c6063ea3888,unfinished,2023-04-06 02:35:16.303595,2023-04-06 02:35:16.303595
109bb983-5a20-4f3e-bca6-a3d62760b08a,c84d78b4-246c-467a-a86e-8c6063ea3888,LTP 2/4/16 (204 shows),2023-04-06 02:35:16.342842,2023-04-06 02:35:16.342842
e8b5503b-2151-45f3-9bde-a435db555b29,ba40b5e0-cb18-493e-9a2a-76e790e54523,FTP (John Williams),2023-11-29 18:50:12.139075,2023-11-29 18:50:12.139075
f4b26673-35c5-4556-9493-45a040fc6c31,2601d8f6-977a-48af-82a8-51edd010b252,LTP 6/19/21 (68 shows),2023-04-06 02:38:43.399949,2023-04-06 02:38:43.399949
73a8c4ad-315f-47d4-a050-d274bf8bb188,e2292d02-48df-49bd-bd6c-131e8b524dd8,LTP 6/25/21 (68 shows),2023-04-06 02:39:07.910402,2023-04-06 02:39:07.910402
2c50b49c-cfa8-4f0f-9ef8-eff32923e5a5,a8a6afbe-1d62-49c9-b3be-73ff86e90900,dyslexic,2023-04-06 02:39:24.125052,2023-04-06 02:39:24.125052
9773b265-ee34-4f63-b95d-909b66381f51,a8a6afbe-1d62-49c9-b3be-73ff86e90900,LTP 10/28/21 (52 shows),2023-04-06 02:39:24.158536,2023-04-06 02:39:24.158536
0d8342c4-a14b-4958-ac76-489249cf3bdb,3b2d43e4-df44-4e86-abd5-9603a6af4ae8,Perfume version,2023-07-09 02:53:53.201471,2023-07-09 02:53:53.201471
62549efb-4b69-4519-80d6-77a9598e26f3,c4ca6b5b-82ee-428e-9ce2-9b7d92bf44ab,Last Time Inverted 5/27/07 (382 shows),2023-04-21 16:49:05.391201,2023-04-21 16:49:05.391201
7477997b-e4da-483e-8c1e-eb9ce55b2692,f41585e8-729d-4b58-b1e6-47f1a25752a9,LTP 9/18/21 (67 shows),2023-04-06 02:41:51.556729,2023-04-06 02:41:51.556729
d95eb661-91e6-4691-a12d-f0069823af96,018d7eb7-c80e-4607-b197-b28123bebfdc,LTP 10/24/20 (100 Shows),2023-04-06 02:41:59.977167,2023-04-06 02:41:59.977167
19b757ed-d839-4d19-8b1c-17278193c927,7b0d8d13-a0a6-4660-8040-47c297a53bad,LTP 9/17/21 (70 Shows),2023-04-06 02:42:24.582347,2023-04-06 02:42:24.582347
d172c077-62e7-4b18-8dee-7ac233500881,d79f99ad-3ef8-49b8-99d1-3e7a118b3de1,LTP 9/14/14 (294 shows),2023-04-06 02:43:55.944914,2023-04-06 02:43:55.944914
11833a5b-a59c-41a0-bf7d-561427f14aa9,c3f765ae-16e7-47b8-8557-cdcce04689c0,LTP 10/17/21 (62 shows),2023-04-06 02:44:03.502312,2023-04-06 02:44:03.502312
abe04d51-158e-4283-acb4-f1010145ad67,89f0e04b-6789-4126-8733-3dbbd79c8945,LTP 11/20/21 (61 shows),2023-04-06 02:44:19.458263,2023-04-06 02:44:19.458263
aa38bb84-8934-4193-9a75-ec0ff996808f,d317ae21-fc49-46df-b6b8-d293b45d9b13,unfinished,2023-04-06 02:44:30.370362,2023-04-06 02:44:30.370362
59d9df58-a5b1-43d2-a4e8-ed37868cb246,d317ae21-fc49-46df-b6b8-d293b45d9b13,LTP 11/21/21 (60 shows),2023-04-06 02:44:30.404144,2023-04-06 02:44:30.404144
8d4866f1-c947-4e07-84be-3fe096666f39,22a5915e-feed-46ad-bae4-f282e8e41698,LTP 9/17/21 (73 shows),2023-04-06 02:45:15.367141,2023-04-06 02:45:15.367141
fdfd7631-ce4b-4fa5-8a45-0e31b0d24636,f2c3848c-e510-4243-9e72-a7356130566f,with Mr. Don tease,2023-04-06 02:50:23.960704,2023-04-06 02:50:23.960704
a3165d1d-8ec3-4092-8937-31b8abd20149,f2c3848c-e510-4243-9e72-a7356130566f,completes 4/17 version,2023-04-06 02:50:23.972103,2023-04-06 02:50:23.972103
d60202f9-1c46-427f-8b34-7bbb25ceaec6,448bab90-7bd4-4d57-9639-7029bd1b66e7,FTP (tDB original),2023-04-06 02:50:30.082345,2023-04-06 02:50:30.082345
21ac188f-4fe4-4bf1-88e6-49da8cecc279,9b056b28-8c42-4fb6-80ae-0970fdac5ab9,Last Time Inverted 4/13/01 (421 shows),2023-04-21 16:52:36.787532,2023-04-21 16:52:36.787532
41b0d187-6eeb-40ff-a601-5aef151f4477,9ca431c3-8fe1-44a6-b1f8-1beb0846e66e,completes 8/25 version,2023-04-06 02:59:54.222382,2023-04-06 02:59:54.222382
bd1de087-a3ff-4825-94a6-3d9febffca8d,010bf8a0-6ccf-4643-b28c-92820ef47066,completes 8/25 version,2023-04-06 02:59:59.716139,2023-04-06 02:59:59.716139
2fe5fdbe-83ec-4546-a3ea-15b4c53982b5,796b83be-dc03-49ba-82d5-0cb930446461,FTP (John Williams),2023-11-29 18:50:20.185230,2023-11-29 18:50:20.185230
ba7ea22e-4d8c-4c40-bb8c-c7566e61aef4,601c5cc2-89bc-49b2-920c-f46aa0b25fca,FTP (John Williams),2023-11-29 18:50:29.660203,2023-11-29 18:50:29.660203
ed39ca4d-02b0-4c8c-9914-2b5779972102,fa0de395-18ab-4eb4-9f25-c5685905091c,beginning only,2024-08-09 19:40:19.576409,2024-08-09 19:40:19.576409
0326b2d5-8af8-4bf0-9149-a429384a68e8,e9ef6f50-67b2-44b2-9bea-94f5e8ed10af,unfinished,2024-08-09 19:40:59.719614,2024-08-09 19:40:59.719614
e203be62-7ade-4f08-9b12-c53639cf7039,381be8e7-134a-4901-aded-385259946cac,LTP 3/21/10 (278 shows),2023-04-06 02:20:26.736178,2023-04-06 02:20:26.736178
14ebb575-b020-466d-84a5-c334fcaaeed1,8e150f72-9305-4dd6-8653-a251d6f41750,LTP 5/27/10 (262 shows),2023-04-06 02:20:35.818401,2023-04-06 02:20:35.818401
929703b0-4541-4210-9674-72d8604c4c34,4b01d5ce-97c0-4360-8b5f-2555b4eccd01,LTP 3/21/2010 (283 shows),2023-04-06 02:20:56.982989,2023-04-06 02:20:56.982989
c4c3b613-8c00-4bb8-8958-d49639583ae5,05ebb84b-9a70-41fc-844b-183a29b57013,LTP 12/27/2013 (165 shows),2023-04-06 02:23:54.650051,2023-04-06 02:23:54.650051
9ba88104-69c4-48a1-ade2-f0df20b53359,0b3f1b43-93ee-406e-aaaf-0889796d4791,LTP 7/18/2015 (117 shows),2023-04-06 02:24:03.495447,2023-04-06 02:24:03.495447
6e4f4a52-d996-40f9-82e2-b841a05054a0,6547cd59-058d-4ca7-af5d-fde1417fd96e,LTP 12/12/18 (55 shows),2023-04-06 02:26:08.518266,2023-04-06 02:26:08.518266
52733e55-ccbb-4b18-aa54-9346b1e4c685,b258553a-328b-410f-874b-abab17e70cd5,LTP 7/15/16 (234 Shows),2023-04-06 02:43:09.806609,2023-04-06 02:43:09.806609
349660d5-5607-45b7-8c52-0aa2580d2802,11a660b0-e26f-47f0-9892-ad0e76bfc9fd,LTP 11/27/21 (57 shows),2023-04-06 02:43:32.611974,2023-04-06 02:43:32.611974
35d94412-d546-428f-b083-e99fc6eff39a,f347fc85-d181-4922-b2c5-3460e1362a81,FTP (tDB original),2023-04-06 02:47:14.600874,2023-04-06 02:47:14.600874
c8b3da42-18a3-4e31-8ad9-5a69abb6658e,947d9b98-0071-4c37-b501-3f8d4e66c196,FTP (tDB original),2023-04-06 02:47:42.680388,2023-04-06 02:47:42.680388
96dc038b-a940-4bab-a406-abf244949a43,c4dfb44c-a1a5-42ea-811d-dbeeed4d99ab,FTP (tDB original),2023-04-06 02:49:28.913610,2023-04-06 02:49:28.913610
db5f1501-e133-452d-83a7-759809ef3d45,bc011fee-2605-4018-8adf-a9116de7b78a,FTP (tDB original),2023-04-06 02:55:00.381064,2023-04-06 02:55:00.381064
7e0f88d3-8762-4530-895f-8fc19a3312d2,edc66d30-5a12-4c5a-9500-e6dae40c5e33,FTP (Jane's Addiction),2023-04-06 03:07:04.371626,2023-04-06 03:07:04.371626
882ce4ed-7db0-44db-a2ac-77e9f878678f,3abb1f01-080b-4f30-99ab-b8bcf700247e,FTP (tDB original),2023-04-06 03:07:50.814360,2023-04-06 03:07:50.814360
0a957bc2-332f-44b9-b642-751a21f9aa6d,d69a2346-319c-4b31-8cbb-7a1c60810808,FTP (tDB original),2023-04-06 03:08:13.262351,2023-04-06 03:08:13.262351
9646c4c2-79f3-4da1-bf24-ad7a7867f775,2bd02714-c8db-48ea-9da6-6a5dc1485b40,FTP (tDB original),2023-04-06 03:08:35.643961,2023-04-06 03:08:35.643961
03e42860-43ab-48f3-b82a-75069ee3163c,f4b2c572-a8fd-4507-a9fa-28fc9c8488df,FTP (tDB original) King Of The World is a reworking of the 5/6/99 'I-Man' jam,2023-04-06 03:09:37.330305,2023-04-06 03:09:37.330305
78094801-d3bb-4880-b6e8-a60551cf2c48,14f15c86-7971-4336-b143-ba50f9d00be4,FTP (tDB original) ,2023-04-06 03:10:00.656962,2023-04-06 03:10:00.656962
7d1c6200-f0a3-4947-bee0-f844b13832be,14f15c86-7971-4336-b143-ba50f9d00be4,"Sister Judy's Soul Shack'is a reworking of No Matter, debuted by the Maui Project on 4/8/00",2023-04-06 03:10:00.686868,2023-04-06 03:10:00.686868
f6fd83ba-19aa-4ce9-b5a0-52b3f4bb4cc9,f101c0b5-eda2-4f07-b858-9b346bc6997e,FTP (tDB original),2023-04-06 03:10:51.845861,2023-04-06 03:10:51.845861
7e70ef89-ff09-495d-8c84-70b818f07e50,b22cd966-0384-4717-928f-2ff676c007b7,FTP (tDB original),2023-04-06 03:10:59.151222,2023-04-06 03:10:59.151222
fb00fdc7-99fb-418e-ac48-cca72b549c8f,19d86e4d-33c3-4913-96f6-aba68a485ebc,with 'Izzo (H.O.V.A.)' (Jay-Z) vocal tease,2023-04-06 03:11:17.421263,2023-04-06 03:11:17.421263
87f67ab1-effd-48c6-ba24-af3e5b77a7af,05720840-4840-4f88-80a5-ffc04beb1be3,unfinished,2024-08-09 19:42:55.739958,2024-08-09 19:42:55.739958
d24b6a5f-6a6c-47b6-a69b-bd87e24bfea6,1b4191a5-27be-4db8-8c92-c8e4771c2308,FTP (tDB original),2023-04-06 03:12:11.723214,2023-04-06 03:12:11.723214
42d0d2f6-162f-4d6b-bbff-ed877644ad55,7e01ab38-061a-4ed7-a203-7adf577bba44,unfinished,2024-08-09 19:51:10.973579,2024-08-09 19:51:10.973579
90da750c-fae9-443c-a8bd-fec6a6f76ceb,8c5bf795-1c49-46a1-b75a-bd5ba0481eac,LTP 12/31/16 (192 shows),2024-08-09 19:51:36.719715,2024-08-09 19:51:36.719715
4ef3ade4-23cf-4bab-b359-40cf72b2c2eb,caff178d-2de0-40ce-95d4-3484c7c77234,with 'Boom' (Tiesto with Gucci Mane and Sevenn) samples,2024-04-01 04:25:29.117552,2024-04-01 04:25:29.117552
89a1e800-04a5-4820-9bc5-38a494f15076,38a7a40d-60b4-40e2-bc20-58c0ef584b99,with ‘Perfect (Exceeder)’ (Mason & Princess Superstar) samples,2024-04-01 04:25:36.897871,2024-04-01 04:25:36.897871
3d07615c-64b8-4302-a2d2-2e1fbf02ea06,d6a5fa13-3948-4645-9ba9-37c379918804,with ‘Hella Good’ (No Doubt) teases,2024-04-03 03:42:40.148257,2024-04-03 03:42:40.148257
cf583620-a24b-4b64-9eb7-45ceee992371,d01d4789-87de-4f55-9e46-e5c6f7fa50ee,with Gabriel Polomo on turntables,2023-04-06 03:12:52.865130,2023-04-06 03:12:52.865130
13a0fb40-6d3a-45bd-b06d-ba8b3a6b0b08,9b499365-8a30-40f7-9db0-d9663645e20a,completes 4/19 version,2023-04-06 03:13:02.318334,2023-04-06 03:13:02.318334
0d2e9ded-5549-43f7-8b98-0e753a5f34a3,08c050e1-875b-40e7-8108-2f6fe7efac61,FTP (tDB original),2023-04-06 03:13:24.747286,2023-04-06 03:13:24.747286
d97aad4e-6fe5-4ec6-8166-255437370e51,7247bdbd-af7f-482c-9556-a6a0e36212a8,FTP (tDB original),2023-04-06 03:13:30.710303,2023-04-06 03:13:30.710303
874136e1-c382-46f1-abcf-00edec3857c9,b0f1df01-fcd4-4fdc-a43b-060d3ed6fa99,FTP (tDB original),2023-04-06 03:14:35.658314,2023-04-06 03:14:35.658314
f87436d7-2f0c-4481-a610-82627800ffb5,b2e808ed-cb1a-4ce8-8594-0c4b6dbea29c,completes 7/26 version,2023-04-06 03:14:44.447462,2023-04-06 03:14:44.447462
a169859c-151c-427f-aa77-1ee413515868,1c829c84-ddde-4900-9277-3e836cebe0cf,completes 7/26 version,2023-04-06 03:15:10.738055,2023-04-06 03:15:10.738055
dc631158-dfac-42bb-9289-1e361fba7f4e,a812192f-ee4e-4185-9a7f-a10328aa1441,dyslexic completion of 7/26 version,2023-04-06 03:15:28.596718,2023-04-06 03:15:28.596718
3ab3737e-4810-4a43-90d3-e1d6462f9cd9,4fc7926b-830e-40e5-8f0b-d321ec9e5fe2,completes 7/26 version,2023-04-06 03:15:36.415088,2023-04-06 03:15:36.415088
c8b75f29-eaa5-40a4-a946-34c4239c6051,9e795fff-24e5-4188-b03a-7dc5145b1ac9,FTP (Willie Nelson),2023-04-06 03:15:54.462216,2023-04-06 03:15:54.462216
c408ac59-cc6e-409b-8c4c-1b0d10ec6e76,368afc87-0717-4754-873e-fd1f480a3c4e,dyslexic completion of 7/26 version,2023-04-06 03:16:02.528496,2023-04-06 03:16:02.528496
baa86f57-4dc3-4be0-904d-87e7793a8f70,c8e9b71e-25d9-4012-82f6-3c1793cd97e3,completes 7/26 version,2023-04-06 03:16:10.038314,2023-04-06 03:16:10.038314
de154c83-024e-4a13-817a-87c8a1814c49,a5de790b-7914-48b0-9f80-d0147094edfc,FTP (tDB original),2023-04-06 03:16:39.206963,2023-04-06 03:16:39.206963
465521c9-a5db-48cf-b088-fa6c6962118e,3cef26fc-8202-48ff-941e-eb3347aa1e61,completes 12/31/2002 version,2023-04-06 03:17:04.000675,2023-04-06 03:17:04.000675
6c7b1cde-bfaa-4e73-b56e-323105478ef5,43bbc5e6-ec9f-4937-97bb-6728ee36808d,FTP (tDB original),2023-04-06 03:17:13.391520,2023-04-06 03:17:13.391520
a98175d9-99d8-4b7b-bddc-8dc8c23da14a,61084c4e-9f10-4ddd-b934-2edb63fa32d7,FTP (tDB original),2023-04-06 03:17:23.470279,2023-04-06 03:17:23.470279
e919cf1d-ba73-42be-b544-a7585194cc16,6c6d996b-40af-4f4f-b6d7-6d92afbfe0c3,completes 12/31/2002 version,2023-04-06 03:17:30.429581,2023-04-06 03:17:30.429581
636264ba-811a-4e11-b4f1-e6352961e100,0310bd80-3058-4187-b7fc-299ff07d4320,FTP (tDB original),2023-04-06 03:17:54.192532,2023-04-06 03:17:54.192532
815d5034-9888-4f6f-b388-4e20328cb03f,e1563714-3426-4226-897a-a5d4fe517854,FTP (tDB original),2023-04-06 03:18:00.702338,2023-04-06 03:18:00.702338
518018ef-8d1b-4de2-ae4e-e013fbe4b5a0,008b640f-d7e3-4e08-8f95-6ef446249468,FTP (tDB original),2023-04-06 03:18:41.900375,2023-04-06 03:18:41.900375
f21311ef-2650-4860-a67f-282e67d7318a,20bcf3ff-e8f9-4ad3-84fd-834703cc7232,FTP (Men Without Hats),2023-04-06 03:19:06.580294,2023-04-06 03:19:06.580294
e7933c83-c789-4ba1-bf19-142a9e6c5fc7,4179d9e7-9a46-409a-8cd7-c5c50991b09d,FTP (Spacehog),2023-04-06 03:19:21.630309,2023-04-06 03:19:21.630309
e0509267-eab1-4644-897b-1e7685ddf3d5,7e56af58-6739-4d09-b275-dd3327a84700,FTP (Mahavishnu Orchestra),2023-04-06 03:21:37.294094,2023-04-06 03:21:37.294094
897f7254-5fe0-4064-8db2-c1274f1c07e3,0c34b865-8da5-4fa8-9c21-c17045ff5145,FTP (tDB original),2023-04-06 03:21:43.770356,2023-04-06 03:21:43.770356
eda2c306-d66f-4d7c-a7de-c2e05fee6028,75cb5c42-b43b-47ef-a5f3-214e4544f1b8,FTP (tDB original),2023-04-06 03:21:51.741927,2023-04-06 03:21:51.741927
cd940544-156e-4beb-9606-f62ab9295ea6,8027a233-67e6-4043-b95f-6f0318e21011,FTP (Led Zeppelin),2023-04-06 03:22:07.850542,2023-04-06 03:22:07.850542
5daaf48f-2b5a-4d77-a13b-41c3ccd4145e,3243684d-3432-4c87-b558-d9bd0ce26265,FTP (Lynyrd Skynyrd),2023-04-06 03:22:52.710375,2023-04-06 03:22:52.710375
9ecfcb32-1c9d-44e5-8ab0-749b4c4baa35,cb9f5867-49c2-4e3c-9316-c331d73020d3,dyslexic,2023-04-06 03:23:13.434378,2023-04-06 03:23:13.434378
81a6c4f9-fd38-4389-9bab-9bf226da8ce3,05444c38-7615-42bb-ac7a-972e71d85170,FTP (tDB original),2023-04-06 03:23:30.109511,2023-04-06 03:23:30.109511
ee10927b-ee62-4db7-bcad-195543b7d197,835df37e-0c73-4f8d-b107-cee6a03513e2,dyslexic,2023-04-06 03:23:42.162270,2023-04-06 03:23:42.162270
6aee2c1d-5c9e-4fe1-87d0-06bbca1bceaa,ce9a3d00-f53c-4bb5-8832-6833e2a8c268,with Jeff Waful on guitar,2023-04-06 03:23:52.878346,2023-04-06 03:23:52.878346
18066083-07cd-4d31-b0c4-cd71ac163304,7c5af35f-ef0d-4f23-9838-b03102679330,FTP (tDB original),2023-04-06 03:24:38.368338,2023-04-06 03:24:38.368338
add741d5-4692-4168-995d-c1d329daa23b,12b9e87c-9b7b-4802-a64d-3b15bd5a2828,FTP (tDB original),2023-04-06 03:25:21.597691,2023-04-06 03:25:21.597691
e7e5eaae-2924-46b1-9edd-6126763664c8,511d7524-b042-4981-9e05-ae17e928ad9e,dyslexic,2023-04-06 03:26:03.942917,2023-04-06 03:26:03.942917
83cee9a4-1b25-4c7a-82a1-8465b6b1b3e8,ed7416a2-80f8-4344-8c35-074675fe1fc0,dyslexic,2023-04-06 03:26:12.484054,2023-04-06 03:26:12.484054
8710cf88-d7e6-4828-9c35-1d3e8486d796,0f895215-85b4-457f-a3c7-781430b75576,Performed as 'Fuck The Robots.',2023-04-06 03:26:31.558232,2023-04-06 03:26:31.558232
811804e2-7c76-45f2-9e3e-3776f4913518,0f895215-85b4-457f-a3c7-781430b75576,FTP (tDB original),2023-04-06 03:26:31.573236,2023-04-06 03:26:31.573236
480efc6d-3f5d-478a-a2e8-36dae9f94569,05cbe279-f7be-4c3c-96c5-4d31cdd2a9b9,FTP (tDB original),2023-04-06 03:26:44.032275,2023-04-06 03:26:44.032275
5d6e3507-0db0-4419-b65b-6aed74d774fb,05cbe279-f7be-4c3c-96c5-4d31cdd2a9b9,Performed as 'Fuck The Robots.',2023-04-06 03:26:44.048656,2023-04-06 03:26:44.048656
ec23b0ca-8a1e-4bfe-a603-92bf4f01c37d,c73fad99-0c91-4514-b061-eb2eef39f529,FTP (Conspirator),2023-04-06 03:29:17.376284,2023-04-06 03:29:17.376284
94261c67-f82a-42b6-a27d-213e274a2521,562f5e99-7589-4054-b6fc-8f5ebf3e5740,Performed as 'Panda Power.',2023-04-06 03:26:57.350393,2023-04-06 03:26:57.350393
4a50b9a3-8dc7-4bd6-a517-5093b564c118,562f5e99-7589-4054-b6fc-8f5ebf3e5740,FTP (tDB original),2023-04-06 03:26:57.381507,2023-04-06 03:26:57.381507
fbca5ae6-4f90-4f03-9654-1d008f209dcd,356e03d1-d503-49bd-89e5-f83d2c43bf17,FTP (tDB original),2023-04-06 03:27:17.646297,2023-04-06 03:27:17.646297
156316dc-95ad-4b79-9866-3c1c4f8158ef,356e03d1-d503-49bd-89e5-f83d2c43bf17,Performed as 'Panda Power.',2023-04-06 03:27:17.670684,2023-04-06 03:27:17.670684
5a954bb0-a085-4113-85f3-9926c5b0cdd3,ef8afd0f-890f-43d9-90e5-91a17f933765,dyslexic,2023-04-06 03:27:28.606248,2023-04-06 03:27:28.606248
b8bd9f3f-171a-43a4-85db-91f7861dae7d,a1a199f9-dab6-4ac6-9f0b-a9393553337a,dyslexic,2023-04-06 03:27:39.255691,2023-04-06 03:27:39.255691
ea7d7035-e82b-476c-a75e-e35cf1bb40e5,cda069cc-63f3-41cd-b780-577bbfbff346,FTP (The Beatles),2023-04-06 03:31:30.757515,2023-04-06 03:31:30.757515
950a043e-fd4c-4a00-89ca-7ec32184042f,9a9fc517-3192-44c6-a089-82299a3c8ffd,FTP (tDB original),2023-04-06 03:32:10.647858,2023-04-06 03:32:10.647858
fa03696a-88a8-4bdf-8b72-5bb1e5155be5,b68ab0d2-dd81-49f5-98e4-b310352e36cb,FTP (Conspirator),2023-04-06 03:34:41.599570,2023-04-06 03:34:41.599570
1b2ef3ad-5f40-42cd-9547-054ed8073288,8ac20375-9c9e-4c33-8597-2539e66fdad8,FTP (Hallucinogen),2023-04-06 03:34:56.223279,2023-04-06 03:34:56.223279
86982ecc-c103-4b63-9e9e-076d1c491e55,8ac20375-9c9e-4c33-8597-2539e66fdad8,with Simon Posford,2023-04-06 03:34:56.240798,2023-04-06 03:34:56.240798
6ca4ba40-57fd-408d-b129-91fc1df3ca23,a7e80ada-7680-4c5d-8d5f-1d2ac7ea931e,FTP (Air),2023-04-06 03:35:04.615803,2023-04-06 03:35:04.615803
c035c903-3345-42bc-9817-b53c7549c3ee,9340952f-0267-49f4-bc9c-50fd3df900fd,completes 8/25 version,2023-04-06 03:35:13.210982,2023-04-06 03:35:13.210982
ffca0ff6-5e77-4c3f-b7aa-05fe9af236b2,bb3014d2-bcf0-45f5-ae67-703105eb3596,with 'Munchkin Invasion' teases,2024-08-10 17:45:14.516847,2024-08-10 17:45:14.516847
8bff7182-dce7-4444-8508-e5508966bf91,6fd6fef1-64f7-4b95-bbe6-788674fad853,with 'Once The Fiddler Paid' teases with ‘Norweigan Wood' (The Beatles) teases,2024-08-17 16:28:08.311356,2024-08-17 16:28:08.311356
df1646da-1715-4934-974f-8d2860966490,6fd6fef1-64f7-4b95-bbe6-788674fad853,completes 10/1 version,2024-08-17 16:28:08.369732,2024-08-17 16:28:08.369732
60d988fc-85f8-4c81-9a08-e03f96d1c0d4,779a0fbc-3a46-4bad-bdad-d01a3cf5ee86,completes 10/1 version,2024-08-17 16:28:19.905707,2024-08-17 16:28:19.905707
9d7caa94-5076-4c13-85fd-bc09ef7c90b3,45179885-9b58-446f-a624-84456ee600c6,FTP (tDB original),2023-04-06 03:39:05.454234,2023-04-06 03:39:05.454234
327334a1-c04a-4f2d-8b4d-b7b74e780581,81e9a9b8-200a-40ff-a27e-f5393e5ed987,FTP (The Ramones),2023-04-06 03:39:14.154321,2023-04-06 03:39:14.154321
e1767439-9830-4d15-8f1e-d635ec1679fd,75bebd5a-d941-47a9-a859-9c60cee977f9,FTP (The Beatles),2023-04-06 03:42:30.391807,2023-04-06 03:42:30.391807
1df069a4-bcb0-468c-b807-ecd41b27b5ee,a050e899-81bd-4c71-aaf7-774fda5b930e,ending only,2023-04-06 03:42:36.830358,2023-04-06 03:42:36.830358
226bd176-ce5b-49c8-a0dd-d32f3cc62622,ce73dbf9-b2c1-4145-8506-600faacc3101,dyslexic version,2023-04-06 03:42:43.230303,2023-04-06 03:42:43.230303
0d630de9-d36f-48d5-8aa0-0c7b826c7cee,062ab6bf-9db3-4dee-8588-7239bee75853,completes 11/3/07 version,2023-04-06 03:42:50.362483,2023-04-06 03:42:50.362483
6aed5deb-f7fc-4d24-b853-75ee4b74ce8c,bdbaaa7b-8f89-406c-b330-afa6068a90bf,dyslexic version,2023-04-06 03:42:56.406375,2023-04-06 03:42:56.406375
3b920e0c-251f-42cd-904d-e98263967a75,ae3e506e-316e-4a9a-bbc2-555b9f1f6c3b,unfinished,2023-04-06 03:43:01.795883,2023-04-06 03:43:01.795883
eb41bb96-861e-42c5-8302-85462f53773b,0d7a5e23-5c81-47d6-a00f-59c5e4f423f6,FTP (The Beatles),2023-04-06 03:43:09.381513,2023-04-06 03:43:09.381513
54e71c43-68be-475a-8011-298bacd9d228,aa132cf4-78cc-49f7-8628-39b3681b52ec,ending only,2023-04-06 03:46:33.836419,2023-04-06 03:46:33.836419
f07b677b-eb38-4462-a371-275ff58e382a,8cf57da2-b1e8-43ad-aff1-10143840f279,unfinished,2023-04-06 03:47:25.494233,2023-04-06 03:47:25.494233
03d533fc-d411-405f-aea8-9f237ee6f4e1,6bfec290-7a90-4560-b91c-ebc62b2b230a,FTP (Supertramp),2023-04-06 03:47:35.252293,2023-04-06 03:47:35.252293
2360309f-6578-46a0-b02f-22b367c05188,f05c694d-c1cc-4449-8e55-8494a064c0c7,FTP (tDB original),2023-04-06 03:50:20.834445,2023-04-06 03:50:20.834445
775a7a00-d7fd-4135-b96f-983d9285f9c7,489f0a6a-eb26-40d7-a061-43adb23a7091,middle only,2023-04-06 03:50:29.614318,2023-04-06 03:50:29.614318
f1219e40-2202-492c-b95b-6468ecbdb7a7,f24e0fc0-942e-411c-8bc2-421b088a2031,FTP (Funkadelic),2023-04-06 03:51:05.462284,2023-04-06 03:51:05.462284
c8db67cb-ed10-4f8f-89da-f7ea2a2b8cc2,f24e0fc0-942e-411c-8bc2-421b088a2031,with Tuphace on vocals,2023-04-06 03:51:05.486708,2023-04-06 03:51:05.486708
a05335e7-b58f-4f1e-8fbd-252f27e93d30,b13f2b21-96b3-43d1-8df9-02bf361d3d07,with Tuphace on vocals,2023-04-06 03:51:16.298865,2023-04-06 03:51:16.298865
7f010396-8e7e-46e4-bace-515367655501,b13f2b21-96b3-43d1-8df9-02bf361d3d07,FTP (Tuphace),2023-04-06 03:51:16.330654,2023-04-06 03:51:16.330654
a4abccb5-9dab-40c9-9834-43059386ac87,b6d6c060-2d37-4e17-ab2d-01daed42cc1c,FTP (Daft Punk),2023-04-06 03:51:48.149819,2023-04-06 03:51:48.149819
6c450c02-003f-4467-9691-4679da2fc5d5,2085eadb-ac98-4511-9bdb-57a40ba6f3eb,with ‘Park Ave’ teases,2024-08-09 19:44:11.181812,2024-08-09 19:44:11.181812
e01e6462-b4e5-4b77-bb2a-33a37cf68747,45cb0afd-cd50-49bc-988f-085bc9dc2e07,middle only,2023-04-06 03:52:08.852627,2023-04-06 03:52:08.852627
f5ce58c1-8ddc-4159-90f7-5bab43953e41,45002995-8b8e-4364-8aeb-ef9478f759a5,with ‘Space Train’ lyrics over the jam (FTP 6/11/22),2024-08-09 19:44:29.816743,2024-08-09 19:44:29.816743
28b36da2-a815-472f-a38f-84fc6a56ea44,c8160cce-9bd3-4e1b-8d46-d204591f8391,with ‘The Wheel’ (Grateful Dead) teases,2024-08-09 19:48:52.372425,2024-08-09 19:48:52.372425
ccbee2db-f616-477f-87c6-4c782df86fdc,9d2c5e2e-1335-4d47-a853-f970051261fe,beginning/ending (no middle ‘SITA’ jam),2024-08-10 20:52:31.397469,2024-08-10 20:52:31.397469
bbc9ff8e-ef1b-4f8e-9771-39326a06831f,6fa3951c-0571-480f-ae16-f4f2ecb344cb,beginning/ending (no middle ‘SITA’ jam),2024-08-10 20:52:38.730928,2024-08-10 20:52:38.730928
bc476640-050b-4db9-9262-76112691eff0,f92199b7-df97-4cd8-9aea-8345d4897aee,FTP (tDB original),2023-04-06 04:13:26.941794,2023-04-06 04:13:26.941794
18c9ca05-4ee9-4a41-b27e-f352409055c0,777ad258-ab38-45e7-8773-3809600d6576,FTP (tDB original),2023-04-06 04:13:35.796141,2023-04-06 04:13:35.796141
e41eb7d2-c66a-4321-9664-9d93e350c0d1,366c9aba-267b-49d9-810c-a7a336b58f88,completes 6/18 version,2023-04-06 04:17:33.989433,2023-04-06 04:17:33.989433
f786c883-3e85-40c8-b8a1-4105f5623bfd,4330779e-10f1-4b32-a073-b3329288d868,unfinished ,2023-04-06 04:23:43.623174,2023-04-06 04:23:43.623174
ad0145a4-2bea-429d-aa05-62526ab7a8fd,e65f5782-4c35-42ce-b9ad-a22adbd96075,unfinished ,2023-04-06 04:24:06.469679,2023-04-06 04:24:06.469679
b8af4ad3-f7c9-48f5-b3b6-de2faa22e5e3,6d32fe9d-d444-413b-9f52-66e91fd9acf1,inverted,2023-04-06 04:24:12.850406,2023-04-06 04:24:12.850406
7d92554a-2c77-4e5d-a2e2-d048da148976,773cf60d-ebf4-4909-b353-bfeaf97540ed,unfinished,2023-04-06 03:41:30.990263,2023-04-06 03:41:30.990263
bf59547d-1fd2-4bdb-89b9-4f5ccc43df40,f6890d55-7443-4827-8de3-98dea0650c12,completes 12/27/07 version,2023-04-06 03:43:36.937264,2023-04-06 03:43:36.937264
994bb584-949d-4389-a25f-994921807cd1,9a591ae2-6040-4e17-9744-cc826c54cebd,with Matisyahu on vocals,2023-04-06 03:43:46.570888,2023-04-06 03:43:46.570888
57eceb6a-3d92-4da1-a514-812a77e70160,2422ca8b-5154-4169-a5c1-9944b956266e,ending only,2023-04-06 03:43:58.402306,2023-04-06 03:43:58.402306
f6821695-10e9-4699-ade9-9921f2a9b4a1,d6527955-3ae5-4924-bf9c-dff0d63ec4e3,FTP (Pink Floyd),2023-04-06 03:44:07.225897,2023-04-06 03:44:07.225897
c940b020-fc1e-4f84-9d77-2bafb2b1db7b,d30e7f3a-4b8d-4d2f-b9fc-79e8bce55bd2,FTP (Trans-Siberian Orchestra),2023-04-06 03:44:18.863749,2023-04-06 03:44:18.863749
ec9426d9-79d2-4adf-9bf9-17f098fc4f0e,c3c56f41-8525-45a4-a381-9961684c240b,FTP (tDB original),2023-04-06 03:45:54.477762,2023-04-06 03:45:54.477762
a4a7a4dd-34f2-4a33-a3a2-d26d24776700,7b8468ee-1193-4cad-93de-8f3e14a14ea1,FTP (tDB original),2023-04-06 03:46:01.306477,2023-04-06 03:46:01.306477
b19a406c-967e-41c2-892a-a2e20ab49e81,5e53f5c6-031a-4f50-aeb5-beaec549caf5,with Tom Hamilton (Brothers Past) on guitar,2023-04-06 03:49:10.442311,2023-04-06 03:49:10.442311
9b704183-0c65-4fa5-b512-6c8f9ad2180a,5e53f5c6-031a-4f50-aeb5-beaec549caf5,FTP (tDB original),2023-04-06 03:49:10.474711,2023-04-06 03:49:10.474711
4040a526-0788-4a09-829c-c6312c351fdb,d605d21f-6b38-453e-a2b3-ad4e1e963fbb,FTP (tDB original),2023-04-06 03:49:23.511966,2023-04-06 03:49:23.511966
82052016-fc72-48b5-a9d3-fbc7c0fd62ce,d605d21f-6b38-453e-a2b3-ad4e1e963fbb,with Tom Hamilton (Brothers Past) on guitar,2023-04-06 03:49:23.532736,2023-04-06 03:49:23.532736
47882437-82b4-477f-baaa-4767ab21bc18,dfe873cd-a46f-4540-8759-2df78fb1e5f0,FTP (tDB original),2023-04-06 03:49:45.113880,2023-04-06 03:49:45.113880
d5606ab4-583a-4d00-9f14-9094b225eba2,8317f5d0-4b57-45fd-8674-72425a921209,FTP (tDB original),2023-04-06 03:49:49.861098,2023-04-06 03:49:49.861098
385f4b73-96df-4545-88b9-2e358f3f15ce,ff306dcd-15b0-4d66-924c-fa6a1b4de4bd,FTP (Gary Numan),2023-04-06 03:56:56.054295,2023-04-06 03:56:56.054295
887bd284-2ce2-4b06-abe1-db0d4de6d1db,fc0c25f8-abec-42c6-9fb3-626cd7714372,completes 2/18 version,2023-04-06 03:57:03.975812,2023-04-06 03:57:03.975812
fab19994-e1ee-4ca3-8b4b-b78ddf0a1479,d1ba5d8d-863d-40d7-b452-1f6533d1d5c9,FTP (Isaac Hayes),2023-04-06 03:59:43.390371,2023-04-06 03:59:43.390371
509a628d-c40c-4ae7-904e-8488c20df263,9bbb0360-cbb6-4ef9-b93c-006b39cc4d80,FTP (Grateful Dead),2023-04-06 04:00:40.864305,2023-04-06 04:00:40.864305
11655c2e-6ee4-4c52-bd79-08b5ea547b30,b546da17-c2f9-48b4-9ee2-6439c0fa38e8,FTP (Grateful Dead),2023-04-06 04:00:47.355916,2023-04-06 04:00:47.355916
960df2ce-8d88-4379-b2db-33ad34483190,b88f516b-3f32-41ca-9a34-5cf2478d0b63,FTP (James Brown),2023-04-06 04:00:55.009303,2023-04-06 04:00:55.009303
b34b54a7-10fd-4947-9cff-9e921f3974ce,a5a2cb84-cf42-462d-914f-5df0eeb08581,FTP (Grateful Dead),2023-04-06 04:01:01.754385,2023-04-06 04:01:01.754385
916e1c9b-92d2-4599-afac-e4276ad170f4,04087b5f-6016-41b1-a3eb-9a81f86e591e,FTP (Grateful Dead),2023-04-06 04:01:10.947547,2023-04-06 04:01:10.947547
14c0c29d-a3a0-4afa-ad91-ccb22af411ba,e75b41d0-1cbd-4026-992d-c3cceeb53e15,FTP (Muse),2023-04-06 04:07:27.682317,2023-04-06 04:07:27.682317
59ba714b-0b98-4c1a-a850-bb370be16fe8,76c15d2d-6519-437d-8499-8ad2d3367cc4,FTP (tDB original),2023-04-06 04:22:26.255977,2023-04-06 04:22:26.255977
8da142b9-0540-4197-b3db-87fc4f6f77ba,067cf8d0-f1db-4924-babf-c7f798a4bcea,Last Time Inverted 12/8/01 (390 shows),2023-04-21 19:07:59.588949,2023-04-21 19:07:59.588949
330b5996-9f63-4743-ae59-fb4bf2f71db2,9c952e19-1e67-4747-8068-34090cf9dfd0,FTP (Conspirator),2023-04-06 03:29:26.212098,2023-04-06 03:29:26.212098
633fcade-e069-4504-af2c-bd736da58cab,c636f595-aeff-4c13-af4f-e313f4bb904c,FTP (Umphrey's McGee),2023-04-06 03:32:57.848458,2023-04-06 03:32:57.848458
44a8f1da-3a92-42fb-a343-a3618c9cd9b2,c636f595-aeff-4c13-af4f-e313f4bb904c,Played simultaneously while Umphrey's McGee covered 'Home Again' at the Electric Factory in Philadelphia ,2023-04-06 03:32:57.862682,2023-04-06 03:32:57.862682
8f76071e-0361-47ed-8b3d-322c68d11379,f20c2ce2-f915-4e0d-a03d-72ba936d2d8a,FTP (Beastie Boys),2023-04-06 03:35:37.637447,2023-04-06 03:35:37.637447
a2dc1d90-231d-468a-8162-ee38d8c5ac10,88034e41-77e7-4d59-a73c-c4f4964b173a,FTP (The Who),2023-04-06 03:35:46.622302,2023-04-06 03:35:46.622302
9e04de15-eaef-469a-8af9-f84d5014447f,6260a8ed-c3bb-47c0-bec9-6eb5a0ef98eb,FTP (Conspirator),2023-04-06 03:36:22.414583,2023-04-06 03:36:22.414583
accf7040-762b-4d4f-98a5-6c305e0dea9a,0900e0ec-7412-426e-b595-d150729b2fcf,FTP (tDB original),2023-04-06 03:36:46.608375,2023-04-06 03:36:46.608375
6ac84b85-fa2d-44c4-b606-0cbbd138d1a2,361d6e5d-1224-4a5c-b063-68ab8ddf6a79,FTP (tDB original),2023-04-06 03:36:52.617110,2023-04-06 03:36:52.617110
bea2801d-c4d9-4b63-8da0-d97f44a3daf0,9c473d50-ad38-4951-87f6-3886a61ba571,FTP (tDB original),2023-04-06 03:36:59.814226,2023-04-06 03:36:59.814226
aeff744b-942c-4c58-9f42-8c3052f40ed9,9dbef0aa-7247-4224-bce9-f28d80518d69,FTP (tDB original),2023-04-06 03:37:08.334369,2023-04-06 03:37:08.334369
22099d6e-83cf-44f5-aa36-042b7f0818a6,9dbef0aa-7247-4224-bce9-f28d80518d69,Just Aron and Allen,2023-04-06 03:37:08.353607,2023-04-06 03:37:08.353607
e5197ae2-aa6a-4bde-82f5-82ea4f7275b9,a0d3c348-0d90-4ebc-bba0-70555850ff8d,FTP (tDB original),2023-04-06 03:37:15.102425,2023-04-06 03:37:15.102425
2cdb22e0-9792-4b65-ab6f-329caf6325df,aef6ae8f-9e80-4676-833f-8b25062609ca,FTP (tDB original),2023-04-06 03:37:21.189580,2023-04-06 03:37:21.189580
45b7feee-ad69-442a-9728-032d9cb16605,51d4fafe-c9aa-4820-b0bc-3e2c039fff00,FTP (tDB original),2023-04-06 03:37:26.690230,2023-04-06 03:37:26.690230
4a0e2128-b26f-46ed-b365-4df62ed2c2cb,eda7c78e-0cd5-4fcf-b55d-acb6d41a2a89,unfinished,2023-04-06 03:39:40.750236,2023-04-06 03:39:40.750236
84c3debd-9b0e-40eb-bd49-a40882fdb223,e8b9380c-01fc-480d-a5ca-2a14811b69bd,ending only,2023-04-06 03:39:46.895820,2023-04-06 03:39:46.895820
f0f17656-4421-438b-b858-626c7cdf471e,f174f292-f60a-4197-be07-ccaaaa43ccfd,FTP (tDB original),2023-04-06 03:47:55.402296,2023-04-06 03:47:55.402296
eee1941f-187b-4bc1-8a24-89145741856f,88722994-9471-411a-900d-aaf54a4b184b,middle only,2023-04-06 03:48:01.876966,2023-04-06 03:48:01.876966
0a9d8e5a-2c9b-4fad-ab29-db4481d24ab9,829644c4-e10f-4e76-93df-cf4fe548c79b,completes 7/18/08 version,2023-04-06 03:48:10.426317,2023-04-06 03:48:10.426317
eb4004b8-4c97-4b35-b01f-f5ff36680485,9cb11f83-1564-40ed-a9bd-d686361d1bd0,FTP (tDB original),2023-04-06 03:48:15.821182,2023-04-06 03:48:15.821182
8e74b564-c58f-4314-a6d5-db81bc4fa862,f923f56d-d92c-4e07-872a-0a066e5e8be5,FTP (Justice),2023-04-06 03:48:24.931403,2023-04-06 03:48:24.931403
60ddc35a-2997-47f3-8eb6-8510650da0a0,7513b7aa-2c9e-4f26-844a-c1d73907114e,beginning/middle ‘SITA jam only,2024-08-10 20:59:59.314761,2024-08-10 20:59:59.314761
e3161188-4e60-4196-896b-fd02292ec28f,4f397ca9-6468-4136-babe-8f27a14ab8b0,completes 7/18/08 version,2023-04-06 03:48:32.079492,2023-04-06 03:48:32.079492
81b6504a-c934-42a5-8747-786e884c6f07,9158e31a-73cf-4f80-9fc3-7bab36fc69e3,FTP (tDB original) ,2023-04-06 03:55:57.985629,2023-04-06 03:55:57.985629
7458fc29-8f49-44b1-8f6e-285a0ad90dd2,9158e31a-73cf-4f80-9fc3-7bab36fc69e3,Tractorbeam style,2023-04-06 03:55:58.010639,2023-04-06 03:55:58.010639
3d3e9614-81e9-4c9a-b1fc-2be79822481b,5cec3f4f-d2ac-4ce6-825a-170f7c01bf88,FTP (Hall and Oates),2023-04-06 04:05:32.419186,2023-04-06 04:05:32.419186
4862f03d-527c-4827-9a53-b28b372d02f6,5cec3f4f-d2ac-4ce6-825a-170f7c01bf88,with Mutlu Onaral on vocals  ,2023-04-06 04:05:32.450730,2023-04-06 04:05:32.450730
ac25ac57-7dfb-4305-9fdc-165f0de0dc2b,21889107-feab-4068-af51-6e2fd5a1a269,with ‘I Can See Clearly Now’ (Johnny Nash) teases,2024-08-09 19:46:18.612499,2024-08-09 19:46:18.612499
55061295-fb94-4b3e-b3f9-3f3254c54840,0db6587e-9254-463a-8a23-e7fc69afe7f6,FTP (tDB original),2024-08-09 19:49:43.130897,2024-08-09 19:49:43.130897
2a5a550e-d829-480d-b8db-565cfa9bc11e,f15b19a1-9fee-4670-9dd1-dc837ef141dc,FTP (The Grateful Dead),2023-04-06 04:15:15.889694,2023-04-06 04:15:15.889694
f30df3ce-dcdb-440d-867a-3721b9531df4,85745e8d-7004-4b9d-b518-72652053808d,FTP (tDB original),2023-04-06 04:16:08.190403,2023-04-06 04:16:08.190403
a0256e73-45dd-42f4-aec5-2677e00bfc20,93fb413c-5443-40d0-b692-066cdb7a74c7,Last Time Inverted 8/23/03 (848 shows),2023-04-21 19:18:02.700019,2023-04-21 19:18:02.700019
601e32c1-6f07-4b6c-9533-6d840f973da0,5944cea1-524a-44ac-ae56-7559a85bbec0,FTP (tDB original),2023-04-06 04:18:10.530531,2023-04-06 04:18:10.530531
7c100e56-8bba-491d-8aec-75f11df863ff,3cfe925e-dbc1-45b8-a6ce-e595d018bc1a,FTP (tDB original),2023-04-06 04:19:59.673058,2023-04-06 04:19:59.673058
16cd852e-90c5-4e42-b6f4-45572c7011c0,f79e8bf1-2a92-45ab-9a94-3e01dd271b11,FTP (tDB original),2023-04-06 04:22:59.109791,2023-04-06 04:22:59.109791
da7c7094-0767-423c-ac2a-09748dda7e90,d11bd684-b52b-40f8-8c6a-1649c870349a,FTP (tDB original),2023-04-06 04:25:07.058347,2023-04-06 04:25:07.058347
0b136d49-5c89-4cee-ba4b-45711ba7b2a3,a3266ffb-acb6-4871-b42b-829afb3d477b,FTP (The Who),2023-04-06 03:33:51.743617,2023-04-06 03:33:51.743617
e85e5c02-4642-49cc-909d-3c77199883a3,a3266ffb-acb6-4871-b42b-829afb3d477b,"with Scott Metzger (RANA, Particle) on guitar",2023-04-06 03:33:51.762430,2023-04-06 03:33:51.762430
3c538659-75dc-4026-95a4-b36d83cd71fe,537cb4d5-fb22-450b-8604-3034e12c4952,with 'Run Like Hell' tease,2023-04-06 03:34:00.550349,2023-04-06 03:34:00.550349
b1502bef-1f73-47dc-b108-ab0341361477,3045c164-7ebd-44a8-978f-1c47316cd6d5,with 'Save the Robots' fake-out,2023-04-06 03:34:06.334285,2023-04-06 03:34:06.334285
48686d93-8612-4eb1-afe5-c3d19f739066,f5e8f667-5df3-4d99-8f80-8af1af848755,FTP (tDB original),2023-04-06 03:37:48.006255,2023-04-06 03:37:48.006255
8e58d3d7-0996-4d86-8493-eb9bd250f73d,fee33e4b-7098-4a7d-9799-284e336faabd,ending only,2023-04-06 03:37:58.203918,2023-04-06 03:37:58.203918
bcbcd186-d8a2-4d26-a330-7ab913f02710,4da97b6c-836a-48d4-90d7-ef646c4f99cf,FTP (tDB original),2023-04-06 03:38:09.886114,2023-04-06 03:38:09.886114
23186759-d9b5-45cd-950f-a0fff67b1390,d2f49be1-97f5-40ec-8e4a-f2ae8d22cc82,FTP (Mussorgsky),2023-04-06 03:42:05.062178,2023-04-06 03:42:05.062178
fd4ba198-d207-4ea4-9943-efa9a1da6bdf,82766d84-5f9c-40b1-a2b9-89d106cb09ed,FTP (Bach),2023-04-06 03:42:13.290265,2023-04-06 03:42:13.290265
66fea283-a403-4113-9938-1f71d4cfab0c,61e4a28d-5c54-4e28-8e95-64c4ccffdbd3,FTP (tDB original),2023-04-06 03:53:11.578262,2023-04-06 03:53:11.578262
99f09a0d-9760-433d-926d-9d454680e3d9,3b62a9cf-54ea-4e8b-862b-21dcdf8e0e92,FTP (tDB original) with lyrics,2023-04-06 03:54:05.764063,2023-04-06 03:54:05.764063
2f58b2bc-eaac-44c6-bf75-5fd108751925,fd025f71-7769-453d-91e3-ff56deda2140,FTP (tDB original),2023-04-06 03:54:35.528123,2023-04-06 03:54:35.528123
2cabc2b3-2318-43b1-8d26-8cabe23dbaea,0db6587e-9254-463a-8a23-e7fc69afe7f6,with ‘Spacebirdmatincall’ teases,2024-08-09 19:49:43.142618,2024-08-09 19:49:43.142618
ea8829b4-b298-488a-9bf9-150b5d378f34,a2edb2a6-fbd8-4a71-b1ec-559ea928772b,FTP (tDB original),2023-04-06 03:55:10.902233,2023-04-06 03:55:10.902233
4631b3f8-f150-48eb-ba0f-547ff91ae685,77825952-9e1d-4fc2-a581-769e0e29ed36,FTP (Beastie Boys),2023-04-06 03:55:30.858270,2023-04-06 03:55:30.858270
f09dc804-95cd-4eea-ae25-9a5c1fb6b0fb,e852a9ff-5a94-49bc-a02f-bc14a7905609,with Swift Technique horns,2023-04-06 04:08:52.048551,2023-04-06 04:08:52.048551
9d8f7bb6-90af-494d-8717-c4d83dca3d53,e852a9ff-5a94-49bc-a02f-bc14a7905609,FTP (Elvis Presley),2023-04-06 04:08:52.075352,2023-04-06 04:08:52.075352
e96da61d-9711-472b-aa3d-74cc8eb9a52e,48f98a9f-7dd4-453c-ad18-309e5521ba2d,with Swift Technique horns,2023-04-06 04:08:58.604737,2023-04-06 04:08:58.604737
e3c0f850-3bcf-4637-9b3b-ee3e6461c41c,48f98a9f-7dd4-453c-ad18-309e5521ba2d,FTP (The Doors),2023-04-06 04:08:58.633546,2023-04-06 04:08:58.633546
14b939fd-137f-4eeb-a059-2e5eb5432b78,1e9bf7a9-2225-4b9e-b3a5-a4b6f150f7f8,FTP (Men at Work),2023-04-06 04:09:27.379652,2023-04-06 04:09:27.379652
459d588c-1996-4fcf-92ee-e9b8b7b11bda,6a78086d-6088-472b-8179-e72e0e561b74,FTP (Grandmaster Flash),2023-04-06 04:09:40.560014,2023-04-06 04:09:40.560014
38c0c20a-bc2e-4be8-9f18-13f1b5726aa9,43690fe2-6a9d-4b6c-9a07-32a16360dc24,Last Time Inverted 2/20/15 (274 shows),2023-04-21 19:29:56.611919,2023-04-21 19:29:56.611919
2989de29-d6a8-470b-8354-de7b4df3cea2,ec719616-55da-4c90-a49e-cafc4dde0d7d,"ending, completes 2/18 version",2024-08-10 21:00:35.345815,2024-08-10 21:00:35.345815
4977c9d1-75db-470d-b0b1-6c5874ea7269,dc11b72a-b83a-4ce0-9a3e-c98d082fe8ac,with Tom Hamilton on guitar,2023-04-06 04:10:42.026282,2023-04-06 04:10:42.026282
8831fef6-acad-48ac-bf1a-458932f390e6,dc11b72a-b83a-4ce0-9a3e-c98d082fe8ac,FTP (Bob Marley),2023-04-06 04:10:42.050634,2023-04-06 04:10:42.050634
f6f8ac5f-8c58-4a3d-9f25-72c51998f9fb,7cd25e8c-e964-4808-881a-6649d90dc92c,with Tom Hamilton on guitar,2023-04-06 04:10:57.203544,2023-04-06 04:10:57.203544
bffacd56-387f-4278-9de6-decfecedcf95,7cd25e8c-e964-4808-881a-6649d90dc92c,completes 2/3 version (no middle),2023-04-06 04:10:57.235604,2023-04-06 04:10:57.235604
22185f84-5706-4ed8-98d6-bc8f79f6f010,46815113-1aaa-4f95-b8a6-1e78672c7b2a,FTP (debuted with Electron),2023-04-06 04:11:35.026288,2023-04-06 04:11:35.026288
7a457d10-a778-4fea-95e2-fb2971ae19f3,b02e7040-f434-47d5-bf20-270fd82e9c54,unfinished ,2023-04-06 04:24:39.628614,2023-04-06 04:24:39.628614
6a8fadf1-6c9d-4fdd-b752-3d6527872ea0,45e39f24-c840-4125-8044-0e483f175080,unfinished,2023-04-06 03:44:48.850298,2023-04-06 03:44:48.850298
33c0bf4e-2665-4d6b-b2a3-7ba4459d1e23,0cbb8d1a-af54-4aa4-a6c6-67b2715cb66f,with members of Umphrey's McGee,2023-04-06 03:45:01.369788,2023-04-06 03:45:01.369788
cdc8f591-d86f-4295-bef9-18c0ab0b2bb5,0cbb8d1a-af54-4aa4-a6c6-67b2715cb66f,FTP (The Beatles),2023-04-06 03:45:01.390075,2023-04-06 03:45:01.390075
6957306c-73de-464e-80e2-6da2f2b73b60,c6c03c06-b8a7-4312-8939-f39fbeb99ab4,FTP (Pink Floyd),2023-04-06 03:45:11.413016,2023-04-06 03:45:11.413016
e14c7424-105d-4f4b-856d-4eb0a9a7d13f,e054ffca-7b49-4261-b30e-a54ee73e6527,FTP (Grateful Dead),2023-04-06 04:02:06.094455,2023-04-06 04:02:06.094455
c5b41b6a-fc30-42c8-bb1b-b7bee65bda7f,2d44f882-e677-4df1-b85c-faac9759b10b,FTP (Grateful Dead),2023-04-06 04:02:12.566277,2023-04-06 04:02:12.566277
f38b987e-bfb8-468c-9de9-23881a767925,dbd21795-f48c-458c-8b33-a1b2f5e13701,FTP (Grateful Dead),2023-04-06 04:02:19.294201,2023-04-06 04:02:19.294201
eff7d589-9334-4ab7-8b07-e6a0d01f9e9c,e81afb9d-6649-4831-bf38-65878c88b073,FTP (Grateful Dead),2023-04-06 04:02:27.786508,2023-04-06 04:02:27.786508
aca57dae-7c31-4f30-9e35-37613d39d2a4,e80ffbc7-06a3-4b43-bf84-5df179c4597a,FTP (Grateful Dead),2023-04-06 04:02:36.286206,2023-04-06 04:02:36.286206
0ebf2066-b007-427e-8c80-5aec0c56dc66,4a6cdd05-29e9-4d4f-9dcd-ee37e52f37a1,FTP (Grateful Dead),2023-04-06 04:02:44.497925,2023-04-06 04:02:44.497925
3c57897a-f6d0-4065-b8b0-4b27938478c4,c05db808-eb8a-4bc7-a0c8-343336a2ffff,Last Time Inverted 12/6/06 (420 shows),2023-04-21 19:45:28.292002,2023-04-21 19:45:28.292002
0508ab21-4379-413c-b0a8-332980f67864,bd06e4b5-b8de-4225-81a6-e4e6bd1c5b06,FTP (tDB original),2023-04-06 04:15:48.627892,2023-04-06 04:15:48.627892
d19864ee-ba86-4978-a69c-8affc08c24ed,5f05d48f-ab2a-4f07-b98b-c73a8b292b4c,FTP (tDB original),2023-04-06 04:26:32.040155,2023-04-06 04:26:32.040155
9ff7faf3-b58d-49bc-a0e3-fd41cb32d1ad,72bff68c-adaf-4678-9948-7aab269b30a3,LTP 12/30/21(60 shows),2023-04-06 11:02:53.383497,2023-04-06 11:02:53.383497
6f1e4c85-e8dd-456b-8dbc-78d30cb0c230,2099d43f-ccfa-49f8-ac97-c8c9b880d5c8,unfinished,2023-07-09 03:19:42.444339,2023-07-09 03:19:42.444339
f411eea6-d09f-4c13-874d-048945395ed5,2a016a1e-edad-4d66-bf65-7df89bc69807,inverted,2023-04-06 20:13:39.071560,2023-04-06 20:13:39.071560
623ece27-db02-4a0c-956b-6285ec6d3b0c,a0dd1ee4-a19f-488a-ae66-819c102f3e7c,inverted,2023-04-06 20:18:22.882263,2023-04-06 20:18:22.882263
f8718bc1-9f69-464e-a2cb-5a97d61bf888,b4b1ee85-32da-4755-9472-fb93a247d064,middle,2023-04-06 20:22:33.429813,2023-04-06 20:22:33.429813
9f1740d8-83b9-48b1-967f-cbd5484733c1,a9f56e77-7d60-4839-8308-07b0bdff5af2,inverted,2023-04-06 20:23:07.943588,2023-04-06 20:23:07.943588
0100d966-531d-440c-930c-00480ecf2067,a9f56e77-7d60-4839-8308-07b0bdff5af2,with 'And The Ladies Were The Rest Of The Night' tease.,2023-04-06 20:23:07.953590,2023-04-06 20:23:07.953590
b06b05a7-e294-4e0a-83a2-18356405da60,420323b7-694e-4c66-8651-a27c2643f8b3,with 'Little Shimmy In A Conga Line' tease.,2023-04-06 20:24:04.130240,2023-04-06 20:24:04.130240
ee5f7eb5-094e-4c23-a13a-863f93294b85,10f497fd-f781-48be-9942-b95d4a978a8a,with 'Crickets' tease.,2023-04-06 20:25:09.861410,2023-04-06 20:25:09.861410
78d27e6d-e5ee-48f3-a637-e9ed380577fd,6bc1f1f9-2508-4a6b-8592-a05388a89828,inverted,2023-04-06 20:37:29.036581,2023-04-06 20:37:29.036581
dadf6ac8-5789-48b0-86a0-9d70dc472f9e,219b8002-d028-40d5-928a-f9d5d6679418,inverted,2023-04-06 20:37:40.110041,2023-04-06 20:37:40.110041
9635bd48-935d-48c2-9fe8-48a1903b8e9f,7d111853-3886-45cc-8846-5b42cb6375e9,Last Time Inverted 3/29/14 (426 shows),2024-09-07 03:42:17.058236,2024-09-07 03:42:17.058236
8e5a2cf3-63b1-48db-9dd5-88bbab6ff112,496318f9-0abc-4d64-9ae4-5c98f38dceb6,LTP 6/16/23 (91 shows),2024-09-08 08:25:50.320282,2024-09-08 08:25:50.320282
c74cae63-8215-4293-acfc-1b557fa36514,26b3c218-5c32-49e7-9cf9-623d6c43f1bb,inverted,2024-09-09 05:43:12.053930,2024-09-09 05:43:12.053930
d36b90dd-6d48-409d-bb58-779310903fa5,2efb1dc5-b04e-4ada-bed4-0bd2be6391ee,"Improvised score to 'It's The Great Pumpkin, Charlie Brown'.",2023-04-06 20:49:37.351829,2023-04-06 20:49:37.351829
2e2325d8-3513-4e13-ac59-2c62cbf32cd9,f21bb1c3-0880-4f75-92ac-30f99e24801b,"Improvised score to portions of Tom Tykwer's 'Run, Lola, Run'.",2023-04-06 21:25:42.865544,2023-04-06 21:25:42.865544
3ab1c3f6-b2ba-4532-85f0-e3e3582ed334,9064af16-7e68-4ad5-b852-eefcffb49d01,middle,2023-04-06 21:26:15.477094,2023-04-06 21:26:15.477094
d23cd1a2-368c-4a76-adb8-658d0539924e,b214e784-cf4c-4987-8325-28293415acfb,inverted,2023-04-06 21:26:23.338600,2023-04-06 21:26:23.338600
f37c886c-1d85-487f-877b-f8f7f2fbfc64,ba0063eb-8dab-485e-9888-42299fb5bb50,inverted,2023-05-04 01:56:41.060883,2023-05-04 01:56:41.060883
9ad10d3a-df2c-448f-a9cc-04567ca3abf3,be77942d-4ec1-4ad9-b24a-b5a1e29c0d73,inverted,2023-05-07 16:36:54.024059,2023-05-07 16:36:54.024059
96535c83-338c-4a49-9f1e-7fd8eea958ae,12aa502d-da56-4aa3-acf4-1af8655038b8,with ‘It Wasn’t Me’ (Shaggy) tease,2024-03-10 20:13:33.638595,2024-03-10 20:13:33.638595
914b8b82-20b7-43c6-af61-d075e90cd6d7,66ef5752-f3bd-41ce-a628-a60aaf79baf3,inverted,2023-05-07 16:39:53.787061,2023-05-07 16:39:53.787061
9695943a-2c87-4e1c-9c22-0d3d1ac02a75,96088ed9-8db4-43e5-90ac-90dd420c7b73,inverted,2023-05-07 16:40:58.531912,2023-05-07 16:40:58.531912
5394b961-42ba-4b4c-ae02-6c91f7f6962b,00c7b10d-a575-4da5-98ce-f693ab713fbc,with Karina Rykman (bass),2023-05-07 17:39:09.273821,2023-05-07 17:39:09.273821
ab6ed7bc-b6c1-4a01-8e8c-966713c80fc8,9e4c2638-9cb9-462e-9096-dbde8897ddbb,inverted,2023-05-09 05:03:52.364198,2023-05-09 05:03:52.364198
1698757e-660a-420c-b388-4d11733b0f48,2c38d675-40f6-489d-95ec-7ff2cf326d0e,"Dyslexic (ending first, beginning 10/30)",2023-11-28 21:13:46.025593,2023-11-28 21:13:46.025593
83973c02-f8f1-4325-bfad-2c9161c6ba02,a644026e-3c3a-4d8b-9725-953b42bd60ce,Last time inverted 2/20/14 (100 shows),2023-05-10 17:52:17.722275,2023-05-10 17:52:17.722275
e77b9b13-dc8a-48d6-9833-b1356af1d02c,ffd3179a-05f6-4559-80b9-8ce010a2f158,inverted,2023-08-14 03:12:03.055953,2023-08-14 03:12:03.055953
39ccd5b4-4973-429c-a3d4-61d02c07f288,014747aa-cd50-4fa7-84bd-dbb0ef53e689,Completes 5/18 Magellan,2023-11-30 06:57:06.624505,2023-11-30 06:57:06.624505
8409d664-1c1a-47ae-860e-1e7278f19b86,01c3a43e-91e9-4761-a217-b6b9f49d9f55,with ‘Moonlight Sonata’ (Beethoven) intro,2023-12-11 18:43:33.890697,2023-12-11 18:43:33.890697
714567d3-6ac1-4a52-934c-fa5a5d9c55fe,3d9e5ae3-fa09-4669-bd63-b57868cb49a4,with ‘Shem-Rah Boo’ teases,2023-12-11 18:44:09.441786,2023-12-11 18:44:09.441786
bf2e798c-644c-4462-90e7-644b948207d7,e67d0b50-d646-4e8a-94a3-7f88f97b4f3e,unfinished,2023-12-11 18:46:27.480251,2023-12-11 18:46:27.480251
265afd7b-129d-4bed-8c4b-b8e16801ae79,51d863e7-914b-4fc6-b796-e9c3dd11f37d,FTP (tDB original; based on 2/4/16 Munchkin Invasion Jam),2024-08-09 19:53:00.850015,2024-08-09 19:53:00.850015
c2c8e65b-7ef5-412b-a8ae-661cdc102824,0d10fba6-c276-4e68-9aa2-2106963f2305,inverted (no middle); Last time inverted 7/26/03 (675 shows),2023-05-19 09:56:26.633390,2023-05-19 09:56:26.633390
7233b7c5-87db-4c13-a5ef-ecd2adcf40bd,1279484d-4b8c-4094-afe7-7da88a1e9ea4,inverted; Last time inverted 12/31/06 (375 shows),2023-05-19 10:10:51.238339,2023-05-19 10:10:51.238339
f66f624b-2857-4ca9-b7e3-a167d00ce5c3,657b9fb7-bfc6-4550-bbcf-3be4f491834a,inverted; Last time inverted 11/17/06 (391 shows),2023-05-19 10:20:19.446473,2023-05-19 10:20:19.446473
793349ae-9dc4-40c9-bbc8-b0509ad1a6d7,e89a4857-4c48-43b2-bf5a-f6e05f597ce2,inverted; Last time inverted 9/10/10 (165 shows),2023-05-19 10:25:17.610550,2023-05-19 10:25:17.610550
b2612fb3-714f-415d-b363-20a31d3f6bf9,346a9b4b-eb64-4df1-b13c-ab85ab6ddc0e,inverted,2023-07-14 08:51:25.695120,2023-07-14 08:51:25.695120
775a06d5-e984-492e-b084-2e187048ecff,bba7c819-ee6c-4e09-892c-98309fd2bbb1,inverted,2023-05-21 10:41:32.278186,2023-05-21 10:41:32.278186
a16a122d-55dc-49c6-80e7-10e792952dd5,7bc3fd22-f32b-4496-92c3-aaca7bd0c1dd,Perfume version,2023-05-21 10:42:01.387206,2023-05-21 10:42:01.387206
378cbec0-133b-4472-8f48-8dcccf91f920,fcf4fb15-924b-4757-8fb0-3ca5752da209,unfinished ,2023-07-16 07:06:44.461957,2023-07-16 07:06:44.461957
d0fb34e5-2dd8-449e-b5ae-d917889bcd2e,dfabff82-e294-485b-9740-daba6f78f894,inverted,2023-07-19 05:36:58.435084,2023-07-19 05:36:58.435084
fb989ccb-9850-48d7-b779-f279f755fa6b,1ce8019a-8757-4641-8ac5-76de2424e74b,completes 7/15 version,2023-07-19 06:30:34.690970,2023-07-19 06:30:34.690970
8f766f30-54c8-4d54-ba4c-9c1cc5ebd2b8,ae4377d7-8d7c-4bd0-9919-2b297229371d,Dyslexic end of 10/21 version,2023-11-28 21:16:55.823027,2023-11-28 21:16:55.823027
f89ad17f-2d94-4dd8-8e9b-37abfb95bd16,7381b9f9-de2a-4e25-870a-30b6bc3dc1a2,inverted,2023-05-22 22:14:29.215779,2023-05-22 22:14:29.215779
689ab3ad-2c00-496a-bb1d-d41e0a0ed5b4,df66a2d6-ca5b-484a-9ce8-3581855028d5,Inverted,2023-07-13 06:37:15.233482,2023-07-13 06:37:15.233482
a133b701-cdf5-41bf-b0f7-5d419c876d41,d9f5de4a-b74a-445b-a1a6-89bf8a11b091,unfinished,2023-07-14 06:05:15.187725,2023-07-14 06:05:15.187725
8d194b38-8efb-4c98-8893-6eb009a4d4be,00f275d9-8d04-43b8-9a79-3f8731d9e20f,unfinished,2024-08-09 19:53:24.358020,2024-08-09 19:53:24.358020
1d8d5541-0858-4e65-b6e5-d4194f8757a7,fc44b616-5c07-48ef-b3f9-05e876c5c397,LTP 4/2/22 (91 Shows),2023-08-13 19:15:56.869002,2023-08-13 19:15:56.869002
8eed3431-92d0-4597-8e4d-c0562ea4664c,e44c3587-e245-46cb-9e3d-feaa7f83b74e,inverted,2023-05-22 23:35:51.343469,2023-05-22 23:35:51.343469
9b5a047a-bfde-43ca-b7bb-3baac73a75ef,ec91d17a-6dd3-443a-8eeb-70a09c7cfdee,inverted,2023-05-22 23:35:59.825604,2023-05-22 23:35:59.825604
7903c8ce-68d0-47de-955a-7b7deb41251e,e0573376-a6cd-4df1-8cd1-c916d1ea798a,inverted,2023-05-22 23:39:06.065050,2023-05-22 23:39:06.065050
fdee2af9-e432-4e7d-a828-0c8e92d3e03a,449a0d5d-38a3-4741-b589-8e45b7b3ca58,inverted,2023-05-22 23:43:49.625169,2023-05-22 23:43:49.625169
7d7ec921-98c0-42b8-92d0-36fa18ea0e3b,9976a626-11f4-4167-b840-e53aeb4c322c,unfinished,2023-05-22 23:44:31.338695,2023-05-22 23:44:31.338695
e2c7977f-a258-4fa4-a6c8-edc09f993b73,3f389d9c-0cb9-4513-9018-4319609831a0,LTP 3/5/16 (166 shows),2023-05-22 23:44:54.665045,2023-05-22 23:44:54.665045
7891e2bb-8000-475d-8c49-0c1dca5a7ff8,9b57fbff-0519-4488-af8e-4982bed08d35,FTP (Beethoven),2023-11-30 15:17:51.102387,2023-11-30 15:17:51.102387
b96fa71b-7b90-440c-91b4-8967ea2e544d,1185ef8c-022a-48a1-90b5-8f355f473f50,inverted,2023-05-22 23:47:36.158255,2023-05-22 23:47:36.158255
36cccabc-59c9-42d2-b35a-e2f2f249252d,ba7cdae8-eba9-421b-bb18-0892fabd0793,LTP 9/23/09 (421 shows),2023-05-23 00:04:34.555996,2023-05-23 00:04:34.555996
9d358c99-217e-4e72-9c63-0d57a3837bad,1baec2e5-0da8-449d-9cbf-f800f47f1fdd,inverted,2023-05-23 00:18:10.060015,2023-05-23 00:18:10.060015
05e20a5f-0065-4747-b6b9-140bfeed1db0,56ce0f63-d598-4bca-9716-3f0e2e2256de,unfinished ,2023-07-16 16:35:27.762958,2023-07-16 16:35:27.762958
2e533fd0-7e42-4c1a-b48e-87c5cc24ba05,c6871d51-cb85-4569-980f-b2b7c2d14e22,Inverted; Last Time Inverted 2/3/17 (261 shows),2023-07-17 19:10:53.974660,2023-07-17 19:10:53.974660
cb010ca6-de9c-4976-ac0a-2fb66135588d,c6871d51-cb85-4569-980f-b2b7c2d14e22,LTP 11/21/21 (100 shows),2023-07-17 19:10:54.163248,2023-07-17 19:10:54.163248
5529fd16-1b8e-479d-8787-05f9a501355e,9c5d48c4-92c9-4218-b130-02e1270e1540,unfinished,2023-12-02 02:09:39.939437,2023-12-02 02:09:39.939437
955133e3-cb52-44cd-a5b8-7a4094d3c030,64ceea0d-6adf-4e27-82a4-2d9df8929dcc,LTP 8/28/22 (64 shows),2023-07-19 14:34:06.286649,2023-07-19 14:34:06.286649
4cefc619-1e00-4028-9a44-14df84eade86,aff5131f-cd75-47e5-bc47-c6300004672e,with ‘Mission Impossible Theme’ (Lalo Schifrin) teases,2024-08-09 19:55:27.050542,2024-08-09 19:55:27.050542
9d783c95-35ed-4b37-a9b5-b25055190fe2,aff5131f-cd75-47e5-bc47-c6300004672e,unfinished,2024-08-09 19:55:27.072975,2024-08-09 19:55:27.072975
21510789-a05d-42c0-97c6-7ba03f322302,5aebb389-af2e-4905-ba30-1bbaf62aae1a,inverted,2023-05-30 15:37:57.000006,2023-05-30 15:37:57.000006
0ef04533-0c63-40ff-95b1-3856ce4c5589,93a283e9-c0da-4cc8-9c1b-af8449af8742,1st time inverted,2024-01-26 10:52:15.354309,2024-01-26 10:52:15.354309
357562af-b9e0-4f47-ae52-3d5c400304be,9a52a297-403b-4d20-bcc0-9f39911a18b2,inverted,2023-06-04 10:19:08.491198,2023-06-04 10:19:08.491198
77046b2f-111e-41cc-84ec-140847631746,d36fd2e4-199e-4dbe-8031-40d68d1fcfd5,with ‘Space Train’ teases,2024-08-09 19:57:11.739901,2024-08-09 19:57:11.739901
66d34ddb-fd87-45c3-9f78-58942207173a,75ab0c11-3504-4873-99b6-b82dcb89e115,unfinished,2023-06-07 23:03:43.272361,2023-06-07 23:03:43.272361
58d0dcd0-7f60-4abd-b81c-c4a32a57be13,aad20a00-bd5e-4d9f-8b1f-772b69ebcc6f,unfinished,2024-08-09 19:58:09.153933,2024-08-09 19:58:09.153933
07d95d7c-dcc6-4a69-a73b-4add60db7a70,149cb2ed-f351-4448-aa9c-039076807c89,Perfume version,2023-07-20 06:35:38.864371,2023-07-20 06:35:38.864371
350cf3a0-39d3-4120-b5fe-0ea5c9864c5a,d314a75f-fe79-4af7-8e49-3709de56333b,LTP 2/7/09 (582 shows),2023-06-08 17:24:30.129280,2023-06-08 17:24:30.129280
a885526a-e4c8-4136-b6cb-cccd2feb1f90,d314a75f-fe79-4af7-8e49-3709de56333b,with Kanika Moore (vocals),2023-06-08 17:24:30.142644,2023-06-08 17:24:30.142644
3d4e1a32-e556-4884-a665-32a2b374a333,fdd9b5c7-624e-4d82-8af5-9b4b4b9c8877,middle only,2023-06-09 01:51:09.238335,2023-06-09 01:51:09.238335
c61d0ef9-a00e-49c0-9543-b3231d3dbcad,ea577737-6db6-48f3-bacc-39b403730311,inverted,2023-06-09 01:52:26.671679,2023-06-09 01:52:26.671679
2b6d7775-fe3b-4287-99b5-df474cce8bd2,3f09f618-c7ab-43ef-865b-b153aafed780,Perfume version,2023-06-09 03:06:46.802555,2023-06-09 03:06:46.802555
00f36aa0-5009-4d15-aa80-ca8099a76f8b,30cfe43e-8a35-4562-b240-708b39ae950b,unfinished,2024-08-09 19:59:55.816492,2024-08-09 19:59:55.816492
38a5cb72-05d5-4740-ab9d-11a51f1c349b,b48e018a-e55b-46ca-a2c6-90b096ed4b40,inverted,2023-06-09 03:34:07.746573,2023-06-09 03:34:07.746573
d840c143-9dbe-494f-81cf-c72f238b70c9,30cfe43e-8a35-4562-b240-708b39ae950b,Show cut short due to fire alarm,2024-08-09 19:59:55.842833,2024-08-09 19:59:55.842833
a77de18c-395a-4d2f-93ee-5c31aed407f2,978b690c-5450-4bcd-aa27-165f091f678d,inverted,2023-06-10 01:25:19.591468,2023-06-10 01:25:19.591468
b5132be4-193f-4ccd-bc5d-d91fe65e549f,e6bc2412-4a7b-4fb8-91a1-385c95dff9e9,inverted,2023-06-10 03:09:00.845461,2023-06-10 03:09:00.845461
dc47ef68-80e7-4147-9c53-902d9c625600,eaa58483-9cbb-4eea-aa80-9cd57312e059,beginning/middle ‘SITA’ jam only,2024-08-10 21:02:35.999259,2024-08-10 21:02:35.999259
7de1858f-bec8-4e71-93f1-f09157820e0c,220dbace-38ce-4ffb-b2e8-ac45b9adbbb9,inverted,2023-06-11 03:26:07.857099,2023-06-11 03:26:07.857099
c1c54072-58ed-4cec-a871-3bd57d62eb98,2348866b-4329-4699-9f63-413b5fa966b5,beginning only,2023-06-12 02:56:48.651861,2023-06-12 02:56:48.651861
69437ec6-5125-4288-bf67-d8bab8402324,29023b1a-2f15-49d1-a6d3-34894369f951,completes 9/28 version,2024-08-11 09:13:51.620863,2024-08-11 09:13:51.620863
e16c4e90-6bd6-44eb-8fb1-4b909f9a57e5,6bb09439-11c0-4646-8519-93f8a8e6bb4c,inverted,2023-06-16 01:16:26.751785,2023-06-16 01:16:26.751785
7efa75c9-1ca2-4af8-8b00-578e0ee0438c,27112660-2631-4e31-b013-4f9366487828,inverted,2023-06-16 01:37:06.261725,2023-06-16 01:37:06.261725
abe09f15-91e1-401a-ac44-bb48eff1dbad,f2b6c387-1f7d-41d3-bcce-7758f2e8eb69,inverted,2023-06-17 02:28:24.918956,2023-06-17 02:28:24.918956
971b37a5-2e26-468f-8e57-374bc7a36bf6,c5e1b99e-9c10-4efd-9755-41321adfacc8,unfinished,2023-06-17 02:44:46.729298,2023-06-17 02:44:46.729298
781024ec-6339-461e-8b45-5ee14693b9f5,9713011f-8a13-448b-8da1-fd1256f69c46,inverted,2023-06-17 14:22:50.486521,2023-06-17 14:22:50.486521
b0e5fe30-a0ee-4bd9-8240-63e497227607,24a246df-0fd1-40f5-a86e-42f42a006592,inverted,2023-06-18 02:17:21.199760,2023-06-18 02:17:21.199760
795046de-044b-4509-a35d-2062dab78530,81b9f2c3-6081-485e-ac7e-13b8a8aa42c8,inverted,2023-06-18 03:35:33.792086,2023-06-18 03:35:33.792086
b894b12d-cb76-4c62-bcaf-fecf12059320,cb76e8fe-0397-4599-9dee-66f1f9624d3d,unfinished ,2023-08-13 21:42:22.063044,2023-08-13 21:42:22.063044
1d8b3b77-dfd7-4425-b330-a648250d040e,6f188a1c-a694-483a-9071-5a3fbc4e30f7,unfinished,2023-12-02 02:09:58.551677,2023-12-02 02:09:58.551677
9481a0ce-5c3b-4cf9-89a9-048839e2fec4,c8c04a5d-d8ad-41e0-8d8b-1e19b2477fa2,with ‘Humuhumunukunukuapua'a teases,2024-08-11 09:14:30.080896,2024-08-11 09:14:30.080896
8bcc94ae-e0ca-409c-820d-80eff6557d57,7250b0fa-d0c5-40f2-82c7-22fbfe93d4d7,unfinished,2024-03-10 22:52:02.497403,2024-03-10 22:52:02.497403
37329ac5-75dc-4a38-a98a-f8b7133c6065,5766f8be-0d77-4aaf-934a-7a6b190de7d1,Todd Terje (contained elements of Delorean Dynamite / Strandbar),2023-08-18 20:45:15.489207,2023-08-18 20:45:15.489207
4496ae61-2560-4c89-84ae-fd6bbf1247b6,38d20d15-d1a3-4386-860f-0d11b0dd9cf2,Reconnect (contained elements of Omen (Monkey Safar),2023-08-18 20:53:24.005233,2023-08-18 20:53:24.005233
fcc934d2-a567-4624-a5cb-61f039ea4c84,e1584020-89b7-444f-87e6-5b6bc65766ac,FTP (tDB original),2023-08-19 11:08:26.096645,2023-08-19 11:08:26.096645
5eac2b8e-79af-4e71-a0cf-036a355e8de0,9f62b1a7-bbde-407b-a379-808053c5a145,FTP (tDB original),2023-08-19 11:08:35.771939,2023-08-19 11:08:35.771939
606af64d-1071-42c7-9923-61cfa8fc8e52,0e8c96df-8869-4fe3-bf70-47c371989465,FTP (tDB original),2023-08-19 11:08:59.378615,2023-08-19 11:08:59.378615
61aad8de-5763-4a38-95fe-2f18b93ba81a,bb4122c5-569c-42fe-b5b3-e8ac9fd95663,FTP (tDB original) (1st debuted by the Maui Project on 4/8),2023-08-19 11:22:59.140824,2023-08-19 11:22:59.140824
478e6aca-de3e-4625-9b88-85e01d3b5fa1,bce357f1-3392-4a7c-8c63-7995fb2f75ce,FTP (tDB original) (1st debuted by the Maui Project on 4/8),2023-08-19 11:23:18.542602,2023-08-19 11:23:18.542602
bbff8b23-1870-4f05-885e-79f2949ddd67,874d93c0-b705-40bc-833f-4ebb00fe0623,FTP (tDB original) (1st debuted by Electron on 8/18),2023-08-19 11:24:00.042938,2023-08-19 11:24:00.042938
cd7f5331-3925-469c-a5bf-154f208240e0,f7257dc2-8066-4c87-bbcc-ba02b0d468a7,FTP (tDB Original),2023-08-19 12:11:50.640700,2023-08-19 12:11:50.640700
0ae08cea-840c-4061-b138-db4c4cfa08e6,6edd916c-011d-4f15-ba3e-ec1c887be551,inverted,2023-08-25 18:11:30.040343,2023-08-25 18:11:30.040343
986bbf9b-47cb-4d0f-8bdb-891bffb207ff,6edd916c-011d-4f15-ba3e-ec1c887be551,Last Time Inverted 10/31/02 (216 shows),2023-08-25 18:11:30.084068,2023-08-25 18:11:30.084068
ea5ed7ae-0aa0-419f-9448-c1c882069a04,65724751-fcd1-495d-929a-4f7b117862ac,Tractorbeam version ,2024-03-20 11:51:41.161236,2024-03-20 11:51:41.161236
e04d1fe1-2605-4454-b6b7-0d41c40d0910,d8fc1472-aca8-4c19-a51a-2fa7448c89c4,FTP (tDB Original),2023-08-30 11:30:19.450445,2023-08-30 11:30:19.450445
60e94d06-e0d1-4027-911b-1e14cf30d233,ed696c3a-c0bf-486e-ab94-64a234d09405,unfinished,2023-09-07 16:44:31.029152,2023-09-07 16:44:31.029152
08c417f6-814b-4678-96ab-ad14cfa8d041,51a13687-4a65-4c1e-8b42-22df812acfe8,FTP (tDB Original),2023-09-09 22:26:04.437832,2023-09-09 22:26:04.437832
3fe1e44f-932a-459c-9240-ab72cde51826,e30da515-5149-42ff-88c2-fe5891e0511f,FTP (Smashing Pumpkins),2023-09-13 11:10:31.777103,2023-09-13 11:10:31.777103
ff63b9c0-1e07-41c3-bb18-2be6773e99f2,ba4ecab4-3e18-4d20-8bf8-2b71e1ef5a48,FTP (tDB Original),2023-09-13 11:11:35.152194,2023-09-13 11:11:35.152194
9680592c-6107-4fcb-8429-8227dab1fbed,9ba57b53-2e5a-49ae-83f2-beb221a92945,FTP (tDB Original),2023-09-13 11:15:56.602916,2023-09-13 11:15:56.602916
2b42b14e-216e-49a2-9da6-28e7b42eebb5,4f4c6fd8-34e1-4de1-b50e-1cf86db22b14,FTP (Aram Khatchaturian),2023-09-13 11:21:47.318714,2023-09-13 11:21:47.318714
58ebff5b-3303-417b-ae14-da238a638e54,59478ef4-50f9-4846-9d6f-77ceda49aa55,completes 9/28 version,2024-08-11 09:14:56.170841,2024-08-11 09:14:56.170841
d16670bc-f25e-4ac4-85e2-933c7b3535e0,db213653-31ab-480f-a777-30a8f6849329,with ‘Jam On It’ (Newcleus) teases,2024-08-11 09:16:11.372206,2024-08-11 09:16:11.372206
c3fa0ad1-f86c-46b9-904d-4432cc018532,43a490da-5952-4594-bb00-9fbb2cb9437f,Dyslexic (1st Dyslexic version),2023-09-13 11:29:54.729383,2023-09-13 11:29:54.729383
ad1c1f32-9d93-41c3-89e4-7bacf82efe95,b99595ff-f5f3-4695-a561-7c50ccfea9fb,FTP (tDB Original),2023-09-13 11:33:18.655209,2023-09-13 11:33:18.655209
94a4e5ec-2118-4069-919d-fc4cd3d9df66,8b530242-d0e2-4b61-8bdd-0f15ef0f93cd,FTP (tDB Original),2023-09-13 11:40:56.710502,2023-09-13 11:40:56.710502
eb86ce7c-2216-41de-96fd-bf7f10d24143,3d0857f8-99bc-4da5-9823-059f90a686dc,LTP 12/29/22 (57 shows),2023-09-17 03:16:20.515431,2023-09-17 03:16:20.515431
43a2348f-e5c6-4e5d-a704-e5195281e604,87d7c5c9-4613-457e-8c73-50a06f01e04f,FTP (Pink Floyd),2023-12-11 19:23:48.128383,2023-12-11 19:23:48.128383
1be5f749-00d0-4a5e-8552-37979b693859,d6e61d7c-e21d-47c1-a594-79cff88de023,LTP 6/25/21 (133 shows),2023-09-22 03:27:40.776848,2023-09-22 03:27:40.776848
b1fe9351-c284-4fe9-9a11-0a90433449ac,e65c24a5-cf53-4d08-920c-4f5585fa1734,Techno version (1st),2023-12-14 15:15:07.607999,2023-12-14 15:15:07.607999
e49b7a31-2ce4-41c9-a9c8-1cae1215adc9,777810be-658a-4ec5-86e6-f545441db37c,unfinished,2023-12-22 13:43:25.644127,2023-12-22 13:43:25.644127
fb379c84-6eb1-4e75-a6d0-2be39db57828,66b39d21-4a89-4a86-ae5a-c6e175b10fde,LTP 12/29/12 (390 shows),2023-09-22 05:51:52.183561,2023-09-22 05:51:52.183561
a8de5541-9240-4fe8-9e0a-6bfc0640c00c,a6765fa3-2ead-4073-bfd8-709771260a83,inverted,2023-09-22 10:54:15.200986,2023-09-22 10:54:15.200986
be2a14a1-68e0-4322-bb85-0a441f62b2fa,c4d24924-c4ae-4cde-91b7-8f96b05a5468,inverted,2023-09-22 10:54:22.710334,2023-09-22 10:54:22.710334
fcff6c32-60ed-4e56-8c52-20209e4f26d9,47e3a87a-4daf-4ba2-8965-066222c44ca4,inverted,2023-09-22 10:55:25.233981,2023-09-22 10:55:25.233981
726bb16e-77e6-464e-842a-dc3f15ce0bff,602de75b-122f-4507-add7-4475fcc0d81c,with ‘I Go To Extremes’ (Billy Joel) teases,2023-09-23 09:38:23.938782,2023-09-23 09:38:23.938782
34489551-5302-480c-919d-dab2aa321ab4,a92416d3-1b90-46b0-ad3b-ff28e45069e5,unfinished,2023-09-26 17:04:36.142944,2023-09-26 17:04:36.142944
8b97d899-1a64-497c-8fde-660640feabd9,005c6dc6-b873-4f74-a1ed-aa6ea7470a11,inverted; Last Time Inverted 4/15/11 (166 shows),2023-09-29 19:16:11.522633,2023-09-29 19:16:11.522633
378fbd16-3e33-4a2d-978e-6286e8b3a76c,6926d929-7e8c-4ff5-aa55-c312c0ba6942,unfinished,2023-09-30 02:14:29.234534,2023-09-30 02:14:29.234534
341b377b-853e-4ad1-b0f6-bc04d9f5e8e5,fbab6b69-6470-437c-a1c3-6e758d5df679,unfinished,2023-09-30 02:15:51.664107,2023-09-30 02:15:51.664107
b59cee33-da77-4dec-b691-1eadfd8a3479,c5b3e1bc-2f67-4570-adcc-684d3ffe0849,1st time inverted,2023-10-02 16:25:19.704243,2023-10-02 16:25:19.704243
477f66c8-d789-4598-a497-075c6e1fece7,5f5ad09f-8b22-43f0-a5f0-d2d3b8891252,Inverted,2023-07-21 06:00:00.724514,2023-07-21 06:00:00.724514
1bc5a637-ec2e-4691-ade2-abd467defffe,2468035b-fdb4-437a-b886-015ce618c15a,FTP (Dead or Alive),2023-08-16 20:30:39.836250,2023-08-16 20:30:39.836250
636dc98b-a845-4548-b8bb-a9bb4f3d9261,3d23228d-4cac-428b-b50d-265fa885793b,Inverted,2023-07-21 06:00:31.174211,2023-07-21 06:00:31.174211
b3620e45-f1e7-480e-8d51-d833f5a1e6eb,53717787-87c8-4f61-8260-1a18e98ba847,inverted (end>beg),2024-03-02 05:26:56.350353,2024-03-02 05:26:56.350353
368d5f1c-20f3-4837-b071-91cfda90fbe0,01e37ef3-9bc8-4a6e-aafb-ac79c0dafb80,Inverted,2023-07-21 06:11:23.429335,2023-07-21 06:11:23.429335
29c83d47-bb9a-4689-9b9f-7c5fef894fdf,bec65c3c-0a2f-4786-8697-280bc5354f8d,inverted,2023-07-22 15:46:53.844428,2023-07-22 15:46:53.844428
f911a6cc-5d5a-493d-81d7-a5df39b055f5,82de415b-9d9f-4868-a98f-9c702d084dbb,inverted,2023-07-23 06:45:24.900969,2023-07-23 06:45:24.900969
c11baa69-2c50-41e3-9299-fe2e0c5719ad,33bbfe3c-3ad9-4f22-9c18-c31179c4d121,completes 3/9/24 version.,2024-03-11 03:55:42.236135,2024-03-11 03:55:42.236135
332667d2-070f-49a4-a438-3d6e2852a8ea,2a058b03-ea50-4393-a83c-0d3039a496fa,with ‘Barbaras Rhabarberbar’ (Bodo Wartke & Marti Fischer) samples ,2024-03-11 18:10:12.638570,2024-03-11 18:10:12.638570
a892ea55-bdfd-4904-9650-973019ca25ac,33ef61d8-d849-42b9-92ca-403452ea3eab,completes 7/21 version,2023-07-23 06:52:05.028893,2023-07-23 06:52:05.028893
bb3124a8-a346-413f-aa30-861ed3d1a4d0,8eb09480-7552-432b-93fc-c619d7c72e50,with 'Radiator' tease,2024-08-11 09:18:26.189090,2024-08-11 09:18:26.189090
cf3e2dd6-6f72-4575-99fd-d3417ab28f8d,f4352124-40c4-4ec6-b5ab-160b3d8b5924,"dyslexic version (ending first, then beginning)",2024-08-11 09:18:42.130654,2024-08-11 09:18:42.130654
970be0cd-0c64-4bed-a532-bf95ac60d343,6756d1e4-7d68-4ee0-9128-c567da78717d,with 'Hot In Here' (Nelly) vocal tease ,2024-08-11 09:19:17.616342,2024-08-11 09:19:17.616342
f7c2f15c-dea3-4e0b-99cf-373b13b93588,6756d1e4-7d68-4ee0-9128-c567da78717d,with girl from crowd on vocals,2024-08-11 09:19:17.629380,2024-08-11 09:19:17.629380
20d58d6e-8fea-4085-99c5-286500544dc7,6756d1e4-7d68-4ee0-9128-c567da78717d,"dyslexic version (ending first, then beginning)",2024-08-11 09:19:17.640374,2024-08-11 09:19:17.640374
1b1497d9-5a84-4a0d-884c-a5036e43705a,49f4dfa3-d3ec-4095-bf90-3607b8e85802,with ‘Trucker’s Choice’ tease,2024-08-11 09:17:16.449520,2024-08-11 09:17:16.449520
ec7069e9-9013-4673-aa57-d210b6aeec64,792ab4a3-7c85-48c6-88c9-6460e713a42d,Todd Terje (contained elements of Strandbar / Delorean Dynamite),2023-08-18 20:38:18.884731,2023-08-18 20:38:18.884731
01ac3a67-e4e0-4990-acb8-e8f5bcf46d10,1ed0ce2e-99d5-4607-83ca-7cde0af3821a,Todd Terje (contained elements of Strandbar / Delorean Dynamite),2023-08-18 20:39:02.298792,2023-08-18 20:39:02.298792
86b422b6-4785-4164-a4f7-25c91d6e4cce,6ad2efe7-8d3d-4dea-9e85-7c7d1237bee5,Todd Terje (contained elements of Strandbar / Delorean Dynamite),2023-08-19 02:44:11.369747,2023-08-19 02:44:11.369747
1fd72ef5-212d-4c6e-816c-aa0cb8494e8b,f2cfd046-4e79-4698-bdff-5368a0e4eca3,FTP (tDB original),2023-08-19 11:14:42.648910,2023-08-19 11:14:42.648910
d67c121a-d6cc-4b33-8ec7-be4701f54711,11a3a426-ee35-4514-a67b-aaa7f7c97f2f,FTP (tDB Original),2023-08-19 12:03:12.508983,2023-08-19 12:03:12.508983
0f94d5f7-8e26-4feb-9469-27b0f045d40e,560d06b4-14d4-4ad2-b474-3886cfceee7f,FTP (tDB Original),2023-08-19 12:03:58.976541,2023-08-19 12:03:58.976541
0522b14c-165c-4a10-ad1d-7a5d31cf5d6d,323c52b5-accb-43c9-8921-6da6d4ef5f4f,FTP (tDB Original),2023-08-19 14:06:01.437570,2023-08-19 14:06:01.437570
4c9a0d02-d17a-4f42-8846-15c075af3d64,4786aa5a-5867-4fe3-b380-a26aa32a6f89,unfinished,2023-08-21 16:07:21.443536,2023-08-21 16:07:21.443536
a7bc6fcf-265b-4e53-8313-f35e4d2b9373,cea3bfa3-ac05-4099-b9da-1e42121364ba,FTP (tDB original),2023-09-13 11:03:33.051218,2023-09-13 11:03:33.051218
17c8b948-c1de-486a-a462-83d4d68753d4,f24a0d9b-27d7-415d-a2ec-363cb1af621c,FTP (tDB Original),2023-09-13 11:06:50.600190,2023-09-13 11:06:50.600190
9295bb0c-bf51-4008-bdc5-5b2985fe8ef6,dfcf0720-95d7-4ed6-abd5-ad0404757890,FTP (tDB Original),2023-09-13 11:07:37.994712,2023-09-13 11:07:37.994712
afc27b69-3d74-4e5a-ac84-c277b30d252e,d9da764d-24ee-4d36-afa3-7b1d86bd75e7,Perfume version (Devo style),2023-09-13 11:08:48.361458,2023-09-13 11:08:48.361458
d006ac46-f18a-418d-a9b6-42e97fd37441,760a58cb-6ee5-4a20-adac-d9fcef314f29,FTP (tDB Original),2023-09-13 11:09:35.554077,2023-09-13 11:09:35.554077
99f15fff-b43b-479d-8561-a814651b7d62,ef0769bc-7ff3-45be-8718-18a7552df933,FTP (tDB original),2023-09-13 11:17:05.511425,2023-09-13 11:17:05.511425
7b071834-e83e-4957-ba1c-1da64d3e4250,87ee3c1a-3362-40c8-9e1e-5b6b35b8cf7b,FTP (tDB original),2023-09-13 11:17:13.427147,2023-09-13 11:17:13.427147
087d2c6b-58ea-4c7e-bef3-d49f1784b040,9b55fbb2-ced8-4d38-83f7-29f91f39aeeb,FTP (Trey Parker/Matt Stone),2023-09-13 11:36:55.860652,2023-09-13 11:36:55.860652
0d58781d-810b-423f-b2df-7164154f94c6,9b55fbb2-ced8-4d38-83f7-29f91f39aeeb,Performed as 'The Cartmans.',2023-09-13 11:36:55.871215,2023-09-13 11:36:55.871215
a6ba8b17-abfd-4de1-ba75-85fe1d39368a,9b55fbb2-ced8-4d38-83f7-29f91f39aeeb,With Erica Lynn Gruenberg on vocals.,2023-09-13 11:36:55.881652,2023-09-13 11:36:55.881652
43754267-385d-4d4f-94bb-0bc975b9593d,411328b2-63e1-4dda-b809-75b53e53d776,FTP (Trey Parker/Matt Stone),2023-09-13 11:37:10.419286,2023-09-13 11:37:10.419286
c648e0e5-fd2c-4b9d-893d-57f31d3b3144,411328b2-63e1-4dda-b809-75b53e53d776,Performed as 'The Cartmans.',2023-09-13 11:37:10.429518,2023-09-13 11:37:10.429518
a3ca93c7-29c2-4ee4-81f7-5e8c8ff97d56,27b54eb0-8bd2-4f24-9af9-30f1f4bad88a,FTP (Trey Parker/Matt Stone),2023-09-13 11:37:21.241541,2023-09-13 11:37:21.241541
8bd5d641-6bf5-4932-b7a3-25302f0fdf0c,27b54eb0-8bd2-4f24-9af9-30f1f4bad88a,Performed as 'The Cartmans.',2023-09-13 11:37:21.251228,2023-09-13 11:37:21.251228
fd6e2c59-837d-4cb0-bc27-52a5cfa08362,21eba70f-d7b6-4456-8177-c9d03896ecd2,FTP (Trey Parker/Matt Stone),2023-09-13 11:37:46.343159,2023-09-13 11:37:46.343159
1af09ec6-dc85-48ba-a7d3-94df40b99e39,21eba70f-d7b6-4456-8177-c9d03896ecd2,Performed as 'The Cartmans.',2023-09-13 11:37:46.353668,2023-09-13 11:37:46.353668
59a612cc-4b31-4c1a-99be-21ce7929c3d4,11945718-5c06-4922-a95f-80d624a3f4e7,Techno version,2023-12-05 18:58:55.848487,2023-12-05 18:58:55.848487
f1918a79-ab0c-4bf3-bf9f-6e1f5b3b2077,72f23b8f-bf19-4f74-adef-c7a87592985d,LTP 10/30/22 (62 shows),2023-09-16 07:53:33.770269,2023-09-16 07:53:33.770269
49f5e141-6bed-442e-b0ee-0f4b1150e40b,3dd9e868-415a-4a24-b543-7f97520b33da,LTP 3/11/22 (100 shows),2023-09-17 03:15:44.133849,2023-09-17 03:15:44.133849
620c0cee-3289-4eea-a30c-43e737ae9214,8f275997-1abf-45d9-86ca-b4b104f4fb20,Completes 5/4/03 version,2023-12-07 20:04:43.417173,2023-12-07 20:04:43.417173
3f7fe039-b232-419c-ac4b-6c3c54ce552a,dc7909cb-8b5a-4602-bb01-663351837acb,inverted,2023-09-22 10:55:13.987081,2023-09-22 10:55:13.987081
fa867a7b-0371-4bc5-b0e6-d0eae0288efd,e9115036-66cf-47b2-b0a4-6c7ded0dd494,unfinished ,2023-09-23 05:19:16.887165,2023-09-23 05:19:16.887165
9c01f16f-ff56-4954-8302-0db7c1a2ad95,9bfab35f-863d-4bfe-b056-fc37840ba721,FTP (Eric Clapton),2024-03-06 17:12:00.459747,2024-03-06 17:12:00.459747
91753fc8-15f7-4aac-ac27-ab68af1d446e,1229fc13-4a7f-45eb-b81a-da651ed40c7c,FTP (tDB Original),2024-03-06 17:18:05.639154,2024-03-06 17:18:05.639154
6a97f541-af3b-4a2b-aa46-245e3339aaa3,e521bc18-2cf5-43be-8a50-98c168ffbb6b,FTP (The White Stripes),2023-12-08 06:28:29.353491,2023-12-08 06:28:29.353491
41d91707-2546-48d3-a344-61311a71ac65,6970d0e7-c3a7-455d-a284-8a777b6345ab,FTP (tDB Original),2023-12-08 06:34:12.079176,2023-12-08 06:34:12.079176
9818ce46-f22b-4174-857a-e851f6b1b77d,171f5302-7fb6-4d98-b8ad-39f907339d14,FTP (tDB Original),2023-12-08 06:43:05.243251,2023-12-08 06:43:05.243251
7a61ab38-5a12-4ea9-9531-f1dc991fbab0,e9c4e4a9-f059-4ce6-8b35-8bebfa38f438,FTP (tDB Original),2023-12-08 06:52:22.332990,2023-12-08 06:52:22.332990
ebaf67a8-f406-41c7-bb93-fea9dffd9586,e8c8fba7-534f-44f6-9459-08466341f7c1,inverted,2023-12-22 13:43:33.243495,2023-12-22 13:43:33.243495
975b516b-ff81-42a5-a91c-af7ea91a246b,ccb39bae-a356-4b27-8990-ae5603169db6,unfinished,2023-12-22 13:43:40.713878,2023-12-22 13:43:40.713878
7f642f03-2fde-494f-8c5c-4cdd59ecf8ce,6066b8f9-6279-4228-bb05-ebbb86f0a0a0,inverted,2023-12-22 13:43:45.752204,2023-12-22 13:43:45.752204
aa4bb37d-b0a9-4654-aa07-3ee625eb9675,8ccf33a2-3352-4a94-8993-2ccf0f69166c,unfinished,2023-12-22 13:43:53.447238,2023-12-22 13:43:53.447238
658287ad-7f11-4227-a23f-354a2375205b,9a830159-e07a-4b81-92a7-95ddfc41ee94,FTP (tDB original) (1st debuted by the Maui Project on 4/8),2024-01-18 18:38:03.606481,2024-01-18 18:38:03.606481
450f6cb8-05e0-41d8-96a4-6d02c0e8cb04,dae056f3-e3ed-40a3-ab1f-fb56f6364b98,with ‘I Go To Extremes’ (Billy Joel) teases,2024-01-25 14:30:36.581134,2024-01-25 14:30:36.581134
68a93900-cdb8-4ebb-9068-e5d2a8aebda4,60fea09e-3456-4221-bea7-10e5376dfb52,FTP (Goiachino Rossini),2024-03-06 17:23:31.309327,2024-03-06 17:23:31.309327
4f438adc-7905-4ad6-aebc-e402032379cf,f1ee6c22-4709-4f6e-a8a1-4058d252298c,FTP (tDB Original),2024-01-27 05:28:05.479026,2024-01-27 05:28:05.479026
40ca1434-2bec-4570-ab28-cc66603ee160,5bd65f37-98bc-4b14-92d6-6e352778a57f,inverted,2024-02-01 01:36:24.575650,2024-02-01 01:36:24.575650
1277e41f-8e0a-4534-8f3d-b2115c44e04b,62eb4d79-bc94-4f48-ab6a-6bcfc1d21f84,1st time inverted,2024-02-01 01:37:00.530504,2024-02-01 01:37:00.530504
0dcfc838-bf69-4852-bc7d-39db5a0107ea,69158cb2-66a6-4774-935d-6a91f29ba979,with ‘Mind Left Body’ (Grateful Dead) teases,2024-02-01 20:03:27.641963,2024-02-01 20:03:27.641963
635ffa2d-c551-488b-98c0-615e2d17f62f,f8516142-f93e-4b66-a38b-b8be3cd1c186,with ‘Life During Wartime’ (Talking Heads) tease,2024-02-01 20:04:26.240280,2024-02-01 20:04:26.240280
79791b3d-a4b7-43ab-ba3a-9fc474b86b82,67f9c8d2-126d-4657-b076-9b6bd625c3fc,LTP 11/26/21 (132 shows),2024-02-03 04:38:00.932951,2024-02-03 04:38:00.932951
14cc23b6-9110-4951-81fc-82119aa1211d,6568c411-8532-418e-9e8e-1bdbc78d3a1d,completes 2/1/24 version,2024-02-03 07:05:44.710456,2024-02-03 07:05:44.710456
195b3d6f-f7d7-42ca-a55a-7b6486aa3a4d,167a968b-c3f7-46b2-ac74-d900157f6240,FTP (Sesame Street),2024-03-06 17:24:53.182930,2024-03-06 17:24:53.182930
8e721499-1454-4f8f-89ec-e5e25504f18c,d4232786-011b-4ebf-a7e8-8871a5184aee,FTP (tDB Original),2024-03-06 17:32:13.641337,2024-03-06 17:32:13.641337
1fcc8403-cfd4-4d66-acb5-76941855514f,59abac63-f1b5-44da-8fc7-8aa82ba53f32,FTP (Michael Jackson) First verse only.,2024-03-06 17:33:38.017747,2024-03-06 17:33:38.017747
4f6a9337-acba-4849-a65a-375c2aec12db,044cc216-c4a3-438d-a49a-75f613d96d2e,inverted,2024-02-06 04:04:38.249113,2024-02-06 04:04:38.249113
5f904b1d-6c0b-458e-ad82-2660e5967309,71c10425-9b3d-4781-8b9f-f269e8a468b2,Techno version,2024-04-01 02:51:40.449369,2024-04-01 02:51:40.449369
2d4f1e83-d304-4431-ad88-1b8b0c55a6c1,659e4299-6076-489d-abcb-771a81baff7a,"with ‘Cold, Rain & Snow’ (Grateful Dead) samples",2024-02-07 17:21:15.397189,2024-02-07 17:21:15.397189
fceefbfa-4639-44b4-b71b-b75c5d03b1a0,90c40bd7-93ee-423b-9a40-f52d4d107319,ending only,2024-02-07 20:27:45.220947,2024-02-07 20:27:45.220947
0fd0cfe8-7bc1-4964-beed-1dd4f70c0513,e01127fb-9939-4a79-b2bd-976f2cd84f34,ending only ,2024-02-07 20:28:19.162855,2024-02-07 20:28:19.162855
c19c056a-ff73-44c4-81f5-1943bce33a32,630f5aef-9527-4ec9-a087-c284a5cbe546,ending only,2024-02-07 20:28:46.446560,2024-02-07 20:28:46.446560
3128744e-6f1b-4fb9-8d00-b0c55753ca67,7a7aa120-15b0-48ca-a6f8-184d3b6aceb1,FTP (tDB Original; based on 4/13/24 ‘Rock Candy’ Jam),2024-09-10 11:46:28.835440,2024-09-10 11:46:28.835440
95f5c0d3-00f6-4e20-86ec-af336265ce13,4eaecd8c-9a59-483c-af25-d8c993b2fdc5,inverted; with ‘Confrontation’ teases,2024-09-10 14:39:11.391730,2024-09-10 14:39:11.391730
e28c1b07-cead-4b55-afff-252c06c4251d,d602f926-fba8-4c71-91ed-71e569f185d4,LTP 9/24/23 (67 shows),2024-09-12 03:56:17.368157,2024-09-12 03:56:17.368157
95986de2-03c0-4638-9c23-4358f45de4c1,f25c17a8-291a-4e75-bd9a-d4800e7a53fc,1st Time inverted (230x+ played); with ‘The Champions’ teases,2024-09-12 14:21:58.645013,2024-09-12 14:21:58.645013
fca95746-e881-48aa-a1ff-131bfa9eca87,c05abfe2-a691-47f5-a47a-6654da6962d1,ending only,2024-02-07 20:29:45.397375,2024-02-07 20:29:45.397375
17227e9c-10a5-4607-8b6c-963dd32227eb,521b98a9-47d1-4d3a-9b99-6292d41136e7,inverted,2024-04-06 02:01:51.137214,2024-04-06 02:01:51.137214
2a4149c4-5d91-488a-afde-37c1eb5f88b0,525a2342-2b06-4fe4-987d-9b940d67cf81,LTP 7/1/22 (108 shows),2024-02-08 06:31:22.918741,2024-02-08 06:31:22.918741
4c5497a0-dbec-4c98-bf06-51a3c9e66ba8,9e0fd18c-57ed-4706-aa51-5b5be391dbf4,with “Dumb & Dumber” samples,2024-02-08 17:09:31.848913,2024-02-08 17:09:31.848913
4b8a9f6e-704a-4b33-9dad-f7a1b9db6005,4ec8dd96-68b2-4237-91e3-5b577a9faf93,inverted,2024-02-08 17:09:45.725089,2024-02-08 17:09:45.725089
ffe1fdbb-9065-442c-bba2-ac6f6ad01202,4ec8dd96-68b2-4237-91e3-5b577a9faf93,with “Dumb & Dumber” samples,2024-02-08 17:09:45.753960,2024-02-08 17:09:45.753960
b80a7f0c-8602-478d-867f-48402f53432b,b8730867-fb9a-434c-aedb-22b7c831db9c,with 'Sweet Child O' Mine' (Guns N' Roses) samples,2024-04-06 02:32:47.086671,2024-04-06 02:32:47.086671
d13ab823-6998-4f72-8729-b10766064995,a05fa77b-20a1-4867-8738-01a8e7055db9,inverted ,2024-04-06 02:38:53.067071,2024-04-06 02:38:53.067071
b144833c-b7f9-4683-aa36-b10be7d1ad59,2f254ee5-a8e4-44d5-9841-d145f96c98d8,inverted,2024-04-07 02:39:48.612626,2024-04-07 02:39:48.612626
feb6200f-6bff-4414-a2fb-e0c06cfeb726,c5b34342-01e0-472a-99f7-ca62767c8c94,preceded by 'The Deal' fakeout,2024-02-11 08:12:40.901776,2024-02-11 08:12:40.901776
3864dc76-fe26-4a25-97db-dfbf9f835b64,63111983-c559-4e60-8f91-8eb3e88e1670,ending only,2024-02-12 11:49:46.215309,2024-02-12 11:49:46.215309
36661dc2-39b7-4fe0-ac2c-4d2c9e936559,fd159f30-0d3b-445e-97cd-92b57da37d2f,with ‘Baddadan’ (Chase & Status) samples,2024-02-14 13:03:57.709903,2024-02-14 13:03:57.709903
19cc3e98-3938-4271-8f57-33107e831a3a,0cc2df8a-a8ad-4c4e-b0f5-0157f848c500,with 'Hella Good' (No Doubt) samples,2024-02-14 13:04:23.037430,2024-02-14 13:04:23.037430
915c1d1d-b712-4e72-a1c8-e4964bba7dea,0cc2df8a-a8ad-4c4e-b0f5-0157f848c500,with ‘Rio’ (Duran Duran) jam,2024-02-14 13:04:23.053787,2024-02-14 13:04:23.053787
3569bf95-0b3e-44a2-a96f-be6d5c565e36,fe3e807c-8a35-41f2-a9de-bcc260301e26,FTP (tDB original),2024-02-14 21:51:15.610806,2024-02-14 21:51:15.610806
1fff856a-fd88-48d4-b2a0-976f2a7cb6ee,6c4c0995-354d-4efb-a72a-82632fec05cb,with 'Above the Waves' + ‘Take Me With You’ (Very Moon Musical) mashup jam,2024-02-17 04:56:46.985555,2024-02-17 04:56:46.985555
295b8f29-f454-4a23-baf0-9f60c05680af,6c4c0995-354d-4efb-a72a-82632fec05cb,LTP 1/04/20 (193 shows),2024-02-17 04:56:46.998805,2024-02-17 04:56:46.998805
b755d3bd-2939-4ee3-8c0a-09c1b6f56672,ddf1c077-cdca-4e95-84d2-b8f0488540ff,unfinished,2024-08-11 09:19:36.706982,2024-08-11 09:19:36.706982
b6a22e59-6d6e-46fe-9e93-f1a7f6125b9d,c5b3e1bc-2f67-4570-adcc-684d3ffe0849,LTP 1/31/19 (101 shows),2023-10-02 16:25:19.795403,2023-10-02 16:25:19.795403
2e41fe3d-efc2-4312-8501-6f3fbd378624,838c42c6-3377-43d3-8508-8fc46dc7a8d0,"dyslexic (ending first, then beginning)",2024-03-06 17:20:07.094329,2024-03-06 17:20:07.094329
35a80beb-6f30-40c6-b05e-27d353c32591,df7df7bf-18a1-44c2-9b4a-ed2014b8c856,"dyslexic (ending first, then beginning)",2024-03-06 17:20:13.849713,2024-03-06 17:20:13.849713
6edf12b8-0139-4611-808b-eb5ba6fa9b2f,04e356e3-bd32-44eb-9f67-7aa74281bb66,FTP (tDB Original; based on 9/1/01 Mindless Dribble Jam),2023-10-02 19:09:38.769753,2023-10-02 19:09:38.769753
812251d3-efa5-45da-8449-6ea56ce7c2dc,abede530-3307-453d-87b3-4ed0abe96ab1,LTP 12/30/21 (117 shows),2023-12-03 03:49:05.910419,2023-12-03 03:49:05.910419
6e50b306-b6f0-490b-aa4b-0e4099201c53,8b948591-a039-4a38-bd50-7c268699748c,FTP (Gorillaz),2023-10-04 08:13:35.924001,2023-10-04 08:13:35.924001
2fe38ef8-2a92-4e2e-ab2d-f26b3ba4f047,5c594e82-0140-40c5-9c99-b73d1e1b296e,FTP (tDB Original),2023-10-04 08:16:57.604799,2023-10-04 08:16:57.604799
3dff490c-bfeb-454d-afc5-422d801ec18b,8848b1f8-f48e-4091-abba-f41ae632cc14,"dyslexic (ending first, then beginning)",2024-03-06 17:21:05.577335,2024-03-06 17:21:05.577335
265b0085-bc74-4717-8830-d7c5d32b1cf4,68307028-6fd2-4c19-bd85-f9aadf875f34,inverted,2023-10-05 01:14:08.695335,2023-10-05 01:14:08.695335
a4175d6e-f5b1-4807-8ba5-04fe35f0f994,e72b5b01-751d-4ac1-8649-97ec26575c54,"dyslexic (ending first, then beginning)",2024-03-06 17:21:14.333184,2024-03-06 17:21:14.333184
a62d04d3-80b0-4dc7-80d7-0600f9f1ab13,a619c489-154c-4a13-a3eb-b16f2801f156,LTP 8/23/02 (71 shows),2023-12-07 20:14:44.324981,2023-12-07 20:14:44.324981
97b42632-d9ad-4087-959a-a14090a132bc,a619c489-154c-4a13-a3eb-b16f2801f156,Partially reworked,2023-12-07 20:14:44.335535,2023-12-07 20:14:44.335535
8a537516-34ea-4c02-95bc-aa3314167ed2,fbdd6f7b-ace6-445c-a0f3-b72b64461fe6,FTP (tDB Original),2023-12-08 06:35:16.074123,2023-12-08 06:35:16.074123
f915c449-946e-4dd1-a54f-6250e00c0a1f,a73e7db7-dd46-43f3-81df-4005a27c64eb,inverted,2023-10-07 04:43:49.465812,2023-10-07 04:43:49.465812
67f1f363-d907-4e59-9dd2-511c8afd6f3f,a10c2f0f-e05c-4be7-9a6e-64f3e593c430,FTP (Debuted by The Maui Project on 4/8/2000),2023-12-08 06:39:36.114973,2023-12-08 06:39:36.114973
94d68920-a6e7-403b-937d-1439c9ad8375,a430610c-c975-4aa0-8ef1-17f36391d622,inverted,2023-10-08 04:59:38.777964,2023-10-08 04:59:38.777964
21fd1090-fec8-438a-82b5-b96ddb01944c,ba3da296-338b-40c3-9947-645b104546a7,inverted,2023-10-08 05:06:04.099133,2023-10-08 05:06:04.099133
c253f27f-0e25-4bdb-bd3d-839dc5321f98,34f6d837-6d82-4a2b-b37d-e684327ea603,FTP (Henry Mancini),2023-12-08 06:40:36.700274,2023-12-08 06:40:36.700274
d17f8988-2627-4f47-a852-254c40d37b99,e1edd142-afcf-4652-8605-e6206f5cfd4d,unfinished ,2023-10-09 19:54:26.713586,2023-10-09 19:54:26.713586
5d0bb854-195c-4591-a0ce-1ba436417029,d08b47a3-fc29-40de-8d3b-b0b7a38ac33e,FTP (U2),2023-10-13 13:26:17.662843,2023-10-13 13:26:17.662843
d4b8259b-d5ef-4efb-af41-e5c3642987e0,d08b47a3-fc29-40de-8d3b-b0b7a38ac33e,with Tom Hamilton (Brothers Past) on guitar,2023-10-13 13:26:17.679297,2023-10-13 13:26:17.679297
634da8b2-f454-49be-8413-6106269b35d1,30c41e97-abfb-4537-ab01-1267965dc581,FTP (tDB Original),2023-10-13 16:30:38.553830,2023-10-13 16:30:38.553830
b1ca4814-7d69-443c-839a-0386a53602bb,30c41e97-abfb-4537-ab01-1267965dc581,Played for Steve for his birthday ,2023-10-13 16:30:38.563359,2023-10-13 16:30:38.563359
b003f188-527a-4459-9b32-57998f3286f3,184450c8-eb4e-40b7-b2dc-01cfd35150cd,FTP (Steve Martocci with tDB),2023-10-13 16:31:31.590882,2023-10-13 16:31:31.590882
8c06a66e-1d17-439a-baa5-2f6ba1786116,8db2f037-6634-451f-8bcf-3a053d517754,FTP (Steve Martocci with tDB),2023-10-13 16:32:05.399429,2023-10-13 16:32:05.399429
ec30a85b-e39e-4356-a181-e4e56ab2c40b,edee29ba-df19-44df-9d55-4ff60111fcdb,Perfume (punk rock) version; LTP (punk rock version) 9/27/14 (97 shows),2023-10-14 21:47:41.865160,2023-10-14 21:47:41.865160
48537258-ed27-498d-9200-96ab42773fcc,c4c921d2-c0c7-4e2e-9f82-29020fd21fb2,inverted,2023-10-14 22:01:21.942678,2023-10-14 22:01:21.942678
12b619f3-7533-495a-8b41-719f043f3bff,c4c921d2-c0c7-4e2e-9f82-29020fd21fb2,LTP 12/27/11 (164 shows),2023-10-14 22:01:22.080730,2023-10-14 22:01:22.080730
3018046d-8cb4-4fe2-9792-4b46caed5f59,17d063b0-233a-487e-89a0-e0d4615b08da,LTP 12/31/10 (178 shows),2023-10-14 22:03:11.037442,2023-10-14 22:03:11.037442
69b773a4-7e88-47fe-b150-c808698eccc5,1898aa31-7e40-4eb0-b4e6-d501d81ea75b,Perfume (Disco) version ,2023-10-15 00:19:25.582795,2023-10-15 00:19:25.582795
75f0f69d-4fc7-476e-baf5-0c1570ba938a,bac06d39-3e92-4fa5-b270-b9bedda0af84,end only; dyslexic beginning of 7/15/16,2023-10-17 04:18:09.462600,2023-10-17 04:18:09.462600
f98be55d-73ee-45b0-8e01-6c14e8daa543,d3cf889b-2844-42c5-a41b-4c9b223a3246,inverted,2023-10-17 07:00:08.930663,2023-10-17 07:00:08.930663
fdb31980-1d23-41a0-8982-fa9473af06d8,5d9b3225-826a-453e-ab20-99770cc434b8,inverted,2023-10-17 07:00:54.720471,2023-10-17 07:00:54.720471
fa95c88c-46d4-42fa-80fc-e0c594c0260f,1f19c5de-8f62-418e-aedc-a76c8e1fd4a7,inverted,2023-10-17 14:19:29.974071,2023-10-17 14:19:29.974071
3b54b1b3-bfd8-4c58-bd8a-60d0a92baf66,1f19c5de-8f62-418e-aedc-a76c8e1fd4a7,Last time inverted 2/2/19 (153 shows),2023-10-17 14:19:30.056206,2023-10-17 14:19:30.056206
243806f5-928f-436b-84ad-097eb4198c25,418d2a09-0747-4f9f-9a58-e9a6cf051135,unfinished ,2023-10-18 09:09:40.253244,2023-10-18 09:09:40.253244
ed14d6b4-59f4-4f23-8123-c4cb304167ae,76ebadc8-32ec-457d-90a7-fb5a3452b472,completes 10/16 version,2023-10-18 09:45:41.393406,2023-10-18 09:45:41.393406
dc577e34-1276-4495-a6b5-6d8583627422,ddf1c077-cdca-4e95-84d2-b8f0488540ff,with 'Story Of The World' tease,2024-08-11 09:19:36.735543,2024-08-11 09:19:36.735543
4397fff0-a47a-477e-8e21-51e01c86a88e,070c15be-6b30-4fc5-b3ce-314da2a0b7a8,with 'Star Wars Theme’ (John Williams) + 'Jump' (Van Halen) teases,2023-10-18 10:01:17.878069,2023-10-18 10:01:17.878069
dfc60cb3-e8ba-4979-afff-8f89fa56512d,070c15be-6b30-4fc5-b3ce-314da2a0b7a8,unfinished,2023-10-18 10:01:17.886753,2023-10-18 10:01:17.886753
c7e78826-42c6-411b-ac50-46352893b65f,bb5a39a0-9c2a-4205-932b-32fb0609e1b0,unfinished,2024-08-11 09:22:58.384822,2024-08-11 09:22:58.384822
8be6cadc-9c40-4f4e-9725-30d3639c2dcd,019ba845-3146-4d8b-9a97-6e0298f77d7c,unfinished,2023-10-18 10:03:35.200080,2023-10-18 10:03:35.200080
f47260d5-9105-45e4-9d51-67fafa58e844,db75dd45-bdac-48d8-8753-9bb9d8c35363,unfinished,2024-08-11 09:23:19.129513,2024-08-11 09:23:19.129513
e1e78a03-9e11-485f-8dc0-2ae144d94743,0a79c682-d1a5-4437-b053-70fdcec85336,inverted,2024-09-09 18:09:49.399166,2024-09-09 18:09:49.399166
dabeaeb0-d7cc-46a8-8cd7-f08215ee14c2,0a79c682-d1a5-4437-b053-70fdcec85336,with ‘Gamma Goblins’ (Hallucinogen) jam,2024-09-09 18:09:49.431663,2024-09-09 18:09:49.431663
ada83d27-7b00-4e72-8a64-bcc9572d5f51,630ce2d5-62cc-4c56-b487-4c191cb54e52,with ‘White Lines’ (Grandmaster Flash) teases,2023-10-18 10:49:02.538707,2023-10-18 10:49:02.538707
5f637b9d-f32f-4dfd-8924-8baa9e0c3c25,5575e720-c957-4c0e-9507-a998c7fff84c,Inverted ,2023-10-18 11:05:04.348770,2023-10-18 11:05:04.348770
f07ceb3c-8f48-4e15-9382-ab9f714a50fc,63faa182-af33-42fc-a999-aa7bfc43bbc5,preceded by ‘Save The Robots’ fake out,2024-09-12 05:09:43.691657,2024-09-12 05:09:43.691657
440a11e8-c8bc-455a-bb60-81b808b1ea66,2ff13a83-2c64-4b48-94af-15a8842b2862,FTP (tDB Original),2023-12-08 06:46:10.639578,2023-12-08 06:46:10.639578
031dd233-6481-40a7-80b0-5c14311a57dd,9e34b986-ee92-447f-a484-f1706cda9128,FTP (tDB Original),2023-12-08 06:47:00.898677,2023-12-08 06:47:00.898677
17345a99-e76e-4713-a0e5-dcf3e26aaed6,662e7137-0099-4518-8c3d-484e02663a2f,"dyslexic (ending first, then beginning)",2024-03-06 17:20:51.063659,2024-03-06 17:20:51.063659
e7b6d2de-a994-45a5-a194-bb58e6924975,894ef7da-ca0d-4465-8f8c-89b5b41489d6,unfinished,2023-12-08 06:55:21.218999,2023-12-08 06:55:21.218999
2baef727-1db0-4a3b-a59f-9755e35ed761,476915cf-9610-4ae4-a512-6d3d8a5b2a8a,"dyslexic (ending first, then beginning)",2024-03-06 17:20:56.452164,2024-03-06 17:20:56.452164
15268749-2cae-43a4-b717-e51bdb49a3a5,84901417-4c6f-4e53-844e-56ed3c07827f,with ‘Teardrop’ (Massive Attack) samples,2024-03-13 16:18:42.837180,2024-03-13 16:18:42.837180
31c1619c-9619-40e2-81d6-889f1a4362a7,84901417-4c6f-4e53-844e-56ed3c07827f,with ‘Shocked’ teases,2024-03-13 16:18:42.854505,2024-03-13 16:18:42.854505
9eb231ae-7194-4e2a-9a27-3839312cfd46,385a246f-15d6-438b-9734-c61970cdbcba,with ‘Jolene’ (Dolly Parton) samples,2024-03-14 00:48:15.429888,2024-03-14 00:48:15.429888
b1c6c538-3393-4b86-ae1f-96cc447e4889,23f38f00-936c-4552-a7b7-abf3b65071a5,with ‘Perfect (Exceeder)’ (Mason & Princess Superstar) samples,2024-03-26 06:17:25.677016,2024-03-26 06:17:25.677016
9503bc2c-b786-4dd0-9b1b-d8815e49964b,0c455e87-a1fc-4d18-be0a-f21e11ebc613,inverted,2024-03-26 09:33:18.675605,2024-03-26 09:33:18.675605
9e8f8d7f-e1b2-4c8f-bd3d-79648b170be7,35fa2734-0a3c-44f9-80b2-0d76d2461403,with ‘Rock Candy’ & ‘Dark Star’ (Grateful Dead) teases,2024-03-26 20:56:36.893371,2024-03-26 20:56:36.893371
fefcc17a-413c-4ae3-881d-535358267cf1,35fa2734-0a3c-44f9-80b2-0d76d2461403,with Magner on vocoder ,2024-03-26 20:56:36.915063,2024-03-26 20:56:36.915063
8591776b-fd01-43fa-beb9-37437e0b4c7d,1c1004cb-e19c-4a64-bf41-7a7fb53d6ac9,inverted,2024-03-28 11:32:29.559193,2024-03-28 11:32:29.559193
cd5454d0-3561-477d-a79a-4d79a876666c,a3359eb6-ec5e-44d8-aaf3-2cf971195abc,unfinished,2024-08-11 09:21:17.879926,2024-08-11 09:21:17.879926
ecaa49db-ece7-4923-b5a5-4f2b9cd307a3,cfc9d737-c303-4a8e-8250-48bbe67b8615,inverted,2023-12-29 18:01:33.736370,2023-12-29 18:01:33.736370
9fdfb4dd-1301-48c6-a38e-fbca8ac2886b,50a9c16a-7f5a-4cef-9836-37ccfd3fe33d,inverted,2024-03-29 01:13:28.217551,2024-03-29 01:13:28.217551
857adf97-cd67-45ed-b7c2-1c11aa6eefc8,500a60b9-37ee-47be-8211-a434b4b4a7fa,with ‘Bam Bam’ (Sister Nancy) samples,2024-01-01 17:19:16.314348,2024-01-01 17:19:16.314348
7967fda6-f961-4ca1-90b0-a78f57d902c2,94f28d8d-a39f-4bfd-b75d-73bc2caafb6f,with NYE countdown,2024-01-02 14:13:41.107511,2024-01-02 14:13:41.107511
299609ee-c1c9-4696-8983-d4a6ba3ce0ba,b36640a4-878d-4b53-81f2-56c1928dbe21,FTP (Survivor),2024-01-04 15:54:09.252147,2024-01-04 15:54:09.252147
86e8405c-9f76-4414-b20b-2e3cce288e45,b36640a4-878d-4b53-81f2-56c1928dbe21,with Band Intros,2024-01-04 15:54:09.273868,2024-01-04 15:54:09.273868
2502ee69-f22b-457f-9c45-dbc9dbd4b056,4db32c38-def7-4f17-9cc8-0933ace48b04,LTP 12/31/2021 (118 shows),2024-01-04 15:54:28.101562,2024-01-04 15:54:28.101562
7ed6172a-16f4-4ebb-b563-8ba2d5826410,3fde1fec-d848-4b1c-b087-c90022502476,"Magic Tape (contained elements of Fly Away (Crackazat), maBri (Lukas Lehmann)",2024-01-05 13:21:55.658953,2024-01-05 13:21:55.658953
557ad4ac-e08a-4556-b0b5-cd662a41a921,6d9e4435-fab2-426a-b700-6e251cc6fb9e,inverted,2024-03-29 03:14:14.491311,2024-03-29 03:14:14.491311
330bdf85-da2b-44ee-8f22-e9fd3415ce13,e0111ae5-0bdf-42b6-a0e0-5d8ce113d6bc,LTP 5/6/23 (71 shows),2024-03-29 18:24:38.452168,2024-03-29 18:24:38.452168
e279963a-d94c-4de8-9631-967ce8171a90,5d8a5aa1-bf11-442f-bf66-6785778e640b,FTP (Flo Rida),2024-01-23 18:23:36.430004,2024-01-23 18:23:36.430004
8ac2acde-5b53-4858-ad30-043912d6ee0e,e154cd2a-9ee8-471b-b057-c0cbcec7d9f6,with Erin Boyd (vocals),2024-03-30 23:07:53.745305,2024-03-30 23:07:53.745305
55d055ae-8fc6-435c-a7e8-ef36185846ff,dd6d464c-8320-4930-b67e-41feafb18198,inverted,2024-04-01 03:02:55.266269,2024-04-01 03:02:55.266269
57d97636-179c-4fec-91ef-c37fdd7be84f,e533049c-b9f9-42d8-8907-23ac1303c937,unfinished,2024-01-24 18:01:21.770699,2024-01-24 18:01:21.770699
ba9554a6-bfaa-42a7-8a14-77f0bb09840c,e716a957-4f0c-4265-9276-cb1f40a88e18,inverted,2024-09-09 20:15:39.957774,2024-09-09 20:15:39.957774
1aadaf92-a2fa-4272-8dfd-75168cca5563,ffe14f5b-45aa-40ff-83aa-65632f85732b,inverted,2024-01-27 14:35:34.745609,2024-01-27 14:35:34.745609
c3872249-c91e-40eb-b803-97077859c95b,989647a2-7878-43ba-877d-2bc538c4b17a,inverted,2024-01-28 05:30:28.368826,2024-01-28 05:30:28.368826
e0e00b52-abf2-4b6e-8d71-38b99e67b734,eb98e403-3450-41db-847a-400bf4fd7f6f,with ‘Watermelon Sugar’ (Harry Styles) samples,2024-04-01 03:25:26.823902,2024-04-01 03:25:26.823902
3028f66f-a329-4b88-b2da-0b17f9aac6fa,b8371d0f-f1d6-408a-9f58-0c86b86f196c,with slower tempo,2024-01-29 17:22:34.208687,2024-01-29 17:22:34.208687
727a3e09-4ac5-44d5-b45b-72c7c9688d6c,26c6446a-a1fd-45f9-8f8b-825afc35ebad,1st time inverted; (end>beginning>middle),2024-02-01 02:39:54.363367,2024-02-01 02:39:54.363367
338509a1-3580-44e7-82c8-d67861f2000f,a2e34db4-11a9-4700-86e1-d0a4ee68c107,inverted (mid>end>beg),2024-02-01 19:49:20.940563,2024-02-01 19:49:20.940563
7695aa3a-55bc-40a8-abd7-cc6b91d3ddc0,530096e1-8f17-4239-90d6-b7b3d1585b63,inverted (mid>end>beg),2024-02-01 19:50:19.850567,2024-02-01 19:50:19.850567
48c50cf9-8af5-47e9-8e84-28f50595807a,530096e1-8f17-4239-90d6-b7b3d1585b63,Last time inverted 9/5/15 (122 shows),2024-02-01 19:50:19.867922,2024-02-01 19:50:19.867922
1aa990ec-38d4-456b-b924-3fcc54d72cde,c037c31d-8314-4905-983f-5a42ca4d6203,inverted,2024-02-02 06:51:44.393640,2024-02-02 06:51:44.393640
59d3a651-7fef-4b2c-a6e7-8d912bbaad39,4cecd85d-a04c-4593-b57c-35ffa7515559,unfinished,2024-04-07 03:27:59.355679,2024-04-07 03:27:59.355679
8e52f708-d0c7-47ad-a14c-a826d3310e3c,fd0455ca-206a-479a-aafb-8d46462337b1,LTP 7/10/21 (152 shows),2024-04-08 00:46:38.296202,2024-04-08 00:46:38.296202
f18addd8-e06e-466b-9171-7c3dcb5af2fc,e170d0e3-6827-4130-9112-02ac6cd4d839,Reprise (completes 2/1/24 version),2024-02-03 05:08:58.439660,2024-02-03 05:08:58.439660
324a2d8d-2d53-4dc8-bb1f-f7be6ad57b62,a6532a31-2ce7-4478-83e3-ea939b0129a3,inverted,2024-02-03 06:28:10.395470,2024-02-03 06:28:10.395470
86465c9a-6602-49c2-bf41-83d7b1877e1d,4252932b-0473-43de-83af-f9e52e5f5734,LTP  9/19/21 (143 shows),2024-02-03 07:35:40.053535,2024-02-03 07:35:40.053535
10746f1e-ad82-4336-8e01-a24f9ad82f04,98b56ec2-aa3a-462d-9591-c3c49619db02,with Erin Boyd (vocals),2024-04-08 15:04:38.471869,2024-04-08 15:04:38.471869
36759e99-9f2f-4055-8e2a-adb82a0c4def,d7e5a70d-fcb2-4784-a1e1-f50cbf05d874,unfinished,2024-02-05 18:14:40.042102,2024-02-05 18:14:40.042102
531e52d1-b487-43bd-bb67-e70f9bed7183,d7e5a70d-fcb2-4784-a1e1-f50cbf05d874,with ‘Thriller’ (Michael Jackson) tease,2024-02-05 18:14:40.054472,2024-02-05 18:14:40.054472
7a80be2f-0196-41e6-b022-5f94877721a4,b07c209a-2a5d-408c-9355-a03b9b216683,inverted,2024-02-07 04:35:46.538526,2024-02-07 04:35:46.538526
bc58bb0e-fd20-450b-a89e-c0b824a6196e,593103d1-a410-4bb5-86b2-31c798988f48,unfinished,2024-02-08 06:33:41.805098,2024-02-08 06:33:41.805098
8dd23725-02dc-483f-a08e-518045653972,c542691b-e1a3-461d-ba42-45da06eb5147,inverted; Last Time Inverted 11/17/19 (220 shows),2024-02-08 18:56:38.818588,2024-02-08 18:56:38.818588
9a5c264d-c148-46ca-a43b-a9185ec43d53,e448c629-716b-4200-ab4d-82c28a785f18,ending only,2024-02-10 05:39:45.941845,2024-02-10 05:39:45.941845
7bd7bd4c-a384-4694-87a0-64dc9ef3d6dc,7a7e7e15-f676-4ad5-bb52-7197994b62aa,inverted,2024-02-11 05:06:30.281145,2024-02-11 05:06:30.281145
34b4e825-9e7b-412a-b788-87dcf4c7fd4a,874e7351-7b34-4c80-a175-2421b4346ca5,with 'Relax' (Frankie Goes to Hollywood) samples,2024-02-12 11:52:55.554267,2024-02-12 11:52:55.554267
2bc58843-86c6-4645-95d7-f6eb6b0689c6,755cb940-12aa-45a1-8346-7143084e2434,with ‘Sweet Dreams’ (Eurythmics) teases,2024-02-14 22:05:06.021743,2024-02-14 22:05:06.021743
03dbadc6-ee15-45a1-a64a-f32343a37f3e,c882ac6b-4a44-4b2c-ba06-4ff733d1b6f8,with ‘To Be Continued’ + ‘Basis’ teases,2024-02-20 17:53:36.531087,2024-02-20 17:53:36.531087
5d635fb7-acf9-4b1e-b9df-0a8c6799056b,89363d63-a891-4105-ad3b-cf2f3eb4526c,LTP 9/18/10 (155 shows),2023-10-18 12:00:49.947409,2023-10-18 12:00:49.947409
44e0eb25-3592-4fed-9761-127e3d02d879,5797d8c3-9d96-41a7-add5-518cc98fa8cb,FTP (tDB Original),2023-12-08 12:44:33.867748,2023-12-08 12:44:33.867748
8d07e445-9614-430a-8c7e-d51bc3b1586f,929086ce-72a6-450e-80b3-0506101d93d6,Dyslexic continuation of 12/15/15 (beginning only),2023-10-18 12:03:41.626229,2023-10-18 12:03:41.626229
1686cd74-d822-4c81-a0a9-bebfb16171ad,b9c5a888-a61e-40e6-9b97-7fc3e5c4767d,Original Version LTP 8/25/10 (171 shows),2023-10-18 12:42:08.870418,2023-10-18 12:42:08.870418
36312122-21a1-42e1-85e4-347ec128fb6e,2576a994-af43-42f2-ba37-30df0bbe3497,inverted,2023-10-18 19:25:42.756951,2023-10-18 19:25:42.756951
02a44843-23fe-4862-91f1-a1024d078e8f,76b8368a-c60d-400e-90f0-9afc4c7ffe30,inverted,2023-10-18 19:25:49.501081,2023-10-18 19:25:49.501081
a3c3b309-b74e-484b-ab09-856adfb08f98,4e945558-c0e7-44bb-acbc-13e69a43cc60,inverted,2023-10-18 19:26:03.285162,2023-10-18 19:26:03.285162
9fa3912b-89fc-4fc5-a34d-d4ea7b4cd45a,4fd8faee-0fc7-4247-95fd-dd28c9a256e8,inverted ,2023-10-18 19:26:46.310105,2023-10-18 19:26:46.310105
8a649505-5ac6-44ee-b45e-99748cbb6719,8ad73bf6-d681-4a37-9837-4738f30b816f,FTP (tDB Original),2023-12-08 12:48:59.163657,2023-12-08 12:48:59.163657
8364da6e-0e44-4db8-a381-f59bf51f1866,26b69ad6-cd6c-413b-9df0-985959fee3b7,unfinished,2023-10-25 02:28:43.350941,2023-10-25 02:28:43.350941
19c47134-ac38-434a-b79d-1fb4f1640f86,1815453f-548b-4754-9759-faa0c3e3b2cf,inverted,2023-10-25 03:50:20.965917,2023-10-25 03:50:20.965917
ae23dea9-a0b7-4855-81a9-f17bfd5042a8,e136b1b6-1527-4b56-8518-dfb4f8ecf708,inverted,2023-10-25 11:32:52.043722,2023-10-25 11:32:52.043722
4aeacf66-1180-4197-85f6-e493c387fe55,677514dc-e895-4463-a75b-5f1bdf94c904,Half-Inverted version ,2023-12-08 12:52:23.825454,2023-12-08 12:52:23.825454
38f843f4-d3ba-4f62-a492-f1b8d840e1f4,8733b8af-393d-428b-9efb-c452c729e443,FTP (Pink Floyd) 'Young Lust' was the house music when the band took the stage for the second set.  They jammed on top of it as the CD was faded out.,2024-03-06 17:27:04.631322,2024-03-06 17:27:04.631322
dd5d3fc7-5166-47ea-bb76-26409eaf1d29,7f38bb39-2c9a-41f0-bf13-1dae2ddd6a71,FTP (Edward Elgar),2024-03-06 17:37:27.897807,2024-03-06 17:37:27.897807
80c9833e-386f-4f65-bc1d-523188a3b0ee,f36f17dc-2d92-43fc-a5e0-38c347eeda23,dyslexic completion of 1/17 middle,2023-12-26 19:54:04.579600,2023-12-26 19:54:04.579600
be0d95fa-d97f-40cb-be4d-9411c8d74a76,3e74bdae-58fe-478c-b55c-a8de4fef44e6,with ‘Hella Good’ (No Doubt) samples,2024-09-14 03:19:25.014989,2024-09-14 03:19:25.014989
c0404533-ed3d-4220-b673-a96c60193dd7,d6cae569-be33-4a7f-a79a-0de766b4b7ea,FTP (Traditional),2024-03-06 17:37:48.562843,2024-03-06 17:37:48.562843
7fe84e68-ef5b-430e-894a-ba87cbfdbadc,f9f4538e-eb30-4f81-b3a4-8b200e9c162a,FTP (Traditional),2024-03-06 17:38:18.279105,2024-03-06 17:38:18.279105
2a23666e-ce37-4b77-818f-00dea2254b47,c6952c2c-f3cb-4826-a320-cb1a906d1b37,inverted,2023-10-28 03:36:18.150483,2023-10-28 03:36:18.150483
bd3b245c-ff2f-4372-bce6-9e830b53fb10,82e23fbc-e6c7-4d5b-a9e9-86384e7bee27,FTP (tDB Original) (1st debuted by the Maui Project on 4/8),2024-03-06 17:49:34.684169,2024-03-06 17:49:34.684169
7888cc7c-6dff-46a5-a91c-17a0bb66d765,e16f4362-8540-4b59-9d9f-162c90c2cb76,FTP (Pink Floyd),2024-03-06 17:55:57.892690,2024-03-06 17:55:57.892690
fba8a6a8-70f7-4b18-94c7-48eb034b2953,1d85ae5e-760e-4805-9d43-0f5bd45892bf,with ‘Hella Good’ (No Doubt) teases,2024-03-14 03:59:41.429615,2024-03-14 03:59:41.429615
ac0a52c9-f4d4-4399-91fb-a5985ab8e841,2e827ab7-db36-4d20-baa2-be0c60d56f00,with ‘Red Red Wine’ (UB40) samples,2024-03-15 00:53:33.931206,2024-03-15 00:53:33.931206
9b70bf07-d621-4c04-906f-385910df9d95,651ab4ce-66f3-4092-aea6-2cfb90d4be52,inverted,2024-01-04 15:55:04.986817,2024-01-04 15:55:04.986817
e2b822b6-4766-4cd0-93b6-08b058ded690,651ab4ce-66f3-4092-aea6-2cfb90d4be52,with ‘Bam Bam’ (Sister Nancy) samples,2024-01-04 15:55:04.998973,2024-01-04 15:55:04.998973
fe7e6a33-c53a-4d4a-8961-1f48b10b657a,01abe92f-547b-4fa5-94cb-bfbf122419e9,1st time inverted,2024-03-15 15:23:11.115721,2024-03-15 15:23:11.115721
e790f09c-2e6a-4dae-b715-c20941b31381,bc0dc99e-f03d-4426-b5e6-5018172235db,unfinished,2024-08-11 10:59:35.908339,2024-08-11 10:59:35.908339
da030dad-a46b-4633-8c98-ad87387f2c38,0e1750ab-e721-46ec-8b9c-1eeb787ba57a,"Magic Tape (contained elements of Fly Away (Crackazat), maBri (Lukas Lehmann)",2024-01-05 13:32:42.923765,2024-01-05 13:32:42.923765
df89e3a6-35da-4588-a07b-6f0a8c1e3d25,9d0aac1f-97e0-4026-8562-dde1c0d31c5b,"Magic Tape (contained elements of Fly Away (Crackazat), maBri (Lukas Lehmann)",2024-01-05 13:37:01.128154,2024-01-05 13:37:01.128154
ff6618bf-cf63-4944-8fab-3dc0871d0c9a,98e51980-8904-4462-9f0b-d0f379b0f55d,inverted,2024-03-16 04:00:13.187313,2024-03-16 04:00:13.187313
9db8b929-d630-4a9f-9b6f-c858aac60876,9201503b-ec68-47be-80d7-52800a59c91c,with alternate lyrics,2024-08-11 11:03:03.329159,2024-08-11 11:03:03.329159
8a310a83-dd1a-467e-8b45-44e9a6036921,447b3d29-8942-473e-b339-ab58be84a5de,completes 10/10 version,2024-08-11 11:03:43.086664,2024-08-11 11:03:43.086664
c8e15605-4a8b-4fca-acb3-2d7fee46e1f4,24301eec-7f66-43ab-af09-a315b0bf4a4e,FTP (Mozart),2024-01-18 18:24:28.786775,2024-01-18 18:24:28.786775
d7bf6410-581c-477b-99c6-471c45515af1,24301eec-7f66-43ab-af09-a315b0bf4a4e,With John Kim of the Ally on violin.,2024-01-18 18:24:28.798151,2024-01-18 18:24:28.798151
bd59e4ff-ba88-49de-81e4-f4189bcd1698,253fb407-db3b-44c0-ac9c-5c67395afe73,FTP (tDB Original),2024-01-18 18:25:12.916628,2024-01-18 18:25:12.916628
e2fb5883-eb50-4974-9bfa-9e9285e70f09,cfb7b693-453c-4f1e-a17e-7df6142cb99d,with ‘M1’ teases,2024-03-26 09:54:33.328249,2024-03-26 09:54:33.328249
337d8e69-e40f-4d35-bb77-eec80b59e6bc,79b1ef6f-da43-4509-a31e-a5f8ff688748,inverted,2024-03-29 01:47:08.840148,2024-03-29 01:47:08.840148
9ab7013c-deda-4768-a708-41a4df367665,890055f9-4cdb-4258-affd-fee8b619f2cc,with Matteo Scammell (vocals),2024-03-30 23:10:25.268960,2024-03-30 23:10:25.268960
4238604a-88a8-4347-9d80-e88e8eb04114,1b9af56a-b028-4b41-962c-c674b726e757,unfinished,2024-01-24 18:01:41.816396,2024-01-24 18:01:41.816396
e63b69ca-2dfb-496e-9316-f46f17d27054,9acd74d5-a47c-42e6-9187-ff236ecb1de5,with Matteo Scammell (vocals),2024-03-30 23:13:46.425722,2024-03-30 23:13:46.425722
4994462d-aa71-4403-ad07-01338a84dff9,d75243a7-15ee-4fbe-80d4-74787f9337f7,unfinished,2024-04-01 03:32:59.693268,2024-04-01 03:32:59.693268
d614c53a-7788-441a-b139-8eba2b17b381,f44b48e4-2043-42fd-8f6e-16655cc11e49,unfinished ,2024-01-29 19:02:40.038220,2024-01-29 19:02:40.038220
a8613cd2-5906-44a0-98a1-340a1f438448,423007ca-2418-4866-80dd-511d7b5c732a,inverted (end>beginning),2024-02-01 02:41:41.683006,2024-02-01 02:41:41.683006
960a2401-f011-4561-b237-fa67a614427a,f77fa3cd-90bd-41cf-8a8b-aa11f579e3e8,inverted (end>beg>mid),2024-02-01 19:51:44.078083,2024-02-01 19:51:44.078083
9ec9b9cb-fd86-46ec-bdc3-5f463f8b55f6,e8a72aa0-8027-4665-9e55-25fa703ba054,inverted (end>beg),2024-02-01 19:53:09.956319,2024-02-01 19:53:09.956319
26805e11-b4b5-4d6d-8bdc-41f4266eb149,a1802a98-e147-4575-9e63-2169d1ae2b50,with 'Funkytown' (Lipps Inc.) teases,2024-08-11 11:04:28.223730,2024-08-11 11:04:28.223730
efcd981c-b1e9-421c-81b3-58b1b319b5ea,179285b4-811c-4f6a-8c7d-6293350a3fd4,with ‘Spacebirdmatingcall’ teases,2024-08-11 11:11:15.258837,2024-08-11 11:11:15.258837
d4f13c0e-7247-4b70-91c4-638018c7aa7f,432a97e3-2a7d-4cf9-b0fb-be486db2a121,no reprise,2024-02-02 12:34:25.202001,2024-02-02 12:34:25.202001
f828c8d3-0653-4f21-8bc4-7ed0a812806d,d1e6665e-f852-483d-b2fd-87f675e5f8da,1st time inverted,2024-02-02 18:39:21.878323,2024-02-02 18:39:21.878323
1652ce14-907f-47ae-afea-831ed037bfc8,e2bf7e5f-f66d-491d-b0a3-3e78ced48348,with ‘Life During Wartime’ (Talking Heads) tease,2024-02-03 07:42:56.224802,2024-02-03 07:42:56.224802
544ce267-a1e7-4a66-b7b2-58a062400d35,4ec287ff-df86-4650-bd42-059da829095f,inverted,2024-02-04 06:06:55.855814,2024-02-04 06:06:55.855814
354db54e-ea54-4673-a28f-cf386b522501,751d5934-6bde-4f82-94b5-7b1507b4a6d8,inverted,2024-02-06 19:30:30.019270,2024-02-06 19:30:30.019270
ce48ee66-2fc0-455f-a0d0-5a73e28f6646,751d5934-6bde-4f82-94b5-7b1507b4a6d8,1st time inverted,2024-02-06 19:30:30.034641,2024-02-06 19:30:30.034641
16cedd61-b41d-4c6a-996f-766795bc7337,751d5934-6bde-4f82-94b5-7b1507b4a6d8,With 'Floes' tease.,2024-02-06 19:30:30.044997,2024-02-06 19:30:30.044997
1dd0c0cd-2fb4-40a6-be25-734b6c35d4a9,959b5fea-0e7d-479b-86e0-9a61ecb51e2e,ending only,2024-02-07 04:55:57.013198,2024-02-07 04:55:57.013198
050abb73-0a36-4fac-9b59-3360e381d55f,a4f5c3e0-f185-4e56-bd48-8d3534ebbf5d,ending only,2024-02-09 00:23:27.227979,2024-02-09 00:23:27.227979
db96cfcd-5f19-4069-876e-c428d9a15250,db2341e2-938a-4d4d-9bf4-8887c815f14c,preceded by 'NFL on FOX Theme Song' intro,2024-02-12 05:31:00.199086,2024-02-12 05:31:00.199086
ffcc99ea-a72b-4c07-afa1-36d985b155cb,0f72984a-2d6d-4d1e-b161-499c38d0adf6,with ‘I Remember When’ teases,2024-02-18 02:14:12.362491,2024-02-18 02:14:12.362491
5eb7e477-bc0d-41fb-a960-a1b19b002054,616542cb-3492-4e81-868b-6a16480b8314,with ‘Rio’ (Duran Duran) teases,2024-04-08 00:47:24.709910,2024-04-08 00:47:24.709910
76594dbc-a6b9-431c-b03b-32027879f64f,76f29454-c53e-4557-a84e-e948c4deeaf3,Techno version,2024-04-08 17:14:51.319627,2024-04-08 17:14:51.319627
4be3fe34-9784-4d09-9e22-cf00f0650365,76f29454-c53e-4557-a84e-e948c4deeaf3,with ‘Total Eclipse Of The Heart’ (Bonnie Tyler) samples,2024-04-08 17:14:51.338945,2024-04-08 17:14:51.338945
dd1634c5-e826-4f22-8889-1861b3d56a03,a0dbe720-2df0-42b7-8fb1-5e5d259d7347,with ‘Total Eclipse Of The Heart’ (Bonnie Tyler) samples,2024-04-08 17:17:21.325859,2024-04-08 17:17:21.325859
603c1175-0dfa-46ca-a0cd-27febaaf796b,5f262337-940f-4f12-8938-e27867bd7b76,Tractorbeam version,2024-04-08 20:13:41.991066,2024-04-08 20:13:41.991066
5a513c24-07a7-4ddf-b94e-3674bdbbd9cb,5f262337-940f-4f12-8938-e27867bd7b76,with ‘Hella Good’ (No Doubt) samples,2024-04-08 20:13:42.018711,2024-04-08 20:13:42.018711
2650c379-8197-493f-b8f4-af89981756d9,97400aee-4e20-4887-b941-fe14b4ef4ac5,with ‘Bombs’  teases,2024-04-10 10:40:19.368687,2024-04-10 10:40:19.368687
0793a451-2380-435c-8a3a-71c4df0c607d,1efdd335-1662-4544-b912-56128d9df86e,1st time inverted,2024-04-12 00:38:20.993224,2024-04-12 00:38:20.993224
d0134bed-4c6f-45e4-95bb-785b91e9e29c,cb747b70-7ddc-433b-8c19-b11ab1ee70cd,inverted,2024-04-12 03:16:20.125966,2024-04-12 03:16:20.125966
7dfc589d-f727-403e-85eb-c0a9e22e7d42,804f6852-f549-422f-86ee-b030c5f1835f,LTP 11/26/21 (157 shows),2024-04-12 05:08:27.102184,2024-04-12 05:08:27.102184
f40a707f-a5be-4d0b-9916-96a74c8d6bb0,3dcfaf35-948e-48b3-913e-19bbc9232f25,Techno version,2024-04-12 10:10:43.906211,2024-04-12 10:10:43.906211
659d1ad7-54d2-4773-80c9-475f6ad93c6d,63fbd440-b45c-46ac-8e3c-20fe87338206,"Due to technical difficulties, Marc on keys & Aron on vocals to finish the song",2024-04-12 10:12:19.459474,2024-04-12 10:12:19.459474
963a2832-b69d-418b-86c2-922c6a7095da,a239b917-57eb-415f-b525-686d6e7471ca,with ‘Maneater’ (Hall & Oates) samples,2024-04-12 10:12:47.794933,2024-04-12 10:12:47.794933
ee172f4d-9c9a-482e-af94-6b5b3c4b7f35,8c3926f4-e500-4d21-b5a3-d932e2bf34e2,with ‘Rockit’ (Herbie Hancock) teases ,2024-04-12 12:46:06.565336,2024-04-12 12:46:06.565336
5741da01-97cd-4f32-94d8-5e9e48725213,0bb48202-0544-4484-93c5-70a6087ea9cf,LTP 12/31/19 (211 shows); reworked,2024-04-12 14:17:33.602162,2024-04-12 14:17:33.602162
de9fb394-6e13-4bc2-8e2e-ccc5dd6e4b04,69ed0116-ee19-404d-9a31-c629326ffa8d,with banter over ‘Shem-Rah Boo’ intro ,2024-04-12 22:54:43.943111,2024-04-12 22:54:43.943111
311c2b46-962c-4896-9412-c4156f88de27,4fdaf772-66e6-48d8-ac64-a9015c92eb0b,with ‘Teardrop’ (Massive Attack) samples ,2024-04-13 01:31:11.850575,2024-04-13 01:31:11.850575
2f1bb627-fd98-40c5-b147-37aebfe54ebb,a182af89-df90-41dc-bc55-c195e7f5e59c,inverted ,2024-04-13 01:44:45.750856,2024-04-13 01:44:45.750856
2b79d37d-fe11-43a7-bf6f-e0b97e29008d,d686a1a0-1566-432e-ab85-50421cce9f6d,with ‘Funkytown’ (Lipps Inc.) teases,2024-04-13 04:16:08.611483,2024-04-13 04:16:08.611483
481db742-97a4-48ac-b8fb-60b3183ffd3a,3cfe82ef-fe52-40f0-90d0-5bb0cfd7fd3e,with ‘Hey Ya!’ (OutKast) samples ,2024-04-14 03:00:19.561874,2024-04-14 03:00:19.561874
13b7f4b7-e659-4382-ade4-09735b962bca,af4b2dbf-1472-4575-bd7b-e1078f732d7f,with ‘Rio’ (Duran Duran) samples,2024-04-14 03:10:39.807185,2024-04-14 03:10:39.807185
0e00bdfd-e4fc-425d-bd43-21107f3577e6,01a89959-060c-4361-84d9-8903e70e588c,with ‘Murder On The Dance Floor’ (Sophie Ellis-Bextor) samples,2024-04-15 01:10:24.589989,2024-04-15 01:10:24.589989
77f00219-4c4d-4dbd-88d2-d5dfd387ca9e,8b712248-9749-46b2-85da-0e9a07692c9b,completes 11/2 version,2024-08-11 11:29:54.478247,2024-08-11 11:29:54.478247
4bd0b847-55da-4e3f-b492-66608b504fa1,2215aad7-5642-4080-96c1-86c8f56c9179,with ‘Commercial Amen’ (Conspirator) teases,2024-09-14 20:39:05.126302,2024-09-14 20:39:05.126302
0aeb424d-079f-4135-aeae-42b2e0672c5d,7731e767-7136-4057-9229-5ac81e079adb,with '7-11' teases,2024-09-15 22:07:20.775083,2024-09-15 22:07:20.775083
5b3060a1-a829-41a0-9b0a-fc36936224b7,39f7b068-7004-4438-b71c-70da06399619,inverted; with ‘Take Me Home’ (Phil Collins) teases,2024-09-17 18:17:15.081546,2024-09-17 18:17:15.081546
0d94f2d2-eecf-46c6-bfe6-37bda7a2e7af,3dc0e0a6-f934-4477-a3a5-06f1d2ae0aa0,with ‘Shocked’ teases,2024-09-18 10:46:07.542527,2024-09-18 10:46:07.542527
387a76ec-d81b-402b-8a8f-28b16e3b5e2e,3afdad55-0f5c-42ab-9c59-bec3585827fa,ending only,2024-04-15 01:51:23.054369,2024-04-15 01:51:23.054369
af4b2593-7a38-43af-b027-884e453d2952,69412b90-5052-4d7a-925c-907073f03fa3,LTP  7/22/23 (56 shows),2024-04-15 02:24:43.042563,2024-04-15 02:24:43.042563
8afee68a-a729-4506-8718-158476057631,d6c30267-834d-4023-ba25-01099f570db4,with ‘VL Tone’ (The New Deal) teases,2024-04-15 19:10:52.093461,2024-04-15 19:10:52.093461
680194cb-f02d-4a89-a082-0df29616a58b,5f77d29d-adff-4852-a9ef-2d2213c9b5a8,with Aron on vocoder repeating ‘Suspended In The Air’ lyric,2024-04-17 17:50:19.387760,2024-04-17 17:50:19.387760
71e8334c-845f-47d3-9b09-32bcba79e866,8b93e3e1-6a6f-4387-ae12-9bce09befba8,with ‘Teardrop’ (Massive Attack) jam + samples ,2024-04-18 22:03:34.442090,2024-04-18 22:03:34.442090
6fa69537-9efb-4d74-a6e6-00e2f3ac90bc,9e5d85ac-95a0-451e-84d0-523100ae702a,reworked with different lyics,2024-04-21 23:41:00.950836,2024-04-21 23:41:00.950836
722831b7-1aa4-4f6c-bed0-569c3760a179,63eb5271-9291-4221-81ec-ea753c6feec1,with 'Peter Gunn' theme (Henry Mancini) teases,2024-08-11 11:05:57.232119,2024-08-11 11:05:57.232119
f97fda18-32b5-472d-b4ff-db4e39350f16,6764c794-5d01-4d5e-bc49-982a95a5df13,inverted,2024-08-11 11:07:13.999541,2024-08-11 11:07:13.999541
3b4ca0bf-f880-4c3d-b6cf-e395d27c7a64,5f81d936-b92e-43f8-a8e9-07a3a9978432,with ‘I Kissed A Girl’ (Katy Perry) teases,2024-04-26 08:06:42.807973,2024-04-26 08:06:42.807973
c4a5ef84-fff3-4c08-b149-708311956313,2772eb08-1cdc-4c3c-a55d-c47b7f5de06e,with ‘Fire Will Exchange’ teases,2024-04-26 08:12:32.818331,2024-04-26 08:12:32.818331
1bdd9524-6580-4fde-b302-de6f7f5c71d8,c68a8b28-d9ee-453f-bd32-5e8741f6ce0f,FTP (Michael Jackson),2024-04-26 16:26:53.783562,2024-04-26 16:26:53.783562
e739d0e6-b11f-41b9-9e65-9492d12dc226,580668f2-d7b6-4f56-b90f-8f69a36dfe3f,unfinished ,2024-04-28 07:36:13.174208,2024-04-28 07:36:13.174208
0238dbf5-16ef-413f-b0b6-8b2dbd619140,580668f2-d7b6-4f56-b90f-8f69a36dfe3f,with 'Rain' (The Beatles) tease,2024-04-28 07:36:13.184703,2024-04-28 07:36:13.184703
c5051c24-d51b-4af3-8ae0-299f90f94d22,234a10ff-92af-4080-a236-dab35e72b441,with ‘It Wasn’t Me’ (Shaggy) teases ,2024-04-28 07:55:21.095164,2024-04-28 07:55:21.095164
758b15a7-d6fc-44d8-9554-778ae0aa8f97,d207ef4e-50a7-44f9-b433-e174c736cc27,with ‘Bionic Helix’ tease,2024-04-28 08:36:01.437460,2024-04-28 08:36:01.437460
2c3019d5-d511-4835-9d1b-2dfcd5d6550f,d207ef4e-50a7-44f9-b433-e174c736cc27,dyslexic,2024-04-28 08:36:01.450479,2024-04-28 08:36:01.450479
59abca7a-bd1e-4d29-8188-4435a8d3a7db,ce059d60-0a69-48a1-bc25-2eb4e9004e41,with ‘Evolve’ Jam (FTP 7/10/21),2024-04-28 08:36:29.217292,2024-04-28 08:36:29.217292
97f0671e-348d-4a82-9f22-9d747705deac,5ebe06ab-121c-465e-beaf-d9308a0f0209,middle only,2024-04-28 08:37:06.492873,2024-04-28 08:37:06.492873
d1e9720c-1d39-4495-8609-fa5f0526d21c,5ebe06ab-121c-465e-beaf-d9308a0f0209,with ‘Anthem’ tease,2024-04-28 08:37:06.504873,2024-04-28 08:37:06.504873
add12f05-fbab-47e5-a7c7-7416f019107c,d518b221-da50-43af-9ad1-6dd99eeb9322,ending only,2024-04-28 08:39:58.663322,2024-04-28 08:39:58.663322
f9806934-2815-4795-9a2e-413bbdb7cc86,d75844f9-83c7-4486-b422-fe0f171aa77a,ending only,2024-04-28 08:41:19.275907,2024-04-28 08:41:19.275907
4654d4c0-1908-4e5c-8766-8b692fe2c39f,d75844f9-83c7-4486-b422-fe0f171aa77a,LTP 12/29/14 (200 shows),2024-04-28 08:41:19.286360,2024-04-28 08:41:19.286360
c7a8b75e-fc16-4526-bea3-241247587a4a,d75844f9-83c7-4486-b422-fe0f171aa77a,with ‘That’s All’ (Genesis) tease ,2024-04-28 08:41:19.294491,2024-04-28 08:41:19.294491
d172eb1f-1be1-4d81-98ae-cae92e7d9911,41b871a9-fad6-42e9-bac6-f048c5690acf,Todd Terje (contained elements of Strandbar / Delorean Dynamite),2024-04-28 08:42:18.635534,2024-04-28 08:42:18.635534
b9cacb01-9ce4-4f83-8ce3-fdbe55837b98,41b871a9-fad6-42e9-bac6-f048c5690acf,with 'Norwegian Wood' (The Beatles) tease,2024-04-28 08:42:18.649031,2024-04-28 08:42:18.649031
26ee8bb1-2980-4aed-ab32-bb53b3999344,6764c794-5d01-4d5e-bc49-982a95a5df13,dub version ,2024-08-11 11:07:14.010715,2024-08-11 11:07:14.010715
d1ad5f84-6416-4e22-8e2e-f4db422dcbd8,100e7a14-edf9-4a4e-92f1-b1fa6dd94fa9,unfinished,2024-04-28 08:47:01.656154,2024-04-28 08:47:01.656154
1856b9af-deab-4e76-8521-45c979cfcf13,3874ff4e-6adb-4a09-902b-55206a612bac,unfinished,2024-04-28 08:47:29.429863,2024-04-28 08:47:29.429863
6998dcd6-ea93-492f-9ab3-bb35bb701494,fafe6588-fe7a-4ceb-9115-71f617179388,unfinished,2024-04-28 08:47:49.343073,2024-04-28 08:47:49.343073
ddb3ed7e-efc5-4885-8ef3-e399c1ca4256,5be3e1cb-2893-43de-ba57-76717c1dd28f,unfinished ,2024-04-28 08:50:23.367662,2024-04-28 08:50:23.367662
f770b2fe-a4cb-4a98-92fe-bbbad81f4c0d,5be3e1cb-2893-43de-ba57-76717c1dd28f,with Tom Hamilton (Guitar),2024-04-28 08:50:23.376279,2024-04-28 08:50:23.376279
be22f863-5326-41ce-a466-81a91d23ad88,4fe85477-00ab-4fdc-8301-56b6906ab171,with Tom Hamilton (Guitar),2024-04-28 08:51:14.210147,2024-04-28 08:51:14.210147
045e2cd5-6adb-4bca-a141-fc105e737e88,72702581-55cb-477d-a1dd-55439809a088,unfinished,2024-04-28 08:55:33.737266,2024-04-28 08:55:33.737266
009b27ff-368f-4bf1-bcbe-4bd47392b37c,72702581-55cb-477d-a1dd-55439809a088,LTP 11/1/18 (102 shows),2024-04-28 08:55:33.747985,2024-04-28 08:55:33.747985
b6ab1812-a3ea-4732-b6ac-4e784972b41e,10ff037c-988b-43f5-bee6-5ce9e81399f8,with original ending,2024-04-28 08:59:21.719127,2024-04-28 08:59:21.719127
102a5707-291a-4dd6-a966-58fe72509216,3641e1c2-b7c0-4587-98df-ee1c16af6364,Precluded by ‘Liquid Handcuffs’ fakeout,2024-04-28 09:04:47.178278,2024-04-28 09:04:47.178278
3e707af6-5238-4330-80fb-8bce02c7356d,3641e1c2-b7c0-4587-98df-ee1c16af6364,Perfume version,2024-04-28 09:04:47.188834,2024-04-28 09:04:47.188834
b4788a66-ed7f-49ba-abf5-ca78339b02ca,56c7c9e6-9074-442e-9b62-e73c5e74698f,inverted,2024-04-28 09:08:13.186259,2024-04-28 09:08:13.186259
3a0d76e7-1b47-41cb-86c9-8079aadc532f,56c7c9e6-9074-442e-9b62-e73c5e74698f,with Spanish lyrics,2024-04-28 09:08:13.194900,2024-04-28 09:08:13.194900
882d7032-9353-4d8e-842e-8503e7c147b9,6349a239-872d-4f0d-8424-30f755e6b9a2,inverted,2024-04-28 09:11:42.520615,2024-04-28 09:11:42.520615
27f42566-4810-4b27-b157-ca4b16695c2d,6349a239-872d-4f0d-8424-30f755e6b9a2,with ‘I-Man’ teases,2024-04-28 09:11:42.534003,2024-04-28 09:11:42.534003
89090aaa-6cbd-4968-921d-3a262ce989ff,64014e3d-0002-4e6b-9202-df6e4d5b2a33,with 'Peter Gunn' theme (Henry Mancini) teases,2024-08-11 11:07:31.424774,2024-08-11 11:07:31.424774
c6b2e6c0-711d-4947-af2f-793b8921b412,516e7f30-122d-40d4-9457-ee12b613d6cb,with ‘Digital Buddha’ teases,2024-04-28 08:55:55.706142,2024-04-28 08:55:55.706142
ad7366b2-7a12-4682-8794-a6a46e82524e,db9765ad-183d-4a2e-9fc7-15a7d2152819,with ‘Fresh Prince Of Bel Air’ samples,2024-04-28 09:08:53.196009,2024-04-28 09:08:53.196009
28b7be30-0cc4-4ffd-ae93-6c14e83c3c66,b0c5cbfb-b02d-4ad5-a556-e9b168a6c033,with ‘Lunar Pursuit’ tease,2024-04-28 09:09:14.151012,2024-04-28 09:09:14.151012
508925dc-2b55-40df-8fa6-7ba7bb110531,4100d3f7-585d-4120-a2ea-c5fa336c0555,ending (without ‘Flight’ section) ,2024-04-28 09:21:16.417576,2024-04-28 09:21:16.417576
2c5de19e-4fbd-4ccc-b6d6-3dd418b4c47b,4100d3f7-585d-4120-a2ea-c5fa336c0555,continues 8/21 version,2024-04-28 09:21:16.435520,2024-04-28 09:21:16.435520
47feeca1-ca45-42b5-9d1c-10ee2218cd5e,8202f7f9-8cd5-43d2-a42b-86d89b0250e0,with ‘Eleanor Rigby’ (The Beatles) tease,2024-04-28 09:34:43.466910,2024-04-28 09:34:43.466910
d2beea4f-3e23-4846-ac97-778e7a5f46b2,0d828383-c243-412b-871d-aa2bba9d602b,with Tom Hamilton on guitar,2024-04-28 09:35:28.828329,2024-04-28 09:35:28.828329
3683937e-6d02-4c99-8ac0-69e0298652db,87878fed-3f3f-4234-b9e0-7e818b75a1fe,with Tom Hamilton on guitar,2024-04-28 09:35:37.420741,2024-04-28 09:35:37.420741
1f9d2bb2-8738-45a8-b170-8b3d87a75d24,91f032ef-ce66-4833-b351-d2cd67c28bf7,ending only,2024-04-28 09:41:53.025583,2024-04-28 09:41:53.025583
4d89bdab-5a49-4e4c-8763-4fb92e6cfa75,bf7a03cc-b886-4ea0-800f-ecd52ddea1a3,with ‘The Wormhole’ teases,2024-04-28 09:45:32.756087,2024-04-28 09:45:32.756087
92429a2b-10be-415a-9f7a-96653285317c,dd41a1e6-c292-4747-b100-a79c709fdfc7,unfinished,2024-04-28 09:46:26.737072,2024-04-28 09:46:26.737072
7df2cd2b-2024-4ce0-ba80-17fc34f0679d,09d133eb-c346-4081-88ff-74c75de34048,unfinished,2024-04-28 09:46:35.995059,2024-04-28 09:46:35.995059
8fe0aad9-4c25-41fb-91b7-291eaa319503,6d148ddf-7b3c-4ecf-84c9-53ed2b97ae45,unfinished,2024-04-28 09:47:10.530437,2024-04-28 09:47:10.530437
ce2dae72-ace6-4dcb-993e-d4617856c026,f7a05858-b8e6-409f-ba7d-6bd09f8c7943,with ‘Times Square’ teases,2024-04-28 09:48:13.102015,2024-04-28 09:48:13.102015
70b5102f-ee1d-4909-b68a-9ec833b23a77,f96a7915-46a6-4eb9-a11c-b6ea335b0938,unfinished,2024-04-28 09:49:06.557970,2024-04-28 09:49:06.557970
2633a557-b21b-4ebd-bb58-1b2f31e3c35b,3b56ab10-1b23-4ed9-9e3d-14e68682e7da,with ‘Don't You Forget About Me’ (Simple Minds) tease,2024-04-28 09:51:39.168422,2024-04-28 09:51:39.168422
4b42a53f-2628-4451-a6cc-031f475ff693,c2126860-3dc4-4ef7-9acd-66588b267f4c,with ‘Somebody Told Me’ (The Killers) jam ,2024-04-28 09:53:07.735292,2024-04-28 09:53:07.735292
21626a15-62b2-47c7-8b4b-4703b2f35aa2,19e04f37-a10d-4b8d-acec-661df0a571dd,LTP 2/2/2019 (128 shows),2024-04-28 09:54:35.477102,2024-04-28 09:54:35.477102
9ed6f2f3-6cd7-45d0-8c65-f2f728edc6f0,19e04f37-a10d-4b8d-acec-661df0a571dd,with ‘Franklin’s Tower’ (Grateful Dead) tease,2024-04-28 09:54:35.487457,2024-04-28 09:54:35.487457
3c37f24e-45ab-46b7-aec2-f62473d7c727,d6cc70b5-ee8f-451f-a43b-417518562494,with ‘All My Friends’ (LCD Soundsystem) and ‘Gloria’ (Laura Branigan) teases,2024-04-28 09:55:13.442277,2024-04-28 09:55:13.442277
4c2599ec-bee3-4c9c-bb39-d826be1de721,c565dc23-9625-4f4c-a746-0be2d039f49d,with ‘Shakedown Street’ (Grateful Dead) teases,2024-04-28 09:55:39.013285,2024-04-28 09:55:39.013285
9f1e5de5-5d28-40ec-8225-ea39b21a5ff9,db5518c8-abe6-4867-b3c8-c56ff9d7a4ce,1st time inverted ,2024-04-28 09:56:46.036664,2024-04-28 09:56:46.036664
da5f33fc-8145-4603-9b97-4cdf877a962e,db5518c8-abe6-4867-b3c8-c56ff9d7a4ce,with ‘I Can Change’ (LCD Soundsystem) tease,2024-04-28 09:56:46.046491,2024-04-28 09:56:46.046491
5f58ef35-e46b-4f56-9739-67a974d2f33e,90f5d6b8-263b-4067-8b1b-0722f9e0f7e1,LTP 11/16/19 (254 shows),2024-09-14 20:53:37.741053,2024-09-14 20:53:37.741053
c65118ab-9d95-4330-b7e3-47da835fd4f8,90f5d6b8-263b-4067-8b1b-0722f9e0f7e1,with ‘Leavemealone’ (Fred again.. & Baby Keem) teases,2024-09-14 20:53:37.763540,2024-09-14 20:53:37.763540
17ea351c-5f91-4697-ba2d-128fcbba3e96,90f5d6b8-263b-4067-8b1b-0722f9e0f7e1,Tractorbeam Remix,2024-09-14 20:53:37.787150,2024-09-14 20:53:37.787150
0ebe71cd-b803-41c8-b010-f724cb410462,03c9c7a0-e5a9-4b6f-9b19-9825c259308b,Tractorbeam Remix,2024-09-14 20:54:10.023780,2024-09-14 20:54:10.023780
b4c6ac27-7496-42e8-9bc3-16047f46d565,03c9c7a0-e5a9-4b6f-9b19-9825c259308b,LTP 3/21/10 (583 shows),2024-09-14 20:54:10.051445,2024-09-14 20:54:10.051445
b5b01c58-0f86-4ca1-ad59-887800fd2194,b92427b1-6fd9-4f2e-9509-5dd41901f784,with Robbie Gennett (Rudy) on keys ,2024-08-11 11:08:47.293912,2024-08-11 11:08:47.293912
9e5f8f22-4e30-4399-9a4b-682929501557,c5e6ce36-2025-4e6a-8602-38a838c5fd50,unfinished,2024-04-28 10:00:18.567957,2024-04-28 10:00:18.567957
2930ad50-8a27-4243-8e3a-989d75c6eba1,ba19156f-4e05-43c7-9eb4-a44f04d9d235,unfinished,2024-04-28 10:00:28.561486,2024-04-28 10:00:28.561486
d691410a-0a29-4004-9bfa-a5e6e194c798,902f2195-3af7-4019-b6e7-d2ed7b25fa1c,LTP 7/15/23 (85 shows),2024-09-15 02:55:00.383169,2024-09-15 02:55:00.383169
89c5c750-ef50-4441-9bdf-45b7aceae2fa,c1c6fa3e-29ac-4c14-9fe7-271721849a5d,LTP 7/16/21 (71 shows),2024-04-28 10:06:22.116918,2024-04-28 10:06:22.116918
2b4820a3-39ac-448a-b63a-9ffb4351cd17,c1c6fa3e-29ac-4c14-9fe7-271721849a5d,with ‘Tourists (Rocketship)’ tease,2024-04-28 10:06:22.127768,2024-04-28 10:06:22.127768
1e744282-17b1-47db-8c99-a40102fbd54f,1219114b-7dc7-458f-8af6-06b1da035fd0,with ‘History of the Disco Biscuits pt.2’ teases,2024-04-28 10:06:56.523275,2024-04-28 10:06:56.523275
5b03791f-abc8-429d-9578-1aceaadee1ef,f24cf63e-49f2-42cd-a7c9-dc3fe0865099,inverted,2024-09-15 04:17:31.421391,2024-09-15 04:17:31.421391
ea7bfd4d-7cd8-4e83-bcb0-30340cd82b5a,9ef699d9-cf59-4ac1-82a5-8e12930a8e8a,LTP 12/28/2018 (147 shows),2024-04-28 10:07:52.448484,2024-04-28 10:07:52.448484
b2a80360-9f54-4b5d-a891-6dfee7537828,9ef699d9-cf59-4ac1-82a5-8e12930a8e8a,with ‘Crickets’ teases,2024-04-28 10:07:52.460863,2024-04-28 10:07:52.460863
10562dbf-320d-483a-9ae5-5a8365083327,a3fd8df4-e6f1-4322-b5be-63d25b5c81f5,with ‘The Deal’ teases,2024-04-28 10:08:58.823081,2024-04-28 10:08:58.823081
85b7069d-ba36-4f4d-81a2-cceeaf7f8035,430bf299-b63e-49a5-bb60-a06ccfad8b97,With band then crowd singing Chris Calarco during the duh duh duh-duh part,2024-04-29 04:42:05.815570,2024-04-29 04:42:05.815570
38810f21-7ee7-4b6e-94de-aabf37a72337,36f1ff8e-c1dc-4de8-b9a7-84a2f008b191,Dyslexic completion of 11/7 version.,2024-05-04 20:59:36.279277,2024-05-04 20:59:36.279277
bbac6f5b-5e6d-4111-a84b-b20d2ae960a9,49fbd77d-aec2-414c-a006-a6dac4afaef5,with ‘Munchkin Invasion’ teases,2024-05-14 16:06:46.983309,2024-05-14 16:06:46.983309
edda5867-875f-42ac-877b-709f759b7db9,dc39a4e4-f303-4e65-a9d9-2889fac143a3,with ‘Svenghali’ tease,2024-05-16 12:47:08.144176,2024-05-16 12:47:08.144176
805eca46-8e61-4fce-b7ae-5e2993956e45,20b4bc70-405b-4ad3-944c-013050a3f950,unfinished,2024-05-20 17:48:19.104407,2024-05-20 17:48:19.104407
9b585058-241d-4957-8b65-661f5de8d6dc,20b4bc70-405b-4ad3-944c-013050a3f950,with ‘Tricycle’ peak jam,2024-05-20 17:48:19.193923,2024-05-20 17:48:19.193923
19789ba3-c4d2-47c3-ad38-d61fb92120c8,f8b2842d-b98d-4d56-873d-089f052e62f4,ending,2024-05-24 14:27:37.286055,2024-05-24 14:27:37.286055
70961235-bf8c-47b9-addc-f38b812add60,1258f546-cb74-4c71-bc25-0a359251ac39,middle,2024-05-24 14:27:48.675218,2024-05-24 14:27:48.675218
80fd4a4f-6037-48d5-80ee-ef4adeefc86f,7f6e36f4-98af-41ca-bc30-0c83ff49cacb,with 'Save The Robots' fakeout,2024-05-25 17:38:50.424583,2024-05-25 17:38:50.424583
61c513cf-7a1b-4ae6-99ce-7f83eaa903c3,7f6e36f4-98af-41ca-bc30-0c83ff49cacb,ending only,2024-05-25 17:38:50.545060,2024-05-25 17:38:50.545060
a05bd406-9850-43a1-baf0-c6f9fc9784ff,0c92adeb-7bfa-4812-b80f-48b7c51ed9f9,with ‘Grass Is Green’ tease,2024-05-25 17:39:47.374548,2024-05-25 17:39:47.374548
296f8111-39f5-4279-9379-19b7be023706,b526b1a9-e818-4722-a02a-b0fbd488f6eb,with NYE countdown,2024-05-25 17:43:55.565007,2024-05-25 17:43:55.565007
095f6d34-7ac0-4bad-9b66-97697968b568,ef5be157-d690-40f3-8d63-6beea52e835f,with 'Get Lucky' (Daft Punk) teases,2024-05-25 17:44:45.944318,2024-05-25 17:44:45.944318
1d835b54-e361-47f9-af7f-2c599773b06f,ef5be157-d690-40f3-8d63-6beea52e835f,unfinished,2024-05-25 17:44:45.958439,2024-05-25 17:44:45.958439
b8384858-4437-4026-ace4-bb9e035464c1,4909f417-64c4-4641-afc7-d56560b86a78,with 'Stir It Up' (Bob Marley) jam,2024-05-25 17:44:54.161318,2024-05-25 17:44:54.161318
fa51ccf0-fd76-48a5-beb9-5be8452207c5,382b6f26-7e92-45b8-a5b5-c6ceeb1805c7,with Dominic Lalli (Big Gigantic) on saxophone,2024-05-25 17:45:21.243508,2024-05-25 17:45:21.243508
5ba627c6-a401-46a3-8940-6001b2502acd,07220ceb-1d45-47cc-a691-63dcc805536d,with ‘Get Lucky’ (Daft Punk) teases,2024-05-25 17:45:49.067929,2024-05-25 17:45:49.067929
fa04ce31-af5d-415a-af23-b632827d527e,315d7868-d74c-4db5-ae92-c316b76ab2bc,dub version,2024-05-25 17:46:15.916095,2024-05-25 17:46:15.916095
ab638904-f85f-4d12-be17-1215cfd90f3a,315d7868-d74c-4db5-ae92-c316b76ab2bc,with ‘Tom Sawyer’ (Rush) tease,2024-05-25 17:46:15.925607,2024-05-25 17:46:15.925607
15ae1893-0c51-43e9-91c1-84926b6fbe31,fca6e204-40ec-457e-b1bc-de9efc81e09d,FTP (Prince),2024-05-25 17:49:28.334772,2024-05-25 17:49:28.334772
555686eb-686f-469d-a07a-8ed42b556feb,fca6e204-40ec-457e-b1bc-de9efc81e09d,with Ben Franklin intro,2024-05-25 17:49:28.347451,2024-05-25 17:49:28.347451
51c90d42-112b-4cc0-bc77-e0fd4c488c9f,13e45886-dbbc-4f19-af5f-1e60fe21ad20,with Bill Kreutzmann (drums) and Mickey Hart (percussion),2024-05-25 17:52:15.766487,2024-05-25 17:52:15.766487
2986ea8d-29ba-4753-8836-811f13299664,13e45886-dbbc-4f19-af5f-1e60fe21ad20,with a choir ,2024-05-25 17:52:15.776696,2024-05-25 17:52:15.776696
aab9065a-ea47-4aef-b9c0-3bfbe443d600,bced5896-8333-4ba5-8b7b-a966198c512b,FTP (Walter Murphy),2024-05-25 17:53:39.248967,2024-05-25 17:53:39.248967
cdcfcace-4c75-477b-b4f6-c0cc4648bb2c,bced5896-8333-4ba5-8b7b-a966198c512b,with New Years Countdown ,2024-05-25 17:53:39.259775,2024-05-25 17:53:39.259775
e36ff305-0958-4693-b4e9-cbe753da29eb,bced5896-8333-4ba5-8b7b-a966198c512b,dyslexic,2024-05-25 17:53:39.268023,2024-05-25 17:53:39.268023
151cd175-c6e0-4f3c-ad78-c46e2f7905c1,f933520f-06e2-4885-b0d8-2fa4484f055d,with Greg Sherrod on vocals ,2024-05-25 17:50:53.151325,2024-05-25 17:50:53.151325
ed88a265-3dff-43be-837f-9dea5eaf2a55,240c62c9-fe17-46f4-ab06-6abe8b17ba1e,with Bill Kreutzmann (drums) and Mickey Hart (percussion),2024-05-25 17:51:01.124807,2024-05-25 17:51:01.124807
375cf9f6-0e66-40c3-a99e-61837aaee133,e4bb429c-c597-4da7-906d-3a48da348e0c,with Bill Kreutzmann (drums) and Mickey Hart (percussion),2024-05-25 17:51:11.094107,2024-05-25 17:51:11.094107
af5d3707-64e5-4d9c-ba67-4ed99f178a1d,f8b431a2-f0bf-43f8-8779-af4d58165eb7,with Bill Kreutzmann (drums) and Mickey Hart (percussion),2024-05-25 17:51:25.682495,2024-05-25 17:51:25.682495
28df1714-a362-400f-b791-8e24ce0d1ac8,ecd43cbb-e96c-495e-9f73-bdf06844fde9,inverted; with '25 or 6 to 4' (Chicago) samples,2024-09-16 13:28:19.525022,2024-09-16 13:28:19.525022
e7edce7b-ce64-4d2e-821a-2b22482396fb,dd3fee50-51de-4f9b-b380-8e5b2e241062,with Bill Kreutzmann (drums) and Mickey Hart (percussion),2024-05-25 17:51:40.188874,2024-05-25 17:51:40.188874
5428112b-4000-4516-855c-9c6104feab43,f2e21d80-6871-4929-bc7f-43435c0feddf,perfume version ,2024-05-25 17:54:12.852891,2024-05-25 17:54:12.852891
f21add2a-0f29-44ca-9839-2761ad5e8f44,f2e21d80-6871-4929-bc7f-43435c0feddf,with ‘Aquatic Ape’ fakeout ,2024-05-25 17:54:12.861991,2024-05-25 17:54:12.861991
404de5a0-627b-4303-a7b1-c6994667af2d,1928aa0a-2485-41fd-a3bb-b25a776a806c, with ‘Sinister Minister’ (Bela Fleck and the Flecktones) tease,2024-05-25 17:54:42.714293,2024-05-25 17:54:42.714293
5e10e276-2cb6-4b9b-b0b3-aa88724bfabd,79cefc11-9657-4e0d-89f8-cc40b8266591,with ‘Never Trust A Woman’ (Brent Mydland) vocals,2024-05-25 17:57:15.239219,2024-05-25 17:57:15.239219
4d728673-f0e6-4edf-b37c-9718711a6494,ff4533c5-19c2-4e38-acf8-b1c9e87b23ce,with Bill Kreutzmann (drums) and Mickey Hart (percussion),2024-05-25 17:51:47.516336,2024-05-25 17:51:47.516336
3e642000-5ed7-4e96-86ee-07ee9bd2cee7,9f428823-aa66-43ec-849f-2d78510622f6,with Bill Kreutzmann (drums) and Mickey Hart (percussion),2024-05-25 17:51:53.766896,2024-05-25 17:51:53.766896
3e6c6953-86a5-41e1-b786-2b3e779decc9,8a2fbef2-6974-419d-966f-7dee68711832,with Bill Kreutzmann (drums) and Mickey Hart (percussion),2024-05-25 17:52:01.664203,2024-05-25 17:52:01.664203
cf177649-954a-4fd4-bc00-f61f81c5e00e,8003f1a4-c6e0-4257-80a4-854d0065f79c,inverted; with ‘25 or 6 to 4’ (Chicago) samples ,2024-09-16 13:32:55.380502,2024-09-16 13:32:55.380502
14c356ea-7581-4746-8341-037d510b6e20,7f50c7d1-f7ad-42a9-a923-96165d912735,with 'Batman Theme' (Neal Hefti) jam,2024-05-25 20:42:34.069316,2024-05-25 20:42:34.069316
30a9d181-9660-4893-8366-936fafb5b077,acc8a2e6-8a0d-4d32-9793-25078eb3665d,with Sam Altman on drums,2024-05-26 17:59:29.039992,2024-05-26 17:59:29.039992
43d3513b-5beb-4c0f-a093-221f97afc2fd,351e71a7-7a29-4b5a-8cc4-4dababad65df,inverted,2024-05-26 17:59:58.638085,2024-05-26 17:59:58.638085
dcac1bb4-67fe-4307-93e9-f9e8f3f96755,351e71a7-7a29-4b5a-8cc4-4dababad65df,with ‘Astronaut’ + ‘Radiator’ teases,2024-05-26 17:59:58.733369,2024-05-26 17:59:58.733369
901f7f28-b315-41c7-a645-554ef1566373,1051c131-af0e-40d2-ad1b-b6f967018bd6,with Sam Altman on drums ,2024-05-27 19:52:45.343078,2024-05-27 19:52:45.343078
81bf3c75-b8d2-4daf-b4ec-34343a82ca73,4ddeb63d-830a-4dfc-a030-c47a8d368712,with ‘Catalyst’ teases,2024-05-27 19:53:03.290618,2024-05-27 19:53:03.290618
176aed38-4737-4b2f-84be-53a5b8a28783,4ddeb63d-830a-4dfc-a030-c47a8d368712,with Sam Altman on drums ,2024-05-27 19:53:03.301255,2024-05-27 19:53:03.301255
0ae6b95a-396b-41d9-8371-a60fc3c9d163,5e5c87f1-7c5b-4ca3-83ea-87f673d93c56,with ‘Tribulations’ tease,2024-05-27 19:54:11.621186,2024-05-27 19:54:11.621186
9400401b-a004-45b7-ab7e-84906732a4df,91d8add0-0539-4426-bedb-b1f95d68cc3a,with ‘Munchkin Invasion’ teases,2024-09-17 18:52:02.195922,2024-09-17 18:52:02.195922
c9a1a4dc-6218-4e66-87c6-7f7ef10ffa3e,e1272658-7fe5-4de4-b329-a8a92e11ab99,LTP 12/30/23 (51 shows),2024-09-18 12:28:37.432929,2024-09-18 12:28:37.432929
514303c6-cf7d-400a-a725-e18b86f6445d,e1272658-7fe5-4de4-b329-a8a92e11ab99,with ‘Crickets’ fake out,2024-09-18 12:28:37.481428,2024-09-18 12:28:37.481428
33bdf2a3-0ed2-4240-9339-675640f1c7cc,75ad03de-9c01-4cb6-8895-f15b103299a7,Techno version ,2024-09-18 17:33:49.216523,2024-09-18 17:33:49.216523
b5f5ed65-95a3-4fcd-a4cf-1d5ac46ac239,75ad03de-9c01-4cb6-8895-f15b103299a7,with ‘Penny Lane’ (The Beatles) teases,2024-09-18 17:33:49.237394,2024-09-18 17:33:49.237394
1a0035a3-c096-438a-a440-8ee5e56eb8e7,36aff15c-2f70-4ac2-8947-7586c241b1df,with ‘Run Like Hell’ (Pink Floyd) intro teases,2024-09-18 17:37:07.698663,2024-09-18 17:37:07.698663
ddc6df20-8a75-47f6-b9c5-e490f36db329,1f01b79b-12fa-4d24-8fbd-3a37d52aa36e,1st time inverted,2024-09-20 15:15:06.380138,2024-09-20 15:15:06.380138
ad65d99e-1515-4999-a2a6-87a00f3c3598,468a42df-3632-4cf9-b4fd-1f24a079eab7,with ‘Gamma Goblins’ (Hallucinogen) jam,2024-09-21 01:50:54.664484,2024-09-21 01:50:54.664484
ba009b0c-13f2-4c36-acf8-0a6448fd5130,49dd41e1-80ab-4947-a558-37578b3ddcab,(mid>beg>mid),2024-09-24 17:46:29.333625,2024-09-24 17:46:29.333625
59dfb8e9-211e-4d7c-8e8f-87980334c06b,49dd41e1-80ab-4947-a558-37578b3ddcab,with ‘Dino Baby’ teases ,2024-09-24 17:46:29.378015,2024-09-24 17:46:29.378015
d8c75e2f-36dd-4fdd-ac5d-8e99b6195012,f07e2f5c-92e5-46d5-a429-87b989861276,with ‘Risky Business’ Jam (FTP 9/7/24),2024-09-25 18:26:09.267027,2024-09-25 18:26:09.267027
e6e58241-b97f-45aa-9684-9e38291532a3,4a4a3d7e-26ad-4ee9-86e5-3525a8d30d2e,with ‘Ring The Doorbell Twice’ teases,2024-09-25 22:59:16.525774,2024-09-25 22:59:16.525774
d5849968-afd0-4492-9b38-b9d81981c695,973bcdb3-c228-435b-954e-6806770c6e7e,with ‘To Be Continued’ teases,2024-09-25 23:01:10.476538,2024-09-25 23:01:10.476538
6a89b525-60db-4f5b-aa79-4406ecebee8f,0482a56a-235f-4279-a345-970bd63af543,unfinished,2024-08-11 11:12:28.380098,2024-08-11 11:12:28.380098
349b3659-008a-457a-a1c5-a6bbc74eb64d,01812573-34cc-408d-b006-4feb98ac8d66,unfinished ,2024-05-27 23:20:22.282523,2024-05-27 23:20:22.282523
39b8e971-a8d9-4dfd-9e02-e604d1040657,a7a38f35-71d6-40f3-9f13-6808bbcebdc6,Techno version,2024-05-27 23:20:35.284527,2024-05-27 23:20:35.284527
d9a4f7fd-52e3-4a37-a0d4-e4ea300837f9,6c7b8b0d-50f8-4cdb-8094-4ccedacf0a7a,with 'Fanfare for the Common Man' (Aaron Copland) teases,2024-05-28 16:46:01.321057,2024-05-28 16:46:01.321057
ac3dcca0-9e65-4a8e-901d-f5cc8040d051,9497dbc2-a94d-48fe-9cef-3993aaf1e227,with Brendan Bayliss (Umphrey's McGee) on vocals,2024-05-31 04:53:24.837951,2024-05-31 04:53:24.837951
c1717e6b-11c3-47da-9e69-688d54df9e06,4299fd6b-1b70-4fcc-bba4-f93ab7e9eace,with ‘Dance of the Sugarplum Fairies’ (Tchaikovsky) teases,2024-05-31 04:53:34.760611,2024-05-31 04:53:34.760611
07fc33a7-e39e-4105-a379-39fedb482e7e,b4727587-c915-4a0a-b44e-d0971a0a7976,with Swift Technique horns,2024-05-31 04:54:00.162904,2024-05-31 04:54:00.162904
55335893-af8b-4607-96f0-b1b1ef22c2dc,2c2c2c34-d495-49e9-80ee-8ecf23ef9992,with Swift Technique horns,2024-05-31 04:54:16.811663,2024-05-31 04:54:16.811663
c1bd7e49-46b4-45d1-afda-9a43c730cfff,fbeabb3c-42df-4a88-9afc-6e419b8b4608,with Swift Technique horns,2024-05-31 04:54:25.343447,2024-05-31 04:54:25.343447
a1eec6b3-9520-420c-90e4-943951192fd3,fbeabb3c-42df-4a88-9afc-6e419b8b4608,FTP (David Bowie),2024-05-31 04:54:25.352547,2024-05-31 04:54:25.352547
d9916c8f-deab-41ea-81bd-916bb8a0ea58,adff1c03-e4fd-48f6-aa06-f3f30a805bf4,intro only,2024-05-31 04:55:55.986098,2024-05-31 04:55:55.986098
128e07a7-7448-46c3-9910-d93e4e4b36ac,adff1c03-e4fd-48f6-aa06-f3f30a805bf4,with ‘Bohemian Rhapsody’ (Queen) teases,2024-05-31 04:55:55.996933,2024-05-31 04:55:55.996933
8632a161-6b5f-4404-a92b-f2abe96016d4,771e9e4f-c75a-458f-a9f7-3610698c0036,with Tom Hamilton on guitar,2024-05-31 04:56:55.716674,2024-05-31 04:56:55.716674
0822ca6a-c30c-4d3a-b47e-f3ea78305a14,323ac0ef-d737-4cdd-bf6f-e06daa2f94de,with Tom Hamilton on guitar,2024-05-31 04:57:16.932685,2024-05-31 04:57:16.932685
ed858b02-e849-4ed3-93df-b5e97e093f4e,323ac0ef-d737-4cdd-bf6f-e06daa2f94de,with ‘Astronaut’ teases,2024-05-31 04:57:16.941952,2024-05-31 04:57:16.941952
28717a29-2f35-4499-b744-035e33e1de8d,db44debd-3319-4358-8bee-5cd74716895d,with Tom Hamilton on guitar,2024-05-31 04:57:26.239968,2024-05-31 04:57:26.239968
65a686f9-dd15-4270-9eef-f14d30b32185,db44debd-3319-4358-8bee-5cd74716895d,inverted,2024-05-31 04:57:26.250421,2024-05-31 04:57:26.250421
bd3463ec-bf07-4e74-b064-dfce410dab2f,8fdd7268-e7e1-4339-af0d-d76fb6035ef3,with Tom Hamilton on guitar,2024-05-31 04:57:37.363580,2024-05-31 04:57:37.363580
a5b4a376-dd6b-4a9a-8ef3-11a09bc1deaf,df364dd3-d32d-49df-9512-b5f06a680462,with Matisyahu jam/freestyle,2024-05-31 04:58:18.799200,2024-05-31 04:58:18.799200
77edde8f-5a46-4176-9fcd-1c82ae7cf604,df364dd3-d32d-49df-9512-b5f06a680462,unfinished,2024-05-31 04:58:18.819842,2024-05-31 04:58:18.819842
efa869d0-031b-4477-a6f3-4694eb9ea64e,96703115-f347-480c-939a-75caa7d5bc74,inverted,2024-05-31 04:59:37.677699,2024-05-31 04:59:37.677699
de67ec29-b16b-491b-9bb8-0ba654f909da,97b88e8e-d7b1-469f-b9fc-78ca28fa9e0b,with ‘Dark Star’ (Grateful Dead) jam,2024-05-31 05:00:24.165652,2024-05-31 05:00:24.165652
2838c18e-23ba-48bd-bd76-d6118095fdbc,d80ba23d-89e1-4099-a868-2fa657fd2700,with ‘Solstice’ (Hallucinogen) jam ,2024-05-31 05:00:37.268617,2024-05-31 05:00:37.268617
9dcaea38-0355-46eb-8f7a-d7011ed5413e,d80ba23d-89e1-4099-a868-2fa657fd2700,unfinished,2024-05-31 05:00:37.278666,2024-05-31 05:00:37.278666
d4435aa1-f7b9-4699-883b-8dcf7c992e1e,ef97f5b8-5d30-4d7e-8ce7-e153e102598b,with ‘Sweet Dreams’ (Eurythmics) jam,2024-05-31 05:01:16.996012,2024-05-31 05:01:16.996012
2e89de79-187b-422c-a2b5-4e68e210277f,e2364047-0051-424e-bba1-2ce724a95e68,with ‘Peter Gunn Theme’ (Mancini) teases,2024-05-31 05:02:04.730867,2024-05-31 05:02:04.730867
28ca21ff-4a4d-42b8-bc6f-f3c26df44bde,1a51ff8d-e769-4780-beba-9adf68b840f9,with alternate lyrics,2024-05-31 05:02:46.212201,2024-05-31 05:02:46.212201
92fb0b4f-c0e5-40a6-a8e4-c094a7692899,1a51ff8d-e769-4780-beba-9adf68b840f9,FTP (Ginuwine),2024-05-31 05:02:46.225279,2024-05-31 05:02:46.225279
c646599f-0174-4d7a-8bda-1cb616a00145,a399593a-a846-4f3b-b74b-ffebb66d9182,unfinished,2024-06-07 18:50:32.109175,2024-06-07 18:50:32.109175
f4ef38f4-9e63-418f-b13c-790dcbc541f7,a399593a-a846-4f3b-b74b-ffebb66d9182,with ‘Part-Time Lover’ (Stevie Wonder) jam,2024-06-07 18:50:32.587513,2024-06-07 18:50:32.587513
48f329d2-b872-4cfb-b6d7-bae18c6c3f4c,8687fcda-4b30-4e56-8e88-cf86e9f78802,with ‘Run Like Hell’ fakeout ,2024-06-07 18:51:02.841929,2024-06-07 18:51:02.841929
a2a620ab-fa74-4864-ad78-0f4d25ca30d3,c2e5b04c-554d-487c-9d03-ca9bd52ecc97,No flight section,2024-06-07 18:51:22.109769,2024-06-07 18:51:22.109769
d41d9a4f-35d3-42f4-bd29-c62372fe9370,c2e5b04c-554d-487c-9d03-ca9bd52ecc97,with NYE countdown,2024-06-07 18:51:22.153121,2024-06-07 18:51:22.153121
5c5dc409-3cc3-4901-9651-1d5443adb22b,8180da0f-d128-426e-b81b-cc5ee6b9c3ff,with ‘Final Countdown’ (Europe) intro,2024-06-07 18:51:38.146481,2024-06-07 18:51:38.146481
5ed3a791-1628-4a49-a360-d7d38d1e8c96,12ef6d8f-306d-48c6-a476-9b7b3d019846,with Tom Hamilton on guitar ,2024-06-07 18:52:24.279712,2024-06-07 18:52:24.279712
285db593-b335-4b33-b56f-ebf4bf7cd3c1,3d69bdab-0e33-4e7d-8fd1-06e5623f3547,FTP (Grateful Dead),2024-06-07 18:52:33.382672,2024-06-07 18:52:33.382672
965ddb2b-bb2d-4e8e-b569-12cf7d45f4bf,3d69bdab-0e33-4e7d-8fd1-06e5623f3547,with Tom Hamilton on guitar ,2024-06-07 18:52:33.409246,2024-06-07 18:52:33.409246
c5ed38d7-5ded-446f-ac50-3dcfadac2858,9ecdf0b2-40f0-4967-880f-1a79006a03d6,FTP (Grateful Dead),2024-06-07 18:52:51.525822,2024-06-07 18:52:51.525822
b27670fb-8c72-4778-b386-8d1b22a1bf0e,9ecdf0b2-40f0-4967-880f-1a79006a03d6,with Tom Hamilton on guitar ,2024-06-07 18:52:51.536126,2024-06-07 18:52:51.536126
f606b24e-3d63-49fd-a83d-d40642a632e1,ffb937f8-272b-4994-b919-9b97a961ea35,FTP (Grateful Dead),2024-06-07 18:54:24.348179,2024-06-07 18:54:24.348179
b2c576f9-1a18-489a-9b06-233eed768d23,ffb937f8-272b-4994-b919-9b97a961ea35,with Tom Hamilton (Guitar) and Bill Kreutzman (Drums) ,2024-06-07 18:54:24.358511,2024-06-07 18:54:24.358511
92b06078-55d8-48ce-a424-50348d07a57e,8914be33-4ee1-4ba5-bc1b-8f39f632c7d7,with Tom Hamilton (Guitar) and Bill Kreutzman (Drums) ,2024-06-07 18:54:40.748884,2024-06-07 18:54:40.748884
1dd810d2-3ecf-436a-999a-e43c0b2a2a39,2ce69ffb-2cd3-45b2-9f1e-7f280969e59f,with Tom Hamilton (Guitar) and Bill Kreutzman (Drums) ,2024-06-07 18:54:48.750771,2024-06-07 18:54:48.750771
1ff698df-ba1f-4978-a1c3-2a3acad996dd,66ce9d01-30d2-42e7-82b2-e738c087d56f,with Tom Hamilton on guitar and vocals ,2024-06-07 18:55:21.269632,2024-06-07 18:55:21.269632
3fe4c31f-a48d-4f55-ae46-64efe068411e,a9c0b7a4-d3c5-4e01-990c-4d79de226079,with Tom Hamilton on guitar and vocals ,2024-06-07 18:55:28.712758,2024-06-07 18:55:28.712758
a0f445b4-9edf-4c30-81ee-8b3a876656bc,d4e5890f-9f55-4f50-b570-e5c84c0e7d24,inverted,2024-06-07 18:55:36.943323,2024-06-07 18:55:36.943323
ae85dd2a-226a-4d3d-a941-dd7346ed97b8,d4e5890f-9f55-4f50-b570-e5c84c0e7d24,with Tom Hamilton on guitar and vocals ,2024-06-07 18:55:36.958343,2024-06-07 18:55:36.958343
407d7d06-b655-4197-b9f2-a47af6095e29,59798426-ad12-421b-a431-d7c9bf382117,with Philly Stray Horns,2024-06-07 18:56:46.228174,2024-06-07 18:56:46.228174
89834953-86f1-447e-a8de-331bec484e49,520120b0-187c-402b-bf06-0ad4cf0e73f1,FTP (Kool & The Gang),2024-06-07 18:57:39.272186,2024-06-07 18:57:39.272186
7ba96918-7252-4844-a981-aa8f5faf5296,520120b0-187c-402b-bf06-0ad4cf0e73f1,with Alita Moses (vocals) ,2024-06-07 18:57:39.291543,2024-06-07 18:57:39.291543
fb9748a0-7432-4617-a419-f5ac0576b48c,520120b0-187c-402b-bf06-0ad4cf0e73f1,with Philly Stray Horns,2024-06-07 18:57:39.312995,2024-06-07 18:57:39.312995
77f58f4b-f92d-446a-af94-214272c20c7e,daae512a-75ec-4bff-b91c-d757b0a4d10a,FTP (Lipps Inc.),2024-06-07 18:58:39.428181,2024-06-07 18:58:39.428181
1a4d1eb7-29cf-4728-b008-89c6df48c54f,daae512a-75ec-4bff-b91c-d757b0a4d10a,with Alita Moses (vocals) ,2024-06-07 18:58:39.437766,2024-06-07 18:58:39.437766
2c6de677-948d-48c3-aa01-7d39eb3b6ca6,daae512a-75ec-4bff-b91c-d757b0a4d10a,with Philly Stray Horns,2024-06-07 18:58:39.466959,2024-06-07 18:58:39.466959
9ba6c9b4-10d7-4810-b304-7084006752ab,ddbdea9a-cb05-4d3c-8989-85e3937d8d59,FTP (Bee Gees),2024-06-07 18:59:21.419910,2024-06-07 18:59:21.419910
6d4e5784-6383-48a6-8133-e3285ae0495d,ddbdea9a-cb05-4d3c-8989-85e3937d8d59,with Alita Moses (vocals) ,2024-06-07 18:59:21.434238,2024-06-07 18:59:21.434238
2d29136c-d26f-4d3a-87a2-ee5950cac7f8,ddbdea9a-cb05-4d3c-8989-85e3937d8d59,with Philly Stray Horns,2024-06-07 18:59:21.442668,2024-06-07 18:59:21.442668
a0420418-425b-42f7-a781-73b36564f95f,29f76c38-c17a-4c7e-85e3-0f5420fd0852,FTP (Patrick Hernandez),2024-06-07 19:00:09.398191,2024-06-07 19:00:09.398191
93113e85-7353-4de3-9ee9-1d8f3efd4f05,29f76c38-c17a-4c7e-85e3-0f5420fd0852,with Alita Moses (vocals) ,2024-06-07 19:00:09.408881,2024-06-07 19:00:09.408881
44040a03-ac17-4ba2-a027-fc5cbf46ac40,29f76c38-c17a-4c7e-85e3-0f5420fd0852,with Philly Stray Horns,2024-06-07 19:00:09.416482,2024-06-07 19:00:09.416482
0cd30b70-f71a-48e7-9f91-a4cf4b4a4553,ca392d16-d62a-47a8-8180-8df4ed3f2370,FTP (Rick James),2024-06-07 19:00:45.228254,2024-06-07 19:00:45.228254
0b1cdc50-71d7-4196-8e6d-8c3d2cee0655,ca392d16-d62a-47a8-8180-8df4ed3f2370,with Alita Moses (vocals) ,2024-06-07 19:00:45.237663,2024-06-07 19:00:45.237663
8c361695-98ba-4970-a75e-d5722fa7d9c6,ca392d16-d62a-47a8-8180-8df4ed3f2370,with Philly Stray Horns,2024-06-07 19:00:45.244286,2024-06-07 19:00:45.244286
1ef19c7d-d596-4fba-938e-56afdccce893,93cfa1b1-5560-4d6e-b76c-9a03507cf1ad,with Philly Stray Horns,2024-06-07 19:00:54.730130,2024-06-07 19:00:54.730130
b0d789d4-3de8-4ce3-8fe5-9fb71f8b0de6,3a0946fb-6a2c-49d7-b1f1-d8d1dd57f372,with ‘Solstice’ (Hallucinogen) tease,2024-06-07 19:02:53.948270,2024-06-07 19:02:53.948270
c7711e3c-802b-47a9-8798-186c18f27d24,2ad80394-9c79-45e6-acd3-450ce318e130,LTP 7/03/08 (365 shows),2024-06-07 19:03:06.883281,2024-06-07 19:03:06.883281
9e3e9602-9bdf-4c36-b70c-725438cc2d14,2ad80394-9c79-45e6-acd3-450ce318e130,with NYE countdown,2024-06-07 19:03:06.894260,2024-06-07 19:03:06.894260
016c7c28-673a-4f3b-a6a8-38e0775e67e3,960e6315-ae9a-47e5-9fd2-86bb4b394c6a,inverted,2024-09-15 06:05:39.962733,2024-09-15 06:05:39.962733
1b11573d-37b8-4733-b59f-bdf50173a330,960e6315-ae9a-47e5-9fd2-86bb4b394c6a,with ‘Heart Shaped Box’ (Nirvana) teases,2024-09-15 06:05:40.024300,2024-09-15 06:05:40.024300
4a7c1a5c-5bf7-4087-8c6a-47db8e00ba28,2848e4c1-2ab4-4869-b533-f0ab80b02873,with ‘Tourists (Rocketship)’ teases,2024-09-18 17:42:17.326750,2024-09-18 17:42:17.326750
d3affcfc-6079-42ed-b23d-e441b4b9bd69,cf5e9218-2407-448a-b898-ca94bb857c57,with 'Purple Hat' (Sofi Tukker) samples,2024-09-20 15:16:43.941041,2024-09-20 15:16:43.941041
4c87eb8c-4326-4a65-b671-2209a9dfe75e,c30b6369-27c4-48ce-b869-7562d0920542,with Philly Stray Horns,2024-06-07 19:03:34.629443,2024-06-07 19:03:34.629443
3e8e5e09-3756-4f82-a2ba-0bed564ca67a,3efa7aa9-49ce-453f-b130-b169e3213963,with Philly Stray Horns,2024-06-07 19:03:44.502992,2024-06-07 19:03:44.502992
13eeed48-37fd-4a1c-aef4-99e9bc3c7673,f8c684da-7270-40e4-b5ad-8d13c375e312,inverted,2024-06-07 19:04:06.008787,2024-06-07 19:04:06.008787
3aac6ec3-a41d-43dc-8a6b-93eeae4737e7,f8c684da-7270-40e4-b5ad-8d13c375e312,with Philly Stray Horns,2024-06-07 19:04:06.047358,2024-06-07 19:04:06.047358
ebe48c81-5b7c-44f1-b18b-6cec730e5454,d62d113a-b1c0-496a-9c01-6d2b64db4bd2,with Philly Stray Horns,2024-06-07 19:04:15.914928,2024-06-07 19:04:15.914928
14e025a3-926a-414e-9b8c-4f3dfb0bed27,eae12e2d-dbdd-4ed2-805d-6eff3fca3fcc,with Philly Stray Horns,2024-06-07 19:04:23.170939,2024-06-07 19:04:23.170939
977a42e5-247e-4cf4-a687-574d388bf725,f587f50c-13bf-4db9-b233-f190241045fb,FTP (Sam & Dave),2024-06-07 19:04:39.269624,2024-06-07 19:04:39.269624
ef87836a-6280-4b5b-824e-4d6d8c73b883,f587f50c-13bf-4db9-b233-f190241045fb,with Blue Brothers impersonators,2024-06-07 19:04:39.280107,2024-06-07 19:04:39.280107
aaa853fc-1958-43a3-b178-a14c8090b73d,f587f50c-13bf-4db9-b233-f190241045fb,with Philly Stray Horns,2024-06-07 19:04:39.297318,2024-06-07 19:04:39.297318
2be93d50-115c-44e7-b1b6-898394e4de4c,d51eeb45-1a95-42b5-9ad4-296a0a30558f,FTP (Solomon Burke),2024-06-07 19:05:23.022256,2024-06-07 19:05:23.022256
4d9995a6-97a0-40ae-924a-9dde4fbbe5da,d51eeb45-1a95-42b5-9ad4-296a0a30558f,with Blue Brothers impersonators,2024-06-07 19:05:23.032088,2024-06-07 19:05:23.032088
fa5b6a4e-164e-4354-ae99-628ffdeef869,d51eeb45-1a95-42b5-9ad4-296a0a30558f,with Philly Stray Horns,2024-06-07 19:05:23.055899,2024-06-07 19:05:23.055899
d02d8dcd-fa4a-4d4b-882d-26880efd3a24,42cbe01c-3253-4a63-9456-29c60c03b570,with ‘Shem Rah Boo’ + ‘Voices Insane’ teases,2024-06-07 19:06:15.084325,2024-06-07 19:06:15.084325
5eb0e72b-ee59-4e39-aa12-09531359e028,59dc3ea1-929f-4be5-97e3-6841b69a5727,with 'Check the Rhime' (A Tribe Called Quest) samples,2024-06-07 19:06:27.875740,2024-06-07 19:06:27.875740
a1a6c901-9f46-41a6-ace1-022e5ff0b145,885407c5-16c2-4d6a-9435-866160bbab77,with Hungry Marching Band,2024-06-07 19:07:32.239006,2024-06-07 19:07:32.239006
59fd3eee-98d1-47f1-a6cc-60f569cd815e,792cc116-1d6b-43b4-8141-ffbf4db6aac0,inverted,2024-06-07 19:07:54.059240,2024-06-07 19:07:54.059240
b594d264-4fad-42bc-a101-5ba1357ff84c,792cc116-1d6b-43b4-8141-ffbf4db6aac0,with ‘Tempest’ jam,2024-06-07 19:07:54.075308,2024-06-07 19:07:54.075308
046f7e59-3b9b-4914-a762-c6f8aafd6ea5,3a85076c-a594-463c-9bd1-5ff960dc79c3,completes 10/29 version,2024-08-11 11:25:23.741156,2024-08-11 11:25:23.741156
fe5f5eee-71c0-4894-a1ba-b26464bf021b,2bb3c8bb-9919-410e-baaf-c05a1a6e3367,with 'Rock Lobster' (the B-52s) tease,2024-08-11 11:25:37.563185,2024-08-11 11:25:37.563185
70f7f625-45d5-498f-9077-494c3433e28a,1befef03-9479-4344-b26b-4f770c7cae56,with 'Hot Air Balloon' lyrics,2024-08-11 11:34:08.026725,2024-08-11 11:34:08.026725
13b781f3-c0cb-4390-8bcf-d2df311804a8,062f69ef-884f-4fc9-b1a3-3530d704c95d,with DJ Paul Norman on turntables,2024-08-11 11:51:18.488434,2024-08-11 11:51:18.488434
85a5d7cd-cfcb-4862-9583-24b6b089ccb4,c62f14f1-e38f-44c8-acec-af76f83eda01,with ‘Tempest’ + ‘Great Abyss’ fake outs,2024-06-07 19:09:31.511977,2024-06-07 19:09:31.511977
5f91a14a-2194-4ba9-b18d-ed364e4ba6db,3401ab42-f294-4fc7-a456-1204891bc9ba,with ‘Odd Couple Theme’ (Neal Hefti) tease,2024-06-07 19:11:08.438835,2024-06-07 19:11:08.438835
b0f3547e-8785-4f13-89db-c34eb3d035ba,daa22a91-136f-4554-a339-3b21734d3943,with DJ Paul Norman on turntables,2024-08-11 11:52:41.412569,2024-08-11 11:52:41.412569
a8f61a58-c253-4b09-9faf-19cb866e7e8e,58fe0225-a087-45f2-a649-4a41fe00982d,completes 7/5 version,2024-06-07 19:14:40.574861,2024-06-07 19:14:40.574861
680d1fc4-6edd-4ffc-a89f-43164c882919,58fe0225-a087-45f2-a649-4a41fe00982d,with ‘Little Betty Boop’ fakeout,2024-06-07 19:14:40.584826,2024-06-07 19:14:40.584826
2401b4b9-8a0e-4c9a-9cf9-1233931c7a9a,dd34d403-f5f2-4a26-91a8-1b3c741b7e1d,with ‘King of The World’ teases,2024-06-07 19:15:33.430760,2024-06-07 19:15:33.430760
a6858a51-e021-4a73-ad4e-92e20d46872f,dd34d403-f5f2-4a26-91a8-1b3c741b7e1d,unfinished,2024-06-07 19:15:33.443265,2024-06-07 19:15:33.443265
8cf5dbc6-637d-4472-ae24-41c51674eb72,12e0f0c8-37a2-4871-a1db-ba73a6c45c08,with ‘Vassillios’ fakeout,2024-06-07 19:16:01.908225,2024-06-07 19:16:01.908225
97ed42ee-8e3b-49ed-9faf-b33eade9d64b,b153e9e3-d6b2-4547-ab0a-7b67996fe79a,with ‘Triumph’ teases,2024-06-07 19:16:13.349500,2024-06-07 19:16:13.349500
2a5c98b0-92c2-4079-b1bb-24796ef5b435,6c984887-1b03-452b-af85-9e352f0ae09f,with 'The Great Gig In The Sky' (Pink Floyd) intro,2024-06-07 19:16:33.223254,2024-06-07 19:16:33.223254
a5904887-d3e6-4b41-8f21-26589c6e2a6c,0ba6152c-1f7b-48ed-94fa-127756388164,with ‘Orch Theme’ teases,2024-06-07 19:17:02.071017,2024-06-07 19:17:02.071017
828bdc75-1374-4d6d-bcba-16f9d8aee4de,b5071c7e-a629-4a5f-8bdc-cb8c7e1cee7e,with DJ Paul Norman on turntables,2024-08-11 11:54:33.725901,2024-08-11 11:54:33.725901
9decfe8f-48dc-4b64-8a16-ebb4fa3ffdb2,b2a65c2d-5a40-4c00-948c-de8d538586cd,with ‘And The Ladies Were The Rest Of The Night’ fakeout,2024-06-07 19:19:34.193675,2024-06-07 19:19:34.193675
ba4f3042-4e9d-4f28-80de-d124399f2dfe,d98e9e09-0dbc-4a5c-82c7-3d4c3720c60e,with ‘Pay The Snucka’ (Umphrey's McGee) vocal tease,2024-06-07 19:19:51.664059,2024-06-07 19:19:51.664059
053d50e5-809e-4b3e-9735-e5e65f6804a3,5865591c-f9fc-41b3-aa3b-276ab423361d,with ‘Pygmy Twylyte’ (Frank Zappa) fakeout,2024-06-07 19:20:49.117319,2024-06-07 19:20:49.117319
30e5a648-6425-4f07-814b-d124016fdef5,483bb6ee-983b-406f-af44-56e1f0ebeda1,inverted,2024-06-07 21:13:27.035355,2024-06-07 21:13:27.035355
75c13a19-0800-4b45-b8fe-4b34fdaf9260,483bb6ee-983b-406f-af44-56e1f0ebeda1,with ‘Aceetobee’ teases,2024-06-07 21:13:27.051994,2024-06-07 21:13:27.051994
f8e613e1-35fa-4759-a6d4-5fa97ad4239b,06ae0d7e-6a47-4442-b594-e033db0912e4,unfinished,2024-06-08 18:47:19.393353,2024-06-08 18:47:19.393353
76e2674a-a2bb-41e3-be44-f57c620f7c6b,993b1075-40e5-48e6-99f2-14dbb5f76cd4,unfinished,2024-06-08 18:47:25.425314,2024-06-08 18:47:25.425314
e29c560b-0e93-49b5-94cc-44a2d3838e9c,b8937769-2652-41f1-aa93-d35e7b7b170c,unfinished,2024-06-08 18:47:47.964885,2024-06-08 18:47:47.964885
e6a54b97-2f9c-436f-a3d0-28c7a204eac6,b8937769-2652-41f1-aa93-d35e7b7b170c,with ‘Tricycle’ jam,2024-06-08 18:47:47.997302,2024-06-08 18:47:47.997302
b5581ea4-0234-42a9-b108-42700ead8590,c944cf09-4ca0-4526-83d9-9f49f302bed2,with ‘Sanford and Son Theme’ (Quincy Jones) tease,2024-06-08 19:26:57.969197,2024-06-08 19:26:57.969197
7c006c24-c8e6-4300-b7fe-2287232d0ae2,8ce1558a-ec88-4df3-92f6-bd3f807022c9,ending only,2024-06-08 19:27:08.737573,2024-06-08 19:27:08.737573
0c104a92-c0dd-4cad-abca-55ea1e76a22f,db18ba06-f7a5-467d-bd43-f01f98d7e3ea,unfinished,2024-06-08 19:27:20.081471,2024-06-08 19:27:20.081471
890000df-f848-425a-aff5-1739373f166b,d2bf822f-1c09-41cb-aa95-8e07862bcaf1,beginning only,2024-06-08 19:27:34.205023,2024-06-08 19:27:34.205023
687b2269-81f8-4332-8cfe-56b2d86138eb,77f082a3-dacd-418b-afd8-36b11d441c1a,unfinished,2024-06-08 19:27:42.188241,2024-06-08 19:27:42.188241
82649812-62a0-447d-b2f5-1f63fb9f2123,4797d6ec-245a-4a19-94b5-14e144c0f801,unfinished,2024-06-08 19:28:06.818976,2024-06-08 19:28:06.818976
e69029af-0924-48cf-8bf1-4c9be11e50e2,ed2875c7-f5de-4644-a556-90ae3c2eba1e,ending only,2024-06-08 19:28:21.188080,2024-06-08 19:28:21.188080
1f771d93-9c16-40dc-9e38-637c91186d70,307526ec-3b22-400b-babc-500b70136e1e,unfinished,2024-06-08 19:29:14.555891,2024-06-08 19:29:14.555891
f8fbb607-9a98-4764-a415-007764ebe830,1ded2d88-38cc-4549-9671-95fb9e656524,unfinished,2024-06-08 19:29:20.507131,2024-06-08 19:29:20.507131
3d3c7659-eb3a-4513-8358-f3f5cecf1484,b3967276-fa9b-4335-8452-e4a9095b5e73,FTP (The Join),2024-06-08 19:29:34.898003,2024-06-08 19:29:34.898003
196f02cb-56f3-4910-b172-3a3a286a24d1,68937b8e-56b3-48cd-93df-9a488e4995ff,with 'Crazy Train' (Ozzy Osbourne) tease/jam,2024-06-08 19:30:20.586245,2024-06-08 19:30:20.586245
fe3b44a9-a01e-47d8-bf16-f726f74b1ca7,3107c7c7-dd45-4fb4-b917-cc622d091bcb,inverted,2024-06-08 19:30:34.097993,2024-06-08 19:30:34.097993
44b63805-faba-4892-87aa-00a650fe65dd,07407562-bd41-4ac1-ab9c-2346ab55fa68,inverted,2024-06-08 19:30:44.824665,2024-06-08 19:30:44.824665
73c2122d-ce3a-4652-910d-dce949913c97,e3dd05ab-3c8d-4679-90fc-2af30b51879e,completes 4/17 version,2024-06-08 19:30:53.224002,2024-06-08 19:30:53.224002
4c25d2f9-db47-461f-bca8-e990e154872d,2c35cfc9-b24a-4808-8cba-5d312642fa48,middle only,2024-06-08 19:31:01.547961,2024-06-08 19:31:01.547961
0a2c411b-298c-4fe9-aa11-72d2389e0ca3,1f9f0291-6233-4254-a4a0-7d8f7357fc67,ending only,2024-06-08 19:31:10.716738,2024-06-08 19:31:10.716738
a73420ca-4092-4de8-ae05-a0c84a88f87d,bd9aa8f5-0321-4372-8a7d-6d4282a90886,with ‘Sound One’ tease,2024-06-08 19:31:55.703972,2024-06-08 19:31:55.703972
3c8df729-a230-4061-bd72-b30e1d6695d5,bd9aa8f5-0321-4372-8a7d-6d4282a90886,unfinished,2024-06-08 19:31:55.715684,2024-06-08 19:31:55.715684
d375dad8-2926-4810-8557-bd346f8e8cfc,5d646942-7501-4fc1-adf8-0f484ead095f,unfinished,2024-06-08 19:32:02.143311,2024-06-08 19:32:02.143311
5ff04636-4dc6-4082-9419-42dc4a02f62d,c487812a-3509-439c-bcb7-28aa0ead510a,unfinished,2024-06-08 19:32:11.048313,2024-06-08 19:32:11.048313
ad9a7703-883b-4057-87c8-79f58b508fa7,118a187c-12d2-49e6-92fd-88340097b87e,with 'Wizards in Winter' (Trans-Siberian Orchestra) tease,2024-06-08 19:33:27.346743,2024-06-08 19:33:27.346743
13eaafa5-724c-4d30-a1d1-2c6810010997,f321ee65-cc16-4918-83af-aab5d2a69ebc,ending only,2024-06-08 19:33:35.865741,2024-06-08 19:33:35.865741
f4de82f9-db85-4aa6-b787-d66326fa117d,f5f60ddc-621c-4a84-963c-235ecd54a197,with 'Killing In The Name Of' (Rage Against The Machine) teases,2024-06-08 19:35:09.101637,2024-06-08 19:35:09.101637
14e6cfdf-71f3-4839-afd9-fad05544bf8b,f5f60ddc-621c-4a84-963c-235ecd54a197,with 'Solstice' (Hallucinogen) tease,2024-06-08 19:35:09.124231,2024-06-08 19:35:09.124231
e0d68245-ba3c-4e42-8116-90d898237027,e594b612-11e1-4ec6-826e-68e08f74bebf,with ‘On Time’ jam,2024-06-08 19:36:57.173550,2024-06-08 19:36:57.173550
7ec64ade-736d-4418-af45-9b9098efa028,d88f07ba-65e4-4a10-8d89-cb07e5080455,with ‘Hot Air Balloon’ teases,2024-06-08 19:37:21.852416,2024-06-08 19:37:21.852416
6ad28af0-4b36-4593-b5b0-cca0fd18e61c,9934e286-bc3d-485c-802e-123107d20ec0,inverted (middle section),2024-06-08 19:40:45.544067,2024-06-08 19:40:45.544067
572d5f4a-1799-44b9-bb68-8f207cc2d0de,9934e286-bc3d-485c-802e-123107d20ec0,with ‘Little Shimmy In A Conga Line’ tease,2024-06-08 19:40:45.557334,2024-06-08 19:40:45.557334
a2345158-1dd5-41a7-9b59-f9e9e757453d,1a79e94c-7461-4b9d-96f8-a18fc37264cf,inverted (end>beginning),2024-06-08 19:40:59.234547,2024-06-08 19:40:59.234547
f9d8c759-ea7d-423d-bb20-d21d7c32a974,8f61094e-f481-48a5-8eaa-683717f67f75,with ‘Immigrant Song’ (Led Zeppelin) jam,2024-06-08 19:42:30.674827,2024-06-08 19:42:30.674827
bf0ce895-54d3-4609-a99e-b4747e5ea43e,54c6fcaf-3665-46b6-9701-81cb99d969e0,preceded by ‘Voices Insane’ Intro +  ‘Shadow’ + ‘Naeba’ teases,2024-06-08 19:42:53.634396,2024-06-08 19:42:53.634396
3accdebd-8a4a-459b-b989-de0813730732,6be721e9-c7f4-49c9-94ac-a461d07284ad,with ‘Little Shimmy in Conga Line’ tease,2024-06-08 19:43:06.256038,2024-06-08 19:43:06.256038
3e451e30-87e2-4ea7-83c6-e53e43a9dc8e,d582a064-e872-488a-8726-87292ba14103,inverted,2024-09-18 19:08:26.106966,2024-09-18 19:08:26.106966
f33db13d-f05e-43bf-901f-e4487162f0a8,4b62058b-231f-4022-8c9a-eac174413272,unfinished,2024-06-08 19:43:15.376041,2024-06-08 19:43:15.376041
e189095b-8bcd-4b3d-8d3b-221c1fd56de0,4b62058b-231f-4022-8c9a-eac174413272,with ‘Rocket Science’ jam,2024-06-08 19:43:15.385719,2024-06-08 19:43:15.385719
7e39d82d-ebd8-4c83-96e7-664eccc07c8e,1291d5b0-d4f7-4f75-b464-d7856d933f95,with ‘I Feel Love’ (Donna Summer) teases ,2024-06-08 19:43:47.846934,2024-06-08 19:43:47.846934
04eb6672-e4c2-4fa8-bed8-38110ad8bc0c,c357c68f-fa45-464f-9680-be856be99270,unfinished,2024-06-08 19:44:33.483349,2024-06-08 19:44:33.483349
75e24b2c-337f-4880-abad-fa5daa46c44c,c357c68f-fa45-464f-9680-be856be99270,with ‘Feeling Twisted’ teases,2024-06-08 19:44:33.493927,2024-06-08 19:44:33.493927
e2c34042-4d07-4670-998a-cb6c70f558e4,44b0af68-fe7a-4ace-9453-ef1478624123,with Brendan Bayliss (Umphrey's McGee) on guitar and vocals,2024-06-08 19:45:34.005183,2024-06-08 19:45:34.005183
69a5624b-4f65-4084-b857-675d3eb4eccb,7d4f9354-7ecf-47d9-ab40-84ebcde6fb53,with Holly Bowling (as Leora) on piano,2024-06-08 19:45:53.006298,2024-06-08 19:45:53.006298
034e4691-1e7e-41c3-9852-216d32662ad7,860613bf-56db-4f40-b19f-e4ee67233541,with NYE countdown,2024-06-08 19:46:02.130955,2024-06-08 19:46:02.130955
76378ef5-cba2-4f2b-be3d-c01cf81b62a0,f573d3c1-a6f9-47ba-9967-e272db5403b3,with ‘Bad Touch’ teases (Bloodhound Gang),2024-06-08 19:47:13.582097,2024-06-08 19:47:13.582097
e0953c9b-c19d-4a3d-9991-2a414fd21dcc,10bb7767-f6dd-4f22-84aa-b1f6110ad84d,dub version,2024-06-08 19:36:24.599787,2024-06-08 19:36:24.599787
4eecd90a-4097-445c-8136-82c527b6966e,10bb7767-f6dd-4f22-84aa-b1f6110ad84d,unfinished,2024-06-08 19:36:24.609341,2024-06-08 19:36:24.609341
3229d8f0-795c-4a6f-94d2-8079f713a383,f68a619e-4fc7-404c-96d0-70f5014bbe4d,with ‘Basis For A Day’ ending fake out,2024-06-08 19:37:55.776590,2024-06-08 19:37:55.776590
e670569d-3709-4541-9854-b394da595962,7f1242f8-628c-4f84-bbef-576a94172a49,unfinished,2024-06-08 19:38:25.227461,2024-06-08 19:38:25.227461
9ba1731c-aea1-4ac5-9446-ffa9950d8b9f,7f1242f8-628c-4f84-bbef-576a94172a49,with ‘Nughuffer’ ending tease,2024-06-08 19:38:25.239504,2024-06-08 19:38:25.239504
249f4cd9-3a28-41e6-95f7-04dbe8b5d378,0c5792f0-c6f3-47da-abe0-786bd26f98f3,with ‘And The Ladies Were The Rest of The Night’ ending fakeout,2024-06-08 19:39:01.927969,2024-06-08 19:39:01.927969
21c6b3aa-9f58-4310-9715-32340cfbb9d7,1d0f45a0-baac-40f2-bf40-97482d97a913,unfinished,2024-06-08 19:39:45.444668,2024-06-08 19:39:45.444668
567b8b04-c6f4-4621-9540-51122416f8bc,1d0f45a0-baac-40f2-bf40-97482d97a913,with ‘All I Want’ (Younger Brother) chorus teases,2024-06-08 19:39:45.457465,2024-06-08 19:39:45.457465
5fbd9936-1a27-45b2-8c63-24658516a4ad,1d0f45a0-baac-40f2-bf40-97482d97a913,Magner on vocoder,2024-06-08 19:39:45.472109,2024-06-08 19:39:45.472109
49530f09-9337-4af3-9aeb-6f90d4a68a5b,df4d5d85-8ffc-4154-809e-668043f5a25e,with ‘Do You Feel Like We Do’ teases (Peter Frampton),2024-06-08 19:47:41.691010,2024-06-08 19:47:41.691010
35871653-9395-47ef-8f86-699a074cd6b6,891cd906-a7bb-4596-9232-7689a42b9e81,with ‘I Feel Love’ (Donna Summer) tease,2024-06-08 19:48:43.111672,2024-06-08 19:48:43.111672
dd992394-c954-4863-95af-3f350d4bdf6c,33825eb6-b343-4125-9833-07592f678bd5,with 'Astronaut' (ending) fake-out,2024-06-08 19:50:05.369797,2024-06-08 19:50:05.369797
0c9b4f2d-2f54-4841-b055-ea2129d8c7af,a3a84695-7163-4d73-ba3f-81653e26de4c,with ‘Exodus’ (Bob Marley) jam,2024-06-08 19:50:36.754409,2024-06-08 19:50:36.754409
d95b3d17-6ae6-488a-a683-62c0162b0afe,29cb0c2f-3ee5-4863-9b5e-914091621929,with Allen and Sam Altman on drums ,2024-06-08 19:51:04.409533,2024-06-08 19:51:04.409533
6b2f7d01-9bc2-4b99-b78d-608e401b409d,e6b97efc-c6dc-42b8-9ac4-56251101d49e,with Allen and Sam Altman on drums ,2024-06-08 19:51:13.303199,2024-06-08 19:51:13.303199
75888f2a-6d40-4353-a8b6-0fec698799b0,1c6bd3e6-9a92-44ca-a7d6-4de834aebe26,with Allen and Sam Altman on drums ,2024-06-08 19:51:21.901486,2024-06-08 19:51:21.901486
9d0f48f7-917d-4d2a-ad23-dbc2ac796614,82251707-2699-4651-99fd-37e2af0fe83e,with Allen and Sam Altman on drums ,2024-06-08 19:51:39.098904,2024-06-08 19:51:39.098904
21bba1ce-e155-4769-a1ea-ae3edb5301c3,f1c05086-d79e-419e-93f4-833e0761e389,with Allen and Sam Altman on drums ,2024-06-08 19:51:47.711483,2024-06-08 19:51:47.711483
d1d6c7e6-1af6-42d8-811c-0f6c9722c260,dc730460-22d9-4edc-899f-70c0797eafd3,with 'Floes' teases,2024-08-11 11:27:21.842678,2024-08-11 11:27:21.842678
0a70668a-e682-4ff0-bd52-f1941c3573d7,a9d1b856-54a3-41a5-b1c6-8a8b78a545fb,with NYE countdown,2024-06-08 19:53:38.799707,2024-06-08 19:53:38.799707
5d1bccb0-5929-413c-805f-4516db7feaf9,6559c4f9-7379-4014-b745-88bc8ea0df14,dyslexic,2024-06-08 19:54:32.565428,2024-06-08 19:54:32.565428
a044f96f-20e2-405a-8fd8-b414ab7e49de,6559c4f9-7379-4014-b745-88bc8ea0df14,with ‘The Moon’ (Ducktales) teases,2024-06-08 19:54:32.574521,2024-06-08 19:54:32.574521
04a1b79b-948d-460f-a3df-27af66b473bb,f029e58b-f9ef-4e34-a72d-6ff3ab2ca4cb,with ‘Right Now’ (Valen Halen) intro,2024-06-08 19:54:56.685695,2024-06-08 19:54:56.685695
f5986051-80ad-447f-9ed9-da179de5e804,4331e1d3-637b-479f-b69b-af6791ff02b5,with 'Exodus' (Bob Marley) tease,2024-06-08 19:55:20.618495,2024-06-08 19:55:20.618495
bd97e233-78d0-416b-9e3e-8628c54ff8f0,e818a552-0545-474c-88c2-eab44b74012b,with ‘Catalyst’ + ‘The Great Abyss’ teases,2024-06-08 19:55:36.660026,2024-06-08 19:55:36.660026
7d81b490-7d65-44bf-b3d1-c44f03247dd5,3948739b-7f71-4636-bd44-7b6273042a5e,with ‘VL Tone’ (The New Deal) tease,2024-06-08 19:56:19.311125,2024-06-08 19:56:19.311125
b4cb8031-16e5-4621-8740-d1512a9c0546,3948739b-7f71-4636-bd44-7b6273042a5e,unfinished,2024-06-08 19:56:19.322778,2024-06-08 19:56:19.322778
1931532c-1b3c-43b2-9a4d-39da6329a118,a973d9f2-2352-424a-9911-feb390c4fc76,with ‘Golden Eye’ (N64 Theme) tease,2024-06-08 19:56:35.719225,2024-06-08 19:56:35.719225
1b99830b-d63d-4593-8c45-61488307c659,eb30f0d9-5bb3-4803-b68f-7796eb3c7ca4,with ‘It Wasn't Me’ (Shaggy) tease,2024-06-08 19:57:17.913962,2024-06-08 19:57:17.913962
d5439146-3887-4b5f-a696-16d809dc41e3,eb30f0d9-5bb3-4803-b68f-7796eb3c7ca4,unfinished,2024-06-08 19:57:17.926448,2024-06-08 19:57:17.926448
2f6da216-3168-46f5-bbe6-5934fa82819d,3eb0e633-3a1e-4215-98bf-33138b749c7a,completes 10/31 version,2024-08-11 11:27:29.852450,2024-08-11 11:27:29.852450
f8313b97-e6ef-486b-b13a-918f9078a0b8,1c809658-121a-483f-a08c-971ba7ee65ee,with ‘I Feel Love’ (Donna Summer) teases,2024-06-08 19:58:11.386694,2024-06-08 19:58:11.386694
cd4b1eda-c822-4845-bdf8-e46f33b0a843,4a3da7f0-0a2d-4c9c-9ce0-9e8ada2971d6,inverted,2024-06-08 19:58:37.492373,2024-06-08 19:58:37.492373
b38a0afb-cf8c-4594-8de8-cfe9cab51d3a,1fe3561d-50bf-47f1-a7bf-03fe929e22c5,dyslexic completion of 10/23/20,2024-06-08 19:58:44.685381,2024-06-08 19:58:44.685381
d36dbb43-1d10-49db-964f-2c6ffe77bc71,9115e52d-f646-47d9-bc36-76d063121a4f,middle/ending only ,2024-06-08 19:58:57.214660,2024-06-08 19:58:57.214660
8807f463-48de-4066-8018-f8d8b24d0627,71488f7d-d114-46f4-941d-5a453f8b38a7,middle only,2024-06-08 19:59:05.461837,2024-06-08 19:59:05.461837
a22bf8a7-7d68-4cd9-9427-2954c6e88f8f,02ff9d3f-a25a-4ff1-9640-ebd0766b3197,"ending only, completes 10/17/20 version",2024-06-08 19:59:12.866429,2024-06-08 19:59:12.866429
085ac436-8a19-419d-9cd1-30d3c8df8506,814963f8-f8ab-40dc-a71d-d1001e761df0,with ‘No Quarter’ (Led Zeppelin) teases,2024-06-09 13:35:55.808268,2024-06-09 13:35:55.808268
3d1e7df3-c07a-498e-8044-7c741c476f3f,8b261472-b488-47ef-ac9a-6fabda80772c,unfinished ,2024-06-09 13:50:53.581218,2024-06-09 13:50:53.581218
7cb44416-be7f-41d9-8b93-1f36a74e2aa4,4ea05c0f-7ae2-495e-a6a4-6577457dc494,unfinished ,2024-06-09 13:51:29.270269,2024-06-09 13:51:29.270269
23175309-5558-46cf-9a61-1e8f2c77851a,63bc0ae7-5fca-43dd-ac04-5d84d1857d55,unfinished ,2024-06-09 13:52:11.033071,2024-06-09 13:52:11.033071
05f186da-f7a4-43c9-a1d8-5bebd9604ec0,5bdde2cf-d5eb-4fe9-9c6d-9d81a655e97b,inverted,2024-06-09 14:01:18.396929,2024-06-09 14:01:18.396929
32a65854-c0c0-42d7-b638-d08c22a98427,5bdde2cf-d5eb-4fe9-9c6d-9d81a655e97b,followed by ‘Catalyst’ jam,2024-06-09 14:01:18.427364,2024-06-09 14:01:18.427364
d4e535b8-7a6d-464f-99e9-e3ea2c2bcf46,3900f069-e808-4818-bf18-5d49fdc50d56, with ‘Flash Mob’ teases,2024-06-09 14:01:48.971009,2024-06-09 14:01:48.971009
026cfcf0-7988-4d1b-9e88-5c55bf75102d,fac575dc-b288-44ea-b677-11ae7808607f,with ‘Catalyst’ jam,2024-06-09 14:03:03.467345,2024-06-09 14:03:03.467345
2d6bb447-9bb7-4cb7-a2aa-eebe255c98f9,54dfa730-d019-4886-a479-7b84849531a2,with Curren$y,2024-06-09 14:03:11.183315,2024-06-09 14:03:11.183315
eb620c7b-a1a4-460f-8ef3-482439057fd1,de256b20-6a0e-46c4-a6ab-6d86c90025d4,with ‘Abraxas’ teases,2024-06-09 14:03:36.697031,2024-06-09 14:03:36.697031
ae49a99a-ef00-4356-8eb2-4e7dafdf6d84,b22a69a7-731e-4eca-bf42-3c5f4955302d,inverted,2024-06-09 14:03:57.417935,2024-06-09 14:03:57.417935
b165bea6-8c4f-4698-8014-c364f435c004,b22a69a7-731e-4eca-bf42-3c5f4955302d,preceded by ‘Kamaole Sands’ tease,2024-06-09 14:03:57.442372,2024-06-09 14:03:57.442372
5085f67f-b817-4750-bc25-9139a25ad6a4,9d3f6261-8df5-45db-8eaa-98ef99b2410a,end only,2024-06-09 14:04:51.750423,2024-06-09 14:04:51.750423
74607a36-ce83-491d-a342-3c918132b8d0,9d3f6261-8df5-45db-8eaa-98ef99b2410a,preceded by ‘Swingtown’ (Steve Miller Band) teases,2024-06-09 14:04:51.767062,2024-06-09 14:04:51.767062
74408688-5b7b-45f7-90b0-6e9d5a724247,3a38ff14-9c2c-47a6-9cb4-1cf487ee9b92,with 'Superman' theme (John Williams) tease,2024-08-11 11:30:15.289562,2024-08-11 11:30:15.289562
3ee50059-9d02-4e7f-bab5-d650b8cdf7de,3d78737c-1c74-4da2-81d5-53611ebc47d0,with 'Jessica' (Allman Brothers Band) tease,2024-08-11 11:30:26.007175,2024-08-11 11:30:26.007175
4d1d28a9-d887-4030-a0bf-ed8925107a17,b4a8a1cd-8c3d-4c4b-9ffa-e963ca44ce98,middle>ending only,2024-06-09 14:08:36.683158,2024-06-09 14:08:36.683158
e8436566-7716-4b93-9930-589bffca4a29,61d69e66-46d6-40e1-ba97-961c6823e101,with Simon Green on bass (Bonobo),2024-06-09 14:09:48.238001,2024-06-09 14:09:48.238001
d0cd5f42-ca62-4f94-b81e-9d7ad1cdb592,46c8267f-dd76-46fd-9b95-69315300ab00,with ‘Carol of The Bells’ (Mykola Leontovych) tease,2024-06-09 14:11:39.254979,2024-06-09 14:11:39.254979
38eee8b3-002b-4b6a-9345-ff384a23e97f,371dee24-6205-4d65-b6a8-acba37795b1f,with ‘Imperial March’ (John Williams) tease,2024-06-09 14:12:54.902606,2024-06-09 14:12:54.902606
8b45e64c-5340-4df9-bdee-72501300421e,371dee24-6205-4d65-b6a8-acba37795b1f,dyslexic,2024-06-09 14:12:54.915090,2024-06-09 14:12:54.915090
8e446f80-c440-4f7f-9b74-fe73ff49d495,bd14bf63-a56e-4960-959f-671f72afc4ae,with 'Misirlou' (Nicholas Roubanis) tease,2024-08-11 11:30:34.700983,2024-08-11 11:30:34.700983
78d2499d-1ef9-4245-be1c-cd5f1374f5db,62a1496b-f30b-46a1-bf85-915bb09a81c9,with 'Above The Waves' teases,2024-08-11 11:30:44.230820,2024-08-11 11:30:44.230820
0faf539d-8cf3-4d05-ba5e-09a3847fe359,27848ad2-71d8-4790-b8d9-497433322eb7,with ‘Gangster’ teases,2024-06-09 14:16:40.805642,2024-06-09 14:16:40.805642
63586447-7c80-48cf-90d4-b9dfb0ac89cc,27848ad2-71d8-4790-b8d9-497433322eb7,unfinished,2024-06-09 14:16:40.816327,2024-06-09 14:16:40.816327
5134a6c0-a7df-4b6a-bcf0-097af23a5387,d28f9dd7-8dcd-4120-998c-3293ba8e0e70,with ‘The City’ lyrics,2024-06-09 14:17:42.257539,2024-06-09 14:17:42.257539
ad87bf4f-f21e-4d36-9dbc-c1f4f503e11c,3a09acfe-82f6-44d7-96f8-a06c044ce311,unfinished,2024-06-09 14:21:28.563554,2024-06-09 14:21:28.563554
5062655b-84cc-423c-b4ae-ad49a8de48f8,e08b9996-899f-4ccf-a834-4eb0772c9457,unfinished,2024-06-09 14:21:41.392750,2024-06-09 14:21:41.392750
20464907-93b8-4386-b5e6-953de60a0aeb,1b2f9a7f-13b8-4ce3-8e77-237290f13919,unfinished,2024-06-09 14:26:18.710116,2024-06-09 14:26:18.710116
26bc4ce2-5067-4ecf-b137-76ccfab29fb5,cf2b9d70-dc2f-49ba-90ab-b376783d73b0,with Brenden Bayliss on guitar (on 2nd jam only),2024-06-09 14:31:09.994570,2024-06-09 14:31:09.994570
fa1293b4-89a0-49d7-8bbf-409c77294d59,cf2b9d70-dc2f-49ba-90ab-b376783d73b0,with 'Gamma Goblins' (Hallucinogen) tease,2024-06-09 14:31:10.007307,2024-06-09 14:31:10.007307
d006d127-92b9-4eca-9118-781df0c4451d,62c46f5b-4d6c-4e9b-8741-e83bafec8d6a,ending only,2024-06-09 14:31:20.513000,2024-06-09 14:31:20.513000
0f70e375-8dd5-4ff8-bb56-5df7d83e23ac,62c46f5b-4d6c-4e9b-8741-e83bafec8d6a,with Brendan Bayliss (Umphrey's McGee) on guitar,2024-06-09 14:31:20.523093,2024-06-09 14:31:20.523093
77fb14aa-21be-408e-a006-66fd2bb0510a,a01a6827-658a-48d1-b726-75d0211a6c8f,end only,2024-06-09 14:32:02.180784,2024-06-09 14:32:02.180784
aeb93bff-9097-4021-8e81-a3dbcd9ac0e8,a01a6827-658a-48d1-b726-75d0211a6c8f,Umphrey's McGee began the encore with 'Mulche's Odyssey' before a full band switch,2024-06-09 14:32:02.192906,2024-06-09 14:32:02.192906
4e4e6e67-e4a4-499e-91c9-57fb14f1a1b8,6fe396f3-ef9a-4fc4-94b1-e275380648f6,unfinished,2024-06-09 14:32:28.204389,2024-06-09 14:32:28.204389
d47981c0-6d2f-4b26-be1c-716c2d384e5f,566668b3-42a9-43c1-aba9-45e6fe545926,ending only,2024-06-09 14:32:48.375288,2024-06-09 14:32:48.375288
398349e9-d2e2-4f82-a00e-1f7b2abca68b,566668b3-42a9-43c1-aba9-45e6fe545926,with Dan Lebowitz (ALO) on guitar,2024-06-09 14:32:48.386132,2024-06-09 14:32:48.386132
1d707941-dc2b-4889-a08e-9fb02166f241,8e2a6d54-716f-438e-971f-079ff79a5d91,with ‘Astronaut’ teases,2024-06-09 14:32:59.458383,2024-06-09 14:32:59.458383
324b3384-5776-4e0f-9ecc-0ceb013cc089,8e2a6d54-716f-438e-971f-079ff79a5d91,with Dan Lebowitz (ALO) on guitar,2024-06-09 14:32:59.468739,2024-06-09 14:32:59.468739
771cb3a3-e43f-4701-af70-d82451735f95,db54d635-f966-434b-97df-d5b6ee8b4682,with Dan Lebowitz (ALO) on guitar,2024-06-09 14:33:06.228010,2024-06-09 14:33:06.228010
18359fc9-19a9-403b-9791-51ad2e0d9625,4e148d79-051e-4e75-bb8f-204bb983b81e,with 'Stir it Up' (Bob Marley) jam,2024-06-09 14:33:56.784837,2024-06-09 14:33:56.784837
87a78bc7-998a-41e6-b7b2-a7104b6f909a,256a32e7-bf39-4706-afa0-90bc0471bf0f,dyslexic version,2024-06-09 14:34:12.684033,2024-06-09 14:34:12.684033
22553360-eaec-478c-80f2-2e4a76a889e9,1b6e2343-d6ca-49d2-9e2a-105877fd26ff,dyslexic version,2024-06-09 14:34:21.055728,2024-06-09 14:34:21.055728
3a467070-f558-47aa-8a67-505d91964dd1,70962617-2ca8-426b-a235-c0d7c73d2e40,unfinished,2024-06-09 14:46:48.826705,2024-06-09 14:46:48.826705
516f2d6a-82ab-415d-9b38-36bcdd33153a,e30087e2-eb80-434e-8d42-98643f848147,unfinished ,2024-06-09 14:50:46.223620,2024-06-09 14:50:46.223620
d2521300-e279-4a5c-a9fb-fd257eabc729,79f01e06-c3bc-40ef-8b43-c5dad6c4625f,ending only,2024-06-09 14:50:54.526141,2024-06-09 14:50:54.526141
b9df9e32-636a-4b0d-9a13-2b00e40e933f,6dfbd52c-54e6-40b2-9d78-0b304f663c71,with 'Crickets' tease,2024-06-09 14:51:02.466537,2024-06-09 14:51:02.466537
71f2b423-fcdc-4786-afb8-c04abe134edd,8d1978fa-9385-43a0-be61-f9a43ccd8867,unfinished ,2024-06-09 14:51:09.930409,2024-06-09 14:51:09.930409
3bbb9eb2-b971-4985-81e2-6fa246de23b2,78ee8f03-d357-4c70-83b3-5df1da3918b0,inverted,2024-06-09 14:52:06.358612,2024-06-09 14:52:06.358612
45d7d987-89e5-4c8a-92af-8b1d3f8e03fc,78ee8f03-d357-4c70-83b3-5df1da3918b0,with ‘Digital Buddha’ fakeout,2024-06-09 14:52:06.368466,2024-06-09 14:52:06.368466
f23774c7-1a5d-4b4e-bce0-faec65f971f4,0ea7df06-c453-499f-9e61-c81faf203359,with ‘Smell the Funk’ ending (LTP 5/5/01 378 shows),2024-06-09 14:52:52.088113,2024-06-09 14:52:52.088113
0f589a1b-934b-492f-be46-331e0e4ddb26,ae0dc314-7786-4032-bf7a-2284ab67136d,middle only,2024-06-09 14:53:06.877804,2024-06-09 14:53:06.877804
1cd24e08-9391-4018-acf0-f2a7927377ef,497aa696-87cf-471f-916b-8df00cda5582,middle only,2024-06-09 14:53:38.337404,2024-06-09 14:53:38.337404
32af974b-1f19-4d97-ad7b-0410131f7ec1,c6153487-4f37-484e-9f91-8d267f578122,completes 12/7/06 version,2024-06-09 14:53:49.284565,2024-06-09 14:53:49.284565
4581cda6-3137-4491-99b2-76f4696180c8,56104f0e-0af4-43c7-aa74-afee67249da6,with “married very sweet girl from Queens” alternate lyrics,2024-06-09 14:54:21.527076,2024-06-09 14:54:21.527076
3a5bbc20-4648-4ab0-88d2-47f7487f57a9,9cc528fc-f07a-4915-95f0-4eb7bcb95894,dub version,2024-06-09 14:54:30.120378,2024-06-09 14:54:30.120378
92d1610a-16aa-45df-b4ff-99c4470ac100,4d682036-0152-40e1-87e8-d4c1a5e4fc1e,preceded by 'Candy Mountain' (South Park) samples,2024-06-09 15:33:57.771504,2024-06-09 15:33:57.771504
106a02a9-8230-4843-8bc1-e1e29409d631,bf7a82e1-3802-4020-b3f2-523caaffd9b8,with 'Shem-Rah Boo' tease,2024-06-09 15:34:09.572313,2024-06-09 15:34:09.572313
3ef0d35c-b99e-4ec8-a4ff-61529c7aa2a6,c28c3593-e3ba-4d63-833e-3518d2c78e3b,unfinished,2024-06-09 15:34:49.847485,2024-06-09 15:34:49.847485
bba520f0-1d1e-44d4-97af-2129caecbed1,09db562d-861d-4f6e-b1d8-a63657453706,unfinished,2024-06-09 15:34:56.705746,2024-06-09 15:34:56.705746
479362b8-183b-4fd2-8653-ef8dc019b4af,1790016d-3dcf-4c41-9c7f-2c94bc39f8f6,unfinished,2024-06-09 15:35:02.876858,2024-06-09 15:35:02.876858
16cb8709-f8d1-4074-8772-37842778371f,6da78cf9-1eeb-40f6-895c-4c117eb9e4b5,with ‘You & I’ tease (FTP 6/28/09),2024-06-09 15:36:39.894053,2024-06-09 15:36:39.894053
2ce50be3-cac2-47a2-87a0-959dac417c3b,8be7205c-e339-47d3-b9df-dcbae7539f8a,with 'Stir it Up' (Bob Marley) jam,2024-06-09 15:46:14.261145,2024-06-09 15:46:14.261145
1566229a-0067-4592-b610-12d9c9f19ce1,0c55d718-2e47-4c87-a4f9-934f25bf379b,with ‘Story of the World’ + ‘Little Lai’ teases,2024-06-09 15:46:49.978615,2024-06-09 15:46:49.978615
e379403f-5c04-47a2-b2ca-e63adb3db4bd,0c55d718-2e47-4c87-a4f9-934f25bf379b,unfinished,2024-06-09 15:46:49.986671,2024-06-09 15:46:49.986671
8c368a53-5d39-4425-a52f-5bbe0cfaabc8,de71407e-d8a3-4801-9672-7ff91ac55e74,Eden (Spacecookie Mix),2024-06-09 15:50:46.953991,2024-06-09 15:50:46.953991
fe01fa72-c975-4e16-b947-b245a1409e69,fc02a5f7-6dd5-4d9b-b4d2-daabf95bb8e2,Eden (Spacecookie Mix),2024-06-09 15:51:44.435416,2024-06-09 15:51:44.435416
1cc31de2-6e97-40d8-85da-131c051ad181,a2a77676-b7ce-4843-bcdf-0f8f357ba8b1,with ‘Clocks’ tease,2024-06-09 15:52:47.396679,2024-06-09 15:52:47.396679
861a582c-ff75-4b66-9781-ddb1061f1983,a50be470-94c0-4d49-be42-6ef59ebb8006,with ‘Kalimba Jam’ ,2024-06-09 15:56:02.355070,2024-06-09 15:56:02.355070
a9662856-26da-47ea-9c1e-ca9d53ce3b9d,a02d91af-6db4-46ff-980d-39d707041d1f,‘Funk Jam’ (same as 8/21 Set 2 opener),2024-06-09 16:01:16.134249,2024-06-09 16:01:16.134249
47e9f951-7fee-4b98-9430-4c9f24fcfbe8,58754409-4a92-4381-9d40-ac9ad1c5beef,‘Funk Jam’ (same as 9/19 Set 2 opener),2024-06-09 16:03:03.925050,2024-06-09 16:03:03.925050
50293224-cf66-493a-97d6-960bc324a8f2,2e7bec3d-e4f4-4883-a8ba-519c4fe16122,with 'Billie Jean' (Michael Jackson) tease,2024-08-11 11:32:48.232918,2024-08-11 11:32:48.232918
1d4eb4e4-13a7-488b-af8f-866b8a5a6c6d,963e9df0-de39-4e5c-801b-d3eb8bfb1cdc,with 'Izzo (H.O.V.A.)' (Jay-Z) vocal tease,2024-08-11 11:34:50.612289,2024-08-11 11:34:50.612289
7ebf35d8-0387-45b1-a00e-9abec4f934b7,868f033e-1095-47fb-a4a4-6dbcc3d55172,with 'Voices Insane' tease,2024-08-11 11:34:58.274208,2024-08-11 11:34:58.274208
4476b56d-882b-43e2-81b6-ac9272a630c3,1f2ede46-876b-4cd8-8f14-00bd30de5a96,with ‘Tribulations’ (LCD Soundsystem) teases,2024-06-09 16:05:46.418783,2024-06-09 16:05:46.418783
196d61a3-739b-4e86-8a84-81b189a4548e,4aa905b6-0760-42ff-a3d3-e44991a744a6,unfinished ,2024-06-09 16:08:42.882045,2024-06-09 16:08:42.882045
878b305c-765b-4e8a-b831-e43bbca0ea87,4aa905b6-0760-42ff-a3d3-e44991a744a6,with ‘Happy Birthday’ lyrics,2024-06-09 16:08:42.892660,2024-06-09 16:08:42.892660
ba7cb414-0729-453c-b3e5-15cfa28506ad,3368ac55-4cf1-4dca-a58a-5935d9e6548a,middle only ,2024-06-09 16:08:50.996243,2024-06-09 16:08:50.996243
9dac3997-ddfc-4264-a4d0-148b69b1861a,6abe397e-0644-456a-8538-0fca886135c6,ending only,2024-06-09 16:09:04.362012,2024-06-09 16:09:04.362012
d69d6379-6d2d-450b-a000-c772bce3a5f9,95bb5c0a-4f9b-46d0-ae7b-1028fa327312,inverted ,2024-06-09 16:09:14.455379,2024-06-09 16:09:14.455379
2bf6b5b8-4424-4095-8b79-11fdf5cdfb08,4d7e6df6-dada-4fd1-ab7d-8c79796a7a2b,inverted,2024-06-09 16:10:34.009022,2024-06-09 16:10:34.009022
7f949f82-e6c1-4425-8e4b-d373d36fed58,4d7e6df6-dada-4fd1-ab7d-8c79796a7a2b,Last time inverted 7/13/17 (160 shows),2024-06-09 16:10:34.019576,2024-06-09 16:10:34.019576
9d4a16ca-866d-410a-ad73-e4a7bfb0b424,45e845db-2222-461c-a369-9e0daccb5a0a,with ‘Because’ (The Beatles) intro,2024-06-09 16:11:04.363625,2024-06-09 16:11:04.363625
421873ac-e6fa-412d-b8ee-8edaf113aa3d,45e845db-2222-461c-a369-9e0daccb5a0a,unfinished,2024-06-09 16:11:04.371946,2024-06-09 16:11:04.371946
099a1bdd-43f0-4f35-876f-280fadf91539,b2dbdde0-8ac2-46bf-889d-4586ebac918a,inverted,2024-06-09 16:11:25.987658,2024-06-09 16:11:25.987658
6246eb96-44a5-41e4-95c8-5ea0cccfea21,b2dbdde0-8ac2-46bf-889d-4586ebac918a,with ‘Little Lai’ tease,2024-06-09 16:11:25.996443,2024-06-09 16:11:25.996443
ff21f28f-54bd-448a-8181-54d728c2d5a3,909b7ad5-c8ee-4947-b771-ff6f36201a9f,inverted,2024-06-09 16:12:09.247286,2024-06-09 16:12:09.247286
4eec3e10-6a83-4c1c-92a0-b65eca7759b9,544aa8e6-077f-4142-a5d8-be47c4b28a12,inverted,2024-06-09 16:12:19.739762,2024-06-09 16:12:19.739762
699d48f5-75bc-47e2-b228-be11a8640421,0ce51297-25de-4464-9bd2-9e7bdced0eef,with ‘I Feel Love’ (Donna Summer) tease,2024-06-09 16:13:04.575202,2024-06-09 16:13:04.575202
c75d1fb6-fcba-4b43-bae4-35c617be9651,eaf58d1a-d4a2-4e16-8e41-85a47d17e8ac,"with Joel Cummins (keys), Kris Myers (drums) and Brendan Bayliss  (guitar) of Umphrey's McGee",2024-06-09 16:13:32.342171,2024-06-09 16:13:32.342171
4ab068a8-f273-418a-8c6d-ee8d48fd0e24,eaf58d1a-d4a2-4e16-8e41-85a47d17e8ac,FTP (Pink Floyd),2024-06-09 16:13:32.382258,2024-06-09 16:13:32.382258
b1d61667-f482-4ec2-8c84-0d540b75c617,e85f077f-91fa-4f6e-8f7c-e5d97de83afb,"with Joel Cummins (keys), Kris Myers (drums) and Brendan Bayliss  (guitar) of Umphrey's McGee",2024-06-09 16:13:38.506106,2024-06-09 16:13:38.506106
5248933c-0248-4317-a1ca-76ab88c17f8a,e85f077f-91fa-4f6e-8f7c-e5d97de83afb,FTP (Pink Floyd),2024-06-09 16:13:38.515391,2024-06-09 16:13:38.515391
50ff37cb-a736-4e8f-9664-58e2b6e9425e,9082b869-63b8-4202-b0d6-83a4e3f0dca9,inverted,2024-06-09 16:14:47.682848,2024-06-09 16:14:47.682848
2ed8327a-3a23-4f0c-b7ff-38f4e8a06db3,9082b869-63b8-4202-b0d6-83a4e3f0dca9,Last time inverted 12/31/16 (194 shows),2024-06-09 16:14:47.690991,2024-06-09 16:14:47.690991
6ca19231-68cc-4f33-a2b5-af3e14a7b640,c0dfd18d-1857-433c-b069-9e6cc8b0f8fe,beginning/ending only (no SITA Jam),2024-06-09 16:15:30.787298,2024-06-09 16:15:30.787298
742e8765-419e-40a0-85a7-db46aba182dd,90d9f37d-fbf3-4e2c-b1a7-f43c488242df,with ‘Don't Stop Till You Get Enough’ (Michael Jackson) fakeout ,2024-06-09 16:18:56.865351,2024-06-09 16:18:56.865351
ba697de0-3880-4b99-a065-82e5233aba58,aeb5a3ad-ba4d-4673-8621-cb17239bfb24,with 'Dead Man's Party' (Oingo Boingo) vocal tease,2024-08-11 11:35:08.314901,2024-08-11 11:35:08.314901
631093fb-762e-4fc6-9a83-08524b0f2938,a32310c5-9130-47ad-b48b-1171819f46ca,with 'Peter Gunn Theme' (Henry Mancini) tease,2024-08-11 11:37:06.814296,2024-08-11 11:37:06.814296
f7f29acd-4970-46c3-b829-900f412c9197,d7acdec1-bef6-4f52-a390-60aab9d8335c,Jam out of the DJ's set,2024-08-11 11:37:25.440709,2024-08-11 11:37:25.440709
c6fb2be9-2d20-48d4-8291-79f63f030aac,842cf36e-f9dc-4efc-8de1-8afc3caad5c6,middle>ending only,2024-06-09 16:22:58.019636,2024-06-09 16:22:58.019636
1854a53a-dac2-453f-83e2-c2944668be55,747598e2-f8a4-4292-b988-3ace49c996df,preceded by ‘Kamaole Sands’ fakeout,2024-06-09 16:27:19.819335,2024-06-09 16:27:19.819335
727d6e91-00b8-42b2-bd5d-bf86a158865e,5415623f-b57a-446e-bfc0-7180d6fd276e,with Tom Hamilton (Brothers Past),2024-06-09 16:27:53.124737,2024-06-09 16:27:53.124737
f108eb76-03e1-4dc5-8545-ce900d94f6b6,8381f8bf-194f-4022-9e5f-2ba7e0a82c11,with Rocco on backup vocals,2024-06-09 16:28:12.564230,2024-06-09 16:28:12.564230
1b183377-0e3c-4913-89e8-8f02016554a6,8381f8bf-194f-4022-9e5f-2ba7e0a82c11,with Mackenzie Eddy,2024-06-09 16:28:12.572339,2024-06-09 16:28:12.572339
94e0f16b-e885-4581-bd71-2a22bdf82b16,8381f8bf-194f-4022-9e5f-2ba7e0a82c11,with Tom Hamilton (Brothers Past),2024-06-09 16:28:12.577786,2024-06-09 16:28:12.577786
a7fbfaa0-bc41-4c5d-8b8e-7d0f29834a68,b2d2fbae-dc1e-4fe1-9acd-391b5ccce562,with Tom Hamilton (Brothers Past),2024-06-09 16:28:21.146533,2024-06-09 16:28:21.146533
57660ed0-0045-411f-a9d4-f6f792eaac69,37249637-c3de-4125-834a-6ab2731fa847,with Tom Hamilton (Brothers Past),2024-06-09 16:28:28.497257,2024-06-09 16:28:28.497257
46a38d4b-9cec-4858-b02e-22f53791320b,99c833bc-1c16-4d69-bb15-93c60a929ff1,with Tom Hamilton (Brothers Past),2024-06-09 16:28:36.445384,2024-06-09 16:28:36.445384
852c49bf-9154-4143-b61c-6c9ea5a8a73a,a3492cf3-3399-473c-8083-e2496625de22,FTP (tDB original),2024-06-09 16:28:54.686948,2024-06-09 16:28:54.686948
0aae3008-510e-4c34-bf11-39526d5c7503,a3492cf3-3399-473c-8083-e2496625de22,with Tom Hamilton (Brothers Past),2024-06-09 16:28:54.694180,2024-06-09 16:28:54.694180
5d5ea08a-a258-478e-a242-b88a12d68f77,a3492cf3-3399-473c-8083-e2496625de22,with Chris Barron on backup vocals,2024-06-09 16:28:54.699710,2024-06-09 16:28:54.699710
a8f5a53c-f1c3-43ff-b083-d1ddc156696b,690e7d56-cadb-4286-b974-e9bc8ba8d56f,with Tom Hamilton (Brothers Past),2024-06-09 16:29:09.493094,2024-06-09 16:29:09.493094
ce9f4046-d0a5-471a-9f7e-a920fe5e4a52,690e7d56-cadb-4286-b974-e9bc8ba8d56f,with Dirty Harry and Don Cheegro on backup vocals,2024-06-09 16:29:09.500226,2024-06-09 16:29:09.500226
96098553-9b4b-4c48-a7b6-efe372a76f6e,4a2c9066-0a56-46ac-9de2-830e9e310bcc,FTP (tDB original),2024-06-09 16:29:22.180951,2024-06-09 16:29:22.180951
96603350-e70a-44c1-ae80-ac92e679fbe7,4a2c9066-0a56-46ac-9de2-830e9e310bcc,with Mackenzie Eddy,2024-06-09 16:29:22.188266,2024-06-09 16:29:22.188266
ad66888d-e349-4674-a545-ee7cde436f61,4a2c9066-0a56-46ac-9de2-830e9e310bcc,with Tom Hamilton (Brothers Past),2024-06-09 16:29:22.193618,2024-06-09 16:29:22.193618
c775fa79-50ec-42f4-8be6-4f6268439cf1,97051d47-0771-412e-857d-a93d9bfb17e2,with Tom Hamilton (Brothers Past),2024-06-09 16:29:40.976723,2024-06-09 16:29:40.976723
d73b359b-920d-4e86-a6d2-28922de5025e,97051d47-0771-412e-857d-a93d9bfb17e2,with Tuphace on backup vocals,2024-06-09 16:29:40.984049,2024-06-09 16:29:40.984049
52898a4a-fea3-410f-b190-eb6e3843fd1d,df239704-ff33-4558-9004-1ec1425c0dc1,with Tom Hamilton (Brothers Past),2024-06-09 16:32:01.974303,2024-06-09 16:32:01.974303
6281b4ce-3dbe-42e1-98f7-8496ac24e945,553d5286-8c64-48a7-aeda-771993db6d14,with Tom Hamilton (Brothers Past),2024-06-09 16:32:09.951586,2024-06-09 16:32:09.951586
1a635aae-7ba3-4a79-8f5c-142216a114c8,9fd2be8b-25f4-47b6-87a5-8ea3d0f782eb,with Tom Hamilton (Brothers Past),2024-06-09 16:32:17.865587,2024-06-09 16:32:17.865587
47229476-3798-4a55-998a-85e2c372de4f,f1f1e564-4fe6-4505-ae3f-846c774dc251,with Tom Hamilton (Brothers Past),2024-06-09 16:32:24.683651,2024-06-09 16:32:24.683651
68fe826f-91fa-40bd-ac72-3d874ed15568,d33ea54e-29cf-4fa7-9a1d-38aabbd47bfc,with Tom Hamilton (Brothers Past),2024-06-09 16:32:32.653913,2024-06-09 16:32:32.653913
0b975991-3dad-4065-9896-b51c4823d97d,ccce350c-85c4-475c-a3bb-7c29ac48031f,with Tom Hamilton (Brothers Past),2024-06-09 16:32:40.810928,2024-06-09 16:32:40.810928
2f6efbd5-89f9-4eb6-8fac-96ae81a5589b,ace0d883-9352-41fa-859b-aa19316e5b6c,with Tom Hamilton (Brothers Past),2024-06-09 16:32:48.840360,2024-06-09 16:32:48.840360
3dafe149-5ae4-4b15-8342-5379d248b7ed,07a6ac7b-2ca8-460c-8a95-5911f8897512,FTP (tDB original),2024-06-09 16:33:07.787437,2024-06-09 16:33:07.787437
859f3821-0c92-4ef1-a0a7-207f1b51b185,07a6ac7b-2ca8-460c-8a95-5911f8897512,with Tom Hamilton (Brothers Past),2024-06-09 16:33:07.795000,2024-06-09 16:33:07.795000
bad55b4f-4ff6-45ff-ac9d-531a1d28412b,03d85ebe-86e6-4460-9b3d-c8d8b12defce,with Tom Hamilton (Brothers Past),2024-06-09 16:33:21.288783,2024-06-09 16:33:21.288783
a19581fb-d840-45d0-9a5f-a48ecb114026,03d85ebe-86e6-4460-9b3d-c8d8b12defce,with Backup singers and horn section (Flicker and Zach),2024-06-09 16:33:21.296136,2024-06-09 16:33:21.296136
b4e0d166-ecf9-4227-9fe8-3491c4bb0178,596811d7-7a6c-402d-a49e-2ef0f5f55f15,with Tom Hamilton (Brothers Past),2024-06-09 16:33:34.986822,2024-06-09 16:33:34.986822
0d67e43d-f64b-4d0e-bb7e-a8f89814f22b,596811d7-7a6c-402d-a49e-2ef0f5f55f15,with Mackenzie Eddy,2024-06-09 16:33:34.994311,2024-06-09 16:33:34.994311
886ec884-4b16-467a-9ed4-99d83c5ba01d,596811d7-7a6c-402d-a49e-2ef0f5f55f15,with Backup singers and horn section (Flicker and Zach),2024-06-09 16:33:34.999454,2024-06-09 16:33:34.999454
2cffcecb-5d01-4c08-9362-3acbf6cead55,596811d7-7a6c-402d-a49e-2ef0f5f55f15,FTP (tDB original),2024-06-09 16:33:35.004844,2024-06-09 16:33:35.004844
da60df50-d6cd-4c48-a8cb-ac6f5d7a93a5,a75b2355-bb07-4005-80be-f01f240e1fc2,with Tom Hamilton (Brothers Past),2024-06-09 16:33:44.199194,2024-06-09 16:33:44.199194
7b97845a-d998-4927-9b26-bddbaba25bde,ac6363b7-4a84-48c6-b288-2d0173c6fd0b,with Tom Hamilton (Brothers Past),2024-06-09 16:33:51.609680,2024-06-09 16:33:51.609680
c90a307a-d444-4190-83af-f36057a3abde,bb65701e-5421-437a-80d4-5b4e50403282,FTP (tDB original),2024-06-09 16:34:12.203210,2024-06-09 16:34:12.203210
6bb158b2-7c62-4650-8394-bc099733ef56,bb65701e-5421-437a-80d4-5b4e50403282,with Tom Hamilton (Brothers Past),2024-06-09 16:34:12.210640,2024-06-09 16:34:12.210640
02fbae8e-415b-4d33-be61-20559da94233,bb65701e-5421-437a-80d4-5b4e50403282,with Dirty Harry and Don Cheegro on backup vocals,2024-06-09 16:34:12.216241,2024-06-09 16:34:12.216241
f2db4208-85ac-4965-bb25-d20a306c39ec,9f8a04b0-0854-4367-8982-f5fed7a95663,with ‘Riders On The Storm’ (The Doors) tease,2024-06-10 15:16:00.209784,2024-06-10 15:16:00.209784
eb9eb40d-9e63-4f77-b957-2ae7aa0677a2,77063f1b-4a4b-4d7d-8fe3-88eafc351a41,inverted,2024-06-10 15:16:47.591360,2024-06-10 15:16:47.591360
4e57dfda-f26c-4581-a4bd-5d156aa836d2,77063f1b-4a4b-4d7d-8fe3-88eafc351a41,with ‘The Deal’ tease,2024-06-10 15:16:47.599974,2024-06-10 15:16:47.599974
e13650fe-fe24-4411-af55-8539233263b2,adbbd0bf-8ace-47df-ab76-e7a9a7eca2e0,with 'Izzo (H.O.V.A.)' (Jay-Z) vocal tease,2024-08-11 11:34:27.101313,2024-08-11 11:34:27.101313
ef0a54a3-f57c-4936-8149-829b0823a8c7,5f139a33-fe98-4094-853c-f28317743ea5,with ‘On Time’ teases ,2024-06-12 01:24:44.609898,2024-06-12 01:24:44.609898
c020c653-9c2a-4bc2-b597-507e11db1c09,87e4d42f-8ecb-46ab-8b85-d5d781bc1c5e,with DJ Paul Norman on turntables,2024-08-11 11:41:19.380753,2024-08-11 11:41:19.380753
92c4ed69-d2e8-48e4-b561-53a7e6a6c7ed,4069f568-b630-4f86-b643-5fa0e78b9f47,with ‘To Be Continued’ teases,2024-06-12 01:25:18.789109,2024-06-12 01:25:18.789109
618f29f5-ce11-41b6-8908-c3a2b0255e8e,85e98511-5c62-4395-8fb8-f5448550b0a6,with ‘The Deal’ quotes,2024-06-12 01:26:15.901149,2024-06-12 01:26:15.901149
643ec18b-b60b-422c-882e-75bd8029ea66,76820ae0-6a71-4c75-8c6f-6fb7a846cf56,with DJ Paul Norman on turntables,2024-08-11 11:41:26.853886,2024-08-11 11:41:26.853886
31bc888a-4aed-4e30-a547-c24528a91bfb,bdaadeec-331b-41c3-ac8f-81777cb12c2e,with DJ Paul Norman on turntables,2024-08-11 11:41:35.500098,2024-08-11 11:41:35.500098
cf47bbc7-e465-4492-9e26-b28985ffed23,3b1d48db-07f9-4ca5-bdfe-2c229f0fa954,inverted,2024-06-12 01:27:04.164580,2024-06-12 01:27:04.164580
5c3f3509-15e0-4798-8fff-913439736f6d,aac77b6a-c4e2-4cd3-8b81-89377e4c056d,with DJ Paul Norman on turntables,2024-08-11 11:41:36.302895,2024-08-11 11:41:36.302895
d701f3f7-2be9-441c-a13f-92636765d7dd,35413736-c8ae-4c73-8dd5-925049778e5f,with ‘Photograph’ tease,2024-06-12 01:28:11.022548,2024-06-12 01:28:11.022548
d1b9fa7a-ff55-4c22-8c29-831972c446f5,2004e565-1cd4-484c-ad39-eb3abaacb3ff,with ‘Caterpillar’ tease,2024-06-12 01:28:41.939554,2024-06-12 01:28:41.939554
5b9d44ed-e772-49d4-a0d0-892925f01a30,124ba563-9608-433b-b5fb-cff3c8b36470,inverted,2024-06-12 01:29:15.377422,2024-06-12 01:29:15.377422
47aba2a3-6413-405d-a0dd-cd12c9b9410b,008e6449-42fc-4277-8363-1f779119a715,with ‘The Wormhole’ tease,2024-06-12 01:30:05.144786,2024-06-12 01:30:05.144786
64353005-1861-4b71-bc33-fb37e16646c0,008e6449-42fc-4277-8363-1f779119a715,inverted,2024-06-12 01:30:05.154461,2024-06-12 01:30:05.154461
ef2f7728-84f9-4f63-ac27-f4f67bb054e6,c84a1104-c6df-421b-aa2c-1a7d820c64e9,with 'Flashlight' (George Clinton) tease,2024-08-11 11:45:03.832078,2024-08-11 11:45:03.832078
6c6a3c8b-dc24-46be-b9a5-d6e6571f20b8,9a1e9c5d-414c-4b78-b700-526deb5e7de3,inverted,2024-06-12 01:30:45.999913,2024-06-12 01:30:45.999913
cdb2a42e-baec-4b17-86d8-57021e0482b7,3a2b3a0d-cb6d-4187-8671-ec9a85d50f6d,with ‘White Lines’ (Grandmaster Flash) tease,2024-06-12 01:31:09.399078,2024-06-12 01:31:09.399078
69215c34-54c5-4ded-8ce4-426e6113bb9f,f6df0f5f-e9c1-4296-b809-ea083f93c905,with ‘To Be Continued’ teases,2024-06-12 01:31:21.861911,2024-06-12 01:31:21.861911
25f0c2ea-e01c-4c48-81bd-f6c16b3dcbc1,a1601841-c3a8-43be-a4ed-85d6d57cb9b2,inverted,2024-06-12 01:31:30.136478,2024-06-12 01:31:30.136478
ee06b02d-6f3a-481f-9aec-fa513fb7be7b,0fc80c5c-6ab0-4a61-bba4-c05789790497,with ‘Portal To An Empty Head’ teases,2024-06-12 01:32:07.709568,2024-06-12 01:32:07.709568
bbef9e33-00fe-493d-b8a9-afa770ee9f6a,81dd5329-a47f-4b0e-a0f7-72ebfaeca43e,with Al Schnier of (Moe.) on keyboards,2024-08-11 11:45:30.724377,2024-08-11 11:45:30.724377
f21535ce-6361-4836-94b4-00a326b165cb,527d1732-17fb-47b6-8e78-da63a8674d54,inverted,2024-06-12 01:32:37.345977,2024-06-12 01:32:37.345977
6efaaa8a-f7dc-49a7-958e-f4c7a60c00b0,5e6cdd60-ec75-4698-b604-a1e4b5d0219d,inverted,2024-06-12 01:32:45.400261,2024-06-12 01:32:45.400261
fb3515c2-d345-4b7a-a557-9af26d0443db,d51a04b3-41b2-45c5-8bad-41d5746aa02d,with ‘Uber Glue’ jam ,2024-06-12 01:33:19.023271,2024-06-12 01:33:19.023271
b85386bd-ec63-473a-90ba-6755a4b11549,5c965b55-99ff-4b0e-9404-ae2958d1932e,inverted,2024-06-12 01:35:26.813885,2024-06-12 01:35:26.813885
69185b9f-79ac-4063-8a8d-f635c2292d23,e67d81bb-57ed-4e6f-a5e4-bce847f7e441,inverted,2024-06-12 01:35:39.500349,2024-06-12 01:35:39.500349
96ed45de-ba10-40a1-a267-6e84b1e60bad,7128bcbe-f626-4ad6-a328-641d881d568c,inverted,2024-06-12 01:35:50.915869,2024-06-12 01:35:50.915869
908b8c96-b590-400e-8f7d-96abd7e45a7b,e4ddaed5-3850-4094-9cf5-1e927893aaf1,with ‘Photograph’ teases,2024-06-12 01:36:14.628786,2024-06-12 01:36:14.628786
0ab2c9d2-097d-4070-9d3a-069fdcc76c70,5186a8ec-dcec-4934-8f70-bf8aa62bba1a,with ‘The Deal’ + ‘Evolve’ teases,2024-06-12 01:36:57.476775,2024-06-12 01:36:57.476775
cacca1bb-42e0-419f-a335-d2eb0fc29d52,5186a8ec-dcec-4934-8f70-bf8aa62bba1a,unfinished,2024-06-12 01:36:57.485588,2024-06-12 01:36:57.485588
0f368e22-b05b-45ea-b89d-90c1ed48072a,18277767-5094-475a-939c-79b32c6f4f86,with ‘Upside Down’ (Diana Ross) teases,2024-06-12 01:37:32.282565,2024-06-12 01:37:32.282565
635dbe2f-8dbc-4f12-803b-27a2f4ded896,8f68f256-e089-483e-abae-876989627063,with ‘Anthem’ teases,2024-06-12 01:38:20.818630,2024-06-12 01:38:20.818630
e0c2e45e-47dc-4e3c-a605-21b4544b3246,aa9e303b-23b9-4d33-a75a-852d77f16baa,with ‘Rock Candy’ tease,2024-06-12 01:38:52.196124,2024-06-12 01:38:52.196124
db59891a-023d-402f-a496-c0de343ef8fb,aa9e303b-23b9-4d33-a75a-852d77f16baa,unfinished ,2024-06-12 01:38:52.205027,2024-06-12 01:38:52.205027
ede83c85-4541-4f7b-9c79-0e25f0c236fe,5ecd8f68-364b-4a21-b237-8408aa54c83b,with ‘Purple Rain’ (Prince) tease,2024-06-12 01:41:54.767323,2024-06-12 01:41:54.767323
53afc8f9-2afa-4a52-bc82-bd751eef19a0,78c47603-6476-49e1-b5e9-bbfd30d84cfe,with ‘Relax’ (Frankie Goes To Hollywood) tease,2024-06-12 01:42:43.784983,2024-06-12 01:42:43.784983
eb606bdc-b0f1-4670-a42a-aac1ca77b9a9,96245be6-22ae-436e-bfe9-c7c44dc0f233,inverted,2024-06-12 01:42:52.090541,2024-06-12 01:42:52.090541
0db3e812-6e8b-496b-806e-75edd8d03900,96245be6-22ae-436e-bfe9-c7c44dc0f233,with Adam Deitch on drums,2024-06-12 01:42:52.101475,2024-06-12 01:42:52.101475
a3f0ef4c-b933-4e34-ad8c-a7101ff8e87e,6246fb42-541c-4fe1-924d-060d6e229d44,with ‘Conga’ (Miami Sound Machine) samples + teases,2024-06-12 01:43:22.347357,2024-06-12 01:43:22.347357
249dc793-5878-4003-a7e4-bf6f6b1e3344,f085b77d-9a58-4049-9a45-810e7a37105f,with ‘Gamma Goblins’ (Hallucinogen) teases,2024-06-12 01:44:35.088678,2024-06-12 01:44:35.088678
a0b10cce-bbe5-4e14-be8b-80d89970097c,79c0e099-e788-4373-ace6-f77b36c948a1,with ‘Buy The Time’ teases,2024-06-12 01:45:34.089115,2024-06-12 01:45:34.089115
e4b67caf-a05b-4f04-b62f-a0134853c68f,37bd4b23-50d4-45c0-b7bb-67b671031434,inverted ,2024-06-12 01:45:42.567397,2024-06-12 01:45:42.567397
1f5ee22b-6ae7-4aa6-bf87-89135910f0c4,cdb924ea-006c-48ef-b64f-ee32965021cc,with Karina Rykman on bass,2024-06-12 01:48:04.170922,2024-06-12 01:48:04.170922
44c1d490-76a2-41ac-b138-a61d476aa36f,9f3cb5eb-15fe-4a94-a58f-930fff58222b,unfinished,2024-06-12 01:48:57.434109,2024-06-12 01:48:57.434109
f67dbcb7-4f67-43d6-b226-d5c479d834b8,9f3cb5eb-15fe-4a94-a58f-930fff58222b,with ‘O Fortuna’ teases,2024-06-12 01:48:57.444053,2024-06-12 01:48:57.444053
16f7593f-705b-49b6-9ecc-debc34ce4205,f6de4ba2-ca89-45ff-a8a0-b3b08659b174,with ‘My Woman From Tokyo’ (Deep Purple) + ‘The Deal’ teases ,2024-06-12 01:49:08.454002,2024-06-12 01:49:08.454002
54abc3e1-590a-41ec-8866-5c75fc70b460,aabf2417-26e7-420b-adfb-1b136de4aeff,with ‘Bombs’ teases,2024-06-12 01:39:18.295502,2024-06-12 01:39:18.295502
1dbc3c03-359d-4a23-a55e-57b406535b61,436877a9-a8d8-4058-ab53-5134f8c63420,inverted,2024-06-12 01:39:26.485222,2024-06-12 01:39:26.485222
df3dad38-1c7a-43d0-8d34-86783d1f1f15,2220dce2-c814-430b-81f9-6538288c79c2,inverted,2024-06-12 01:39:36.842875,2024-06-12 01:39:36.842875
81ae157e-0c8c-4c49-81d9-70754ce8b640,150a31d0-7dcc-4eb8-98d6-babb7f54318e,with ‘Could U Be Loved’ (Bob Marley) teases,2024-06-12 01:40:00.990271,2024-06-12 01:40:00.990271
497dbde6-0b62-47e5-876f-7a7a0d63377b,6e3841fe-daef-42e8-a57c-84703d1767bd,Began with slow reprise of chorus,2024-08-11 11:38:59.052729,2024-08-11 11:38:59.052729
d2cd6a8d-8be2-4e53-a909-1bd2f5d7ebfa,14b9b98e-5c65-4e51-ba78-d58e8f840228,with ‘Crickets’ tease,2024-06-12 01:40:26.396127,2024-06-12 01:40:26.396127
49105c0a-e3d9-4586-a52e-fd362274b51e,b5268f31-9f1d-4fa0-8a63-3d4618b0dc5f,with ‘It Wasn’t Me’ (Shaggy) teases,2024-06-12 01:40:54.868017,2024-06-12 01:40:54.868017
29d22821-4c40-435c-9393-610490106e5d,b4bc16cd-d70a-4544-bf0f-9ca0bf080cfd,with ‘Times Square’ teases ,2024-06-12 01:46:17.812252,2024-06-12 01:46:17.812252
01fc6e94-aa71-4c64-88ec-f1a1782229eb,ffd54e46-14fb-4a72-8da6-a4776eab4594,with Zach Brownstein on drums,2024-06-12 01:46:44.394420,2024-06-12 01:46:44.394420
cefe29f7-dd42-4f02-826e-3b23bc62d82e,3afa0e2b-bb19-41cc-8a22-5c8bcb2ed358,with Eli Winderman (Dopapod) on keys ,2024-06-12 01:46:50.352905,2024-06-12 01:46:50.352905
3bd52592-11e8-43f5-8ba6-272046c98ff7,c335dbef-ac2d-4885-ad56-74d965eb3a24,"with 'Peter Gunn' theme (Henry Mancini), 'Straight, No Chaser' (Thelonius Monk) and 'I-Man' teases",2024-08-11 11:39:31.070007,2024-08-11 11:39:31.070007
b4550ef0-3926-4065-956d-e02d6af7c50f,7b6a9f9c-4d8d-417c-8fc2-ed9bf5322519,with 'Izzo (H.O.V.A.)' (Jay-Z) vocal tease,2024-08-11 11:39:51.169800,2024-08-11 11:39:51.169800
64435e54-9cd3-4cc8-933d-1cd03a3a0c0e,96087ce0-9197-42b3-bf0f-ffef1fdbcff9,with Paul Norman on turntables,2024-08-11 11:40:06.125024,2024-08-11 11:40:06.125024
def628f5-0226-4e8d-acb1-921aee46b6d7,69f863df-1a8b-42d8-a857-dac791503487,with ‘Bernstein & Chasnoff’ fakeout,2024-06-13 15:01:14.920092,2024-06-13 15:01:14.920092
ee274423-c901-467b-a3f1-5242fffcec13,37519e67-4b52-4362-ad27-be3fb4d5cabf,with ‘The Overture’ + ‘Songs Of Joy’ teases,2024-06-13 16:50:17.861625,2024-06-13 16:50:17.861625
1fa3eff1-56c8-4c7b-877a-4888642adac1,9d8dfd37-1a51-4c5f-aa8d-d446517ef5cc,unfinished,2024-06-13 16:50:46.414482,2024-06-13 16:50:46.414482
c6416345-3d6f-4e5e-acbe-14dbded4b9e3,9d8dfd37-1a51-4c5f-aa8d-d446517ef5cc,with ‘Neck Romancer’ jam,2024-06-13 16:50:46.559013,2024-06-13 16:50:46.559013
01c31ed5-080f-4fb9-882a-61ecab59a0a3,c918ea4b-635b-4d76-88d5-ebaf15b06515,intro included 'Mind Left Body Jam' (Gratedul Dead) teases,2024-06-13 16:54:35.605137,2024-06-13 16:54:35.605137
952a5267-d384-4d0c-b47c-ac1914efa86c,de312986-8df6-4882-a94e-4a75d1c1bab5,with ‘Jam On It’ (Newcleus) samples,2024-06-13 16:55:17.413705,2024-06-13 16:55:17.413705
8f312088-4966-42db-8a09-499badbd7408,24ab5f0b-7e4e-4c34-97a9-cae587c55f1d,with 'Gamma Goblins' (Hallucinogen) tease,2024-06-13 16:55:58.890188,2024-06-13 16:55:58.890188
a3058aac-65b0-49e8-ac3a-3bdc7787e011,547ec9ea-0a2d-4aaa-b37b-f40aa6f7a66b,with ‘Gamma Goblins’ (Hallucinogen) jam,2024-06-13 16:57:09.387216,2024-06-13 16:57:09.387216
d65a5955-9958-47be-ad55-0dd10fb83caf,89ef173b-e6d2-48f3-94f7-0ad7749bc15d,with multiple ‘Why We Dance’ teases ,2024-06-13 16:58:16.042819,2024-06-13 16:58:16.042819
d491745b-b678-462b-a193-037f0061688c,9a28be96-f532-4544-a1dc-7cf14317e970,with ‘Shadow’ + ‘Why We Dance’ teases,2024-06-13 16:58:32.176505,2024-06-13 16:58:32.176505
8ab366f7-6de4-409b-ab47-8982b3e6c7e4,217c727e-88a6-4e63-bb91-4e221bded55d,with ‘Coming Home’ teases,2024-06-13 16:58:51.619192,2024-06-13 16:58:51.619192
02d90014-ec8e-4609-b88c-05a13c84d604,0f7b388d-5655-4557-b52a-ada3d94c650c,with ‘Caterpillar’ tease,2024-06-13 16:59:13.969006,2024-06-13 16:59:13.969006
e2714c09-8e58-4a70-86eb-3470c897c308,7276d516-5ae3-4864-a613-31773251083c,with ‘California Love’ (Tupac) samples ,2024-06-13 16:59:35.948942,2024-06-13 16:59:35.948942
102ec8b3-9588-4a70-b635-93b89e6dbaff,7276d516-5ae3-4864-a613-31773251083c,with ‘Coming Home’ teases,2024-06-13 16:59:35.957758,2024-06-13 16:59:35.957758
94cb6f1d-7b28-499b-827d-ab3ac463083b,6336b218-eddb-4d81-bb3c-de7a840e5968,with ‘Mad World’ (Tears For Fears) tease,2024-06-13 17:00:30.407301,2024-06-13 17:00:30.407301
0082c86b-36a2-4a23-96e1-ad54bb2a11aa,3b6c4f47-663b-4c94-bc90-e677ebf28796,unfinished ,2024-06-13 17:01:01.997387,2024-06-13 17:01:01.997387
df144032-7e34-4b19-ae11-0eb88b045074,3b6c4f47-663b-4c94-bc90-e677ebf28796,with ‘Gamma Goblins’ (Halluciogen) teases,2024-06-13 17:01:02.008889,2024-06-13 17:01:02.008889
12ca5d51-d94a-42b9-9035-01ecfd7ccbc8,3e5179e9-e24d-419d-ab4d-94b1be8085b3,with ‘Digital Buddha’ teases,2024-06-13 17:02:04.026274,2024-06-13 17:02:04.026274
eecb0f5e-cc0e-428f-b2de-f362d84e73e4,9fb0bdb1-7ce7-44c0-9262-4e33b7d48090,with ‘Tribulations’ (LCD Soundsystem) tease,2024-06-13 17:02:51.086687,2024-06-13 17:02:51.086687
0c549321-48b1-4564-9433-3821a1159b1b,709831fb-b695-4e1e-9906-29c3ec64015a,inverted,2024-06-13 17:03:14.509296,2024-06-13 17:03:14.509296
5fac0f81-ec37-4716-a3ba-08a4b3c6305a,709831fb-b695-4e1e-9906-29c3ec64015a,with ‘Baddadan’ (Chase & Status) samples,2024-06-13 17:03:14.575214,2024-06-13 17:03:14.575214
b556a246-77e3-46de-8d76-4b9f1b5711d0,8a8482e5-4df9-4c88-8a03-9cc1ae67f2f3,with Paul Norman on turntables,2024-08-11 11:40:12.697601,2024-08-11 11:40:12.697601
09b5049f-b254-4888-970a-aa426aedf60c,4892ab3a-9c5f-4481-99db-135ecffe1d6f,unfinished,2024-08-11 11:40:33.600044,2024-08-11 11:40:33.600044
841f6421-add4-47c8-8fa9-59e32398c4db,4892ab3a-9c5f-4481-99db-135ecffe1d6f,with 'Where It's At' (Beck) tease,2024-08-11 11:40:33.612124,2024-08-11 11:40:33.612124
b2118df0-4520-4d81-9dd0-e6356ca4dec5,84b459d1-eea0-46a6-ab70-d2bc4f5218ba,with 'Hangin' Tough' (New Kids On The Block) samples,2024-06-13 17:05:34.415274,2024-06-13 17:05:34.415274
1d6b93d4-50f2-4355-8e56-8aea935c0e7d,84b459d1-eea0-46a6-ab70-d2bc4f5218ba,with ‘Baddadan’ (Chase & Status) samples,2024-06-13 17:05:34.428973,2024-06-13 17:05:34.428973
15534e16-df3f-4904-aa48-c1b4c24b9a51,972a156f-5e79-46fb-be3f-72d5f0548afc,with ‘It Wasn’t Me’ (Shaggy) samples ,2024-06-13 17:07:14.253933,2024-06-13 17:07:14.253933
432008e0-b11b-45dd-9f63-36fe5cb06f73,972a156f-5e79-46fb-be3f-72d5f0548afc,with ‘Coming Home’ teases,2024-06-13 17:07:14.267691,2024-06-13 17:07:14.267691
74dcb486-2c46-46af-af45-54d6798c29a9,972a156f-5e79-46fb-be3f-72d5f0548afc,unfinished,2024-06-13 17:07:14.279792,2024-06-13 17:07:14.279792
0a979dd3-a801-465a-a427-238d895111da,baf05bad-9093-406e-91f7-f934e4d857c9,Tractorbeam version,2024-06-13 17:07:38.651634,2024-06-13 17:07:38.651634
050f76bc-083b-413e-abe9-d5f5aa75e89a,baf05bad-9093-406e-91f7-f934e4d857c9,with 'Boom' (Tiesto with Gucci Mane & Sevenn) samples,2024-06-13 17:07:38.671522,2024-06-13 17:07:38.671522
d5114720-ee46-49be-9852-3c9da2a3ea14,baf05bad-9093-406e-91f7-f934e4d857c9,with ‘Ranjani’ (Varijashree Venugopal) samples,2024-06-13 17:07:38.682381,2024-06-13 17:07:38.682381
99ff16b3-f5cc-4fc9-9a3c-e154e704aa9d,5e61f1e5-560e-4bda-ac7b-ba34c4a787ed,Techno version (FTP Techno),2024-06-13 17:09:45.219440,2024-06-13 17:09:45.219440
485d5cbf-9443-420f-a1cc-9b3fbc835006,4ba24599-35d4-4dd7-aa4a-eef753c8b263,with Magner on keytar,2024-06-13 17:10:51.364874,2024-06-13 17:10:51.364874
108245de-3b6a-4565-bde1-ef306111c922,4ba24599-35d4-4dd7-aa4a-eef753c8b263,with Cloudchord (guitar),2024-06-13 17:10:51.372827,2024-06-13 17:10:51.372827
f609ddd8-9de3-493d-99aa-d7ca2d106e3c,1e466b6b-6047-43ef-bbe4-8dc8f12fc9a0,with 'Boom' (Tiesto with Gucci Mane and Sevenn) samples,2024-06-13 17:11:46.048700,2024-06-13 17:11:46.048700
9556ba50-8b79-4914-8b49-40ab1a135a74,1e466b6b-6047-43ef-bbe4-8dc8f12fc9a0,with ‘Pepper’ (Butthole Surfers) samples,2024-06-13 17:11:46.059529,2024-06-13 17:11:46.059529
eb80e9bd-2699-48c8-af89-78be554ba7db,820c82b5-596c-4716-9f9b-6addade91634,with band introductions ,2024-06-13 17:14:28.114695,2024-06-13 17:14:28.114695
65b421cf-8bfe-45e6-b3c8-d9ec8f10caab,820c82b5-596c-4716-9f9b-6addade91634,with ‘Waterfalls’ (TLC) samples,2024-06-13 17:14:28.122222,2024-06-13 17:14:28.122222
53577135-0fb3-40b3-be1d-d34d5e0ecc85,820c82b5-596c-4716-9f9b-6addade91634,"with ‘So Fresh, So Clean’ (OutKast) samples",2024-06-13 17:14:28.136059,2024-06-13 17:14:28.136059
2178c12f-3f93-4be6-bea8-d72b633d33b7,c36694c9-aa8e-40b3-af08-adb73ba57a22,with 'Itsy Bitsy Spider' (Traditional) tease,2024-08-11 11:40:49.062253,2024-08-11 11:40:49.062253
3d344aac-d4d7-4437-9e21-16d56fcc9dcb,4c158ee0-06f4-40c4-aece-ab5bf1c571e9,with ‘Once The Fiddler Paid’ teases,2024-06-13 17:16:49.669783,2024-06-13 17:16:49.669783
434e9146-7347-4435-ba68-261e0d148fea,f0397356-a4f6-45fa-84d3-f1c45a2c3efd,Techno version,2024-06-13 17:18:27.489571,2024-06-13 17:18:27.489571
4d3befe6-98a9-46ec-a074-5368ec5ca42e,f0397356-a4f6-45fa-84d3-f1c45a2c3efd,unfinished,2024-06-13 17:18:27.497016,2024-06-13 17:18:27.497016
80cd5cd0-12c6-4837-8eb8-911a358849ce,780685bf-fac2-41a0-9ba2-6f8f76950cc0,with ‘Macarena’ (Los Del Rio) samples,2024-06-13 17:19:45.933651,2024-06-13 17:19:45.933651
1e30d01c-041f-4d71-8d96-dd77f8ddb705,efcfe002-c6ba-4bf6-92ca-dba34621a800,with 'Bazaar Escape' tease,2024-08-11 11:42:01.993460,2024-08-11 11:42:01.993460
143809d3-6b8a-4126-8faa-5dd0fd353b94,d67d9a7e-3cff-4b38-b19a-be091c8ee3af,with 'Tonight I'm Gonna Rock You Tonight' (Spinal Tap) tease,2024-08-11 11:42:10.320378,2024-08-11 11:42:10.320378
299b3d4a-0324-4ddb-a456-f1937372673c,8ec54614-fed9-41db-b3e0-ded6c57e11ec,with DJ Paul Norman on turntables,2024-08-11 11:42:21.653626,2024-08-11 11:42:21.653626
08b0b185-cecd-488f-b4aa-60d49d6a8e27,df49f503-efa4-429f-8a48-f9fc04e369c1,with 'Run Like Hell' (Pink Floyd) tease,2024-08-11 11:42:38.279091,2024-08-11 11:42:38.279091
02bfc31d-b284-4c7a-816e-3b48b3f16f56,deaf4cc0-6c31-4a0b-8f63-3653fa958065,with 'Floes' ending fakeout.,2024-06-13 18:10:02.499015,2024-06-13 18:10:02.499015
42440074-2307-436b-be59-145c360590ac,76dfbf96-9f58-46c5-85b4-7cae99780215,with 'Story of the World' tease.,2024-06-13 18:10:12.218728,2024-06-13 18:10:12.218728
e5ae29e4-9b97-4e88-a16a-6c82295be3e9,c62e1fc2-7f6e-41ce-a2b0-828dd766fbbf,FTP (Koji Kondo),2024-06-17 16:10:48.317051,2024-06-17 16:10:48.317051
c46f607e-7a8b-4c01-b83b-18b81df8ff57,df49f503-efa4-429f-8a48-f9fc04e369c1,with DJ Paul Norman on turntables,2024-08-11 11:42:38.289823,2024-08-11 11:42:38.289823
ceb7b3dc-4c79-4ca6-91a5-a2e32b1b777a,260c3bf7-81a9-4646-90f1-769d3e705557,with 'Izzo (H.O.V.A.)' (Jay-Z) tease,2024-08-11 11:42:49.485614,2024-08-11 11:42:49.485614
72f31700-9a77-447c-8024-f74a9de5802f,92ab42b4-1e58-4e06-ad01-77033d8033a8,unfinished,2024-06-17 15:44:50.816706,2024-06-17 15:44:50.816706
45b4351a-7a41-4a9c-8672-395edd99a0a8,d0b283db-931e-4d76-92cf-813af806aefb,with ‘Digital Buddha’ teases,2024-06-17 15:45:57.259562,2024-06-17 15:45:57.259562
4a05f3ee-653d-4a61-a071-87afdb18a877,75856b0b-e53a-4100-bbfd-69f48509ec32,"with sections of 'Little Lai', 'Bazaar Escape and 'House Dog Party Favor'",2024-06-17 15:47:15.993924,2024-06-17 15:47:15.993924
99102b57-d902-4bda-a345-3712c9c41abf,f6d7825f-de64-404d-ace5-794ce4266733,unfinished,2024-06-17 15:47:28.015525,2024-06-17 15:47:28.015525
b2368f09-a745-47c4-a1d2-af1f7c80d7d4,7ffb92cf-6e34-414f-8bb3-fa76d8b6628a,FTP (Guns N' Roses),2024-06-17 15:47:45.567497,2024-06-17 15:47:45.567497
52f4dbc5-6dba-41e2-b6d6-36349aa085ca,7ffb92cf-6e34-414f-8bb3-fa76d8b6628a,ending only,2024-06-17 15:47:45.579862,2024-06-17 15:47:45.579862
9c37c943-6892-484e-98ac-37a1c3e46f02,27ab27dc-c52f-4f13-82f6-c9220a6558a0,Band left stage while middle section looped over house P.A. throughout setbreak ,2024-06-17 15:48:23.309509,2024-06-17 15:48:23.309509
6eb3983b-6c58-4b9c-a203-5ea976c8d9a0,27ab27dc-c52f-4f13-82f6-c9220a6558a0,unfinished ,2024-06-17 15:48:23.320261,2024-06-17 15:48:23.320261
7ff0fd74-0659-4423-b772-3ec31bab3b8f,23d7a989-9488-48ff-ab09-654e00a1c3f5,with Simon Posford,2024-06-17 15:49:26.805166,2024-06-17 15:49:26.805166
b698c621-c3c9-4b59-a867-1049fda2fc70,23d7a989-9488-48ff-ab09-654e00a1c3f5,segeued from Hallucinogen set,2024-06-17 15:49:26.818986,2024-06-17 15:49:26.818986
dc9927a8-93ee-4af5-8b99-90e73333044b,b4d16f6a-d24d-4756-bf27-77d7363479aa,with 'Crickets' tease,2024-06-17 15:49:44.015055,2024-06-17 15:49:44.015055
c82d1a7f-859d-491d-a6f9-5b8894abd416,b4d16f6a-d24d-4756-bf27-77d7363479aa,with Simon Posford,2024-06-17 15:49:44.028010,2024-06-17 15:49:44.028010
ddaab2de-becd-4e37-ba99-f958cc7a0519,918402dd-608c-4916-b251-5eec28ef2b38,inverted,2024-06-17 15:50:00.197865,2024-06-17 15:50:00.197865
38ba93c3-bfcc-4b4d-becb-f1a9802797bc,918402dd-608c-4916-b251-5eec28ef2b38,with Simon Posford,2024-06-17 15:50:00.215947,2024-06-17 15:50:00.215947
acdd3c8c-f7de-421f-b355-8be5181fffb7,ef746cf6-e76d-4707-82e8-4bb409047eb7,with 'Gamma Goblins' (Hallucinogen) tease,2024-06-17 15:50:21.755806,2024-06-17 15:50:21.755806
a700692c-06fe-4bef-b803-544a7733a8be,ef746cf6-e76d-4707-82e8-4bb409047eb7,with Simon Posford,2024-06-17 15:50:21.766248,2024-06-17 15:50:21.766248
0ecdd091-040d-454b-9b2f-2aa4973611ff,36ea6403-14a6-4bac-b912-f4a62b1d544b,inverted; Peak,2024-06-17 15:50:49.920152,2024-06-17 15:50:49.920152
626ae431-6b4b-43ec-9165-c913934a16b9,7afffa02-1e4f-404a-8141-689821ba2b4d,ending only,2024-06-17 15:51:05.918978,2024-06-17 15:51:05.918978
9d351d90-aadc-4255-bc93-6f43f145fe2f,d0eae89c-a9f6-4b34-a4c0-0812efb3f624,Perfume version ,2024-06-17 15:51:14.740559,2024-06-17 15:51:14.740559
7e7d4d8c-ad66-41aa-9e81-00cdf8c841f2,d0eae89c-a9f6-4b34-a4c0-0812efb3f624,with 'Crickets' tease,2024-06-17 15:51:14.751917,2024-06-17 15:51:14.751917
636b8bab-e1c5-4deb-ab52-f490787fc33d,5a0b2c95-8f96-4f24-87ef-05254e77d609,First half of beginning>middle,2024-06-17 15:51:53.496885,2024-06-17 15:51:53.496885
ac4f9480-5a90-4167-8c72-14c5ae7dabe5,be25a371-2824-4a87-9c74-4ec0530c6fbd,inverted; funk>ending>beginning,2024-06-17 15:52:26.869871,2024-06-17 15:52:26.869871
494786dd-3e1d-4678-8079-71d74c745ec5,84c8bfe8-6121-4a4f-90f5-63d1f047fb9b,with ‘Solstice’ (Hallucinogen) tease,2024-06-17 15:53:35.246042,2024-06-17 15:53:35.246042
758045b1-9909-4f44-abc4-7915611f4d7e,6eb376ea-9943-4e43-a1cf-0c97d39c120a,unfinished,2024-06-17 15:54:11.303287,2024-06-17 15:54:11.303287
f5c074da-585a-4974-820f-71f365fd9014,6eb376ea-9943-4e43-a1cf-0c97d39c120a,with “Happy New Year” lyrics,2024-06-17 15:54:11.316844,2024-06-17 15:54:11.316844
be0c37bd-52d6-4d9f-8310-86ccd2326072,5471884a-b56a-4119-8172-07da4fc0d9ca,with New Years countdown,2024-06-17 15:54:22.244660,2024-06-17 15:54:22.244660
cddc8ec6-2ecf-43a1-b793-1fce9945283f,53d5fecf-4354-4a2c-a1bc-984a62a073a8,with 'Gamma Goblins' (Hallucinogen) tease,2024-06-17 15:55:15.638685,2024-06-17 15:55:15.638685
8b477672-d4c1-40fc-8938-6677a5907b87,e7914e3b-e725-4c45-b69e-d520152b53dc,with Brock from Perpetual Groove on guitar,2024-06-17 15:55:23.069421,2024-06-17 15:55:23.069421
ca92dcb5-801f-4982-aa13-48f22f6f7fff,259589ab-7e2e-4e4a-bb8f-36d495abad1f,with Brock from Perpetual Groove on guitar,2024-06-17 15:55:30.583662,2024-06-17 15:55:30.583662
1ad07dba-00dc-43f9-99b3-19062eb13ee5,6a929e58-9bba-461c-a94d-32f54eb3a00f,with Brendan and Jake from Umphrey's McGee on vocals/guitar,2024-06-17 15:55:40.117643,2024-06-17 15:55:40.117643
f3eb529b-687c-4dc6-84af-2d048c14db26,afb4309f-5d5c-426a-adbf-39566e7d477a,with 'Star Wars Theme' (John Williams) tease,2024-06-17 15:56:17.758673,2024-06-17 15:56:17.758673
e76e7721-3650-493d-a683-bb5748099dad,c7896544-464e-4209-b8e3-dc7a16620e9c,inverted,2024-06-17 15:56:43.196124,2024-06-17 15:56:43.196124
70e2a966-3993-4def-b3a7-412e0fde1443,405bc46b-c5f8-4d29-afc9-d88b26f8f492,inverted,2024-06-17 15:57:12.391249,2024-06-17 15:57:12.391249
daaea4e5-13cf-471e-aeef-92ac584bc348,405bc46b-c5f8-4d29-afc9-d88b26f8f492,Last Time Inverted 8/23/02 (259 shows),2024-06-17 15:57:12.403129,2024-06-17 15:57:12.403129
eec144f4-1e64-40e4-b6ef-c320c238ddf6,c324b039-a4d9-410b-8a51-b251254b4781,with 'Fanfare For the Common Man' (Aaron Copland) tease,2024-06-17 15:58:06.872943,2024-06-17 15:58:06.872943
ac51ab45-f930-41ed-99c4-254950eda0a4,bbe1b692-acbc-4bdc-a660-da4406b33547,with 'Smell the Funk' ending,2024-06-17 15:58:15.187949,2024-06-17 15:58:15.187949
a67952ea-a414-4397-950b-70bd947f5b3d,1f5ca594-0bcb-4b24-b309-c319f25b6d6e,with 'Rio' (Duran Duran) tease,2024-06-17 15:58:55.705483,2024-06-17 15:58:55.705483
63551157-a975-417a-a33e-758643fbacee,a50af38f-8f19-4da2-979d-f87bee3773f0,ending only,2024-06-17 15:59:05.953963,2024-06-17 15:59:05.953963
c2681e6a-fd6c-4362-901a-0fbfbc54169c,54ef1951-aba6-474d-aab0-57be8d2214ab,with Matisyahu on vocals (Shema Yisrael),2024-06-17 15:59:26.960024,2024-06-17 15:59:26.960024
71b86a4c-8ada-43f1-a54c-8ba20d13244c,c2efa60f-ffe6-435f-8516-bd12de080d07,unfinished,2024-06-17 15:59:53.531026,2024-06-17 15:59:53.531026
241950c0-3f23-4597-ba3a-6a65c9b49ee8,73fcbad9-258e-4cbb-927b-41d0277bf261,with Tom Hamilton (Brothers Past) on guitar ,2024-06-17 16:00:18.305488,2024-06-17 16:00:18.305488
e00159b5-67db-4ea8-a73d-f5a834fd2e1a,73fcbad9-258e-4cbb-927b-41d0277bf261,Note: The band also appeared on stage during moe's second set later that night to perform 'Cyclone',2024-06-17 16:00:18.316718,2024-06-17 16:00:18.316718
c32755f1-a701-4ea5-80ff-85e27133b9ad,aaa75561-d57b-4eb5-ab63-72ff2e3b4c44,unfinished,2024-06-17 16:00:54.122847,2024-06-17 16:00:54.122847
2cb6ebc7-7537-4ace-8150-10dfee8ad30b,aca7f760-05ea-486c-8a61-f90dde63bb0d,with Brandan Bayliss on vocals,2024-06-17 16:01:26.722759,2024-06-17 16:01:26.722759
53e11c4a-ce19-46c7-9ffc-163097f35f12,4110c315-cf6c-42dc-bb63-ac93160474cd,ending only,2024-06-17 16:01:37.776011,2024-06-17 16:01:37.776011
6690228b-09c2-4d2d-ae76-2f60cdb985b2,16400d4f-0b50-4d31-9cd2-9f26be861f4e,inverted,2024-06-17 16:02:16.734870,2024-06-17 16:02:16.734870
c7efc360-6a95-405b-9e7b-e61c4491a3b0,16400d4f-0b50-4d31-9cd2-9f26be861f4e,Last Time Inverted 4/26/03 (208 shows),2024-06-17 16:02:16.752924,2024-06-17 16:02:16.752924
4f0a2f8a-0ac4-438a-a5b7-ecd70f7b96ae,b8faddfd-b63c-4969-afc0-afcc4a26d029,ending only,2024-06-17 16:02:52.554752,2024-06-17 16:02:52.554752
a34a9043-2f4e-4ab9-9361-1485cbad1aca,70c7c26c-ab34-4a7d-a202-9bd073e5d3f3,unfinished,2024-06-17 16:03:25.253978,2024-06-17 16:03:25.253978
6a441beb-4a87-47ef-88c1-0f137de03f59,70c7c26c-ab34-4a7d-a202-9bd073e5d3f3,with 'Basis for a Day' fakeout,2024-06-17 16:03:25.264796,2024-06-17 16:03:25.264796
f1bfad77-bea6-421a-bdd6-e7b87d179ad8,e9c4454b-fa45-4e4e-8c36-742de1ddd36d,with 'Billie Jean' (Michael Jackson) jam,2024-06-17 16:03:44.341688,2024-06-17 16:03:44.341688
3b29da4d-e03c-4671-9a95-779553745842,7a9c8b65-852a-4e7e-b7eb-a0edcb7637f5,middle section,2024-06-17 16:03:52.531608,2024-06-17 16:03:52.531608
9b14fa50-ba55-430f-94a5-efb59dfaf668,15d7d5da-224f-4e20-b27b-6b2984a1bfe1,end>beginning,2024-06-17 16:04:05.078057,2024-06-17 16:04:05.078057
4f43312a-1f9f-4a4c-a9e1-572b64384d86,4a0a3b1b-c907-4ddf-ad1d-a688ded3def0,with 'Billie Jean' (Michael Jackson) jam,2024-06-17 16:04:23.994074,2024-06-17 16:04:23.994074
cb16ab5b-53f8-46d1-9b55-29e9552d02b6,13df16ea-c6f3-4b97-a870-059abf2723b4,dyslexic version,2024-06-17 16:04:40.416135,2024-06-17 16:04:40.416135
0eb5f708-8d47-4577-b672-dd22da2bb32e,3b91ccef-e949-496b-b605-c7715324a82d,with DJ Paul Norman on turntables,2024-08-11 11:49:19.390307,2024-08-11 11:49:19.390307
ac105f4c-8c7f-455f-aff8-02bf5e95f123,5e42c69d-00e2-4406-a09c-30e3b610a7f0,with DJ Paul Norman on turntables,2024-08-11 11:43:27.851082,2024-08-11 11:43:27.851082
6c74aa43-06e3-4de1-8346-1ca0c1b13588,a94d6e50-c98d-4d4c-8baf-f98bef4acab1,perfume version,2024-06-17 16:05:33.935813,2024-06-17 16:05:33.935813
a950e38d-d911-4cb6-a4f1-aaf91205f28e,1ca754b3-4fa0-4e5c-9668-34bbbbe350b2,perfume version,2024-06-17 16:05:45.496791,2024-06-17 16:05:45.496791
aea73182-3cb2-44c8-b389-8f5b47021ebc,31d5ece0-797c-490c-8100-f7ae944c0d7c,dyslexic version,2024-06-17 16:05:53.343505,2024-06-17 16:05:53.343505
30a54339-e790-4691-bb25-4dafa372048f,bdd8de0b-3c22-4530-9cc8-e7ae6fd29352,preceded by 'Karma Police' (Radiohead) tease,2024-06-17 16:06:33.888411,2024-06-17 16:06:33.888411
8d01cbb1-c2a8-48e0-8272-d9cb928c35c0,6faaa68d-bbab-45bb-91f2-ef41e64094be,unfinished,2024-06-17 16:07:02.657080,2024-06-17 16:07:02.657080
c0ff7706-d612-47c6-8997-63ec1cbf0c24,43d9fb74-a16c-40ee-8d48-44c4dffbc969,perfume version,2024-06-17 16:07:23.741549,2024-06-17 16:07:23.741549
bac9cb97-c353-4293-a819-9b8bae71e7cc,43d9fb74-a16c-40ee-8d48-44c4dffbc969,with 'Svenghali' tease,2024-06-17 16:07:23.752283,2024-06-17 16:07:23.752283
9bbb6aa7-5c19-4e5e-8e34-7e2df8b1a56a,cdee31f7-09c7-4d54-91de-5657a0ae4f19,ending only,2024-06-17 16:07:36.098661,2024-06-17 16:07:36.098661
925b8d5d-c2d9-4c1e-b889-1a5dae96de5d,0199f898-8c50-4aee-8d73-eedd34fbf60e,with 'Let It Be' (The Beatles) tease,2024-06-17 16:07:43.492570,2024-06-17 16:07:43.492570
b38accb8-5be8-4614-a99d-fa92fe9a351b,32a5d980-e6b9-447b-9ce9-59a85c663dab,dyslexic version,2024-06-17 16:07:57.973867,2024-06-17 16:07:57.973867
a9ad2a96-80f5-4ea0-a43f-43146612006d,ab8fbbc9-17f8-4f10-8b4c-2ba0e2e8435a,dyslexic version,2024-06-17 16:08:04.221488,2024-06-17 16:08:04.221488
7f85c34a-baa0-47be-9b37-2877cabd875f,181ae441-7592-4598-97a2-65bd7c7b7c93,unfinished,2024-06-17 16:09:49.297990,2024-06-17 16:09:49.297990
6c051011-9132-446c-87de-ecaf247260a7,c9385ec7-b1a6-4fd9-a390-a4de561ba246,with 'Super Mario Starman Jam' (Koji Kondo) tease,2024-06-17 16:10:09.946066,2024-06-17 16:10:09.946066
efa1ffe1-5042-420a-8f19-fc3e74674e79,5e42c69d-00e2-4406-a09c-30e3b610a7f0,with 'Izzo (H.O.V.A.)' (Jay-Z) vocal tease,2024-08-11 11:43:27.864014,2024-08-11 11:43:27.864014
f20e8cd7-d800-40d9-86c8-193d2ba0bd1d,61c77ac2-49c8-4bc9-8006-8f9b3085509c,with ‘Spacebirdmatingcall’ tease,2024-06-17 16:12:43.486093,2024-06-17 16:12:43.486093
f433dad6-7724-440a-8d87-5b47fab7e9c1,4475d067-db83-41f2-9c12-f6fdeb944e22,unfinished,2024-06-17 16:16:42.146099,2024-06-17 16:16:42.146099
6606379f-d896-480b-a814-f0b601a199d3,5d627ba7-001b-4b40-8a5f-0ec4573bb87a,preceded by 'King of the World' fake-out,2024-06-17 16:17:00.004867,2024-06-17 16:17:00.004867
2afb8bb3-e83a-4efc-bd5e-696cdfd82369,0b9376d6-8142-4ba8-b902-acaf187bcb55,perfume version,2024-06-17 16:17:09.765653,2024-06-17 16:17:09.765653
4d6adbf0-923c-4b30-91b3-2371e1697065,4a360c1f-99ae-4c9c-9b8d-55f9b63f78cd,unfinished,2024-06-17 16:17:39.285579,2024-06-17 16:17:39.285579
271cc5c1-9f80-4c4f-ab0e-44309c3560f4,28de4df1-c445-4b3e-905c-586e7adf311c,dyslexic version,2024-06-17 16:17:57.865782,2024-06-17 16:17:57.865782
0d6c9699-00c7-417a-b63a-98bd90e8b497,503ab25a-b6d3-4f42-ab37-3b5bcddcdb85,dyslexic version,2024-06-17 16:18:11.700362,2024-06-17 16:18:11.700362
54e26c06-8892-426d-8d28-3629624735be,68cc1e58-485c-4db5-8e00-30d07688ea27,unfinished,2024-06-17 16:18:42.236648,2024-06-17 16:18:42.236648
8a0b196f-1727-4067-b956-e38bea7fb85d,228e79a2-d54d-43f2-b8a4-211a6e97af8f,ending only,2024-06-17 16:18:58.348084,2024-06-17 16:18:58.348084
30f3a0e8-3356-4a4c-880e-168abfed3af7,228e79a2-d54d-43f2-b8a4-211a6e97af8f,with ‘Triumph’ tease,2024-06-17 16:18:58.359313,2024-06-17 16:18:58.359313
ab3f7902-9bc0-440f-8316-efa70a4e649b,f25f4a70-37c6-4e03-a509-d17ebd41b5a8,with ‘Chameleon’ (Herbie Hancock) tease,2024-06-17 16:19:15.393711,2024-06-17 16:19:15.393711
56615b60-7655-4a68-8821-18e54ec6f7c7,f25f4a70-37c6-4e03-a509-d17ebd41b5a8,inverted (end>beg),2024-06-17 16:19:15.404137,2024-06-17 16:19:15.404137
6d92be32-3918-4d4d-9bd3-a42d3202ef01,abce90b8-7cf8-47d8-b867-eaa90fad375a,with Trevor Garrod (Tea Leaf Green) and Steve Molitz (Particle) on keys,2024-06-17 16:20:02.749253,2024-06-17 16:20:02.749253
727e3989-4cb0-4d23-913b-a8ce8cd24eac,76f43603-8458-4b66-a03f-0ed717d8ed39,with ‘Confrontation’ vocal tease,2024-06-17 16:20:11.746575,2024-06-17 16:20:11.746575
79a478c6-f95c-488e-9c12-735dae56460a,76f43603-8458-4b66-a03f-0ed717d8ed39,unfinished,2024-06-17 16:20:11.757678,2024-06-17 16:20:11.757678
c89d081e-6824-4c95-acdb-42fcc7275558,a0a81f97-8b7d-4632-98eb-3b3d3ff874aa,inverted,2024-06-17 16:20:23.398618,2024-06-17 16:20:23.398618
c4789909-474f-49a5-9fba-a76e575d5e01,7e44db00-37be-4ddb-8dbc-0e3fe0df7c48,unfinished,2024-06-17 16:20:36.121192,2024-06-17 16:20:36.121192
c19444c6-45c4-418f-9081-79d12d47e3e0,7e44db00-37be-4ddb-8dbc-0e3fe0df7c48,with ‘Ten Ton Foot’ tease,2024-06-17 16:20:36.131461,2024-06-17 16:20:36.131461
28dc90b9-e6ec-4329-81cc-722a8a733ab7,5cc3b355-b36f-47f4-92b6-259535de3180,with ‘Terrapin Station’ (Grateful Dead) intro,2024-06-17 16:21:21.893859,2024-06-17 16:21:21.893859
fd62f679-4548-48cb-ad0a-be12ed2af166,96415561-dbac-4f54-b04d-b01d039c9195,unfinished,2024-06-17 16:21:45.218252,2024-06-17 16:21:45.218252
ff30ed05-cd4b-4642-86c0-de061d967bdb,eabf44e6-d5d1-4042-aa7e-4ef0d0beaec4,unfinished,2024-06-17 16:13:45.701963,2024-06-17 16:13:45.701963
677ae8f3-d1f8-465d-b7f8-896c07836940,3d624217-1eed-4a73-9537-bf3c49ac6213,middle only,2024-06-17 16:14:26.772743,2024-06-17 16:14:26.772743
e0495d75-1b68-4953-b589-acb5de59cb29,1b177c06-f245-4615-b6c3-e524315c619f,beginning only,2024-06-17 16:14:34.814554,2024-06-17 16:14:34.814554
4f0e6370-2dd2-4201-9129-e77a6259cc49,314ea4cf-d5eb-45d4-ac2d-2e670ef1728b,with 'Riders on the Storm' (The Doors) tease,2024-06-17 16:15:13.643046,2024-06-17 16:15:13.643046
5f619a3e-ea34-4343-8eb9-aabaf961cbca,06dbe0d7-b9b7-4f72-babe-be0b2d4d2d74,dyslexic version,2024-06-17 16:15:49.711578,2024-06-17 16:15:49.711578
6a661862-030b-48af-baef-c26416145fb0,5bc891be-b7ae-444e-a14c-7fe94bdb303a,dyslexic version,2024-06-17 16:15:59.013653,2024-06-17 16:15:59.013653
cd16eb8e-83fe-4b39-893d-ee7502102f18,7f5aa8fe-26e7-4f79-b661-05101aa58796,with ‘Rio’ (Duran Duran) tease,2024-06-17 16:16:16.463103,2024-06-17 16:16:16.463103
f7deaafa-debb-426e-8749-21fc971e27a8,e0906818-c59c-4845-8235-e9a19b4b7985,FTP (Muse),2024-06-17 16:22:23.904120,2024-06-17 16:22:23.904120
abdd9250-ce65-4400-afa4-e69d9826559d,e0906818-c59c-4845-8235-e9a19b4b7985,with Tom Hamilton (Brothers Past) on vocals,2024-06-17 16:22:23.917774,2024-06-17 16:22:23.917774
e449f758-ae4e-458b-9c07-75bfdab3f773,7c90e3d9-6c75-4cfb-b0ec-e625281d328d,perfume version,2024-06-17 16:22:34.281526,2024-06-17 16:22:34.281526
84651217-d627-4a93-a50d-639d392e1bf5,7c90e3d9-6c75-4cfb-b0ec-e625281d328d,with Johnny Rabb (BioDiesel) on drums,2024-06-17 16:22:34.292475,2024-06-17 16:22:34.292475
02c50cf4-4638-459c-bf20-d9ec4fc71c54,850bc241-2cd2-4806-840b-8895dc7e26c2,with ‘Trucker's Choice’ tease,2024-06-17 16:23:17.477086,2024-06-17 16:23:17.477086
bac0520a-29c7-4d02-a647-d218959a2ad3,e9f3b3b5-13ff-4de1-b328-45478cce2782,with Simon Posford on guitar and Zach Velmer (Soundtribe Sector 9) on drums,2024-06-17 16:23:30.310601,2024-06-17 16:23:30.310601
8e76244a-e8bc-4c75-bee8-9e898e5bc755,49810bf5-e13c-42f9-95f5-d2a3acc93b25,ending only,2024-06-17 16:23:59.043869,2024-06-17 16:23:59.043869
fa2da015-a106-44e9-8070-ea2b06ae9c92,82a71fc7-c918-487c-a286-4455d07d39a9,unfinished,2024-06-17 16:24:29.871429,2024-06-17 16:24:29.871429
991d8b8f-d050-4a0e-92ae-5a0601430e74,82a71fc7-c918-487c-a286-4455d07d39a9,proceeded by 'November Rain' (Guns ‘N Roses) piano intro,2024-06-17 16:24:29.881193,2024-06-17 16:24:29.881193
06cd7451-458e-4488-bb84-7b2be62b5949,2da60090-f5c6-4a97-9bac-52da13cbc354,ending only,2024-06-17 16:25:15.486747,2024-06-17 16:25:15.486747
f97c7eb2-bb1d-45ba-b258-51896843dcf8,0c094b6b-0164-4ff2-9f00-3832eec425d7,with 'Save the Robots' ending fakeout,2024-06-17 16:25:42.775625,2024-06-17 16:25:42.775625
7d91ac0f-356f-4bcf-bd3c-d93d5b0a7892,0c094b6b-0164-4ff2-9f00-3832eec425d7,unfinished,2024-06-17 16:25:42.785718,2024-06-17 16:25:42.785718
79a7738a-c9fb-4498-9a0d-02dc7f15dfca,6d515132-758d-4acb-8291-0aff0698e1cb,unfinished,2024-06-17 16:25:48.643875,2024-06-17 16:25:48.643875
978e0cd4-407d-46b7-b33c-5be216bf6835,4e6b5bce-af45-44e1-a4a7-c817afaa399e,with ‘In Memory Of Elizabeth Reed’ (The Beatles) tease,2024-06-17 16:26:33.254194,2024-06-17 16:26:33.254194
1737af83-28bb-44cf-8718-566e7c80397d,9a808f4b-f97f-4fd4-a335-3758b643cc25,ending only,2024-06-17 16:26:40.690537,2024-06-17 16:26:40.690537
f077e312-9d97-467a-b71c-8ca97d846c01,b196326a-9e81-4c1d-b59d-b14851b0dd82,unfinished,2024-06-17 16:27:08.607277,2024-06-17 16:27:08.607277
6a62667c-ee08-429c-acb9-2790c7ff03d5,bafa15e1-51a0-4d19-a4a5-595df32cfeee,ending only,2024-06-17 16:27:21.248311,2024-06-17 16:27:21.248311
eb848f10-ef87-4a61-9134-ae939955cb4e,588382d8-23b9-4e7f-baf2-eb33c4048a7f,with ‘Moonlight Sonata’ (Beethoven) intro,2024-06-17 16:27:49.775975,2024-06-17 16:27:49.775975
2cf31aa5-ad14-4a51-b461-e942ad91186f,4a0971c4-58cf-4fb7-8493-707ba7ff9165,unfinished,2024-06-17 16:28:17.627668,2024-06-17 16:28:17.627668
2b4e349f-b38a-4b58-bffc-8446e32a4f48,93b8dd09-55e1-4c0b-bc2b-e2fd9b015ac2,with 'Smell the Funk' ending,2024-06-17 16:28:24.497078,2024-06-17 16:28:24.497078
abf95903-16a6-405b-9abc-d17350e0c5ea,c0374791-516c-4cfb-a231-1e754847f8b8,with David Northrup (Travis Tritt Band) on drums; without Allen,2024-06-17 16:28:31.929461,2024-06-17 16:28:31.929461
5840bed2-ff06-40e0-bda9-6d9958493793,730a37d7-f6ee-4a10-afd0-5cc4c4813a72,with ‘House Dog Party Favor’ tease,2024-06-17 16:28:46.631327,2024-06-17 16:28:46.631327
783a8df1-bef8-4f40-b297-8d8307ec9a2f,1446dc73-6c1b-45af-b837-f34465e24234,with ‘Aceetobee’ tease,2024-06-17 16:29:02.354957,2024-06-17 16:29:02.354957
2fa25ed7-d9df-4bad-a00a-4bb3afe1c12f,1446dc73-6c1b-45af-b837-f34465e24234,unfinished,2024-06-17 16:29:02.365834,2024-06-17 16:29:02.365834
49f7a855-ae41-4d9c-8b89-717876c3bdcc,87677fc6-1551-44ca-8c9b-6bd93e870c07,unfinished,2024-06-17 16:29:27.588852,2024-06-17 16:29:27.588852
336708f3-bd50-469f-8061-ecb40cac5a50,d2edadba-cf6b-4a8c-9d99-fca6c129e575,completes 10/16/07 version,2024-06-17 16:29:37.563253,2024-06-17 16:29:37.563253
18a41d35-f66f-499d-8706-1960f1c540a1,29fb0465-9d66-4cc4-83b0-fae44862645a,unfinished,2024-06-17 16:29:42.534125,2024-06-17 16:29:42.534125
5da1d858-3b01-4a75-8e98-74b69eed3d4f,1b4ef21b-df6e-4e9a-bfb1-0d285d87e2b6,with ‘007 Goldeneye Theme (N64) tease,2024-06-17 16:33:40.232001,2024-06-17 16:33:40.232001
4e9f1a96-a0e9-4acc-a609-f87733a34746,a3e40b8f-b805-4be0-93ad-f2bd7b1a18ce,unfinished,2024-06-17 16:33:56.762051,2024-06-17 16:33:56.762051
8456ed10-3373-430f-9168-e08c4808b2be,c35da121-a761-4f87-8e14-44dc9635399c,unfinished,2024-06-17 16:35:00.645287,2024-06-17 16:35:00.645287
c12b970c-59b1-40e8-b899-7266dbc7a507,e1765f2b-b536-4cf3-9857-fbbb321f36fa,completes 4/9 version,2024-08-11 11:43:36.082651,2024-08-11 11:43:36.082651
ae2b0597-a6b9-47ef-864b-4891ba16301b,48ef5003-17aa-4392-ae38-456f3ef27a19,unfinished,2024-06-17 16:35:07.096552,2024-06-17 16:35:07.096552
618bbc4d-a93f-4658-afea-4896d1265de3,fd49a15b-d210-4304-a706-cc34189fd73c,ending only,2024-06-17 16:35:14.738857,2024-06-17 16:35:14.738857
bdc168a6-0b22-44d9-8239-7e3993ebfb47,22064717-aa1b-4721-9209-eb5af04777ed,with ‘Astronaut’ tease,2024-06-17 16:35:28.492910,2024-06-17 16:35:28.492910
358c834d-8ecb-4d16-b3ac-4c27d2c68538,4feb3b08-bb68-46ec-9546-9c64c6084cb3,ending only,2024-06-17 16:35:37.983011,2024-06-17 16:35:37.983011
63e992cf-d7b7-4deb-92b3-c743a6e0f78b,94bd8815-0ac4-4228-967b-c5b4e4494268,unfinished,2024-06-17 16:36:03.908339,2024-06-17 16:36:03.908339
436e65e6-8a43-45f6-bb8e-16690611122d,41b23962-0be7-4fd0-8f88-a8e84683be24,unfinished,2024-06-17 16:36:09.229417,2024-06-17 16:36:09.229417
e14cc2aa-fc80-4ab8-8ac3-94e23e51f51b,cd63801e-e3e8-4012-ac4d-581606a001a6,unfinished,2024-06-17 16:36:19.183370,2024-06-17 16:36:19.183370
abd2ea2c-c89f-461e-9476-4ef8543398b2,926071c5-0a72-4f9b-9c1a-30064ccfebd2,completes 10/26/07 version,2024-06-17 16:36:28.205520,2024-06-17 16:36:28.205520
08f658e4-a168-4c81-a2e9-cd231328ce8d,20be2043-779e-4610-a1e3-863785e45b42,dyslexic completion of 10/19/07 version,2024-06-17 16:37:02.592337,2024-06-17 16:37:02.592337
51752e4a-7661-4dc9-bb3c-970a5277b425,9c4a3624-fc8c-47f3-a588-022aa3d3c3d1,unfinished,2024-06-17 16:37:25.905712,2024-06-17 16:37:25.905712
9737e75c-c9cd-456f-94e2-6b9138c4c3d6,2440aadb-0731-434a-9c91-0a6465c985bc,completes 10/26/07 version,2024-06-17 16:37:38.507320,2024-06-17 16:37:38.507320
4bdf9aaa-be35-4e9a-a18f-3987e71e21e4,9ccf8e0c-dbf3-4add-817e-d674fa1c29de,unfinished,2024-06-17 16:38:02.916176,2024-06-17 16:38:02.916176
eb6a6e95-1c54-4350-a8f6-df1693cb3cca,b84b5400-f4fa-404c-aa14-a9856add189c,unfinished,2024-06-17 16:38:08.368978,2024-06-17 16:38:08.368978
c74c889d-f692-488e-adf9-6564fff02875,6d3366d7-377b-49d4-ab2b-e70d5bad93e4,ending only,2024-06-17 16:38:16.402957,2024-06-17 16:38:16.402957
324be4a8-8aaf-41b6-af36-8eeeda1e5721,30bd2717-242a-4731-bf14-c542beeb1548,with 'Orch Theme' tease,2024-06-17 16:38:43.683153,2024-06-17 16:38:43.683153
245104dc-15a3-4469-a426-dbcf1ea1ed31,1803862a-14fd-426a-b76d-55914c71470f,with ‘Voices Insane’ tease,2024-06-17 16:39:14.617917,2024-06-17 16:39:14.617917
ddbf8fa9-591d-44bf-85c9-c7411c313372,69ed3591-9ca3-4759-93db-0b5bf133c639,dyslexic version,2024-06-17 16:39:54.350184,2024-06-17 16:39:54.350184
c1e37446-fe02-41e4-900c-b57d10fa7847,17b2984c-7976-4026-91a9-c4ed96e23297,dyslexic version,2024-06-17 16:40:03.748852,2024-06-17 16:40:03.748852
bbff42cc-178e-4df5-9066-6e2a79c6e1ae,cbb0a81c-13c7-49cd-926c-1f5977620d3a,with Tom Hamilton (Brothers Past) on guitar and Joe Russo (The Duo) on drums,2024-06-17 16:40:45.252033,2024-06-17 16:40:45.252033
1cbb1ab0-66ba-47bd-8cb5-20aea18b888e,8e6eda30-50e3-421f-87b6-acc5599e0a07,with Tom Hamilton (Brothers Past) on guitar and Joe Russo (The Duo) on drums,2024-06-17 16:40:52.087398,2024-06-17 16:40:52.087398
7abb5878-695a-4e0f-8d1e-e2c2c846f406,41473d5b-b1ba-4576-96a6-dd6016651806,with Tom Hamilton (Brothers Past) on guitar and Joe Russo (The Duo) on drums,2024-06-17 16:40:59.227798,2024-06-17 16:40:59.227798
d7ee4be7-7a8d-4e5f-9b17-f547a78b1389,41473d5b-b1ba-4576-96a6-dd6016651806,with Allen on percussion,2024-06-17 16:40:59.240827,2024-06-17 16:40:59.240827
8fe08e71-2893-47e7-ba7b-a982c07fd722,fca10743-9084-4be6-ae8a-09fa9b002602,with Al Schnier (Moe.) on guitar,2024-08-11 11:44:01.701361,2024-08-11 11:44:01.701361
ac9958ca-1b69-49a8-8d88-3b7a3be9d736,bb8a036d-d1fd-4b72-9454-4c6061112f2e,with 'HIbbage' tease,2024-08-11 11:46:16.577531,2024-08-11 11:46:16.577531
746d7963-ce9a-4ec1-84bf-63dbd9471c64,b93ef9dd-0550-4383-b35f-c670b83a7d06,completes 4/13 version,2024-08-11 11:46:39.977678,2024-08-11 11:46:39.977678
e7be26b9-8836-41d2-82cd-020f0edababb,3a6cc155-191b-418b-b050-e63eab93f62f,completes 4/12 version,2024-08-11 11:46:47.653329,2024-08-11 11:46:47.653329
78474e0d-a037-4bb9-8811-450634db25dd,0c22ed9e-4ec6-4450-8dbf-af564924b1cf,with Joel Cummins (Umphrey's McGee) on keys,2024-06-17 16:41:30.153306,2024-06-17 16:41:30.153306
c2ded1dc-1ca0-46d2-86bc-c8743001cd6a,4a0dbaa1-22d2-4bcc-843a-231a52f321cd,unfinished,2024-06-17 16:41:57.648438,2024-06-17 16:41:57.648438
1f838df3-b36e-4129-81a9-c8a2a3e9ed8a,67227e1c-94ba-44de-a437-e39e97b1576a,unfinished,2024-06-17 16:42:06.601978,2024-06-17 16:42:06.601978
ab7fbe75-fa54-48b2-892a-205eb8e0a850,9996605c-517f-4e9b-b863-7b0d89bb07db,unfinished,2024-06-17 16:42:37.515018,2024-06-17 16:42:37.515018
2e663eba-55f8-44de-b15d-60fdb2975394,157d13d6-c0c9-4173-b0e8-8d0523bf3d68,unfinished,2024-06-17 16:42:43.793315,2024-06-17 16:42:43.793315
ce012510-4628-4f5d-b955-5d0bdd0fbb44,4801bd83-f602-4093-a671-8680149b767a,unfinished,2024-06-17 16:42:49.936472,2024-06-17 16:42:49.936472
290c8e2f-e19f-48b6-9147-b2fda4ad8c60,044808be-dc23-4d85-b04b-9c36b92e70b8,with Tom Hamilton (Brothers Past),2024-06-17 16:43:20.888091,2024-06-17 16:43:20.888091
03cadad8-c24c-4a04-ab73-43346a4e1ab0,7aed996a-4acc-4a93-8e10-0730a77a9844,with Tom Hamilton (Brothers Past),2024-06-17 16:43:27.517293,2024-06-17 16:43:27.517293
327157a1-78ab-4d6d-a3b8-a4f54d1e4966,3443340e-a823-4499-b13f-8d4f29265666,unfinished,2024-06-17 16:43:34.001616,2024-06-17 16:43:34.001616
b578fa62-97f1-4858-b2b5-21cd51f82de3,1f3c9b99-e03d-4c97-8708-3d50b91c16ce,unfinished,2024-06-17 16:43:39.527002,2024-06-17 16:43:39.527002
8bef505e-178a-479a-9d18-3d737b6fe838,9fb789df-369e-47a0-b6fe-859e0c1fcf1e,unfinished,2024-06-17 16:43:47.549994,2024-06-17 16:43:47.549994
e3e03bf8-3f6e-472a-9c24-3d77c0939f38,a6962800-3b31-48e1-a923-75a0f68e4196,unfinished,2024-06-17 16:43:53.253011,2024-06-17 16:43:53.253011
636c92ae-dde4-4eef-9320-f644690ed81a,69c95bff-8c2e-4a82-961f-93ea110f9b58,ending only,2024-06-17 16:44:10.088895,2024-06-17 16:44:10.088895
11010217-0215-49f4-bb94-637279b75653,d46e1426-f4eb-45dd-92eb-6ba27416da83,unfinished,2024-06-17 16:44:44.590308,2024-06-17 16:44:44.590308
0d9686db-67cc-46d7-9dd9-6e8c74134ce2,4ce998ff-ae77-43db-bea6-4314c7daa377,ending only,2024-06-17 16:44:52.181763,2024-06-17 16:44:52.181763
bbfc55d1-f7b5-4794-bb15-0b69743ef7eb,2f7f3349-d004-481e-a768-f70648c460ef,with Antibalas horns,2024-06-17 16:45:41.049644,2024-06-17 16:45:41.049644
3b03a0de-7625-43e1-9b20-f9713aee00e4,2f7f3349-d004-481e-a768-f70648c460ef,with New Years Countdown,2024-06-17 16:45:41.059883,2024-06-17 16:45:41.059883
20d3d5bd-de95-4f75-aa77-838415daef49,2f7f3349-d004-481e-a768-f70648c460ef,with 'Billie Jean' + 'Thriller' (Michael Jackson) teases,2024-06-17 16:45:41.068069,2024-06-17 16:45:41.068069
50cb98b1-8236-4d99-a5ef-abcac3cb7249,051790ab-75fc-4a37-b43d-19798ce120cb,FTP (Michael Jackson),2024-06-17 16:45:58.435576,2024-06-17 16:45:58.435576
c6b97518-1c09-4c42-8ce2-8e94914e7a3a,051790ab-75fc-4a37-b43d-19798ce120cb,with Keller Williams on vocals/guitar & Antibalas horns,2024-06-17 16:45:58.446481,2024-06-17 16:45:58.446481
2ffea666-d6da-4ad3-bf9c-626efb8db3bf,bbb5f0f7-e7da-49dc-ab07-b874da374567,unfinished,2024-06-17 16:46:09.795823,2024-06-17 16:46:09.795823
a7764dd9-d3c5-4191-bee6-31527c0cb356,c97d4eb2-357e-4fe4-b6e3-029c8863629b,ending only,2024-06-17 16:46:18.216311,2024-06-17 16:46:18.216311
6ea64aad-2a8b-4b2e-9e3f-d6f70f64619b,f2fd5e96-f8b5-4511-a5ee-471c61ce91f2,unfinished,2024-06-17 16:46:29.147947,2024-06-17 16:46:29.147947
3ad44ba1-f03e-45f0-98a0-b686098fa676,f2fd5e96-f8b5-4511-a5ee-471c61ce91f2,with Dean Tovey (Skydog Gypsy) on guitar,2024-06-17 16:46:29.158372,2024-06-17 16:46:29.158372
524aeed8-b32d-41fd-94b7-c01670aa9a95,53e6edac-27b5-46a6-ac3f-f9a2592cd190,with 'Vassillios' tease,2024-08-11 11:47:01.534729,2024-08-11 11:47:01.534729
b9786329-5df5-4077-ba70-ed2e81e37634,4a8abab7-677a-40bc-a0cb-070d8864f1f3,with 'Little Betty Boop' tease,2024-08-11 11:47:15.611005,2024-08-11 11:47:15.611005
8eeccba1-c691-411d-9085-31590f77326c,79d0b0a9-657b-4480-9a56-e982d1b310ef,completes 12/27/07 version,2024-06-17 16:47:07.570107,2024-06-17 16:47:07.570107
46c44dc6-9088-4d20-b519-a0f4eee92996,cfd037f0-de1b-49d6-9df4-104e4dad6da4,completes 12/30/07 version,2024-06-17 16:47:15.261916,2024-06-17 16:47:15.261916
d8fedfd0-a879-4e48-94e0-7df4ee8e0cf3,f0cfae76-9963-477a-9e82-4141edcc5040,dub version,2024-06-17 16:47:59.949644,2024-06-17 16:47:59.949644
cf665206-0ab5-401e-9b5b-898a5ab9c89b,9a026559-28de-473e-9ba0-3bdf069c97e7,unfinished,2024-06-17 16:48:05.258138,2024-06-17 16:48:05.258138
77f02a22-9917-4837-8ff2-3f2df2cc916c,c87a9811-fd95-4b3e-95ae-f1bf4f1b8863,dyslexic completion of 12/29/07 version,2024-06-17 16:48:13.893855,2024-06-17 16:48:13.893855
242bd09a-b04e-4155-8733-eea496d817a8,780730da-1b4f-49cd-a050-98d05a842609,completes 12/29/07 version,2024-06-17 16:48:21.302403,2024-06-17 16:48:21.302403
d8a27929-8ca7-413d-8974-43f81a0d6419,430aac96-b328-4b77-a9b9-1fd2a001f8d2,unfinished,2024-06-17 16:48:26.654630,2024-06-17 16:48:26.654630
2901c4b4-0aaf-45b1-b120-ebba6747c0d5,f9ef6035-8979-4328-8483-2108186eeb37,completes 12/29/07 version,2024-06-17 16:48:39.949061,2024-06-17 16:48:39.949061
049450b5-e6e3-40b2-aa83-1bb298ee6594,4c218d6c-45e6-4950-98bd-10e2318700cf,with Sam Altman on drums,2024-06-17 16:48:46.662368,2024-06-17 16:48:46.662368
b5bf0aac-5d18-476e-b802-0ddf031a36cc,0e2eb805-a9c8-49e9-8dec-d5cc1841f2f7,original version,2024-06-17 16:48:56.794242,2024-06-17 16:48:56.794242
ceec717f-9cc7-4d2b-a915-61fbf1f73bf9,349bca31-de32-4467-9038-c3d36bf6d2ef,unfinished,2024-06-17 16:50:48.967126,2024-06-17 16:50:48.967126
90d323f5-c793-4510-963d-1021010266d1,aaa8e4fd-7ef4-443b-84e9-3682a9aff547,dyslexic,2024-06-17 16:51:16.884045,2024-06-17 16:51:16.884045
6ead0871-8347-4478-aea4-f3173d6db787,9182f747-3ea7-4d6d-9798-d34c59c3c945,dyslexic,2024-06-17 16:51:24.858492,2024-06-17 16:51:24.858492
0b79af3e-d176-45fb-a542-07831d9743c5,b7931f73-5ffa-4582-a9eb-8259fac481db,dub version,2024-06-17 16:52:13.859766,2024-06-17 16:52:13.859766
203b6cfc-a68c-4294-b589-e5a95e7d5ca8,ee3933d5-d40e-4e4c-b783-f070c053d15a,with ‘Helicopters’ tease,2024-06-17 16:52:47.990648,2024-06-17 16:52:47.990648
3e8faeab-b5ae-4dcb-890c-c8080b8b8377,d08f0e69-8517-4451-88c4-69abf7c46fa9,with Brendan Bayliss (Umphrey's McGee) on vocals,2024-06-17 16:53:14.189658,2024-06-17 16:53:14.189658
690ebd36-d4de-46db-b43c-4c170b2cccd2,fc692d63-1216-4c5a-b917-4ba3f08cffa7,dub version,2024-06-17 16:53:45.395612,2024-06-17 16:53:45.395612
eb714153-78b5-4663-a4be-a95474372644,aa5d5578-4e13-4fcd-81e8-e2977cd203ba,unfinished,2024-06-17 16:54:15.041766,2024-06-17 16:54:15.041766
5d734d85-9f93-48d8-8e1f-5ba9919f9a47,7fc92898-2c78-4603-92cb-eaf6dced8d95,dub version,2024-06-17 16:54:44.412639,2024-06-17 16:54:44.412639
8452ba8b-cd94-4100-924a-fcde03a573f4,7cb7efa1-ca73-4294-bf06-033fce37e13f,inverted ,2024-06-17 16:54:55.630024,2024-06-17 16:54:55.630024
1c783885-c167-4b7c-a748-bb014da8f84e,7cb7efa1-ca73-4294-bf06-033fce37e13f,Last Time Inverted 9/19/01 (279 shows),2024-06-17 16:54:55.640444,2024-06-17 16:54:55.640444
4496517a-7de0-4212-8d38-fdc6befe841f,e089b6e7-b2f5-4052-b756-ccdfc9390b09,dub version,2024-06-17 16:55:27.183562,2024-06-17 16:55:27.183562
b1af777f-b059-413d-a7d1-40aa45a17820,8f9acdb2-4284-4d72-8c9d-fe9fa81791a4,perfume version,2024-06-17 16:55:53.253528,2024-06-17 16:55:53.253528
041a921b-8eec-47d2-b41e-fa8b95c98ad3,8066e33c-504d-48ac-b2e6-1f6889f17aaa,dyslexic completion of 04/21/06 version,2024-06-17 16:57:39.076810,2024-06-17 16:57:39.076810
7af966a4-2e22-45fa-a01f-e07ad1dbf123,d5dd2b2e-9f3e-4e9d-94d9-47e4529abbe9,middle section only,2024-06-17 16:57:49.664208,2024-06-17 16:57:49.664208
d8fd1e08-00cd-45c1-bf5c-cd647f2a43fa,4875ca41-20b8-4b36-abc7-180302f8891f,completes 04/18/2006 version,2024-06-17 16:57:58.414650,2024-06-17 16:57:58.414650
75518ec5-5743-498c-a1dd-f498113bd4af,8925ec6e-481a-4efc-960a-f975c50597cd,with dance contest,2024-06-17 16:58:04.800785,2024-06-17 16:58:04.800785
5045173d-cc73-45e3-b200-f242a20ee9fd,bea1d542-b712-44f2-8d56-a85de6e5aae3,ending only,2024-06-17 16:58:29.527489,2024-06-17 16:58:29.527489
f8e62472-5d3c-46e1-814a-34998ef452ef,ed5e0e05-abbb-40c0-8c68-b2ebe80d0ba4,dub version,2024-06-17 16:59:13.538621,2024-06-17 16:59:13.538621
2cb806c7-598d-45d9-8c7e-ee2abb2037d3,59fefadd-2fa5-4990-8fcd-faf600d20d9a,dyslexic,2024-06-17 16:59:42.013571,2024-06-17 16:59:42.013571
80023853-89cb-4ec3-ae34-eed793316de5,6795577e-8186-488e-8f1f-74b3b49accdb,dyslexic completion of 5/5/06 version,2024-06-17 17:00:10.144392,2024-06-17 17:00:10.144392
4a373a68-98cf-4674-8b7a-1845d1fd162a,635f9df6-b498-4764-932e-2de8c374ade1,dub version,2024-06-17 17:00:51.876703,2024-06-17 17:00:51.876703
8cbd2d29-659b-40c7-a7c0-eda75c390bee,01b33710-6026-4c6f-8974-5933a57cb097,with 'Largo al Factotum' (Rossini) teases,2024-06-17 17:01:43.954542,2024-06-17 17:01:43.954542
592510db-a226-46c2-8a43-a01ed871b051,d5816af3-c1fc-470c-baba-abdd0206daf1,intro only,2024-06-17 17:01:50.990216,2024-06-17 17:01:50.990216
cf5d5a28-0144-4602-9846-1bce128d8b03,4f43a8b4-ce40-4d77-9bac-425250e79189,inverted completion,2024-06-17 17:02:00.987752,2024-06-17 17:02:00.987752
994f4995-8590-4e48-9136-f54f96d33c26,5d142104-fc32-445e-bc05-544a360b0d8e,with Al Schnier of (Moe.) on keyboards,2024-08-11 11:45:38.208774,2024-08-11 11:45:38.208774
0d55161b-8c10-4163-a8b3-7cce97df0c61,0d29dbf4-95d5-4322-9c52-955abe1c7985,unfinished,2024-06-17 17:03:04.203027,2024-06-17 17:03:04.203027
e29e9c2d-54bc-487b-890e-045501bc3de4,928862fa-bffc-4dd9-beed-57a77b64bf2c,unfinished,2024-06-17 17:03:09.146867,2024-06-17 17:03:09.146867
323d4d22-25a7-4b20-a6f1-98ff26787078,e48db7e8-5a61-4ce5-9d4d-e08e838b8f4f,unfinished,2024-06-17 17:03:17.530350,2024-06-17 17:03:17.530350
730dd33b-ca97-47b8-839c-a74075dde9e9,4dd8b24d-0a2c-4cf1-bceb-c13450c0d37e,with Brendan Bayliss (Umphrey's McGee) on vocals,2024-06-17 17:03:48.546293,2024-06-17 17:03:48.546293
da6efe80-1e51-4314-b38c-9329c5d4442b,f91055eb-1fcc-4f87-a380-9d3fdb3ce91a,ending only,2024-06-17 17:04:23.074984,2024-06-17 17:04:23.074984
2fed4715-5760-41d5-bd13-27bad6210486,d59c15d4-6f6f-4f52-a44b-888254d3b167,with Elliot Levin (Sun Ra Arkestra) on flute,2024-06-17 17:04:44.529565,2024-06-17 17:04:44.529565
0cfeb3b6-6844-4762-addb-a15fb750da8e,a6da1dcc-b334-4eb6-9e47-e810be150bb3,with ‘Three Days’ (Jane's Addiction) teases,2024-06-17 17:05:36.948441,2024-06-17 17:05:36.948441
32064287-c150-40f8-b463-c70fa7f013fa,13a1f35e-ac90-4e27-9fba-a0eae9a18256,dub version,2024-06-17 17:06:03.775160,2024-06-17 17:06:03.775160
058a353f-f146-47b0-8de6-f6147879edad,20abf636-386c-4112-83e6-c6c06d2ec93f,with ‘Cyclone’ fakeout,2024-06-17 17:06:21.309031,2024-06-17 17:06:21.309031
882addd9-00f0-4a52-9424-4012fc89c8a7,20abf636-386c-4112-83e6-c6c06d2ec93f,dub version,2024-06-17 17:06:21.319481,2024-06-17 17:06:21.319481
d1d3ced6-8682-4b1c-b38a-a6131d1972ae,2438f10b-abc7-4e7e-8dee-1b1755aabed1,original version,2024-06-17 17:07:01.489885,2024-06-17 17:07:01.489885
f5d24e61-86b0-42f1-a193-33c6b9aea7ce,ff76f589-374a-42f9-a53c-3754e22ab60e,with Tom Hammilton (Brothers Past) on Guitar,2024-06-17 17:07:10.519876,2024-06-17 17:07:10.519876
834dfef6-8b18-40f6-b73c-d7c8691bc59f,c7a8ee77-ac4d-4d5c-818a-c6b02e763929,with Tom Hammilton (Brothers Past) on Guitar,2024-06-17 17:07:16.677777,2024-06-17 17:07:16.677777
ce6b58fe-f1d6-4127-8141-246d680bed09,a3ccbc31-358b-4870-9346-9cfea6f3b8bf,dyslexic version,2024-06-17 17:07:58.882479,2024-06-17 17:07:58.882479
228d4c2b-b8ad-4cb5-b118-17b027a8ff17,a3ccbc31-358b-4870-9346-9cfea6f3b8bf,with the Boston Symphony Orchestra Choir,2024-06-17 17:07:58.893167,2024-06-17 17:07:58.893167
97908922-4e9f-4dd5-9a4f-e64966a6d71a,affb9ee2-0848-4d06-b345-9265fa70df3d,with the Boston Symphony Orchestra Choir,2024-06-17 17:08:26.708755,2024-06-17 17:08:26.708755
2a74e514-ecce-4b93-a2b0-8e121e19b2da,6132c872-0200-4472-9abf-be496a6437d8,dyslexic version,2024-06-17 17:08:37.303727,2024-06-17 17:08:37.303727
c4852a90-86bb-49cd-a6de-e6ae1b205a11,6132c872-0200-4472-9abf-be496a6437d8,with the Boston Symphony Orchestra Choir,2024-06-17 17:08:37.314062,2024-06-17 17:08:37.314062
13c74c1c-e34c-4dd7-8efc-df690d783839,109499cd-c024-4a81-95ea-af1fe108c246,FTP (Carl Orff),2024-06-17 17:08:58.382703,2024-06-17 17:08:58.382703
b8aa02ac-f076-4ff0-a4a5-9fe254ba92f8,109499cd-c024-4a81-95ea-af1fe108c246,with the Boston Symphony Orchestra Choir,2024-06-17 17:08:58.392715,2024-06-17 17:08:58.392715
2bbaf0a8-c625-43c4-b81f-3cc5e2addc51,1d0ea50d-9cca-41b7-a2dd-5556d19ce229,with 'A Love Supreme' (John Coltrane) intro,2024-06-17 17:09:43.699651,2024-06-17 17:09:43.699651
a6f20fd7-6615-4130-a1b6-ac8f7ec8006a,9d4e610d-49bc-4e5f-8c1a-5e143fec72d3,"Aaron, Allen and Shawn on stage",2024-06-17 17:09:50.861273,2024-06-17 17:09:50.861273
d3c09a30-5b89-43a4-8e4f-86c657a8834d,6ab7599e-2aee-4e5c-afba-38a12039ca48,original version,2024-06-17 17:10:33.338838,2024-06-17 17:10:33.338838
a2e94d5d-1e73-4640-ae96-64e84c1b0c6f,20bbf975-736d-42f0-a128-878174ba655e,"Aaron, Allen and Shawn on stage",2024-06-17 17:10:39.312663,2024-06-17 17:10:39.312663
9f120fc7-0afd-4cbc-8a9c-cc68667ca051,dd32d3ca-3191-453e-8a79-a246470b77a9,with Scott Metzger (RANA) on guitar,2024-06-17 17:10:47.287719,2024-06-17 17:10:47.287719
3f531756-43b8-4f8b-baac-bc605d438ce7,d8ec9e22-78d7-4f84-a7ab-3e141d04547e,with Scott Metzger (RANA) on guitar,2024-06-17 17:10:55.579897,2024-06-17 17:10:55.579897
61f40701-d250-4e16-93b1-fe903e8aa6fe,3eaedfcb-34a1-41ce-a9be-c541b18701e1,unfinished,2024-06-17 17:11:34.011435,2024-06-17 17:11:34.011435
9ee5b2e2-ac2a-4de0-93f0-1ed74b04e300,b79cc7e1-ca4c-4e4e-a24d-e940b356ef9e,with 'Izzo (H.O.V.A.)' (Jay-Z) chant,2024-08-11 11:45:51.225536,2024-08-11 11:45:51.225536
ca0878a5-236a-422f-9395-46a9088e2f33,945ffdb3-e408-47cb-942a-ed3dc35023c1,inverted,2024-06-17 17:30:57.597777,2024-06-17 17:30:57.597777
f222369a-788e-4564-af80-0712252aff57,945ffdb3-e408-47cb-942a-ed3dc35023c1,with 'Berstein and Chasnoff' fakeout,2024-06-17 17:30:57.609117,2024-06-17 17:30:57.609117
4b94b309-2a61-4c1b-abbf-e0bc9a127148,4adb270c-1ae6-4bea-a20d-114ea77c9aaa,middle section only,2024-06-17 17:32:25.887448,2024-06-17 17:32:25.887448
835f94f5-026e-40c8-83f6-a84a1a712a8f,18487fb3-1afa-48ce-ae47-c757cbe3952f,unfinished,2024-06-17 17:32:35.497127,2024-06-17 17:32:35.497127
4acdc729-7ac8-48fc-9c4c-99849172bc4e,17b50bcb-7e4c-433d-959c-e9e03ef91545,completes 11/14/06 version,2024-06-17 17:32:47.363506,2024-06-17 17:32:47.363506
812cf33d-0775-4d06-8416-53ec7549fd32,8d91d8ea-7f57-4dd7-853c-ff9e68b2e120,unfinished,2024-06-17 17:54:22.889773,2024-06-17 17:54:22.889773
b86ea573-751f-4621-a8a6-30122302c130,39118673-172c-4441-b056-ffcb1b6e817c,completes 11/17/06 version,2024-06-17 17:54:32.610721,2024-06-17 17:54:32.610721
9108e2d0-612b-4309-bcc1-e170116ab549,480955cc-0bf3-40e6-ad26-4c041435b12c,ending only,2024-06-17 17:55:13.898661,2024-06-17 17:55:13.898661
212c037a-be3b-4bcf-a9b6-b41bea9ce334,064a3adb-a2fd-4044-8a06-d65998e54653,unfinished ,2024-06-17 17:56:46.434302,2024-06-17 17:56:46.434302
4eaa6b42-7404-41b3-a431-5377806dc2ff,d6f08371-c2c8-462e-bc26-26f7faf23e74,with Brendan Bayliss and Joel Cummins from Umphrey's McGee.,2024-06-17 17:56:56.797096,2024-06-17 17:56:56.797096
fa819bca-0d8b-47f9-9d8a-529071931890,832870cf-4850-41bd-814d-1247ec7427b7,"with ‘Frog Legs’, ‘Aquatic Ape’, ‘Boogie Stop Shuffle’, ‘Above the Waves’, & ‘Shelby Rose’ teases in intro",2024-06-17 17:57:48.734364,2024-06-17 17:57:48.734364
42802629-8c18-4677-ae77-60f5155bce93,ad19640f-bdb3-4a00-b8c9-7f3ab9c811c6,unfinished,2024-06-17 17:58:13.246791,2024-06-17 17:58:13.246791
957026fe-e605-41e4-ae34-08b94e82707e,820e38cf-cfc7-4d24-9c11-77622ecacf8c,unfinished,2024-06-17 17:58:19.084820,2024-06-17 17:58:19.084820
72db1426-403b-4b22-b9ac-d0ea4d68876d,71b1153e-9dbf-40ea-8cf1-9e57a0c664e7,completes 7/22/05 version,2024-06-17 17:59:05.959918,2024-06-17 17:59:05.959918
3d00b014-8510-4a86-9df4-454918975798,be8de088-1e28-4791-aaee-202ca77408e8,completes 7/22/05 version,2024-06-17 17:59:13.836983,2024-06-17 17:59:13.836983
b4f2acb0-5ea9-4469-9927-4ef0f237c229,710617f4-39e1-47c8-a178-7a72248b86e7,with 'We Want the Funk' (Parliament) tease,2024-06-17 17:59:23.569274,2024-06-17 17:59:23.569274
42e0c5d2-7783-4cb3-a849-08c0dc9d0c05,9545dd34-b14c-4a72-a69a-3b2653cd6590,with Danny Riser on drums,2024-06-17 18:01:51.087486,2024-06-17 18:01:51.087486
530754eb-c123-4887-9f89-b3006bb82828,58278c1d-8617-4ef1-b93a-13474b335f2b,with Danny Riser on drums,2024-06-17 18:01:58.675991,2024-06-17 18:01:58.675991
b16a61d2-1787-4ffa-9d22-1201957d184f,2f591246-118d-4738-ac66-917e5ba1c442,with Danny Riser on drums,2024-06-17 18:02:06.474265,2024-06-17 18:02:06.474265
173bd0b4-2cbc-4db0-948e-1f4d92fbeebb,5e38f44c-fb63-44ec-8a2d-57d11a1422e9,with Danny Riser on drums,2024-06-17 18:02:16.013427,2024-06-17 18:02:16.013427
2c262f40-3b3e-4bd8-8736-de12606fe021,5d17e90c-242f-4fc0-859e-5de1bf2d553e,FTP (tDB original),2024-06-17 18:02:29.116183,2024-06-17 18:02:29.116183
d7c29354-8b72-4e5c-9928-ff5149f2bd00,5d17e90c-242f-4fc0-859e-5de1bf2d553e,with Shawn Hennessey on drums,2024-06-17 18:02:29.125756,2024-06-17 18:02:29.125756
4fd31ae4-8b14-45d1-962e-56f22cdde42f,d582a064-e872-488a-8726-87292ba14103,with ‘Gamma Goblins’ (Hallucinogen) jam,2024-09-18 19:08:26.173990,2024-09-18 19:08:26.173990
f1ebfb2f-af80-4394-8ed1-f329bb702826,503c0a7f-8a2a-4fb7-bfcc-8d77de433fcf,with ‘Techno Mind Left Body Jam’ (Grateful Dead),2024-09-27 01:38:34.866178,2024-09-27 01:38:34.866178
37a511c8-00f5-43c2-8148-e7bc8c8a4dd6,8b3667ce-9fc3-461b-92c3-ac18deaa3098,with ‘Penny Lane’ (The Beatles) teases,2024-09-28 16:57:54.066585,2024-09-28 16:57:54.066585
314eb692-51f4-4094-839b-4252a539c71c,ba4a4287-1bf2-4861-97e2-7c689faef282,with ‘I Need You Tonight’ (INXS) teases,2024-09-30 18:09:58.698903,2024-09-30 18:09:58.698903
be8abaa6-8285-4a95-b33c-01b1d2318d86,ba4a4287-1bf2-4861-97e2-7c689faef282,with ‘Take Me Home’ (Phil Collins) teases,2024-09-30 18:09:58.819371,2024-09-30 18:09:58.819371
c696edea-e1db-459f-8b4a-5e146f0df3d4,09620f6c-ffa2-462c-9e0a-56d676611a0b,with ‘7-11’ end jam teases,2024-10-03 17:00:33.819028,2024-10-03 17:00:33.819028
cdbe77fa-9b89-4456-ae43-35f7fb435a32,cb3c873f-4eda-4983-ad82-c73b1cccc9a9,ending tag,2024-10-04 04:01:14.324660,2024-10-04 04:01:14.324660
c0525485-4b8e-4087-884b-c16868174904,207954e2-b7ce-4278-8c54-23bb6fc669e8,with ‘Voices Insane’ tease,2024-10-04 16:59:34.653768,2024-10-04 16:59:34.653768
04605f0c-3d3c-49e9-9cbe-6149fccf4520,25ca3df0-ca7b-4927-8105-19f74b84606b,inverted; with ‘Black Velvet’ (Alannah Myles) teases,2024-10-09 10:26:30.460806,2024-10-09 10:26:30.460806
eef24935-4143-4e9c-9320-77eab7ab60b7,479115f2-9e70-4880-8321-a1a613ea190a,unfinished,2024-10-09 10:27:47.046105,2024-10-09 10:27:47.046105
387d2fed-9887-48f9-8460-cd51a956b0e9,479115f2-9e70-4880-8321-a1a613ea190a,with ‘Drunken Sailor’ (Traditional) teases,2024-10-09 10:27:47.102025,2024-10-09 10:27:47.102025
66826d64-d1e2-49c5-8a86-0ad57ebbff71,95eb8dc6-77e3-4849-9c94-9f28304095c2,inverted,2024-10-10 17:21:44.060472,2024-10-10 17:21:44.060472
064d34bc-c83d-4846-b4ff-4c5479484baf,409cf688-79ac-4b2e-870f-884882c8db3e,preceded by ‘Caterpillar’ teases,2024-10-11 14:58:31.184532,2024-10-11 14:58:31.184532
755436c2-f3ed-4d9d-bc62-4417f6239f2a,2c80bb3f-4cfd-41b3-b777-a7133a3ba78f,with ‘Solstice’ (Hallucinogen) jam,2024-10-12 21:22:52.565010,2024-10-12 21:22:52.565010
18e21344-880c-4c60-8486-da5bf6e43207,4e91ff01-f4ed-4851-aa98-d7a413b99f75,FTP (tDB original),2024-06-17 18:02:37.851906,2024-06-17 18:02:37.851906
6279d18f-6032-46ff-ac36-eef595a0adbb,4e91ff01-f4ed-4851-aa98-d7a413b99f75,with Shawn Hennessey on drums,2024-06-17 18:02:37.863414,2024-06-17 18:02:37.863414
2316226c-0490-429b-92aa-7f7b174abe11,fba72049-c5b9-413a-aa7d-728915e06637,with Brian Griffin on drums,2024-06-17 18:02:55.204280,2024-06-17 18:02:55.204280
84f8b135-1b0e-4085-ae31-2bf6f827c397,f25f4171-093f-46f7-bd14-2021119b4f43,with Brian Griffin on drums,2024-06-17 18:03:02.026047,2024-06-17 18:03:02.026047
6f2e9ef7-2c92-4daa-93d0-8226e26cadcd,e0766187-b2e8-4ebf-91eb-f45f629f539d,with Brian Griffin on drums,2024-06-17 18:03:08.865702,2024-06-17 18:03:08.865702
fe3d9802-9194-466e-882a-c75aeecee106,e79f3e52-3a73-437f-b3d1-df4fe93d12c0,with Brian Griffin on drums,2024-06-17 18:03:16.045933,2024-06-17 18:03:16.045933
c41d804c-955b-4263-86e5-4bdfcdbc508e,6116336e-3c41-4bd8-91fc-1fccfedc3c28,with Brian Griffin on drums,2024-06-17 18:03:22.625807,2024-06-17 18:03:22.625807
34f61eb7-0cac-47ed-8510-d6e26a87e8b2,4ef754c3-6bb6-481a-88da-eb4c286302f2,with Brian Griffin on drums,2024-06-17 18:03:31.835286,2024-06-17 18:03:31.835286
db580396-c94f-46f3-88ea-6b7a47f53f97,95921f89-663a-4c96-8201-67370ad4c22e,with Mike Greenfield on drums,2024-06-17 18:04:01.103762,2024-06-17 18:04:01.103762
59bb84d8-d3e9-4e19-aed6-a13c17f2b18d,d722ba12-770f-4756-9e5e-dc6c4517a6a0,with 'The Very Moon' tease.,2024-06-18 10:10:28.007820,2024-06-18 10:10:28.007820
64b87343-08d5-4a2d-a34e-a1c33699e425,40cb8fd3-1668-49dd-82ad-17ea41a7a6e6,jammed almost 25min,2024-06-18 13:05:47.744508,2024-06-18 13:05:47.744508
2779270f-e830-49d3-be7d-5e81873fd707,8303d623-64e3-4338-982b-739fff0e5bcd,with Murph (Sound Tribe Sector 9) on keys,2024-06-18 17:47:37.149118,2024-06-18 17:47:37.149118
1280bd96-358c-4222-8c3b-3c3c49baa0a3,30970d2a-ee7b-428f-997d-5978ec82e465,with Murph (Sound Tribe Sector 9) on keys,2024-06-18 17:47:44.768418,2024-06-18 17:47:44.768418
20cd9352-d632-4141-984a-7408060795dd,4a8abab7-677a-40bc-a0cb-070d8864f1f3,with 'Vassillios' tease,2024-08-11 11:47:15.622677,2024-08-11 11:47:15.622677
2d2a096c-c5ff-4739-ab92-0983f07a5317,a7a254e9-5f47-44bc-948b-4b8d7c6ef4f7,with 'Helicopters' teases,2024-08-11 11:47:52.238901,2024-08-11 11:47:52.238901
662d80d0-07c9-4b9e-b038-6d42b3d07f93,645cd2a8-0f41-40f5-9c05-391ab86de85f,inverted (ending>beginning),2024-06-18 17:52:14.049188,2024-06-18 17:52:14.049188
af8c71db-d52e-46c1-bcd7-e895813f9690,86057bd8-168d-4b62-85f3-a932f5a13f65,middle section,2024-06-18 17:53:20.538978,2024-06-18 17:53:20.538978
6936b390-bd2f-4bcb-8875-91aab4a2a4b0,3960f8e6-c2b4-4dfc-bbe9-6220dd3dc738,preceded by 'Another Brick in the Wall (Part Two)' (Pink Floyd) intro jam,2024-06-19 03:53:46.555544,2024-06-19 03:53:46.555544
6f024a29-2ada-48f5-9aec-316abbcf24df,aa7acafd-4345-47d0-8778-c8c766f22085,FTP (Led Zeppelin),2024-06-19 11:55:38.787860,2024-06-19 11:55:38.787860
b69b9a6d-0f45-46f1-a413-bbe77fddcfa7,aa7acafd-4345-47d0-8778-c8c766f22085,with Keller Williams on vocals and acoustic guitar,2024-06-19 11:55:38.830073,2024-06-19 11:55:38.830073
e6af0464-c14c-48f6-bb45-346aafc08c9c,2aaba2a8-4d72-450d-b8c5-ed968b9d8267,based on ‘So What’ (Miles Davis),2024-06-19 12:06:26.437628,2024-06-19 12:06:26.437628
12f3070a-da4b-4026-8917-b8f17a0f66fb,da96f05f-4899-49c3-8812-87e50cf70228,Eden (Spacecookie Mix),2024-06-19 12:08:15.779688,2024-06-19 12:08:15.779688
d8ada364-05c9-4a5c-a93e-d207419a79bd,86900c1e-0914-4841-a240-f69ca26f82cf,with 'Gamma Goblins' (Hallucinogen) fakeout,2024-06-19 12:09:23.792319,2024-06-19 12:09:23.792319
be4af71f-9940-4ebd-b8dd-76cc095818a2,f61f04b0-ff1c-45f4-b6dc-456b90829962,Eden (Spacecookie Mix),2024-06-19 12:10:49.061673,2024-06-19 12:10:49.061673
d7bd6a10-b3da-4e66-8a61-8c2005019de3,65d992d2-347c-4e7d-9a89-14bd2123f7e4,with 'Thank You For Being a Friend' (Andrew Gold) intro (full band),2024-06-19 12:11:30.335021,2024-06-19 12:11:30.335021
b10844e5-4a09-4a25-a62e-6f459074d1ef,b7ad4254-369f-4cc9-b434-82ec00410fc1,with 'History of the Disco Biscuits 2.0' vocal jam,2024-06-19 12:11:41.651982,2024-06-19 12:11:41.651982
6e03e0e8-7a49-412d-adf0-d520c4cf7e35,5c6031d8-343e-4a78-8ab8-e1a2add8c82a,Eden (Spacecookie Mix),2024-06-19 12:12:20.640897,2024-06-19 12:12:20.640897
049447b2-3b3d-4012-b38a-5180b4cb090b,2a6d7bb5-157f-41f5-ad02-caf3a99884c8,inverted,2024-06-19 12:15:53.129092,2024-06-19 12:15:53.129092
15f41aa7-561a-4418-ae72-f04a92527999,2a6d7bb5-157f-41f5-ad02-caf3a99884c8,Last time inverted 12/31/09 (290 shows),2024-06-19 12:15:53.233698,2024-06-19 12:15:53.233698
a6632d40-67d9-4744-91a6-e94213a5abcf,2a6d7bb5-157f-41f5-ad02-caf3a99884c8,with ‘Billie Jean’ (Michael Jackson) teases,2024-06-19 12:15:53.265216,2024-06-19 12:15:53.265216
4a8b4a6e-f3af-42e4-b6bd-01d51f1afcfe,f5525fa5-3516-4b33-9aae-737169cedaa2,1st time inverted,2024-06-19 12:16:23.415658,2024-06-19 12:16:23.415658
b90c8504-c903-4aae-bd3f-94442ca6a5f2,f5525fa5-3516-4b33-9aae-737169cedaa2,reprise section omitted ,2024-06-19 12:16:23.448757,2024-06-19 12:16:23.448757
f5a9d3ec-9b73-44b9-a3eb-f7a246f38825,7598834d-6432-497f-af11-e7dd5be8317f,with DJ Paul Norman on turntables,2024-08-11 11:48:23.495015,2024-08-11 11:48:23.495015
d71d3762-f064-49ce-a690-8fa166d6efc4,1feff445-8ec4-4e8e-aa86-6ca0b4fd63fd,with DJ Paul Norman on turntables,2024-08-11 11:48:31.721168,2024-08-11 11:48:31.721168
b041b0a5-49b8-4aea-a307-c185b9ae02bc,c1f8b366-443e-41f3-8f06-614d2000cfd4,inverted,2024-06-19 12:18:52.937801,2024-06-19 12:18:52.937801
0491bd67-ffe7-4767-bab9-4f832fd0682b,c1f8b366-443e-41f3-8f06-614d2000cfd4,with ‘Denmark Massive’ (The Join) teases,2024-06-19 12:18:52.959927,2024-06-19 12:18:52.959927
72e56032-3979-45e2-bd48-88871ca514cd,0c938bbe-cfc4-442b-b16c-cd9a2f495e0a,inverted,2024-06-19 12:20:16.314403,2024-06-19 12:20:16.314403
dadf31da-6ec5-4bd8-b81f-ef9480695f85,0c938bbe-cfc4-442b-b16c-cd9a2f495e0a,middle section,2024-06-19 12:20:16.349906,2024-06-19 12:20:16.349906
67803803-f3a9-48bf-9513-5f72e552a02f,e1e5701c-12d7-4ef4-9bf9-ee3a2fbfc296,with ‘Fresh Prince of Bel-Air’ samples,2024-06-19 12:22:10.679421,2024-06-19 12:22:10.679421
57fe9846-b1bb-4851-8334-b8a01a275a6c,8d3653ff-e087-4bd9-b4a0-08fec98b13ff,FTP (Bionic Helix outside Helicopters),2024-06-19 12:25:47.531626,2024-06-19 12:25:47.531626
157b8311-9d59-41a5-a2ac-d67e206b3f17,8d3653ff-e087-4bd9-b4a0-08fec98b13ff,LTP 10/1/03 (669 shows),2024-06-19 12:25:47.568240,2024-06-19 12:25:47.568240
fb36805c-0783-4f54-885c-95a0842c9dba,da121a16-ac56-490a-b1b6-42282896361c,completes 4/26 version,2024-08-11 11:48:39.734339,2024-08-11 11:48:39.734339
a3fba550-7ea1-450e-a9cf-c39cdc9f589b,27e04793-1a66-449c-ba70-272440e0b6eb,dyslexic completion of 12/29/17 version,2024-06-19 12:27:09.211598,2024-06-19 12:27:09.211598
a1bd93ee-bdd2-4241-8ac1-5468e4d5aa8b,f9f6a670-cf97-4960-ba95-bba7d2679ed7,dyslexic,2024-06-19 12:27:15.056156,2024-06-19 12:27:15.056156
87d4f6e0-c92c-4ce5-aeb7-ef0be64b1020,ddfdd5e6-f34f-4dd2-9d2c-8515e437ef8e,dyslexic,2024-06-19 12:27:21.982689,2024-06-19 12:27:21.982689
88fba087-01a5-42c8-aaa9-8d2201090ca2,c3f816aa-2d13-4ce8-8879-010d6cd71286,with ‘Photograph’ jam (FTP 6/17/23),2024-06-19 12:29:48.406240,2024-06-19 12:29:48.406240
2adeb6af-d151-4247-8c5e-54c34a70203b,6b124e26-017a-4783-a46e-68ba97c62a19,with ‘Photograph’ jam (FTP 6/17/23),2024-06-19 12:30:11.297545,2024-06-19 12:30:11.297545
9f0e8e1d-1f25-4c54-bbdb-97f22744b734,028df898-e88e-4ca1-8482-c897e55baea8,unfinished,2024-06-19 12:30:41.395603,2024-06-19 12:30:41.395603
18c4601b-92a0-40b3-8a1f-a96d8105fdb3,028df898-e88e-4ca1-8482-c897e55baea8,with ‘Fire On The Mountain’ (Grateful Dead) teases,2024-06-19 12:30:41.430168,2024-06-19 12:30:41.430168
74a56999-9b91-480a-aea4-8a3994d40137,49fff7d3-c7ff-45ce-a7c1-6ce3ae92a309,FTP (debuted at The Very Moon: A Steam Punk Musical on 5/13/23),2024-06-19 12:31:53.600406,2024-06-19 12:31:53.600406
c7c106b7-a7e5-46aa-980f-99ac445d9034,57c361cf-4553-4bae-9b15-348204554ab6,with ‘Photograph’ jam (FTP 6/17/23),2024-06-19 12:32:34.161972,2024-06-19 12:32:34.161972
08f0b5db-c2a8-4c90-b907-170c3ecc926a,42a868f9-8aaf-4193-80bd-ed836f5d68fb,middle only,2024-06-19 12:34:15.665261,2024-06-19 12:34:15.665261
096f4aad-0782-4279-9928-d5183e48c708,42a868f9-8aaf-4193-80bd-ed836f5d68fb,with ‘Shem-Rah Boo’ teases,2024-06-19 12:34:15.699733,2024-06-19 12:34:15.699733
92859624-74d6-484b-b8ff-a27ebb040253,d0e4837c-96ce-443d-bd81-d04ba4c06986,inverted,2024-06-19 12:35:39.644696,2024-06-19 12:35:39.644696
6a17a932-4bef-4d6e-b906-7bb4283f35ea,cb3e4aa1-bcfd-4724-8bf4-9a95c6b9f776,middle>ending,2024-06-19 22:10:39.161053,2024-06-19 22:10:39.161053
ab11852a-6761-401e-9e5c-8d20ef2ca6fb,75ca087d-22ee-4b96-9de1-bd8daa6840c2,with 'The City' tease (FTP 03/19/08),2024-06-19 22:14:47.076244,2024-06-19 22:14:47.076244
34f459da-a4dc-4a96-bb69-b61d5b0de3d5,d7361ba1-2068-4979-84ce-7c24587d2958,FTP (tDB Original),2024-06-19 22:15:23.479564,2024-06-19 22:15:23.479564
b4f9d703-7ddb-4b14-b4ad-afa053137924,d7361ba1-2068-4979-84ce-7c24587d2958,with Ann Marie Calhoun on violin,2024-06-19 22:15:23.558093,2024-06-19 22:15:23.558093
62ae60b1-c8ce-4204-964a-6ef17a6b1fd6,335da44c-058b-4763-94dc-3513e092071e,completes 2/28/08 version,2024-06-19 22:15:34.200666,2024-06-19 22:15:34.200666
1d45a6d9-f2f3-437c-9c11-7b8839f318a4,c643145c-d2cc-476e-a1d5-527e900d681c,with Ann Marie Calhoun on violin,2024-06-19 22:16:01.440924,2024-06-19 22:16:01.440924
a34e3813-a587-4a3b-9e46-9d5ac7ff3fac,27ccbaa2-6641-408e-bf31-c8baea659579,completes 2/28/08 version,2024-06-19 22:16:11.298919,2024-06-19 22:16:11.298919
08c4622a-cea4-4169-9c99-024706e786a6,d0d4cc9c-3bbc-40d1-90dd-3866f2841d79,inverted,2024-06-19 22:16:22.440579,2024-06-19 22:16:22.440579
2766e066-29f4-4bf6-b032-88cac1008292,eec16819-a889-400e-b7e0-192f3e191139,unfinished,2024-06-19 22:16:55.540530,2024-06-19 22:16:55.540530
4fd479c9-5130-4f23-b378-712c867e9dc6,eec16819-a889-400e-b7e0-192f3e191139,with ‘Pi Jam’,2024-06-19 22:16:55.627397,2024-06-19 22:16:55.627397
dd6d99ce-ebae-4d60-a92b-ba529f4efbe5,b3719ac3-c16c-4818-8586-9c80d5e98052,without  'SITA' section,2024-06-19 22:17:25.744462,2024-06-19 22:17:25.744462
ede17705-69c9-4f84-9e78-71bc96bf56dd,a9570d71-0768-4e54-b053-dd4cb78848f8,without  'SITA' section,2024-06-19 22:17:34.000683,2024-06-19 22:17:34.000683
246b8708-ac1a-4f06-81d6-2e3cb5d99b19,122e2f7f-8e93-4a07-9c50-639aec96dfca,reworked version,2024-06-19 22:22:37.176645,2024-06-19 22:22:37.176645
288a7038-0fa1-4415-a8b1-9a92ecafc9c2,122e2f7f-8e93-4a07-9c50-639aec96dfca,LTP 07/06/03 (268 shows),2024-06-19 22:22:37.207054,2024-06-19 22:22:37.207054
5b467246-511f-4f61-923d-b3800156471d,4fbfd64c-f877-4e3a-8148-e4291e69435b,without 'Suspended in the Air' lyrics,2024-06-19 22:28:18.012429,2024-06-19 22:28:18.012429
71ae4a96-df43-4667-8e41-6a840cb2f402,75e1e425-1ab5-48ff-967c-a87fbb8fbb33,without 'Suspended in the Air' lyrics,2024-06-19 22:28:28.489479,2024-06-19 22:28:28.489479
e6700c95-1bcf-4560-95cc-3f55996405ad,8701dc99-65a7-430b-a117-a4c186796277,with 'Meditation' tease,2024-06-19 22:28:52.779328,2024-06-19 22:28:52.779328
eca51239-231d-4ecf-b965-5636743ad32d,e7861b41-d2bf-47e4-a28f-3757ccbf7d2d,unfinished,2024-06-19 22:29:41.691457,2024-06-19 22:29:41.691457
25d405d9-a64a-4cbc-b6f1-78c291e40ee8,e7861b41-d2bf-47e4-a28f-3757ccbf7d2d,with 'Chilled Briefly' tease,2024-06-19 22:29:41.719711,2024-06-19 22:29:41.719711
240a2ddb-92f8-4171-be76-4cefb7c72358,957145ad-0427-4ce5-85ce-89971549aabe,preceded by ‘Save the Robots’ ending fake-out,2024-06-19 22:30:27.267186,2024-06-19 22:30:27.267186
e00358fc-0a51-449c-bc5b-6706245a2ea1,957145ad-0427-4ce5-85ce-89971549aabe,unfinished,2024-06-19 22:30:27.299951,2024-06-19 22:30:27.299951
e9604871-d7ee-4ed7-9d58-ab262665a35b,e7d120ba-f2cf-4d0a-b26b-c0309d38af08,with ‘7-11’ ending teases,2024-06-19 22:30:59.759421,2024-06-19 22:30:59.759421
fed52ea3-e1a6-4dec-94b5-0e224601c572,7a6e9046-989a-4fb4-8c81-cbf9fdd257ab,with 'Digital Buddha' ending jam,2024-06-19 22:32:01.839309,2024-06-19 22:32:01.839309
d42bb991-9bae-4f79-b851-a9b97cf9b82f,9da8c9c1-22b3-408c-96e3-d5b5a854d886,completes 4/26 version,2024-08-11 11:48:52.230539,2024-08-11 11:48:52.230539
2e760c45-d239-4d74-99ec-f562523d1b8e,9da8c9c1-22b3-408c-96e3-d5b5a854d886,with 'Trooper McCue' tease,2024-08-11 11:48:52.241330,2024-08-11 11:48:52.241330
07947ebe-f529-47b1-bdbe-33e051538e3f,27999850-65fb-434f-909a-b247606cacb3,with 'Jigsaw Earth' fakeout,2024-08-11 11:50:23.491109,2024-08-11 11:50:23.491109
29d71865-42a7-42fa-9974-40a1230b8e2c,27999850-65fb-434f-909a-b247606cacb3,inverted,2024-08-11 11:50:23.508446,2024-08-11 11:50:23.508446
8b6f52a4-fb02-448e-b690-3f295b523760,3e23606d-c65a-4bb2-b071-acde0fcfca29,completes 4/4 version,2024-08-11 11:50:35.340977,2024-08-11 11:50:35.340977
84d94388-db91-4bc4-a982-5b181c6ecc8f,d4a28fe2-d7fc-46ff-8959-3b82ef03b373,intro only,2024-09-16 01:50:20.971036,2024-09-16 01:50:20.971036
ca195c98-f06d-43c2-b0e7-f108ac62c716,1ac81621-53a5-4b75-9246-a6926f9baa92,ending only,2024-10-04 17:43:22.013586,2024-10-04 17:43:22.013586
4d4cb170-acdd-4e36-a31f-72def3bb9f1d,84ab92a9-cf9c-49ed-92c3-f1bbb8d28d22,ending only,2024-10-04 17:47:13.760115,2024-10-04 17:47:13.760115
8bcb2eb6-c177-4f0a-a08e-a2ae6f36411b,65aa8f1d-b565-461d-9b0d-7fcf8ddc7b5e,with ‘Bernstein & Chasnoff’ teases,2024-10-09 10:31:32.232389,2024-10-09 10:31:32.232389
a03fe4cc-7d61-410a-9d99-c9d83a72d934,65aa8f1d-b565-461d-9b0d-7fcf8ddc7b5e,preceded by ‘Above The Waves’ fake out ,2024-10-09 10:31:32.258867,2024-10-09 10:31:32.258867
44a93376-6fec-4a71-954f-89e49d2ce1be,65aa8f1d-b565-461d-9b0d-7fcf8ddc7b5e,with ‘The Time Of My Life’ (Dirty Dancing theme) jam,2024-10-09 10:31:32.290020,2024-10-09 10:31:32.290020
c1c12083-a51c-4a8c-9a3c-d251f1d3c9bb,485509cd-19cf-4de0-a209-2e19d538f3c9,with 'Basis For A Day' tease,2024-10-11 15:01:38.787386,2024-10-11 15:01:38.787386
3eb30c6d-b348-4e30-a86f-dcb380201498,d9b9ded7-173f-4fa2-929a-e541a5788efd,ending only,2024-10-11 15:01:49.202340,2024-10-11 15:01:49.202340
828c277c-fa2b-4e2d-abca-83bc97324f62,dd447f00-c36a-4380-b643-ff67357f12c5,with ‘Spectacle’ jam,2024-10-12 21:51:26.481602,2024-10-12 21:51:26.481602
e82241b3-c8bc-41c6-b138-348c3ddc14dc,e1731c7b-61f7-4e79-ad34-7b22db2b2c1d,dyslexic completion of 12/27/08 version,2024-10-15 11:21:49.910130,2024-10-15 11:21:49.910130
3eb1a71f-f0b1-4722-91f9-7c1f06d6d16e,d424deb0-a228-4f74-8a56-a81ac71451dd,completes 12/27/08 version,2024-10-15 11:21:59.204900,2024-10-15 11:21:59.204900
713d9de9-2c47-428b-a594-aa93197fbf7e,c62e3e59-50cc-4697-8488-d8690d17d358,unfinished,2024-10-15 15:01:56.875123,2024-10-15 15:01:56.875123
54e49046-80ce-4cbc-891f-78caa11da1c3,c62e3e59-50cc-4697-8488-d8690d17d358,with 'On Time' teases (FTP 10/10/2009),2024-10-15 15:01:56.894115,2024-10-15 15:01:56.894115
e42a539f-46f1-4bfa-85c4-b103e435b108,8d90d530-c9bc-4cc8-9514-c00bda3ff7b6,with ‘On Time’ Jam (FTP 10/10/2009),2024-10-15 15:02:05.398895,2024-10-15 15:02:05.398895
2bce52df-5336-415e-9987-3e4a905e54ad,78f40b4f-65fc-4589-af91-6424b7cf6135,with 'Billie Jean' (Michael Jackson) jam,2024-10-16 20:51:40.794030,2024-10-16 20:51:40.794030
2e0d4d27-0fb9-4ec9-bb1c-8e54d7cb430b,b858466c-4bca-4e49-aa5c-edcc58985374,with 'Thieving Magpie' tease,2024-10-19 19:07:10.735720,2024-10-19 19:07:10.735720
372656fa-adf3-4d99-9c05-c444b8cc743d,5e91d10e-dbf0-4ebb-9143-eefe5ccddd03,with ‘Tractorbeam (Eden)’ teases,2024-10-24 21:30:25.761601,2024-10-24 21:30:25.761601
b277aadd-1672-4a52-a6f2-e22bee7ffbcd,755cf95d-44bf-44db-a38d-21c3d6ab33ef,preceded by ‘Helicopters’ fake-out,2024-10-30 09:40:57.742956,2024-10-30 09:40:57.742956
fa055f45-1ed3-4646-8d25-45a2c20fe85b,49d11275-0950-4bac-827c-e7579387f925,with ‘X-Files Theme’ (Mark Snow) jam,2024-10-31 03:00:22.744185,2024-10-31 03:00:22.744185
d9b1f254-ff1d-454b-bb3a-9f58d75b3dfd,49d11275-0950-4bac-827c-e7579387f925,inverted,2024-10-31 03:00:22.768508,2024-10-31 03:00:22.768508
2b621e43-27de-4621-8fae-bfcfb1fd4c00,99e0cc57-da51-46bc-807b-0ec764e12c78,inverted,2024-11-01 16:32:07.271206,2024-11-01 16:32:07.271206
0ab0e2ca-98da-46d7-bd3e-7dfa9272eb9e,18cbff95-ce58-4489-a3d9-42454b782249,unfinished,2024-11-02 04:38:13.369623,2024-11-02 04:38:13.369623
a9084cd9-49fe-4384-9be6-933839c42cc5,dcca03da-62a6-4f42-8255-7f43d6e70c6c,ending only,2024-11-02 05:21:18.671456,2024-11-02 05:21:18.671456
4d6ab4e8-9b43-4109-a94d-f93babff0955,a83737b3-b553-4865-8e4a-75d77266f831,Techno version,2024-11-03 14:42:38.461162,2024-11-03 14:42:38.461162
2506c274-83b8-4bb4-8b31-8efb569461fb,7bc0f4cf-a7c9-4b91-8663-4362f7faedc3,1st dyslexic version ,2024-11-07 00:55:01.903187,2024-11-07 00:55:01.903187
7de97f92-39d7-4362-a972-5015702a39ea,6dd8432d-4529-4a22-960e-cfd70158dda8,1st dyslexic version ,2024-11-07 00:55:22.802058,2024-11-07 00:55:22.802058
ec73fec0-5d7e-4884-a099-7371bd7cf630,a1d3a331-ce98-4001-a916-2132e42deb2e,inverted,2024-11-07 07:35:49.148486,2024-11-07 07:35:49.148486
71a0064b-fd51-4065-8ff7-703c5d413fbd,a1d3a331-ce98-4001-a916-2132e42deb2e,LTP 2/7/24 (54 shows),2024-11-07 07:35:49.192686,2024-11-07 07:35:49.192686
4b7d1a16-6eb7-405b-8660-bcecfc17e9e5,3a8f7e6a-3bb7-4514-a933-707fc139055e,LTP 2/7/24 (55 shows),2024-11-07 07:37:07.839032,2024-11-07 07:37:07.839032
26c425a9-321c-4cbd-935b-48454f7edf1e,0c24a265-8d14-49a2-8820-22aad42c04a2,1st dyslexic version,2024-11-07 11:45:12.485621,2024-11-07 11:45:12.485621
4df8e3ce-5254-46b8-830d-5ae582be9f1a,0acf0e4c-4ffc-4fd5-aa5e-f73d132d57c3,1st dyslexic version,2024-11-07 11:45:23.680989,2024-11-07 11:45:23.680989
4fe61ae9-3be0-4d15-978b-8b534cad48e4,80e327f1-9c2e-4e3b-aa94-716d4c23c698,unfinished,2024-11-08 02:16:41.579772,2024-11-08 02:16:41.579772
cf31fab0-ef6c-42b8-a735-e48c3fe45a8c,4bf89dc2-f26a-4c53-b1bd-12924a0a4d1e,with ‘Astronaut’ teases,2024-11-08 18:30:32.601454,2024-11-08 18:30:32.601454
22dc4dbd-a173-4c38-b68c-87f23e48ce71,aa44000b-4414-4629-9893-1348812a5e7d,inverted,2024-11-09 03:38:05.003249,2024-11-09 03:38:05.003249
1fe95090-7b30-4a5d-a133-ca0f8376c81d,cbc63d37-e8a4-4e56-bd70-746a29060907,with ‘Days Between’ + ‘Dark Star’ (Grateful Dead) teases,2024-11-09 04:56:26.479482,2024-11-09 04:56:26.479482
31c7058a-566a-4337-b3a4-4b968ad28662,c6a52f42-c70a-40dc-87ee-8b1394b8bd61,with ‘Fire On The Mountain’ (Grateful Dead) teases,2024-11-10 02:20:44.378204,2024-11-10 02:20:44.378204
843c532a-5cfd-41b7-834d-fe88f74797d3,b5ccd20f-a6b3-4d2f-8bf9-9d77189e20ba,inverted,2024-11-10 03:43:49.613431,2024-11-10 03:43:49.613431
3f649aed-fd1e-43ee-b08b-03e55e3eede9,601707d8-3d3c-4a11-af0f-2f74ee80c409,with 'Bazaar Escape' tease,2024-06-19 22:33:30.369058,2024-06-19 22:33:30.369058
65eb5bb9-c440-443c-b8df-58619fece456,68b6261a-22b3-4427-ac67-5fea53889d12,with ‘Rock Candy’ ending tease,2024-06-19 22:34:38.931433,2024-06-19 22:34:38.931433
a80d681d-c847-4997-a7ac-361989cfef2c,aaf144fb-aac1-4f4e-9fd4-4c1e7cbedb66,with ‘Like A Hurricane’ (Neil Young) tease,2024-06-20 01:18:48.823268,2024-06-20 01:18:48.823268
52aaada7-7d6a-40f4-8530-e4bb97503624,f3d250ff-c68f-4585-9cf1-8ef6d1142f14,with 'Helicopters' tease.,2024-06-20 01:22:44.329569,2024-06-20 01:22:44.329569
1140bddb-02d9-484d-a683-b31d0192e3fe,cd6db3a1-64d7-4a4e-a15f-e6bf36674def,with 'Kitchen Mitts' tease.,2024-06-20 01:22:55.409342,2024-06-20 01:22:55.409342
be0c26ee-4d9c-4e8b-80a3-2cbabcc0e38d,78854f0a-c896-41dc-a797-e6c57c539920,with 'Push It' (Salt-n-Pepa) tease.,2024-06-20 01:23:07.274197,2024-06-20 01:23:07.274197
39a1ac2d-f9db-41aa-9249-271c8e9a017d,fca2bb86-4b34-4564-bded-24fe22a51c2b,with 'Run Lola Run Jam' tease.,2024-06-20 01:26:33.076140,2024-06-20 01:26:33.076140
96bec581-1fd6-4c1a-980a-73ee76874786,1ed5c074-5023-4b2f-abb9-eada6fc22ddf,with 'Astronaut' + 'Crickets' teases.,2024-06-20 01:26:52.904051,2024-06-20 01:26:52.904051
4fe9f8b0-b8fb-49a3-bec2-77d275d80d32,58d34c62-f071-4bea-8658-9339a0fadccd,1st time inverted,2024-06-20 01:27:11.385127,2024-06-20 01:27:11.385127
aa5e661d-cd84-47a4-b1ff-978983b57ce1,58d34c62-f071-4bea-8658-9339a0fadccd,with Govinda Meyer (aka Flute Girl) on flute.,2024-06-20 01:27:11.429801,2024-06-20 01:27:11.429801
28200b3e-f4ee-4110-93f8-18b8081ea4d2,46acb99d-ac32-4fb6-ad74-00d2a376f566,LTP 5/2/2001 (125 shows),2024-06-20 01:28:27.150812,2024-06-20 01:28:27.150812
d5d669fd-d252-464d-a546-abce866d0d0c,46acb99d-ac32-4fb6-ad74-00d2a376f566,ending only,2024-06-20 01:28:27.185938,2024-06-20 01:28:27.185938
f772c0d3-55dc-4bef-9a40-866c375d4401,374ccbbe-5bb2-469b-ad97-1a6190b1644c,with ‘Story of the World’ + ‘I Remember When’ teases,2024-06-20 01:29:19.786049,2024-06-20 01:29:19.786049
5f87eb11-7be8-4b9c-b6b5-d45e59967a58,91e2f91b-0c22-4cd5-baf7-8c128fb7f922,with ‘Spy’ tease,2024-06-20 01:29:30.248735,2024-06-20 01:29:30.248735
cb3daa40-e75e-49d6-a62a-cbfdf3303462,d64f6107-ff22-4ecb-b6d0-a0d645d1b98f,dyslexic,2024-06-20 01:30:22.393814,2024-06-20 01:30:22.393814
7aff838e-5caf-4afc-a3a6-49b59216bef9,d64f6107-ff22-4ecb-b6d0-a0d645d1b98f,with alternate lyrics ,2024-06-20 01:30:22.433436,2024-06-20 01:30:22.433436
59cb4e0c-36a0-4161-9a02-b289224b731b,10b017a0-d4ff-4457-92e8-2f888c36a754,dyslexic,2024-06-20 01:30:31.959661,2024-06-20 01:30:31.959661
00fed802-f7f4-4a84-82e0-416ee799511e,10b017a0-d4ff-4457-92e8-2f888c36a754,with alternate lyrics ,2024-06-20 01:30:31.979660,2024-06-20 01:30:31.979660
eb61391b-dcb3-4940-94a4-75ed08758aa1,0bde37e7-38c3-4964-b2ea-009adf6802d3,unfinished,2024-06-21 03:56:30.973680,2024-06-21 03:56:30.973680
77810365-eea5-4df6-acf5-96217a2006f2,1139ebc7-c612-44d7-b2f0-30f88d981ac3,FTP (Imogen Heap),2024-06-21 19:42:52.659120,2024-06-21 19:42:52.659120
5cc3a249-3840-4f1e-9c96-15f9fbb65eb7,4a0e2a83-80e2-43fa-9625-7896162d8361,FTP (as tDB; played as Tractorbeam on 2/11/24),2024-06-21 20:01:17.829989,2024-06-21 20:01:17.829989
5aad3192-795e-478a-b9e1-c4035fcce7c8,e77de90e-9385-406e-b0ef-a0e3a2d880c2,with ‘O Fortuna’ (Carl Orff) samples,2024-06-21 20:03:15.518132,2024-06-21 20:03:15.518132
27c18f10-96e0-4c58-97df-01e7286d8628,e77de90e-9385-406e-b0ef-a0e3a2d880c2,with ‘Dirt Man’ (Carter Vail) samples,2024-06-21 20:03:15.549087,2024-06-21 20:03:15.549087
e6c0af10-a8ee-4367-a13a-2e2b4c7f33df,47b98795-3f0d-4d3a-92a8-aea2322d7f24,FTP (tDB Original) instrumental version,2024-06-21 20:03:49.191164,2024-06-21 20:03:49.191164
6566ecd2-2c4d-4ea9-a4b8-080bbe48ef5a,93368ec4-0839-4346-81dc-9cd598f53171,inverted,2024-06-21 20:03:56.427767,2024-06-21 20:03:56.427767
d061a35e-a082-49a3-a0a5-59f3af587025,183fb874-cf8f-428e-a063-99a7d97b3158,FTP (Tiesto with Gucci Mane & Sevenn) ,2024-06-21 20:05:00.684515,2024-06-21 20:05:00.684515
19a0a3c6-6a55-45a1-b894-a58162f48168,079467df-7df3-4eb9-9fdd-aa3154364333,1st time inverted,2024-06-23 13:26:37.092809,2024-06-23 13:26:37.092809
0248a06f-348e-46b5-9ff6-b2b7ed0bce7d,96e9e03c-c2f3-4cd0-823c-7b3b44a6e4d0,middle only,2024-06-24 19:23:32.311129,2024-06-24 19:23:32.311129
e43244c3-83cf-4059-b68a-68536c82107d,413d53d3-8d03-4a3c-b7fe-f1ac72c4435a,with ‘Story Of The World’ fakeout,2024-06-24 22:17:26.180420,2024-06-24 22:17:26.180420
5896beb3-04c0-421c-b310-4c52323b1fd0,413d53d3-8d03-4a3c-b7fe-f1ac72c4435a,middle section only,2024-06-24 22:17:26.239991,2024-06-24 22:17:26.239991
de81932e-1bb5-4346-b4a6-4923453033fd,ade011ed-c2d9-4ae3-a62c-1caa66dcb03e,FTP (Revive Jam),2024-06-26 12:14:57.591424,2024-06-26 12:14:57.591424
59ad42a1-24d6-49aa-8577-bbbf93b91ddd,8981449f-90e1-487c-8a7c-90401d4f6cfc,FTP (Fusion Jam),2024-06-26 14:16:11.938231,2024-06-26 14:16:11.938231
01e98482-efca-4d9d-9aa7-700bf1ea356a,1387d0e8-9ad3-4da6-93aa-4e06f37d6d4f, preceded by ‘Trooper McCue’ tease,2024-06-27 14:49:45.270687,2024-06-27 14:49:45.270687
a0383047-9e2c-421c-9676-db96cb1fb106,fba87de6-17ff-4eaf-96c3-cc672b2023a7,with NYE countdown,2024-06-27 14:50:31.553454,2024-06-27 14:50:31.553454
81acf994-b4f0-48ba-b3eb-26572b3fab8a,7d938c55-b8bd-4d29-a04e-0605e76f796c,Breakbot > Carl Cox 1 > Terje > Magic Tape > Carl Cox 3 > Eden > Reconnect,2024-06-28 14:14:45.167004,2024-06-28 14:14:45.167004
ced8cfc4-9af2-4aa2-9f35-4e964579d534,de87fc28-e129-4ea2-a4b1-b5db6a3f61dd,Carl Cox 1 Mix (contained elements of Boy Boy Boy (Andhim)>Make a Living (Mat.Joe)>Dark & Long (Underworld),2024-06-28 14:22:09.602208,2024-06-28 14:22:09.602208
8c5b4211-c3e3-42f4-bbdf-0df1c2e1bcb5,1a1eff84-6fce-4a1e-b38c-78b19bf26f02,Carl Cox 3 Mix (contained elements of International Track (Drop Out City Rockers)>Love & Peace (Tigerskin)>Direct Me (The Reese Project),2024-06-28 14:24:43.593117,2024-06-28 14:24:43.593117
6528c71c-7822-4e6f-8775-7807ba950167,4c2fdab1-ee44-40f7-9c46-2ce3f07e6072,Solomun (contained elements of White Rabbit (Space & Time)>Voodoo Your Ex (Simple Symmetry),2024-06-28 14:28:18.004148,2024-06-28 14:28:18.004148
fa880839-13b7-4ebe-95ec-1816dd2feebc,6ae34f91-08ea-4596-92c8-51004daeea51,Breakbot Mix (containted elements of Alakazam! (Justice)>Jacques Your Body (Les Rythmes Digitales)>On & On (Alex Gopher),2024-06-28 14:33:46.398355,2024-06-28 14:33:46.398355
23dc6cf8-38bf-44ab-a385-435f90e96f4b,c759ce7c-133d-49cf-a2e8-e12918148570,Breakbot Mix (containted elements of Alakazam! (Justice)>Jacques Your Body (Les Rythmes Digitales)>On & On (Alex Gopher),2024-06-28 14:35:13.831595,2024-06-28 14:35:13.831595
16027859-feaa-42e7-aafb-741c5f97bdc9,b5f94a48-dd2c-4503-b645-4dc11a4bb6d2,Breakbot Mix (containted elements of Alakazam! (Justice)>Jacques Your Body (Les Rythmes Digitales)>On & On (Alex Gopher),2024-06-28 14:35:40.726901,2024-06-28 14:35:40.726901
a1ae18ee-2579-49a2-be50-b9bcc03016be,3b238184-60db-4379-a57d-df1000584112,Solomun (contained elements of White Rabbit (Space & Time)>Voodoo Your Ex (Simple Symmetry),2024-06-28 14:36:53.594198,2024-06-28 14:36:53.594198
cd95870f-8401-442f-8e0a-1e7ee34912dd,14513738-2c81-484b-938e-bb2907c7be9d,Solomun (contained elements of White Rabbit (Space & Time)>Voodoo Your Ex (Simple Symmetry),2024-06-28 14:37:16.930393,2024-06-28 14:37:16.930393
f285fa99-068d-491a-850d-0a9a0d8136f5,e5fc1e43-18e7-48c2-99d9-de32f898b904,FTP (tDB original),2024-06-28 14:45:41.902892,2024-06-28 14:45:41.902892
3aa55555-254b-4ba0-b6fc-816c35d6d276,e5fc1e43-18e7-48c2-99d9-de32f898b904,Tractorbeam style (instrumental),2024-06-28 14:45:41.950063,2024-06-28 14:45:41.950063
ca0e17cf-23f2-443c-94fa-1974c19c6ab8,8f34aaed-ba0e-406c-8c75-897a675cd1b3,proceeded by 'Batman Theme' (Neal Hefti) jam,2024-06-28 14:47:55.001117,2024-06-28 14:47:55.001117
f1a1bdd4-f77d-48b8-bd80-a8b69a0a530f,882f4b76-3e15-42b4-bd28-ea8374138692,with Jake Cinninger (Umphrey's McGee) on guitar,2024-06-28 14:51:07.654472,2024-06-28 14:51:07.654472
36990690-9320-4310-b982-490748219a1a,882f4b76-3e15-42b4-bd28-ea8374138692,unfinished,2024-06-28 14:51:07.697102,2024-06-28 14:51:07.697102
964e0940-244c-4b8d-ab0c-306e2487f1fc,d696d1a1-bc12-4035-8131-76093508e548,dub version,2024-06-28 14:51:28.273316,2024-06-28 14:51:28.273316
b7b87a62-5114-49e3-b3f0-e00d439e7649,d696d1a1-bc12-4035-8131-76093508e548,with Jake Cinninger (Umphrey's McGee) on guitar,2024-06-28 14:51:28.285681,2024-06-28 14:51:28.285681
52ac7b74-bdf4-47be-bd19-e124e4e58e21,d48e9219-5d63-490c-a80c-3475463fc0e1,with Marn 3:16 rap,2024-07-15 22:09:13.100484,2024-07-15 22:09:13.100484
f2e67424-72b8-4889-9bf7-1cdb85aa385e,1cb0a85a-27f7-4138-8d8f-0c7716cd7195,ending only,2024-08-03 11:32:10.599269,2024-08-03 11:32:10.599269
56c74110-07b8-48fc-a6b9-a0f53601681b,f93e0a6c-6ed3-43dd-a62b-2e6c6c5e41b1,1st time inverted ,2024-08-03 11:32:34.858766,2024-08-03 11:32:34.858766
c133f8f1-22ec-4c2a-a413-5a6cdbeef0e3,7e052db2-5e4e-4d48-87dd-da8ecb0aa6d3,with ‘Catalyst’ teases,2024-08-03 11:33:58.587745,2024-08-03 11:33:58.587745
32d2328a-1004-4630-9ba7-4f96a3932359,21197e42-112d-49b1-9f56-fea4300655b3,inverted (end>beg>mid),2024-08-03 11:34:07.256468,2024-08-03 11:34:07.256468
1eb58dfd-ec71-4cb1-a031-481ab7848907,21197e42-112d-49b1-9f56-fea4300655b3,Last Time Inverted 7/19/08 (320 shows),2024-08-03 11:34:07.269787,2024-08-03 11:34:07.269787
101841b2-89d4-4886-8849-9aa6c79728f8,a23e224e-bda6-4cc0-afb5-babbb4d2a591,unfinished ,2024-08-03 11:36:03.183494,2024-08-03 11:36:03.183494
3518cc44-706a-463f-8dc4-df1bd4f5b24b,a23e224e-bda6-4cc0-afb5-babbb4d2a591,with ‘Funkytown’ (Lipps Inc.) jam,2024-08-03 11:36:03.216446,2024-08-03 11:36:03.216446
d57eca1b-ec91-46c5-a745-93ae75e92968,af4453b5-03b5-4496-a6d5-6f0bced0071b,inverted,2024-08-03 11:36:30.970860,2024-08-03 11:36:30.970860
443aecb2-b617-47fd-bc19-eb177f122c0e,af4453b5-03b5-4496-a6d5-6f0bced0071b,with ‘The Great Abyss’ jam,2024-08-03 11:36:31.009596,2024-08-03 11:36:31.009596
3d7cb328-435d-4065-82c1-c08f99b961db,cffa41ca-0167-4b85-af96-7e0305ccf121,OTT remix version,2024-08-03 11:41:23.421354,2024-08-03 11:41:23.421354
6f9e28ac-cd92-42c8-bad8-4ee8d009a850,f4864a7a-779a-4ba0-8be8-3e453f0f1c55,middle section only,2024-08-03 11:45:53.972844,2024-08-03 11:45:53.972844
499decdc-d87f-4b2f-bcb1-57a1b56ea743,56daac2f-e475-49e1-942b-a3c95d6474f6,with ‘Little Drummer Boy’ (Katherine Kennicott Davis) jam,2024-08-03 11:47:53.941387,2024-08-03 11:47:53.941387
6a3a54de-13ed-4882-854f-2b0436809053,56daac2f-e475-49e1-942b-a3c95d6474f6,unfinished,2024-08-03 11:47:53.954286,2024-08-03 11:47:53.954286
5c4f0ebf-da60-4cf2-9ef3-bd4e850c6536,3940bb7f-e816-4020-889b-f092e4d21833,with Ann Marie Calhoun on violin,2024-06-28 14:55:21.636403,2024-06-28 14:55:21.636403
018bcf5b-7686-42f8-b1d0-b78baabfc6f6,3940bb7f-e816-4020-889b-f092e4d21833,with 'God Rest Ye Merry Gentleman' (Traditional) + 'Carmen' (Georges Bizet) teases,2024-06-28 14:55:21.672600,2024-06-28 14:55:21.672600
afe4ac02-2b16-4228-917c-69b604ce8c58,e4608830-95af-462f-a443-f18480d9877b,inverted,2024-06-30 19:25:37.079141,2024-06-30 19:25:37.079141
564283c9-1f50-4602-ace2-5105f583ca9b,e4608830-95af-462f-a443-f18480d9877b,with ‘Crickets’ teases,2024-06-30 19:25:37.186246,2024-06-30 19:25:37.186246
05a030b1-cfba-49d8-92da-fed7692bdb2b,cbc109ad-0cb7-4de3-85a7-f97de28be0da,with ‘Ladies’ vocal tease (and you know what it takes) ,2024-06-30 19:26:10.447295,2024-06-30 19:26:10.447295
b30f66de-da16-4b26-b335-dbd23d0b3d81,62303f03-695b-492d-8811-377c18a87a0d,inverted,2024-08-11 11:49:47.124977,2024-08-11 11:49:47.124977
c6ec9ae5-ae05-43e8-835b-6b9a0ade0464,62303f03-695b-492d-8811-377c18a87a0d,with DJ Paul Norman on turntables,2024-08-11 11:49:47.135649,2024-08-11 11:49:47.135649
b181e466-b63f-4ae8-bd49-836e0f45933e,b03869de-7cea-4016-b19d-17f0f7b6c50c,with “Good to have you in the band” NYE Countdown,2024-07-01 19:18:17.528889,2024-07-01 19:18:17.528889
e408fe02-9909-487b-8092-4793a2719cf1,b03869de-7cea-4016-b19d-17f0f7b6c50c,unfinished,2024-07-01 19:18:17.568149,2024-07-01 19:18:17.568149
5f723bc7-990f-4932-aaa8-f15e34de2e69,85c666e2-21ae-416c-9002-e9bbba2101c3,with “They all make me daydream…” ‘New Years’ countdown ,2024-07-01 19:25:16.501126,2024-07-01 19:25:16.501126
24c49cac-e3b5-43a1-989e-a5c369f9eb18,526039a8-fa31-4446-a799-86f15dc57272,completes 4/23 version,2024-08-11 11:49:57.051645,2024-08-11 11:49:57.051645
09690ba3-19a9-4220-9cd4-68696d727409,816d4a88-1309-47b8-96d4-6cd509cebaab,inverted,2024-09-16 04:01:19.091529,2024-09-16 04:01:19.091529
de5a9e2d-9054-488d-8e9c-efa3f072aaaf,79969bce-9f85-40ae-a9a7-217067d05802,with NYE countdown and “Happy New Year Biscuits are coming home” jam,2024-07-01 19:31:54.020978,2024-07-01 19:31:54.020978
f73b4df7-3807-4845-83d5-d349c119732a,79969bce-9f85-40ae-a9a7-217067d05802,unfinished,2024-07-01 19:31:54.065645,2024-07-01 19:31:54.065645
f1ed3c19-7bbe-4f88-b7a0-d0fc3f8487e5,b2297ce1-719b-46b6-8a41-70dd8f1252a0,ending only ,2024-10-04 17:46:35.031884,2024-10-04 17:46:35.031884
8c1e46b4-8273-4b81-bcec-f41e1ee0c1b3,af334f0b-df23-4a1c-a283-9c53e5d95792,with “Happy New Year” lyrics,2024-07-01 19:40:45.349323,2024-07-01 19:40:45.349323
cca386f2-fe9a-4f01-8448-a95b2b213448,3f6f5fab-2ca1-4f40-a383-ff8c6b750153,with “Happy New Year” lyrics,2024-07-01 19:40:56.230884,2024-07-01 19:40:56.230884
c53b53fb-f6a8-45c9-8952-e636ae772f2f,da9ab830-1c03-4b41-b7cc-b80ac4baa474,with “Happy New Year” lyrics,2024-07-01 19:41:51.670762,2024-07-01 19:41:51.670762
34eb40d6-dbc8-4bbc-b7e8-d6787fe30533,30c5473e-a1c7-4b02-844c-637177720b7d,with “Happy New Year” lyrics,2024-07-01 19:42:01.826490,2024-07-01 19:42:01.826490
d99ab2d0-b540-4253-b506-21302b1a6a02,1b655e93-30b4-46b5-b229-5da4e767434e,with “Happy New Year” lyrics,2024-07-01 19:42:55.332225,2024-07-01 19:42:55.332225
172ddbf2-e283-4580-ba0b-eb880021563f,0d057fab-25f2-4a3d-b1f2-818ebbaac898,with “Happy New Year” lyrics,2024-07-01 19:43:14.876356,2024-07-01 19:43:14.876356
7e8d4be0-65db-4049-856d-12aed25ea461,57312b17-34cd-4dbf-b9e4-cc996fd84729,with “Happy New Year” lyrics,2024-07-01 19:43:47.359853,2024-07-01 19:43:47.359853
4e1990f7-3847-43e8-86bd-4a6c621696c8,33c0c236-cfee-45df-98fc-189c4e27a382,with “Happy New Year” lyrics,2024-07-01 19:44:13.593542,2024-07-01 19:44:13.593542
f6273c71-c19c-41ca-a62d-e45195d3b9db,f599a26a-67f6-456e-9c40-36a52e558cd1,with “Happy New Year” lyrics,2024-07-01 19:44:21.749756,2024-07-01 19:44:21.749756
d229e2c4-0be9-434e-918e-38e4fda5547a,17469d6a-ba7d-4e56-9fcc-04881f712f41,with reworked lyrics,2024-07-01 19:45:11.474392,2024-07-01 19:45:11.474392
5417ed45-9ee7-4bae-ac8b-0c5de39f7798,16512873-75cc-4851-9aa6-be51081028f1,with “Happy New Year” lyrics,2024-07-01 19:45:44.370594,2024-07-01 19:45:44.370594
b07aab49-3ff3-4ca5-8058-ffd2cd078004,b4f270ad-f3c4-4f7f-91f8-d99dd1baf3a0,with “Happy New Year” lyrics,2024-07-01 19:46:21.359133,2024-07-01 19:46:21.359133
9e604c00-88a1-4cbe-9376-2742aa8ac195,5ee70761-c95e-44e1-88f4-240446c2c090,with “Happy New Year” lyrics,2024-07-01 19:47:39.643128,2024-07-01 19:47:39.643128
b05a4781-9de5-4d37-93dc-2bc951396bd6,6ae69135-8f0c-42e3-b422-15fcc4542ed1,completes 12/29 version,2024-07-01 19:48:17.615535,2024-07-01 19:48:17.615535
0c84e1b3-fc05-43c4-bf40-b28629e67810,6ae69135-8f0c-42e3-b422-15fcc4542ed1,with New Year’s countdown,2024-07-01 19:48:17.634820,2024-07-01 19:48:17.634820
4b4142c0-4711-4f45-a884-abad5c461706,a5a4d3b1-1f89-438c-89bd-fbfc0ead19f3,LTP 10/27/99 (62 shows),2024-07-01 19:48:44.660807,2024-07-01 19:48:44.660807
619dc2af-9775-44e0-8032-add8b339d569,a5a4d3b1-1f89-438c-89bd-fbfc0ead19f3,with New Year’s countdown fakeout,2024-07-01 19:48:44.703785,2024-07-01 19:48:44.703785
7f75636d-1208-47ca-85d9-ba99baaec047,c9829a4b-928f-43aa-843f-17a15f6dae95,with “Happy New Year” lyrics,2024-07-01 19:49:25.201447,2024-07-01 19:49:25.201447
d054b7e5-266b-48ea-8466-4de748085d36,a7769b16-ad80-4e94-9ef4-c15ab8bde431,completes 12/28/07 version,2024-07-01 19:50:07.926548,2024-07-01 19:50:07.926548
dc6ae5bb-9702-4f81-86f2-d8416a2843fc,a7769b16-ad80-4e94-9ef4-c15ab8bde431,with “Happy New Year” lyrics,2024-07-01 19:50:07.963918,2024-07-01 19:50:07.963918
f1c8fe1c-9ba7-4b7f-b76d-23d9aaefaf17,01b4eff2-9654-415a-90c6-11906e20ccc5,with “Happy New Year” lyrics,2024-07-01 19:50:50.989380,2024-07-01 19:50:50.989380
81a07dd5-309d-4695-8ba7-bdd47170988d,0ce71026-064e-4467-9cfa-27c59de913d2,with “Happy New Year” lyrics,2024-07-01 19:50:59.171754,2024-07-01 19:50:59.171754
becacaa2-a2c7-4bbc-8e56-8f8ba38ee37f,56bc1b37-01bc-4a37-86fc-bc5a182dc67b,with “Happy New Year” lyrics,2024-07-01 19:51:24.451324,2024-07-01 19:51:24.451324
b4ab7434-ca69-4ac3-a1ef-7a5689567392,6353d285-7290-4bb3-a9ca-1353209eb58b,with “Happy New Year” lyrics,2024-07-01 19:51:56.768401,2024-07-01 19:51:56.768401
7c4b90e1-8a01-4c0d-a40e-e456d286900d,8150d203-1a1c-482c-a045-7bb13813d1b4,with “Happy New Year” lyrics,2024-07-01 19:52:06.599519,2024-07-01 19:52:06.599519
d4760326-cfb9-43d6-b524-976e68d609f0,323eb159-0285-4b9d-8d2a-dfdc444fd6d8,with NYE countdown + “Happy New Year” lyrics,2024-07-01 19:52:33.425360,2024-07-01 19:52:33.425360
56a40c83-ae2c-4509-b69f-e1e2965d1536,64a94105-fc23-49a8-bd07-bf1314cdff56,completes 12/27 version,2024-07-01 19:53:07.824719,2024-07-01 19:53:07.824719
1151dafe-58ae-49ce-b8aa-c71b48a0149c,64a94105-fc23-49a8-bd07-bf1314cdff56,with “Happy New Year” lyrics,2024-07-01 19:53:07.869392,2024-07-01 19:53:07.869392
425c7892-8817-4547-93c2-df7306f9e62f,af044ada-a274-4c5f-9e42-2ee60e85edae,with “Happy New Year” lyrics,2024-07-01 19:53:45.350096,2024-07-01 19:53:45.350096
50b27ece-0c15-4162-9305-3e127fd33313,8fb9eca5-5788-4596-83b6-acb14871dedc,with ‘On Time’ teases,2024-07-01 19:53:57.369294,2024-07-01 19:53:57.369294
4f9232b2-2323-473f-bb14-e02407c884f6,8fb9eca5-5788-4596-83b6-acb14871dedc,with “Happy New Year” lyrics,2024-07-01 19:53:57.409068,2024-07-01 19:53:57.409068
598b3441-c8ac-4183-96de-aac185ac588e,e67b719f-5743-4566-a973-665be399b397,with “Happy New Year” lyrics,2024-07-01 19:54:25.680646,2024-07-01 19:54:25.680646
c97862ff-362f-4b15-851b-a5099695b7d3,8f7868d1-6c1a-49fc-bd0c-cd2bcfe0e77d,with “Happy New Year” lyrics,2024-07-01 19:54:39.347686,2024-07-01 19:54:39.347686
3a572343-9ef1-4e87-b423-d318d8089808,75794bda-6479-4143-9c52-c7b172f894a0,with “Happy New Year” lyrics,2024-07-01 19:55:08.869811,2024-07-01 19:55:08.869811
f6943c38-2228-4987-b450-d4f5b67be036,3965626a-9265-4f96-a878-430c0c5b6c75,with “Happy New Year” lyrics,2024-07-01 19:55:31.319645,2024-07-01 19:55:31.319645
f0628cc4-a88c-415b-a7d7-0bf4041e39c4,00c9263b-c7ba-4a04-96c8-59795543627c,with “Happy New Year” lyrics,2024-07-01 19:56:09.765486,2024-07-01 19:56:09.765486
ac40d622-58f6-4acb-8a1b-b5deea03618e,2e2d3204-a728-41c5-a8ba-dcfde9b238dd,with “Happy New Year” lyrics,2024-07-01 19:56:19.936505,2024-07-01 19:56:19.936505
e5fc56a4-97f4-4c9f-af86-efa14843a040,c0545008-a395-4728-a4c3-9d9dad2fa60f,with ‘Dance Of Sugarplum Fairies’ (Tchaikovsky) tease,2024-07-01 19:57:13.699390,2024-07-01 19:57:13.699390
dd026f27-a42c-40d1-b33f-d04bf63a956e,c0545008-a395-4728-a4c3-9d9dad2fa60f,with “Happy New Year” lyrics,2024-07-01 19:57:13.732453,2024-07-01 19:57:13.732453
872dab73-d6ef-4940-9d2e-d0705201eea6,0643e16a-cda8-45c0-8824-b573baedb1be,with ‘The Great Abyss' ending fake-out,2024-07-02 18:54:49.906525,2024-07-02 18:54:49.906525
dc6c55cf-40b6-4aa3-964c-f31386fef055,0643e16a-cda8-45c0-8824-b573baedb1be,inverted,2024-07-02 18:54:49.956316,2024-07-02 18:54:49.956316
d0282a3d-2d45-46ca-be3f-70da501db110,4dc08103-7080-4efb-a175-d46d51be570f,with ‘Caves of the East’ tease,2024-07-02 18:55:15.363215,2024-07-02 18:55:15.363215
ac5cf813-4d08-490e-902f-cb1afb9751a4,0b35b33a-523c-4704-900f-57f7f5b2018c,with ‘Triumph’ teases,2024-07-02 19:52:40.081058,2024-07-02 19:52:40.081058
a45c3b34-028f-4a32-857f-99b8802e0a9d,96138b13-9048-477c-baf3-9918d0162853,with ‘Abraxas’ teases,2024-07-02 19:53:08.629446,2024-07-02 19:53:08.629446
f16486e5-5112-44d8-9f3e-3cd2b60e2c3c,f20764aa-b27b-4211-80d9-95c8e616768a,middle>ending only,2024-07-02 19:54:37.040538,2024-07-02 19:54:37.040538
7d905eaf-b69d-4352-ad9c-fdaf2c5b4db7,be7cfa60-f7b7-49ec-96c5-37ac86235fd3,with 'Sexy Back' (Justin Timberlake ft. Timerland) samples,2024-07-03 17:54:18.790630,2024-07-03 17:54:18.790630
7dd034cb-0f1e-40a9-8db7-c6932bb9777f,636125fa-a83a-4838-a4cb-258d66cfb3f6,with ‘Crickets’ tease,2024-07-03 17:56:09.230306,2024-07-03 17:56:09.230306
71e30864-c8f8-46bc-95e4-eef67d0681a3,f37ed40b-e219-4cbb-80fb-f6fadc282233,with ‘3rd Stone From The Sun’ (Jimi Hendrix) tease,2024-07-03 17:59:21.420825,2024-07-03 17:59:21.420825
cd9fc6c9-0ea0-4088-8a92-f6778f28fdca,c4fd7456-273a-4deb-8c21-3a09f08bbd66,with ‘Eleanor Rigby’ (The Beatles) teases,2024-07-03 18:01:51.335748,2024-07-03 18:01:51.335748
e002ef91-608a-4be1-8845-038181182d29,a0c35de0-2918-4769-9571-81832338429b,with ‘Spaga’ intro teases,2024-07-03 18:02:29.800357,2024-07-03 18:02:29.800357
2b88d1bc-6c03-4bb6-ac91-22448bf88a4d,3cb6337e-03f7-432e-b22d-bd778b853c92,with ‘Nocturne in E-flat Major Op. 9 #2’ (Chopin) intro,2024-07-03 18:03:14.281571,2024-07-03 18:03:14.281571
864663b5-83a7-4603-ab74-1b42f901d6aa,4601703a-45e4-4231-9747-11f75e0336bc,with ‘Dance of The Sugarplum Fairies’ (Tchaikovsky) mashup,2024-07-03 18:04:29.378999,2024-07-03 18:04:29.378999
a078eb41-bff8-4edb-9a7e-3d2f4bdf086e,50dc312b-61dd-4ab2-aee5-9f3672d891ca,"45 minute jam with teases of 'Basis for a Day', 'I-Man', & 'On Time'",2024-07-04 17:38:37.413341,2024-07-04 17:38:37.413341
43101075-f0d4-40fc-b2a6-94ace530bf98,1398b8d2-cb31-4fa8-a838-c13544639dcc,with 'Aquatic Ape' lyrics (Reverse of 4/1 version),2024-08-11 11:51:43.576514,2024-08-11 11:51:43.576514
ba7ab716-7b9f-4d5c-aebe-2c8fe95a0d94,610cd853-38c5-43d7-8013-de66da06dce7,with ‘Meditation to the Groove’ (Kaskade) samples,2024-07-05 16:33:23.136896,2024-07-05 16:33:23.136896
b1a12ba6-abc5-4be7-a102-a8cb09ad7723,e6305d8b-fc30-4f58-a7b9-9a29fe8415f6,with 'Aquatic Ape' lyrics (Reverse of 4/1 version),2024-08-11 11:51:51.071138,2024-08-11 11:51:51.071138
e0d5b1f2-bf44-4917-aef7-aac3f850075c,f26c6240-8243-4add-b0ef-3860636d0f80,with 'Star Wars' theme (John Williams) tease,2024-08-11 11:53:28.091053,2024-08-11 11:53:28.091053
4c348ca2-fe40-4ac0-b839-42a12fda590d,bceccd6c-7274-43ec-b93b-6314b5ac50c9,with 'Star Wars' theme (John Williams) tease,2024-08-11 11:53:37.247837,2024-08-11 11:53:37.247837
865745fc-845e-4e19-949f-5f5de2c88971,9812fd24-4780-46bb-9f81-589ce3331227,with DJ Paul Norman on turntables,2024-08-11 11:53:45.389276,2024-08-11 11:53:45.389276
41205aa9-7666-4879-ae2c-8b7fdc0d6210,3f25a813-6ff3-4968-a274-eda1fedc5862,FTP (Fisher),2024-07-05 19:27:15.960711,2024-07-05 19:27:15.960711
3bf05910-e198-49d2-9610-4655573598d4,9a69cc6f-0667-4447-8d6e-5dcbc2d8ed36,FTP (Darude),2024-07-05 19:27:35.392191,2024-07-05 19:27:35.392191
0631a64e-d212-4129-951c-d8da9c1f3982,d7a77ff8-f597-4978-8c5e-e8166204ad05,with 'Seasame Street' theme (Joe Raposo) tease,2024-08-11 11:55:57.151996,2024-08-11 11:55:57.151996
94050112-3803-437a-8c49-395b92056037,3c5d2910-75c2-44bf-a810-64140dad6fa9,FTP (Kx5),2024-07-05 20:37:10.820733,2024-07-05 20:37:10.820733
e7239d43-6cae-49ad-9b60-ab58160ad23c,d76c9e8b-a15c-4033-9f05-1b3a6b9e57f4,FTP (Katy Perry),2024-07-05 20:37:25.140597,2024-07-05 20:37:25.140597
b3d11923-37eb-42a3-8e5b-7075ad6c7232,52aa3a5f-f648-441e-bb76-dec87dec170a,inverted,2024-07-06 08:14:54.937460,2024-07-06 08:14:54.937460
d632cb99-9009-426a-8ad0-f5d339b2a16f,09dcc746-e805-4e89-afd2-1797f63d8b02,with 'Save The Robots' teases,2024-08-11 11:56:08.220551,2024-08-11 11:56:08.220551
6ecd09d0-26f4-417a-aa0e-80d2d41a84a9,0969f231-ce60-4359-ac88-8360ea129d9d,inverted ,2024-07-07 19:28:57.245857,2024-07-07 19:28:57.245857
c1db05a5-4f5e-4c1b-8067-79ccd1338edd,0969f231-ce60-4359-ac88-8360ea129d9d,with ‘Ring The Alarm’ (Tenor Saw) samples,2024-07-07 19:28:57.299407,2024-07-07 19:28:57.299407
6972c91a-afd7-454c-94e4-8a033041d613,312e3514-39a6-4604-8d23-0cd61691bf86,with Alan Watts samples,2024-07-07 21:16:39.754648,2024-07-07 21:16:39.754648
c248ac0d-0793-4ce6-87a1-37dcf59c9b23,91066737-32b6-41a3-86d6-7234ae4d1b4d,with ‘Take Me Home’ (Phil Collins) teases,2024-07-10 02:49:52.409622,2024-07-10 02:49:52.409622
a829f844-3554-4a48-8b65-b44515788f14,06375627-25b1-4596-8fd0-5eb3595d1526,FTP (tDB Original; based on 8/10/23 ‘The Wormhole’ Jam),2024-07-10 03:01:31.149267,2024-07-10 03:01:31.149267
5fab89be-3d31-457e-a343-ba6923c4c9cf,02d0d214-2e54-40b4-b4f4-4e7414fe492c,FTP (tDB Original; based on 4/2/24 ‘Shadow’ Jam),2024-07-10 03:01:42.491915,2024-07-10 03:01:42.491915
17fde6c3-45fb-48a7-ab6b-b86f8fa54551,7e8e21bf-eeba-4794-809d-056eeaee2155,Techno version,2024-07-10 03:02:49.249295,2024-07-10 03:02:49.249295
64d57c14-af7c-418e-9b53-7f0c74242748,7e8e21bf-eeba-4794-809d-056eeaee2155,unfinished,2024-07-10 03:02:49.316454,2024-07-10 03:02:49.316454
5b4f2af6-a939-4fe1-ac54-7bb0dc44e5f3,3ddd3c7e-1916-4105-8f99-4b46f5aad2f6,with ‘Take Me Home’ (Phil Collins) teases,2024-07-11 00:49:32.564728,2024-07-11 00:49:32.564728
a4d132d0-10bf-4e5d-9823-fe4cf360b2b3,d57ac73e-10f1-43ad-bcd8-97f2d59d0892,FTP (tDB Original; based on 3/9/24 ‘No Recollection’ Jam),2024-07-11 05:24:37.645143,2024-07-11 05:24:37.645143
fafe5bcd-39ee-4edf-bcfe-db47e5ababaa,608ae436-d220-416b-a8a0-500c197b731e,FTP (tDB Original; based on 4/18/08 Morph><Ladies Jam),2024-07-11 05:25:29.123279,2024-07-11 05:25:29.123279
7b21769a-3103-4c88-a560-b92b5dd12f83,d5b67a3a-5867-49a2-acd9-e2823783dff4,FTP (tDB Original; based on 8/18/16 Therapy>< Abraxas Jam),2024-07-11 05:26:12.700959,2024-07-11 05:26:12.700959
d68dc313-c0e3-441f-a7b5-fdd17615fbf1,d63c294b-c9bc-4b62-80f3-ec6c01482b81,FTP (tDB Original; based on 8/12/23 M1 Jam),2024-07-11 05:27:19.812470,2024-07-11 05:27:19.812470
b989d1d0-039b-4fa5-bc11-83fee4a5e6f1,d63c294b-c9bc-4b62-80f3-ec6c01482b81,with ‘Rocket Science’ teases ,2024-07-11 05:27:19.834341,2024-07-11 05:27:19.834341
86a97a74-cee8-4522-9068-3e2cd0f04962,36c79b93-34ff-4a0e-ac71-0c43e942ab69,FTP (tDB Original; based on 10/28/23 Jam out of BTT),2024-07-11 05:28:33.533190,2024-07-11 05:28:33.533190
f14a216b-ad59-4e09-a968-d6dcc7a49639,21015a9f-99d9-4b4d-9227-bf8cfe3a7167,FTP (tDB Original; based on 8/13/23 Basis Jam),2024-07-11 05:29:26.129946,2024-07-11 05:29:26.129946
864cf549-23e9-41c5-bd87-15fae190d77f,e106f194-1697-4804-a7a9-cc396c77c500,FTP (tDB Original; based on 4/11/08 Vassillios Jam),2024-07-11 05:30:13.513897,2024-07-11 05:30:13.513897
1b051d3c-3928-40e5-901d-c461ad2457aa,e106f194-1697-4804-a7a9-cc396c77c500,ending only,2024-07-11 05:30:13.545658,2024-07-11 05:30:13.545658
edd54f57-fc04-4f51-82b3-1f37ebe4e06e,1143a43d-8ea8-41d1-a136-643540332ee2,FTP (Porter Robinson),2024-07-11 20:46:17.110499,2024-07-11 20:46:17.110499
1e43ae40-1878-4419-8c10-9887bdc71aaf,1143a43d-8ea8-41d1-a136-643540332ee2,with ‘Children’ (Robert Miles) teases,2024-07-11 20:46:17.157371,2024-07-11 20:46:17.157371
962423e4-010a-45c8-b477-1936f6c25e7e,1143a43d-8ea8-41d1-a136-643540332ee2,with ‘Sultans Of Swing’ (Dire Straits) teases,2024-07-11 20:46:17.191148,2024-07-11 20:46:17.191148
15f6e120-7666-491f-bae2-81df78a2fcad,839e2be2-b46d-4126-9a0f-d4efc765ea3f,"with ‘So Fresh, So Clean’ (OutKast) jam + samples",2024-07-11 20:47:13.740525,2024-07-11 20:47:13.740525
5338470d-e464-4a2a-8baa-bc443510868c,732fcea9-3958-4f7a-8214-be16bf0a607c,inverted,2024-07-11 22:42:38.319667,2024-07-11 22:42:38.319667
b416a510-2bce-48c4-a326-06b0a758746b,56ab8433-fca3-41d9-bd2c-dda252af0cc1,inverted,2024-07-11 23:17:13.139809,2024-07-11 23:17:13.139809
7d13652f-2eb8-490c-9c96-a1a2eb2c9cc5,8116667d-7a3d-4322-b018-9a408486b2c5,FTP (Fred again.. & Baby Keem),2024-07-12 19:07:23.378173,2024-07-12 19:07:23.378173
3ea6546f-4d49-4e61-a3b3-285e9587733e,5a955212-15f4-4fc5-9827-45febd15a1ed,with ‘Trap Door’ teases,2024-07-12 19:53:51.284186,2024-07-12 19:53:51.284186
4a81d0b5-85ad-486f-9954-af3a8a77a1a9,37f08187-1ad0-4a64-b4c8-b66716e552c5,with ‘Trap Door’ teases,2024-07-12 19:53:59.369604,2024-07-12 19:53:59.369604
1cdee97f-4960-40d3-87a2-ffd06ac77fab,3abdc72d-518b-4885-8252-b0d558a11826,with ‘Dear Prudence’  teases,2024-07-13 02:57:37.011405,2024-07-13 02:57:37.011405
e0cb517f-fe6f-4c39-a737-73ba21de499b,dd694bb6-25ae-44a0-9092-29a1d1586939,inverted,2024-07-13 04:45:25.415107,2024-07-13 04:45:25.415107
e6896039-fc29-4b16-9e87-d93ed2f63161,7d4ed251-7780-4e2c-9647-86f4a64b62cb,inverted,2024-07-13 04:47:57.539887,2024-07-13 04:47:57.539887
e5401955-83f8-42b0-b150-8d048fb17473,d9905adc-5c8f-4177-85ce-519923a075dd,with ‘You Enjoy Myself’ (Phish) samples,2024-07-13 18:27:07.867600,2024-07-13 18:27:07.867600
511f4763-9ca6-4c1a-a8a5-bb80903ed4e3,40356339-ffc6-465e-890e-d03d75a16310,completes 7/12/24 version,2024-07-14 03:33:52.061227,2024-07-14 03:33:52.061227
76d9a394-97c6-4ff2-aae5-d336cc9a098e,6c5bb850-d006-4d6a-a9e8-38abdb779ec9,unfinished,2024-07-14 04:09:37.891623,2024-07-14 04:09:37.891623
14c98d70-2eb9-46be-a2bf-55484db0f358,c8e65959-4e06-412b-8aa2-a23a3f7d0d72,with ‘In The End We Have Forever’ lyrics,2024-07-14 15:40:33.186774,2024-07-14 15:40:33.186774
1854d4c4-cc43-4b1c-bcf1-0e41596e1a03,d9163498-848f-49ec-9722-0ffd72f4bc93,"with ‘You Don’t Love Me (No, No, No) (Dawn Penn) samples",2024-07-14 16:33:21.719509,2024-07-14 16:33:21.719509
46e02b94-f1d3-472c-85c4-dc99ccb24f0e,d9163498-848f-49ec-9722-0ffd72f4bc93,with ‘In The End We Have Forever’ tease,2024-07-14 16:33:21.749643,2024-07-14 16:33:21.749643
51036875-ed8e-4769-aaed-066480067faf,100c4af7-fb87-45e9-98c7-3a7167e73933,LTP 7/13/23 (72 shows),2024-07-15 00:53:54.209668,2024-07-15 00:53:54.209668
d0775e62-9215-4608-abff-eda92406dc8e,1fdd6899-5eda-4c08-88cf-c1c10c5e8912,with ‘Shocked’ samples,2024-07-15 01:28:08.969629,2024-07-15 01:28:08.969629
1686a2bc-a55c-4603-87bb-eb1c4661601a,1fdd6899-5eda-4c08-88cf-c1c10c5e8912,with ‘Baddadan’ (Chase & Status) samples,2024-07-15 01:28:08.997799,2024-07-15 01:28:08.997799
679a0aba-7dc5-470f-95ac-89bc20d796ac,895c2be5-9d50-4a64-87bf-1bb9fb2efb6f,with Alan Watts samples,2024-07-15 01:30:30.439026,2024-07-15 01:30:30.439026
41d715d3-bda7-4ce5-a189-68b6144c476d,895c2be5-9d50-4a64-87bf-1bb9fb2efb6f,with Magner on vocoder,2024-07-15 01:30:30.469568,2024-07-15 01:30:30.469568
9f7f9dcb-17e6-4381-862e-12fd06ed4a1d,27fd2503-cfa6-4b70-8702-7bdc37dfd5bb,with ‘Relax’ (Frankie Goes To Hollywood) samples,2024-07-15 06:21:52.521946,2024-07-15 06:21:52.521946
83cd5b54-0898-4542-8cd8-6c6cb69cd500,55b99d5b-24ad-4144-9dd9-4e1a8f4ebb46,LTP 3/3/22 (162 shows),2024-07-15 13:58:46.216674,2024-07-15 13:58:46.216674
60f13821-cb7c-4d46-9c0d-d3bdbc479824,55b99d5b-24ad-4144-9dd9-4e1a8f4ebb46,Reworked chorus,2024-07-15 13:58:46.231238,2024-07-15 13:58:46.231238
2a21afa5-84b3-4f1f-b9d7-b90928853e18,06fd9749-902a-405d-a623-2382ef31adc2,with ‘Waterfalls’ (TLC) samples,2024-07-15 15:22:15.389403,2024-07-15 15:22:15.389403
33689651-f5df-4256-9622-7af10bd2142d,9eb4005a-2eef-4679-a2d6-2c70710852a8,unfinished,2024-07-15 21:49:11.091256,2024-07-15 21:49:11.091256
9ff5c98f-db99-43b9-8778-a70412940ed1,a14d9e85-988d-4dae-8b47-3e50a7933795,dyslexic completion of 4/18/09,2024-07-15 22:00:50.683491,2024-07-15 22:00:50.683491
7134e1db-f973-4ccf-8135-688754fec8d0,a14d9e85-988d-4dae-8b47-3e50a7933795,with ‘Highwire’ vocal teases,2024-07-15 22:00:50.727784,2024-07-15 22:00:50.727784
a004c453-3cd6-43c0-a049-14e4c3cdbc20,7f52924d-4187-47c9-acbb-e334a0bfaeec,completes 4/23/09 version,2024-07-15 22:01:19.429068,2024-07-15 22:01:19.429068
5b4dfd30-e9f9-4dda-9918-236de3b2f7c0,42d3f0d3-ed1e-4392-b29b-59adab0fff58,with extended drum solo,2024-07-15 22:05:10.367915,2024-07-15 22:05:10.367915
a8aeab93-c647-4d1d-bb65-784e66d44728,3facbe65-d23f-41db-aee6-508c7b940cae,with lyrics,2024-07-15 22:08:58.604005,2024-07-15 22:08:58.604005
d9b59193-ae8d-45c1-8444-349c36708c05,be9d345f-148f-4bdd-9901-c6d46eb818f0,with 'Aquatic Ape' + 'Magellan' teases,2024-08-11 11:56:19.494376,2024-08-11 11:56:19.494376
e7e7eb94-3b23-4a7e-bedc-f56fcd11698f,65056eef-7fe8-4852-b3fd-2e6a9ecff99b,"dyslexic version (ending first, then beginning)",2024-08-11 11:57:00.028292,2024-08-11 11:57:00.028292
0202d0fd-a58f-4f8d-a98f-8754442eca1b,29ad44fe-841c-4942-8aa2-dcf34e2aca6d,"dyslexic version (ending first, then beginning)",2024-08-11 11:57:10.419652,2024-08-11 11:57:10.419652
aa6d8540-dc1d-4b66-bd09-574bf4849877,d96ebc84-5685-4db0-bf34-e1cf57cdf884,unfinished,2024-07-15 22:10:26.695805,2024-07-15 22:10:26.695805
f7d033ec-9f9e-46f4-881c-2abbd11ee615,d96ebc84-5685-4db0-bf34-e1cf57cdf884,with Don Cheegro on keyboards,2024-07-15 22:10:26.730221,2024-07-15 22:10:26.730221
cc9b6b8a-5bd4-43fa-9066-15385cfef5d0,49efc8e7-fa88-4401-8ae2-482b04ac0e0c,with ‘Lunar Pursuit’ fake-out,2024-07-15 22:11:54.609390,2024-07-15 22:11:54.609390
d667741d-ae1c-44df-89d2-df2e73865677,d48bdbb5-034a-4b1f-b3f4-900c005b249f,with Jon Gutwillig on guitar only,2024-07-15 22:13:15.671369,2024-07-15 22:13:15.671369
fe183731-0212-432e-bf74-8d735bcce6fc,5d3d7256-16a9-4a44-8fd9-dcd352305133,LTP 2/3/23 (108 shows),2024-07-15 22:16:30.617457,2024-07-15 22:16:30.617457
c28338f6-20d4-4c20-96ba-62c1cb53c689,518fc302-d36f-4220-83d4-9d3279813165,with 'Close Encounters of the Third Kind' theme (John Williams) tease,2024-10-03 19:11:52.606722,2024-10-03 19:11:52.606722
ef9b9378-a8a8-4451-8eda-000013fb511d,518fc302-d36f-4220-83d4-9d3279813165,with ‘We Like To Party’ (Venga Boys) jam,2024-10-03 19:11:52.631626,2024-10-03 19:11:52.631626
153c2a7a-bf16-4252-9bd6-3abfdb89b3e1,19d9d981-ab2d-400c-bc82-d9e9e02c4a0e,ending only ,2024-10-09 12:20:16.104352,2024-10-09 12:20:16.104352
0a2ef1b1-6571-4d1d-ab62-c099e7b1aa31,bd20af26-5987-4af7-8562-fe893878c96d,unfinished,2024-10-12 22:34:24.417811,2024-10-12 22:34:24.417811
0d5fceb6-deb5-4099-ac94-ad52ebd68e6b,bd20af26-5987-4af7-8562-fe893878c96d,with ‘Fire On The Mountain’ (Grateful Dead) jam,2024-10-12 22:34:24.564494,2024-10-12 22:34:24.564494
35d2ac0b-1dfd-41ef-87b0-a8f0fbf3e7c5,1f65e08f-e41b-4612-a026-cba3b2b7cfbd,with ‘KnightsOfCydonia’ (Muse) jam,2024-10-21 21:25:43.051240,2024-10-21 21:25:43.051240
9111a5e0-81dc-42be-8c6b-d523d3324631,c543017e-3175-4489-8661-12d1bedfc8c9,inverted,2024-10-31 03:15:20.770880,2024-10-31 03:15:20.770880
96e2d1ae-9dc4-4989-b6eb-84ab3a8ff07e,c543017e-3175-4489-8661-12d1bedfc8c9,with ‘Air Song’ teases,2024-10-31 03:15:20.807765,2024-10-31 03:15:20.807765
358c9dca-591f-4837-b49c-9e535f8289c9,add3baad-4728-4397-8536-e69c54f7a4f7,improvised score to the film ‘2001: A Space Odyssey’ (1968),2024-11-01 19:58:02.103136,2024-11-01 19:58:02.103136
c40ae8a6-99cf-4cd1-ad26-011d9188fe01,6b5cfa3e-54e8-437a-bdd7-b6665b290ae3,FTP (Johan Strauss II) ,2024-11-01 20:01:24.325898,2024-11-01 20:01:24.325898
03d5d014-232c-48db-83e5-263c79e33462,dffa2b97-86bc-46e7-9342-15e4410b5e72,with ‘Also Sprach Zarathustra’ (Richard Strauss) teases,2024-11-02 04:42:15.213396,2024-11-02 04:42:15.213396
d966b619-c3c4-44b0-b675-18ea4f76bf65,4bb48e31-715a-4e20-936b-b7986df63d60,inverted,2024-11-03 03:47:58.893657,2024-11-03 03:47:58.893657
69ef7a4a-af29-41d4-ab1a-34a52d0dcc04,f86aa1a2-dfac-4af5-98cc-dbdce23eeee1,with ‘Spectacle’ teases in intro jam,2024-11-03 15:24:16.667836,2024-11-03 15:24:16.667836
33a526a8-838f-478a-9c88-2d97f8ee4ca1,f86aa1a2-dfac-4af5-98cc-dbdce23eeee1,with ‘Spacebirdmatingcall’ teases,2024-11-03 15:24:16.721455,2024-11-03 15:24:16.721455
6e7b704b-6085-493d-b395-ead6e21ce554,23cc530c-07fb-407b-8eba-e1b105937ae4,with ‘2001: A Space Odyssey’ samples,2024-11-04 04:34:18.664213,2024-11-04 04:34:18.664213
ef5c94c5-3b91-4c89-afe3-ba0532300791,57901eec-8a50-4bf9-8295-ee01c144df9b,inverted,2024-11-08 02:17:02.821074,2024-11-08 02:17:02.821074
9b1a283b-34fc-4f33-adff-ac923ad4b197,16d1c6c2-5e48-4e2b-928c-f7cd365feeee,unfinished,2024-11-09 04:55:45.412701,2024-11-09 04:55:45.412701
f333add3-9f14-4804-b0f8-94440f6541d4,fe462503-8bc8-42e1-8bfa-c4769e5cc861,with 'The Overture' + 'Munchkin Invasion' teases,2024-11-10 19:41:30.958770,2024-11-10 19:41:30.958770
4af646de-eaa5-4fdb-8ecb-ab0fe3b73c7c,d3203981-4f42-4b7e-8bd4-0776aee3473c,with 'Get Smart' (Irving Szathmary) tease,2024-11-10 19:49:06.078247,2024-11-10 19:49:06.078247
688ce741-c85f-4852-a58d-40d0736c3785,e8f0828d-67bc-4211-83e5-3f2d7e754d8f,inverted,2024-11-10 19:50:24.197405,2024-11-10 19:50:24.197405
efcf8026-19e5-42f2-878d-ff5a55783455,e8f0828d-67bc-4211-83e5-3f2d7e754d8f,with 'Floodlights' tease,2024-11-10 19:50:24.221326,2024-11-10 19:50:24.221326
f9b04753-de99-451e-aeda-56b321e623cd,b4500199-b991-4bd6-a1eb-fa68806e3a1e,"dyslexic version (ending first, then beginning)",2024-11-10 19:53:03.798135,2024-11-10 19:53:03.798135
9d69d622-573b-4476-8a97-7aa1af75da3b,b4500199-b991-4bd6-a1eb-fa68806e3a1e,1st dyslexic version,2024-11-10 19:53:03.841641,2024-11-10 19:53:03.841641
03f247be-9fb8-409e-9396-49c3df211156,53aea9f4-8bc4-45a8-a60b-da3586538841,with 'The Big Happy' in between verses,2024-11-10 19:53:51.729553,2024-11-10 19:53:51.729553
974674cc-55f4-4492-89a2-1db2203da3f3,1d300595-8bb2-4895-9112-270f8abb6ec6,"dyslexic version (ending first, then beginning)",2024-11-10 19:55:09.942523,2024-11-10 19:55:09.942523
d12de1b6-5275-4a66-b272-62a579d8d1f5,77171ffb-d2bf-4368-bae4-094637cb03c8,"dyslexic version (ending first, then beginning)",2024-11-10 19:55:28.099195,2024-11-10 19:55:28.099195
348491e6-d62d-4f7e-846b-e0df183cde10,77171ffb-d2bf-4368-bae4-094637cb03c8,with 'The Thieving Magpie' (Rossini) tease,2024-11-10 19:55:28.147149,2024-11-10 19:55:28.147149
c01f5e35-399d-4488-9589-43305b822f0f,edf86255-2f0e-488e-9e8e-799700f79421,FTP (Smashing Pumpkins),2024-11-10 19:56:26.912782,2024-11-10 19:56:26.912782
a1e8ec93-3a64-4597-90ce-5f38ae9488a5,edf86255-2f0e-488e-9e8e-799700f79421,with Adam William Davis on vocals while crew smashes pumpkins on stage with a tire iron. Eric Bernstein on guitar while Barber smashes,2024-11-10 19:56:26.945871,2024-11-10 19:56:26.945871
bace82a4-e63e-4ad6-bc5e-07234a988011,7177b3d5-6e05-415a-af68-f397b56de109,"dyslexic version (ending first, then beginning)",2024-11-10 19:57:35.333886,2024-11-10 19:57:35.333886
7ac10146-5219-42ef-a1b6-5322a371711b,7177b3d5-6e05-415a-af68-f397b56de109,with 'Story Of The World' teases,2024-11-10 19:57:35.371239,2024-11-10 19:57:35.371239
ec1f68f4-bfa2-4535-bb84-17c55f13d778,7177b3d5-6e05-415a-af68-f397b56de109,with 'The Immigrant Song' (Led Zeppelin) teases,2024-11-10 19:57:35.412305,2024-11-10 19:57:35.412305
9df3b0c3-82d6-417e-9a4c-02d62e6400bc,cb63f899-cd6f-4f42-97c2-b80f96e450b3,"dyslexic version (ending first, then beginning)",2024-11-10 19:57:48.894929,2024-11-10 19:57:48.894929
32b84195-2211-4ac0-a3bb-5ed3f4e22df6,16376a2d-9846-4a16-86a3-9f7deaf8f631,completes 10/10 version,2024-11-10 19:59:14.639884,2024-11-10 19:59:14.639884
c28859ef-9e8a-46d8-b9d6-9335f025ddf4,d0ac5f01-3c88-4c19-81af-3228300be916,with 'Bring Your Ass To The Party' vocal tease,2024-11-10 20:05:56.030704,2024-11-10 20:05:56.030704
db04e2b9-3b69-46e1-b873-bfe47439ff4c,31af4b36-1211-4375-8787-2fc43a9330f9,completes 5/3 version,2024-08-11 11:57:44.614945,2024-08-11 11:57:44.614945
8667624e-aa45-4ced-a56d-d7a48c786647,eb69f4e3-c845-4095-945a-d554e3d79043,FTP (Richard Strauss),2024-11-01 19:59:28.268771,2024-11-01 19:59:28.268771
99675286-bee9-46d8-9463-4a933de2f383,1b55f0f3-e62b-495e-a0e2-c3439020cf4f,LTP 7/14/23 (92 shows),2024-11-04 18:17:15.302404,2024-11-04 18:17:15.302404
afa3a843-4120-45a9-b07a-cf7e4681e98a,0d85e7e7-f0cd-4dd7-bc71-9dd6792b7d66,LTP 10/25/23 (73 shows),2024-11-08 03:16:25.012846,2024-11-08 03:16:25.012846
10c9e79b-83d5-4dc5-a256-1e0d0505e44d,550ca31d-5404-46ae-9460-1295b7b9bf3b,1st jam inspired by 3/15/24 ‘Sister Judy’s Soul Shack’ ,2024-11-09 12:28:56.536227,2024-11-09 12:28:56.536227
e49f7b82-f48a-4be8-abec-188682d17a09,b4a21a62-77fd-4bb4-b8e5-07628388f8a2,completes 12/27 version,2024-11-10 19:42:15.825314,2024-11-10 19:42:15.825314
faba8659-ffe2-45b6-a7fd-65ad7e8b4087,6cbd0fdc-d956-42a6-89df-ed7b7e3467c0,with Erica Lynn Gruenberg on vocals,2024-11-10 19:42:28.272025,2024-11-10 19:42:28.272025
d35f2601-ba6d-442c-a2c9-6f22b119f42b,a028b182-5ebb-4215-86b7-60a20e62d96a,"dyslexic version (ending first, then beginning)",2024-11-10 19:52:41.373198,2024-11-10 19:52:41.373198
885c84a2-58fc-474b-9768-0e7a9a093e95,388145ec-8833-4aa7-827f-705716fc6eb9,"dyslexic version (ending first, then beginning)",2024-11-10 19:53:13.946720,2024-11-10 19:53:13.946720
0906b4c3-979f-429d-a3b1-ec7a920a1159,db6f507c-fc4b-4d0b-8d09-1958a2d992d7,"dyslexic version (ending first, then beginning)",2024-11-10 20:00:51.839785,2024-11-10 20:00:51.839785
44f91fe4-1660-44bf-a985-5853c9e0571c,b083fb9d-c99e-49c7-ad02-2ac655ea7d08,with 'Svenghali' tease,2024-11-10 20:01:13.103147,2024-11-10 20:01:13.103147
5fa6311a-efc1-4df7-88a7-bcdf4e45090e,65696c9d-6d14-40ac-a52b-8318e6e0373e,completes 10/27 version,2024-11-10 20:02:00.642791,2024-11-10 20:02:00.642791
908cccb3-3a3a-4a93-98b3-84928eb92e9b,ba2a6806-f009-4123-80bc-cbaf2e6f4b5f,completes 10/27 version,2024-11-10 20:02:16.672830,2024-11-10 20:02:16.672830
db3a55f6-043d-4769-b447-d11009120f7b,71fbe3a2-9263-4599-ac37-13d1925380aa,completes 10/13 version,2024-11-10 20:02:41.278243,2024-11-10 20:02:41.278243
42d87179-3b6d-4a05-bba7-9af697ab031e,e4824de5-6334-405c-94b5-a0bfbb87688c,completes 10/12 version,2024-11-10 20:03:02.616402,2024-11-10 20:03:02.616402
8c6f5181-db55-4b13-93a1-99a69c198b31,2ff7d01b-f974-45b9-9ab5-91eea1cf31d7,completes 10/14 version,2024-11-10 20:03:12.600636,2024-11-10 20:03:12.600636
e3c13859-6a48-4592-86a1-cd9f6800914c,bb276b33-e7cb-43a3-95ab-c7ecac031578,with Matt Pierce (Lake Trout) on flute,2024-11-10 20:03:50.720786,2024-11-10 20:03:50.720786
316bacc8-2dcb-41c6-9857-ccfb87134ea0,18abe092-2d0d-46f6-8457-33fb6dff0a98,completes 10/17 version,2024-11-10 20:04:35.155583,2024-11-10 20:04:35.155583
803e05d1-81ce-4088-b84d-86936c9ffef2,3b6ce7b7-4dc2-4fc4-bf2b-29cc05e4a045,completes 10/17 'Stone',2024-11-10 20:04:52.676020,2024-11-10 20:04:52.676020
669ac9dd-130f-443b-880e-f49779f1a0d4,1965e927-4393-492d-9381-ead8c48e8d05,dyslexic completion of 10/17 'Liquid Lazer',2024-11-10 20:05:04.221079,2024-11-10 20:05:04.221079
a87ec993-bace-47a9-8e8f-0f20791b4849,3febfc98-fb46-4c5e-8a40-04eda755db80,with 'Izzo (H.O.V.A.)' (Jay-Z) tease and a power outage,2024-08-11 11:58:06.759451,2024-08-11 11:58:06.759451
799d12fb-7f27-405b-b4a6-d47e3f404273,f2406f72-9f1d-447c-a284-833c7a228dbc,with 'Never Trust A Woman' (Grateful Dead) tease,2024-08-11 11:58:18.241244,2024-08-11 11:58:18.241244
ede81b8d-ad9e-4615-a566-ebfdaa8f74af,5e7555fc-a8e0-488c-9a9b-5a2918d22a69,with DJ Paul Norman on turntables,2024-08-11 11:58:42.572520,2024-08-11 11:58:42.572520
05afe295-3cd9-4b37-95cf-1a8ad201c6b7,45d7a932-cac0-4ef5-93d1-9d207ae9c946,FTP (tDB Original) ,2024-08-11 12:00:10.703206,2024-08-11 12:00:10.703206
e84b4976-026c-4759-8441-a0fe51e630b9,d3ef46a3-7031-4137-b179-c3cc17901df6,with Jon Gutwillig on guitar only,2024-07-15 22:13:38.541812,2024-07-15 22:13:38.541812
fca07ec4-e16f-4505-9ab0-a4e69edc4ca5,a8fe0925-f5fd-4ea7-9f5a-fba2605695e3,LTP 7/18/23 (70 shows),2024-07-15 22:37:22.739017,2024-07-15 22:37:22.739017
f86d783e-7078-44bc-9be9-69f03be271f1,94acff23-91ce-4ef9-b86d-3c10e1263c11,LTP 10/25/23 (51 shows),2024-07-15 22:38:20.472828,2024-07-15 22:38:20.472828
1d221e91-b0ed-4384-be38-1185e9e32ad8,45d7a932-cac0-4ef5-93d1-9d207ae9c946,with DJ Paul Norman on turntables,2024-08-11 12:00:10.732948,2024-08-11 12:00:10.732948
5a3aaca7-4483-4e19-8b66-8a7dd057b6d4,3bed3c22-e2c8-47ae-8f86-e7e1e5e30f58,FTP (as tDB; played as Tractorbeam 7/4/24),2024-07-16 14:26:29.343954,2024-07-16 14:26:29.343954
a9064d6c-12ac-40e6-90fd-02e511635218,36ca8cc1-ff65-4d03-b744-cc7e93b2d23e,dyslexic completion of 8/9 version,2024-08-11 12:01:17.426882,2024-08-11 12:01:17.426882
c8198d05-f360-45d0-ba96-6bd49d46bd7f,ac5977a5-d8ce-4b8d-af4c-549527b9e959,with 'Superman' theme (John Williams) tease,2024-08-11 12:01:36.453498,2024-08-11 12:01:36.453498
fb3ad432-125a-4a40-afce-fa77bd5ae95e,a4ee6c46-94c7-4619-82a5-73ef0378d913,FTP (as tDB; played as Tractorbeam 7/4/24),2024-07-16 16:20:40.448531,2024-07-16 16:20:40.448531
32da33ab-7a83-4fcc-8043-6d1dbccb5ddf,a4ee6c46-94c7-4619-82a5-73ef0378d913,with ‘Gamma Goblins’ (Hallucinogen) tease,2024-07-16 16:20:40.473404,2024-07-16 16:20:40.473404
ebb6d185-f9eb-4519-9ff2-ef51a40d9d69,bc437302-c4a0-4a6c-af87-ca8d4a6d82ec,FTP (as tDB; played as Tractorbeam 7/4/24),2024-07-16 16:21:29.285204,2024-07-16 16:21:29.285204
c327a7d4-74c0-4677-8631-bc12bfcdfd2c,c2ceaa2c-a8f1-494d-8501-9586e58c951e,FTP (with Lyrics; based on 4/14/24 ‘Save the Robots’ Jam),2024-07-16 16:22:15.231205,2024-07-16 16:22:15.231205
43498480-d9f3-4226-98b9-2d7321ce47de,d602b357-a338-43b4-851d-84f4203b28fc,with ‘I Kissed A Girl’ (Katy Perry) jam,2024-07-16 17:23:59.355702,2024-07-16 17:23:59.355702
44b23bb5-f214-4dbf-804c-14d6fbeee804,d602b357-a338-43b4-851d-84f4203b28fc,with Magner on vocoder,2024-07-16 17:23:59.377706,2024-07-16 17:23:59.377706
7ab63354-4184-4aa6-bee9-f19c58afd41c,71ab0d2e-18ec-4deb-a25b-6edafb842132,with ‘Houdini’ (Eminem) samples,2024-07-16 18:25:24.390936,2024-07-16 18:25:24.390936
54cfb7cf-1e03-453c-8efe-eb6bc37600dc,145af5df-94f8-4ca9-9c29-1103a60ff0c4,ending only,2024-07-17 02:27:23.921206,2024-07-17 02:27:23.921206
b62248c5-8ea8-478d-a0e5-a5ca05475974,46340961-b248-442a-918a-0498486c0710,ending only,2024-07-17 02:28:01.223618,2024-07-17 02:28:01.223618
a74bb6c9-29fb-44ed-82ab-3da7494cda22,931adec0-fb24-4d7a-a943-49e8a16ed8d2,ending only,2024-07-17 02:30:05.699574,2024-07-17 02:30:05.699574
c972fed9-63d6-4ba3-83af-f6a96d62a5d3,d81d44c9-4ef3-48c0-ad15-7a1f84e6bc99,inverted,2024-07-17 02:31:18.556684,2024-07-17 02:31:18.556684
516631de-7093-40e5-927d-80702a56c255,d81d44c9-4ef3-48c0-ad15-7a1f84e6bc99,last time inverted 5/27/2005 (658 shows),2024-07-17 02:31:18.610514,2024-07-17 02:31:18.610514
98a99fb2-dcc8-4b8d-b3dc-0be378a3fb89,c8c6a2da-ad68-4810-803f-6fd9b2eb2bbb,ending only,2024-07-17 02:46:06.785528,2024-07-17 02:46:06.785528
12bd1e65-8f9f-430c-b078-31bbc069e157,4ceda522-3d70-4b55-8ff1-6ac4817540cf,ending only,2024-07-17 02:51:27.275138,2024-07-17 02:51:27.275138
b785698c-e301-46b5-a419-eef7c0c579f3,6b9d3885-d376-4d00-a314-d70410aedffd,ending only,2024-07-17 02:52:21.431658,2024-07-17 02:52:21.431658
85ec73bb-c83c-4bd8-85d6-7042d6538348,2939a72f-1204-4ba3-bddc-2f0c567765e3,ending only,2024-07-17 02:52:29.236789,2024-07-17 02:52:29.236789
0f678995-cb15-4a64-a826-ac6a1da00355,4d7473f2-59a6-4ed4-ba12-b40ec8f00dd4,with 'Cleaning Out The Closet' (Eminem) tease,2024-07-17 02:52:42.998120,2024-07-17 02:52:42.998120
6e7bcd53-7a7a-401d-802f-f909069981c8,c3769703-fdbc-4105-bb4b-3753f245ab30,with ‘Spacebirdmatingcall’ tease,2024-07-17 05:50:50.933227,2024-07-17 05:50:50.933227
d4f9ee56-4099-48b6-903f-e959abd5efdc,e9b032c1-ce54-4611-bfe4-228760944dbb,middle section only,2024-07-17 05:52:22.132713,2024-07-17 05:52:22.132713
c63e37a1-f3ec-478d-aa1e-4348f3fa2edf,e9b032c1-ce54-4611-bfe4-228760944dbb,with '7-11' vocal tease,2024-07-17 05:52:22.156934,2024-07-17 05:52:22.156934
798de0f5-7e77-4506-bf75-935da79f61b0,e9b032c1-ce54-4611-bfe4-228760944dbb,with 'Reactor' + 'Munchkin Invasion' teases,2024-07-17 05:52:22.178838,2024-07-17 05:52:22.178838
a04b4059-1405-44c8-aa33-16e05f8e6521,3a4eba2a-8b2f-4502-a679-0cd22680b7e5,ending only,2024-07-17 05:52:43.183736,2024-07-17 05:52:43.183736
df74502a-0417-46d4-8792-4f455f4920d7,3a4eba2a-8b2f-4502-a679-0cd22680b7e5,dyslexic completion on 4/26,2024-07-17 05:52:43.291199,2024-07-17 05:52:43.291199
b184898c-dc38-4885-9b66-c3a92c491c02,68df87ef-f109-439b-b915-91c0e6a7cd27,"dyslexic version (ending first, then beginning)",2024-07-17 05:53:05.056124,2024-07-17 05:53:05.056124
d539a557-407d-4911-ab9a-5c338ed3902c,68df87ef-f109-439b-b915-91c0e6a7cd27,with 'Spectacle' tease,2024-07-17 05:53:05.071205,2024-07-17 05:53:05.071205
f8901f4c-0e1f-4cf5-8671-2e5e7b14d205,ee3fce63-d47e-4735-872a-36cec572e0db,ending only,2024-07-17 05:53:18.420816,2024-07-17 05:53:18.420816
bb145261-1929-409d-8eec-b373a15cf41b,98459fbe-ce5b-4c35-8213-9a63949fef21,with Jordan Crisman (dressed in gorilla suit) on bass for part of jam,2024-07-17 05:53:48.546333,2024-07-17 05:53:48.546333
db3db92a-601c-44d7-abdf-4dcaab3efb38,98459fbe-ce5b-4c35-8213-9a63949fef21,with 'Spacebirdmatingcall' tease,2024-07-17 05:53:48.564141,2024-07-17 05:53:48.564141
47e21cc5-1f7d-4284-94a8-21175751b4a0,87c595b1-c330-4b6c-a89a-fb259f78fe92,"dyslexic version (ending first, then beginning)",2024-07-17 05:54:07.011552,2024-07-17 05:54:07.011552
49cba073-4e0b-466f-8e66-5316f99500e5,6b8fafbd-2d8b-417e-a304-9783f3fdc3f3,with ‘Basis For A Day’ + ‘Helicopters’ teases,2024-07-17 05:56:00.368619,2024-07-17 05:56:00.368619
c9226f8f-5997-4f1b-8c19-73c9003f198a,c8f232b2-702b-4d3d-9cf2-4c0c31bc4443,ending only,2024-07-17 05:57:08.380715,2024-07-17 05:57:08.380715
1fc1f719-0576-4815-9548-7ba75c535f63,6cfbd990-ca4d-49e0-b4a3-4889761728c8,"dyslexic version (ending first, then beginning)",2024-07-17 05:57:20.649330,2024-07-17 05:57:20.649330
45e417e3-6dc2-4828-8131-88fbf9ac22a7,ca7375fa-db91-400b-b9cb-ab1d99449698,"dyslexic version (ending first, then beginning)",2024-07-17 05:57:40.922817,2024-07-17 05:57:40.922817
eaf35b44-1f50-404a-ae92-e12becaed988,36f26a3c-4520-4b10-a6c7-3ef4131a0e42,with Steve Molitz (Particle) on keyboards,2024-07-17 05:58:05.199113,2024-07-17 05:58:05.199113
0f27ed77-a329-4905-90d5-899e0353c5af,9b889b94-b68b-4812-b5a8-f5bafc5b2d19,ending only,2024-07-17 05:58:17.141139,2024-07-17 05:58:17.141139
1f96c1ec-fbd8-4b5a-a687-ca49ecdc3b0f,27d77a87-ac3a-45cf-b83d-f0030503a52f,ending only,2024-07-17 05:59:51.989378,2024-07-17 05:59:51.989378
0785f2b1-e350-4fea-b697-c3bee1c14cca,05114823-c95e-4562-bfff-02d31a3d8349,"dyslexic version (ending first, then beginning)",2024-07-17 06:00:06.049422,2024-07-17 06:00:06.049422
ace5713c-de46-4828-9c6e-69b63fe14bbb,e57a5848-f322-4f21-879e-6fef4f3efe93,completes 8/9 version,2024-07-17 06:00:18.943263,2024-07-17 06:00:18.943263
1dff3e4e-b568-4c5e-9ddf-b22b1f88d9ef,c1c40e48-d56d-4ece-93b8-f5b3deb0e928,"dyslexic version (ending first, then beginning)",2024-07-17 06:00:29.563633,2024-07-17 06:00:29.563633
3ac3d49e-2ecb-4517-aad4-bc01ffd04913,d015c04e-0bd2-4107-b747-c7b0d47bdb2a,with Keller Williams on mouth fluegel,2024-07-17 06:00:48.089261,2024-07-17 06:00:48.089261
969a1325-5b10-4c99-b290-a6820c1f59f9,a62758d6-5210-4236-8fc9-63cef5b32f39,ending only,2024-07-17 06:08:24.205902,2024-07-17 06:08:24.205902
18a2aeaf-33c4-4b8b-a5dd-0cc950f4e7dc,43e23397-1321-4c54-85a6-03693ede7089,middle section only,2024-07-17 06:08:39.368363,2024-07-17 06:08:39.368363
91dda778-ec8c-4b71-9d81-06dbf86f8aa9,d6e1ae41-744b-4aa5-951e-c495aa0a6a24,ending only,2024-07-17 06:09:23.707457,2024-07-17 06:09:23.707457
83e0b1bd-037a-4b1e-b996-da2f2c5e219f,2708202c-3f46-476d-a781-3109c90a2a24,dub version,2024-07-17 06:09:33.258408,2024-07-17 06:09:33.258408
c471fb9b-d965-4de4-bd06-b1585cf953ee,d101a5e9-3059-4aee-a6e6-d8ae39077c4e,preceded by ‘Trucker's Choice’ teases,2024-07-17 06:10:54.681702,2024-07-17 06:10:54.681702
f7207644-11d7-4af1-8e48-bc1340b3575f,cf0686f8-de12-4131-8af1-0935c490bdc7,with ‘7-11’ vocal tease,2024-07-17 06:12:05.828394,2024-07-17 06:12:05.828394
7720556e-1bd1-4d95-b99c-cdbd046d1108,811b0fa0-1ef6-43f9-82ae-d4ac5f750f2a,with 'Above The Waves' tease,2024-07-17 06:15:48.665658,2024-07-17 06:15:48.665658
c0be65f6-3e71-4d65-aff1-228bea9b8a14,490cfcd6-767d-4571-a446-fdd5e0ef5aa7,ending only,2024-07-17 06:20:06.632084,2024-07-17 06:20:06.632084
40212b62-d5e0-4149-8f32-a97bded0c9d7,2b00a525-946f-495e-8225-2d0a8839f016,dyslexic ending of 2/22/14 version,2024-07-17 06:24:55.175306,2024-07-17 06:24:55.175306
f86cbb93-a564-4577-a8a2-564997386bd4,c3efd14e-9bbb-4988-aaa9-54ca8e15321f,dyslexic ending of 12/31/12 version,2024-07-17 06:26:48.687001,2024-07-17 06:26:48.687001
ca8bf6ee-bb68-4724-9e78-709c85cb7af5,63505afe-620f-4afa-bd50-713db7863e2e,inverted,2024-07-17 06:29:57.915505,2024-07-17 06:29:57.915505
8559d4a4-6ebf-4b71-ac01-6a706fc5ade9,63505afe-620f-4afa-bd50-713db7863e2e,Last Time Inverted 1/7/07 (610 shows) ,2024-07-17 06:29:57.940170,2024-07-17 06:29:57.940170
10d9eae3-948a-4df3-b530-41e15c753c91,fb4b405c-fe79-4832-a0fe-0f45db62948e,Reworked,2024-07-17 06:33:16.910985,2024-07-17 06:33:16.910985
4921fec8-4d07-4c3c-98d2-4603589d3a8e,fb4b405c-fe79-4832-a0fe-0f45db62948e,LTP 6/10/10 (346 shows),2024-07-17 06:33:16.929690,2024-07-17 06:33:16.929690
936e89a3-dc80-462b-8197-fcbb070c5edf,7eff299c-a7aa-427d-8dc9-064d24045d3b,with original ending; LTP 9/30/01 (961 shows),2024-07-17 06:33:44.690998,2024-07-17 06:33:44.690998
99a892a4-4dd2-4bb4-8d52-5a2907e2ceed,89051b59-f33e-4db1-bc73-3768f4b42fb2,LTP 12/15/18 (94 shows),2024-07-17 06:38:03.147871,2024-07-17 06:38:03.147871
86ca98dc-fe1f-45a6-8972-b8332593f0b1,89051b59-f33e-4db1-bc73-3768f4b42fb2,with ‘Purple Rain’ (Prince) tease,2024-07-17 06:38:03.166747,2024-07-17 06:38:03.166747
98765d2b-9574-4fde-9a9c-503341dc1063,89051b59-f33e-4db1-bc73-3768f4b42fb2,with ‘Party Up (Up in Here)’ (DMX) samples,2024-07-17 06:38:03.188948,2024-07-17 06:38:03.188948
d3b588fe-8df3-4714-b441-dd90785fa203,4528bbf3-00ed-4b69-b354-d9749594c746,inverted,2024-07-17 06:39:18.304306,2024-07-17 06:39:18.304306
d6c6c25d-820c-47a8-931d-aaebc1dc2965,4528bbf3-00ed-4b69-b354-d9749594c746,Last Time Inverted 1/16/08 (573 shows),2024-07-17 06:39:18.339983,2024-07-17 06:39:18.339983
ad4bc48b-32dc-4a7a-ac3a-5cd41f10d050,30903ba1-94bb-438e-adf4-6c9f560af830,with ‘Sweet Dreams’ (Eurythmics) teases,2024-11-03 04:22:40.441141,2024-11-03 04:22:40.441141
88a0b9d7-8d7f-41db-b186-b3cee0bdebfd,3e5e3068-40fb-444c-89fd-34f762983404,LTP 2/1/23 (130 shows),2024-11-04 18:17:05.947641,2024-11-04 18:17:05.947641
547df8ed-94b1-43b7-8b32-6d35fcce6421,20f56825-ac31-4ae0-a315-e494f17d7d43,LTP 10/31/15 (257 shows),2024-07-17 07:06:34.620776,2024-07-17 07:06:34.620776
cd9d1af6-2713-4cc0-87d2-b4982db045ca,20f56825-ac31-4ae0-a315-e494f17d7d43,with Snacktime on horns,2024-07-17 07:06:34.640026,2024-07-17 07:06:34.640026
398eafba-5ff7-4037-8c49-75518de11bd5,92c427bc-2b08-4835-b340-bff79c89321f,LTP 10/30/21 (66 shows),2024-07-17 07:07:00.965910,2024-07-17 07:07:00.965910
ca28dc3b-6eca-466d-a43c-1b01beb94dda,92c427bc-2b08-4835-b340-bff79c89321f,with Snacktime on horns,2024-07-17 07:07:00.995309,2024-07-17 07:07:00.995309
d8ad9eda-1dcb-478b-b1ac-774c25e9ec8e,73975eec-07f3-4ca4-80b2-dbd1f0b426fe,ending only,2024-07-17 07:10:30.880931,2024-07-17 07:10:30.880931
dd791a85-6b71-4f1e-82f9-8085294bbca1,f8295d04-a587-4a48-a539-7f3cce271cfc,inverted ,2024-07-17 07:10:48.609950,2024-07-17 07:10:48.609950
57efcab6-f5c8-4269-8deb-ee96d4f37f76,3acd1042-f210-489d-8ad0-b6a67d8136bb,with ‘Heart Of Glass’ (Blondie) samples,2024-07-19 16:32:55.745004,2024-07-19 16:32:55.745004
122fcea8-9011-48eb-b95b-295e8cf7e107,84e94bc0-bb7d-4f1e-90a1-6dd1f87d63c3,inverted,2024-07-20 03:31:58.180881,2024-07-20 03:31:58.180881
35b2e34b-1437-48cf-b76a-ed870bd37e19,c8f6055e-9bb8-4a04-931b-9f67266debbb,with Erin Boyd (vocals),2024-07-20 23:28:13.185420,2024-07-20 23:28:13.185420
f5a85085-ec0c-4e21-9f30-2ad2f79e0421,22bb5137-d065-4b79-9ea4-58596b8bbab6,unfinished,2024-07-20 23:30:19.669551,2024-07-20 23:30:19.669551
4343c128-4fdc-4504-b602-ee0848fd56e4,905f40d6-b1f6-436e-b5f9-2c9e84452924,with Erin Boyd (vocals),2024-07-20 23:42:42.918623,2024-07-20 23:42:42.918623
9e450024-d289-42f6-be1c-28cde036c78d,905f40d6-b1f6-436e-b5f9-2c9e84452924,FTP (as tDB; played as Tractorbeam 7/4/24),2024-07-20 23:42:42.967956,2024-07-20 23:42:42.967956
354c9481-b2fa-4b7e-be55-8b5e023986f2,b5a102ef-04c4-478d-89eb-8e116bdf611a,with Erin Boyd (vocals),2024-07-20 23:46:24.935291,2024-07-20 23:46:24.935291
f7b6e27b-bbc8-4ef1-9a62-cf8106c44b22,3367d485-57da-4c8a-a493-c5979b89c6d6,with Erin Boyd (vocals),2024-07-20 23:53:58.269952,2024-07-20 23:53:58.269952
2a8af911-71ac-473d-a605-1c3fa01aad48,38a2724f-71b5-47de-806b-3870c12937d5,with ‘Take Me Home’ (Phil Collins) teases,2024-07-21 00:23:56.680801,2024-07-21 00:23:56.680801
91bf2dca-d0ed-48d5-aab2-e952c09960ab,f23a1927-49b2-4189-98cd-d3187feef30c,with ‘I Go To Extremes’ (Billy Joel) teases,2024-07-22 16:06:04.840225,2024-07-22 16:06:04.840225
65bd785a-3eb5-467b-985f-ea100fcaac00,953465b0-a5fc-4c65-b55c-d02b27e47e1b,inverted; with ‘Dino Baby’ teases,2024-07-23 19:20:08.259821,2024-07-23 19:20:08.259821
4afaa23b-6c19-4429-85b9-6857df0140cd,664b33f6-966f-49fb-90f7-4c7647dc1d63,with ‘Tricycle’ teases,2024-07-24 02:02:27.661552,2024-07-24 02:02:27.661552
d14d3c51-04c3-4941-94aa-79df917b43f5,bc35c548-d0a4-4556-b33e-d1fd8a2531f0,inverted; with ‘Funky Cold Medina’ (Tone Loc) samples,2024-07-24 18:33:29.257928,2024-07-24 18:33:29.257928
8948dbb7-be8e-4aab-accb-1bdf226ff631,cf8cce96-de46-4be4-bd9c-b132c52d2b5c,ending only,2024-07-25 16:53:11.597108,2024-07-25 16:53:11.597108
b0ade95b-ade2-4378-b49a-1d36155e42a9,6634f2d3-a510-4eaa-9df7-1d7cfbbf1245,ending only,2024-07-25 16:58:20.591255,2024-07-25 16:58:20.591255
b114f79b-dd7e-4a4d-b593-827ae1c095d4,9163eac9-ce2d-4183-9c7f-5f7a94cafa78,ending only,2024-07-25 17:00:01.632973,2024-07-25 17:00:01.632973
8f741f8c-3c47-4537-a3b6-127789495be6,4e62d01d-e6ad-45ee-85a9-5af65ef491f5,"ending only, completes 7/8 version",2024-07-25 17:00:59.688104,2024-07-25 17:00:59.688104
452b5f76-8365-444b-a424-e2e5bf5b168d,af78db1e-0ed6-48af-9413-51a37f1b2ac3,inverted,2024-07-25 17:02:47.354518,2024-07-25 17:02:47.354518
10314a6b-8399-4480-8682-1a9c46b2c2d5,7ff663db-1644-44e0-ba41-9a56cd05f98f,ending only; completes 8/10 version,2024-07-25 17:03:30.927386,2024-07-25 17:03:30.927386
130656a7-c1e6-4573-a458-600d1db43f39,3ec8e5f6-40c8-4c8a-b0f9-114618d115ef,"ending only, completes 8/11 version",2024-07-25 17:04:08.723699,2024-07-25 17:04:08.723699
3e3c1167-0204-4842-af92-b86f6d52df17,b8ccf09d-748a-4c33-9511-12bd3b722b9c,ending only; completes 3/12 version,2024-07-25 17:06:30.837167,2024-07-25 17:06:30.837167
b71e6323-490e-481a-806c-37656bf33ef0,6eefc6e4-01d4-4b09-89ef-ed1f2847593b,ending only,2024-07-25 17:06:56.300750,2024-07-25 17:06:56.300750
cc5e3080-fa1c-49ab-8ca4-dd8fb37907a7,ac22ee14-8e3d-4080-8928-08c662a91d88,(tDB Original; based on 4/11/08 Vassillios Jam),2024-07-25 17:09:04.807912,2024-07-25 17:09:04.807912
e8ee3502-256c-494e-953e-6a2d463d5438,ac22ee14-8e3d-4080-8928-08c662a91d88,FTP (complete version; ending debuted 11/12/22),2024-07-25 17:09:04.821883,2024-07-25 17:09:04.821883
fe8cde38-76e2-4cc5-a5c9-af18b3fbb8f0,abaa82c8-30ae-4b93-8f01-0003c426ce1c,inverted,2024-07-25 20:11:20.148185,2024-07-25 20:11:20.148185
ac73853d-b7f5-43ab-9c54-c52356a2170e,27a0e870-95e0-4590-b9f2-e43a106810da,with ‘No Recollection’ Jam (FTP 1/26/24),2024-07-25 20:42:01.226189,2024-07-25 20:42:01.226189
f927488b-8141-4768-a409-3ca92b684d9f,37bf2987-7a61-42cb-9d9d-3880560c0a11,unfinished,2024-07-26 00:03:56.149283,2024-07-26 00:03:56.149283
5f053013-b75e-4288-8577-fa1dcb27a8d9,37bf2987-7a61-42cb-9d9d-3880560c0a11,with ‘Gasolina’ (Daddy Yankee) samples,2024-07-26 00:03:56.162772,2024-07-26 00:03:56.162772
d821e088-d648-4f36-8471-dd2f59501c5d,2c9255f1-2ab2-4a8f-944d-c20a3fbbaef0,with ‘Hero’ teases,2024-07-26 18:04:47.140524,2024-07-26 18:04:47.140524
bbb807b7-4cde-4198-a5ac-b79eac818f6b,78941f73-b7a5-4960-b4bb-811f51fb45dd,inverted ,2024-07-27 04:38:06.170072,2024-07-27 04:38:06.170072
ca7aec91-2557-406a-9116-173283d1f0b8,a4614c75-e935-4c71-a06a-086a994e8a99,with ‘Above the Waves’ teases,2024-07-27 04:41:17.687340,2024-07-27 04:41:17.687340
423b7070-028d-4fca-8e68-70f5a4d5f2fc,3b5f5033-cdeb-420f-9516-20702d453752,unfinished,2024-07-27 04:46:24.080753,2024-07-27 04:46:24.080753
95225cfa-1ac9-457d-afe7-b69e5d287a65,3b5f5033-cdeb-420f-9516-20702d453752,with intro jam,2024-07-27 04:46:24.130311,2024-07-27 04:46:24.130311
26e445df-0591-420d-ac3a-254fb415d3be,6ab0eeb8-5d78-47d0-ab66-d31d5c67d2f0,unfinished ,2024-07-27 04:50:25.601852,2024-07-27 04:50:25.601852
ee261c22-ecc8-49bc-bffd-47ccf6850b03,6ab0eeb8-5d78-47d0-ab66-d31d5c67d2f0,with ‘Norwegian Wood’ (The Beatles) tease,2024-07-27 04:50:25.650622,2024-07-27 04:50:25.650622
7f3bde0b-0959-4216-9903-411cf5213c9d,1d3620fd-6a5b-42a4-8740-4f712af49839,beginning/ending (No middle SITA Jam),2024-07-27 04:51:29.168036,2024-07-27 04:51:29.168036
fca465b3-c07f-49ab-bbcf-628e61ba2abf,2c94ec43-2105-43d6-a902-b9345e25a2c3,beginning/ending (No middle SITA Jam),2024-07-27 04:51:36.788309,2024-07-27 04:51:36.788309
18eafb15-cc00-4538-9a4f-c9f25dac8130,efc5a3fc-00ca-46d7-961f-3cb5ab642c63,with ‘The Stranger’ (Billy Joel) teases in intro ,2024-07-27 04:57:35.277836,2024-07-27 04:57:35.277836
4e2dfd98-6183-462f-96b9-d10d60feff2d,dd951834-482d-4bc5-bc7e-015d65f179aa,unfinished,2024-07-27 04:59:10.450222,2024-07-27 04:59:10.450222
70606606-0a66-495a-94b0-9c6f2bdb23c1,dd951834-482d-4bc5-bc7e-015d65f179aa,with ‘Billie Jean’ (Michael Jackson) teases,2024-07-27 04:59:10.462641,2024-07-27 04:59:10.462641
0e7f2de3-0ef3-48ea-962b-a98bb5061aec,edb6ce80-4082-4a1b-a32f-11b472c78156,FTP (tDB Original; reworked with name changed to ‘Clocks’ 11/17/19),2024-07-27 05:02:34.160740,2024-07-27 05:02:34.160740
3b37c5b8-c45f-4b64-aec2-499bdf18f52d,6a0fc14c-e19c-4074-b8a5-70a75b7a2c8d,unfinished ,2024-07-27 05:03:42.038120,2024-07-27 05:03:42.038120
273964ca-a0f8-4743-b73d-c33ab76c65f6,6a0fc14c-e19c-4074-b8a5-70a75b7a2c8d,with ‘Svengali’ tease,2024-07-27 05:03:42.082563,2024-07-27 05:03:42.082563
427557d2-f9ca-435f-a624-c97a262a0bcf,64a5e9cb-4f8a-4918-82f2-9e58fe63197e,LTP 8/27/2016 (95 shows),2024-07-27 05:10:55.260454,2024-07-27 05:10:55.260454
d69ff4c1-3c22-4b24-8593-31f0e8abd333,64a5e9cb-4f8a-4918-82f2-9e58fe63197e,Reworked,2024-07-27 05:10:55.309988,2024-07-27 05:10:55.309988
b2388a88-59be-4c12-b046-dcf787af7ffb,e6f511ad-fd32-405e-a04d-a8664d25a197,unfinished,2024-07-27 05:13:44.225071,2024-07-27 05:13:44.225071
a66c3c89-6992-4108-aead-2f97f0be8c51,e6f511ad-fd32-405e-a04d-a8664d25a197,with ‘Cars’ (Gary Numan) teases,2024-07-27 05:13:44.264227,2024-07-27 05:13:44.264227
6a6365f8-b173-4194-93ea-4e834db0cdbd,2e39d3fd-24dc-4ff5-804a-f4b130d837cb,with ‘Tricycle’ Jam,2024-07-27 20:48:33.964501,2024-07-27 20:48:33.964501
42550b77-4116-4bad-aed5-950b2e13ce7e,945d145f-5c02-4d39-8332-404f48008b52,inverted,2024-07-27 20:50:51.048548,2024-07-27 20:50:51.048548
ff316a97-8ad1-41da-bd7c-54d506b9be3b,945d145f-5c02-4d39-8332-404f48008b52,with ‘Anthem’ teases,2024-07-27 20:50:51.117833,2024-07-27 20:50:51.117833
220612e9-2735-4e8f-9ee5-d39d151a08ff,342f0c59-b844-46da-9c3e-4b2952798b60,ending only,2024-07-27 20:51:55.428571,2024-07-27 20:51:55.428571
2f946c70-2466-4e11-9b6e-89073f923724,dcbfabed-56c4-4262-97b6-deb22da67302,FTP (tDB Original),2024-07-27 20:52:39.141159,2024-07-27 20:52:39.141159
ba62be7e-340f-43f1-99cb-f83b081da8bc,b4e2fc49-212b-4c65-9950-844835da81d8,FTP (tDB Original),2024-07-27 20:52:52.849159,2024-07-27 20:52:52.849159
6cd5525a-4207-48ae-8373-fa424c768fe8,558f22c5-6d37-4850-96d3-fd9cfcee844e,FTP (tDB Original),2024-07-27 20:53:11.030727,2024-07-27 20:53:11.030727
515b4e5e-5031-4c57-bf76-24e990d5b27b,aa6ccfbe-4dfd-4a06-a22c-e4d2ed844e4d,FTP (tDB Original),2024-07-27 20:53:17.490742,2024-07-27 20:53:17.490742
280104ca-cdc8-4366-9b2b-0d896ce2484f,322d7e46-39ae-4470-adfe-f18f74e3b992,FTP (tDB Original),2024-07-27 20:53:42.081026,2024-07-27 20:53:42.081026
b6a72e8e-5558-4382-9be5-337c6aa6274f,591e0fee-f34f-44b0-ac36-959bc3a5bfb7,FTP (tDB Original),2024-07-27 20:53:49.481242,2024-07-27 20:53:49.481242
67a26723-91d9-4580-b971-b1374927dc31,88cbe520-3284-408d-b19b-a35ed5633c2e,FTP (tDB Original),2024-07-27 20:54:07.791673,2024-07-27 20:54:07.791673
8ec03d47-746c-4e21-bf21-ff4a6058b06f,ee6b0729-4110-44e7-967c-98f0fe1bfaab,with ‘Spaga’ teases,2024-07-27 20:57:07.658622,2024-07-27 20:57:07.658622
756b7a0e-828b-4aa5-97bc-b96d8f01a771,201448b8-7980-4eb6-88e5-9f2208129dbb,with ‘Evil Ways’ (Santana) teases,2024-07-27 20:57:32.221366,2024-07-27 20:57:32.221366
5b8b268d-a869-4e4a-ab58-5b435bb3e92c,893dd24a-f375-4022-8540-99f562b6623d,with ‘Lunar Pursuit’ teases,2024-07-27 20:57:58.078208,2024-07-27 20:57:58.078208
26aea121-3d32-40a6-b82f-a78a36cddfdc,33e299e4-fc6d-423c-9e7b-0688d09d6cff,FTP (tDB Original),2024-07-27 20:58:26.936307,2024-07-27 20:58:26.936307
47f83843-91b8-4719-9b6b-630879db3e8b,9997fe36-dff2-4b97-a312-0ef2c18c3edb,FTP (tDB Original),2024-07-27 20:59:16.441205,2024-07-27 20:59:16.441205
bdbdcb34-647d-45f7-99d5-1b2e6bb0ba8e,e532d424-7255-40b7-9ed3-4890af470f8b,with 'Matilda' (King Radio) tease,2024-07-27 21:00:06.953514,2024-07-27 21:00:06.953514
132bf505-c64d-4d05-bfd7-61c0cd03bdb8,00d4616f-fe03-4a4b-9154-f3e76f85d993,with ‘The Thieving Magpie’ (Rossini) tease,2024-08-11 11:59:27.058911,2024-08-11 11:59:27.058911
b1037ff1-cc47-43d4-87dc-c1ce0e52b74b,b7eada44-a57e-44e8-ad80-3c49bd524ca9,completes 7/26 version,2024-08-11 11:59:37.056029,2024-08-11 11:59:37.056029
ffd0b2fb-480b-4231-a2e7-aeabbfefb0e3,7186817f-4e6e-486e-80da-7f0c54da0092,"dyslexic (ending, then beginning)",2024-07-27 21:07:58.981056,2024-07-27 21:07:58.981056
8fb6df2d-01c0-485e-9ca4-e7de914872ed,d994dc58-e53c-49d7-8fb7-91a5b394b010,"dyslexic (ending, then beginning)",2024-07-27 21:08:08.452227,2024-07-27 21:08:08.452227
a820bdd5-3e22-4950-b368-e91d255d366a,26c8e4ca-21d3-4eac-8dc8-62c479eb7991,unfinished,2024-07-27 22:01:49.660026,2024-07-27 22:01:49.660026
2702f1aa-9a7c-4c49-ba9b-289fdf37a15c,242f58b1-94fd-44fe-a963-8d50e488d584,with 'Larry' lyrics,2024-08-11 12:00:37.069069,2024-08-11 12:00:37.069069
548fe214-97d9-4d58-9f75-cc7702c15619,585a2be2-0964-4256-9548-9bfcb2371a2d,unfinished,2024-07-29 14:24:35.706270,2024-07-29 14:24:35.706270
4b4a0bc1-fbbc-4bcd-b31c-e8a4342a32ad,585a2be2-0964-4256-9548-9bfcb2371a2d,‘flight’ section omitted,2024-07-29 14:24:35.742041,2024-07-29 14:24:35.742041
966abf1f-4630-4e57-8ed6-d3b6633a7ff6,64dcec37-ab78-439e-a589-e03ec5fbe78c,with ‘In Memory Of Elizabeth Reed’ (Allman Brothers Band) teases,2024-11-01 20:25:56.535956,2024-11-01 20:25:56.535956
cc789a38-886a-43cb-962c-ea387274e160,36eac664-8fa3-458b-b1c7-4aae8d7651f4,"‘Flight’ section only, completes 6/5 version ",2024-07-29 14:28:21.910697,2024-07-29 14:28:21.910697
66cadc99-37a8-472f-b42c-cdb609c6e2cd,c226e940-7ac1-4dcc-a801-77f0e0a117d6,"ending only, completes 6/5 version ",2024-07-29 14:29:09.067193,2024-07-29 14:29:09.067193
33464a4c-9800-4d34-8f36-61c6abb7f7f1,47839577-d1df-4b1b-8c1d-fd222810f471,with Chris Barron on vocals,2024-07-31 15:47:47.534370,2024-07-31 15:47:47.534370
b7de4aaf-7501-43f0-9161-86b622e814d1,ab820439-f4fa-42e6-ae8c-dc6270842bf2,with Marco Benevento on keys,2024-07-31 15:47:54.776759,2024-07-31 15:47:54.776759
815a76ad-d8c4-43b0-a30d-9c4a02f35b46,634cf260-0720-4d4f-88ab-9dc1af8d3679,with John Medeski on keys and Stanton Moore on drums,2024-07-31 15:48:00.531856,2024-07-31 15:48:00.531856
cfbc926a-d891-4817-9933-24ef5002cdac,827eff2e-9728-4862-a624-237d35576105,without peak/ending riff,2024-07-31 15:50:28.346292,2024-07-31 15:50:28.346292
73d15b74-12aa-4d44-861a-551495365dc4,e87405c5-594c-4ce5-baae-20ac0b736001,LTP 12/28/04 (205 shows),2024-07-31 15:53:44.090306,2024-07-31 15:53:44.090306
b6618e6f-67e0-47b4-96ce-fbabf4c243ed,bc735392-be2b-4964-87b4-0e25a39f3fdb,with ‘Sloop John B’ (The Beach Boys) teases,2024-07-31 20:40:59.742362,2024-07-31 20:40:59.742362
3ac98de4-7a37-42f8-bcaf-ffaa7caf20f0,dadfcc42-7917-4a0e-8636-c30cd481985a,ending only,2024-07-31 23:45:19.290141,2024-07-31 23:45:19.290141
ca515f0c-6759-4e72-9b8f-756b2f27f7e0,dadfcc42-7917-4a0e-8636-c30cd481985a,continues 6/3/17 version; no flight section,2024-07-31 23:45:19.418592,2024-07-31 23:45:19.418592
3414c3f1-755d-40f0-92a5-68a8135cb4bd,6933a32f-a8ba-4b38-bd19-c4fc123bbcc2,with extended intro jam ,2024-08-01 16:13:37.579544,2024-08-01 16:13:37.579544
cd65a22c-5ba6-43e3-ae3d-691c2c0491de,13517405-39cb-44c2-9cbd-9404394043ab,with ‘No Recollection’ Jam (FTP 1/26/24) ,2024-08-01 22:24:14.353221,2024-08-01 22:24:14.353221
47c70609-beea-4e68-85b0-f8248b558eee,13517405-39cb-44c2-9cbd-9404394043ab,with ‘The Wormhole’ tease ,2024-08-01 22:24:14.379993,2024-08-01 22:24:14.379993
c08547f1-71fd-4619-8337-9588e90540c3,0513674b-65d8-4b64-bcf4-ffe97848f106,"with ‘So Fresh, So Clean’ (OutKast) jam + samples",2024-08-02 06:27:13.595182,2024-08-02 06:27:13.595182
1e2c4216-c474-45b2-9327-988c2213fa7f,0513674b-65d8-4b64-bcf4-ffe97848f106,with ‘Fire On The Mountain’ (Grateful Dead) teases,2024-08-02 06:27:13.611050,2024-08-02 06:27:13.611050
ef64672d-5678-43e1-897e-4282d90125f2,e8d7fffd-2239-4b4d-8838-2c13db1cbd35,with ‘Boom’ (Tiesto & Sevenn feat. Gucci Mane) jam + samples ,2024-08-02 06:29:18.105746,2024-08-02 06:29:18.105746
5e952c59-2134-4e96-abc6-42eec862792a,a2b23070-81fc-4839-9bf2-78206eb150ba,Perfume version ,2024-08-02 06:36:47.371215,2024-08-02 06:36:47.371215
fcb2c38e-667e-40e2-8b8f-56fd06fd7076,a2b23070-81fc-4839-9bf2-78206eb150ba,LTP 7/19/23 (50 shows),2024-08-02 06:36:47.385724,2024-08-02 06:36:47.385724
b096ba95-cf0c-4559-86c0-208608e1bbb8,a2b23070-81fc-4839-9bf2-78206eb150ba,unfinished,2024-08-02 06:36:47.398230,2024-08-02 06:36:47.398230
7c8b1120-51b9-4bf2-a90b-93f5e60c1b77,9ee9bd27-c887-4299-ad07-efeb57c3e509,with ‘Cissy Strut’ (The Meters) teases,2024-08-02 07:16:18.319588,2024-08-02 07:16:18.319588
197b7572-8d0f-44c3-ae9a-a2f91c191eda,901eac1e-de03-4c09-8a53-1900b112b737,with Scotty Zwang (Dopapod) on drums,2024-08-02 07:19:57.208721,2024-08-02 07:19:57.208721
ac497a1b-c324-450c-a577-78e09d7d524e,84d3622e-f0ef-45ef-90dc-88d7685ed547,with Ed Mann (Frank Zappa) on vibraphone,2024-08-02 07:20:19.936302,2024-08-02 07:20:19.936302
d7793741-2aa5-492b-a74f-22b726488844,0eabd31d-82ed-461a-b586-1a2aabc6038a,OTT remix version,2024-08-02 07:21:31.975088,2024-08-02 07:21:31.975088
7d936a76-f85f-4e82-ae97-cec8807ee138,d885b4b5-2dda-42dc-b905-f4ebcb290ec5,LTP 9/1/10 (188 shows),2024-08-02 07:22:40.111540,2024-08-02 07:22:40.111540
3ed9b631-1df8-43f0-9898-5e60cbbea269,f735666a-ddcf-4acf-a8fb-a1b597f13993,LTP 10/10/09 (261 shows),2024-08-02 07:23:26.015177,2024-08-02 07:23:26.015177
e57903d8-3b22-4007-a151-6f01d1470fab,483c7b6c-9882-46d5-9c9e-eb2c881aff9e,ending only,2024-08-02 07:27:17.043457,2024-08-02 07:27:17.043457
291024f5-3e1b-45eb-88ae-36c0e57f9532,4007201c-ce61-4875-9a05-a28eda6ba166,with ‘Great Gig In The Sky’ (Pink Floyd) intro ,2024-08-02 14:51:14.084297,2024-08-02 14:51:14.084297
897572b1-3cd1-4041-89c2-1af8bbe9e096,db5036a0-12fd-4d31-a023-a41d393cd76d,"with ‘Fanfare for the Common Man’ (Aaron Copeland) ‘Run Like Hell’, ‘Norwegian Wood’ (The Beatles) ‘I-Man’, & ‘1999’ (Prince) teases",2024-08-02 15:26:39.838936,2024-08-02 15:26:39.838936
ad90304e-940e-4337-8378-7c246eb84afe,6dbf0ded-5526-4fdc-9036-116d0657ea5e,"Techno version (Barber sang end vocals when 2nd jam started, band went into techno jam)",2024-08-02 15:30:24.837841,2024-08-02 15:30:24.837841
7abbba49-7cf1-4ae3-a948-3b63b8810818,6dbf0ded-5526-4fdc-9036-116d0657ea5e,with 'Stir it Up' (Bob Marley) tease,2024-08-02 15:30:24.869977,2024-08-02 15:30:24.869977
9b2eff03-0a46-4fb5-ae45-6fd5cb331211,616af1a0-ea26-432d-b039-dff5f35904a9,inverted (middle>beginning>end),2024-08-02 15:35:36.397663,2024-08-02 15:35:36.397663
989cdd4c-1ef0-4da5-b322-9fc186efe5d0,cc5146b6-6892-44e1-93b3-5ff0c2044e89,with ‘Floes’ intro jam,2024-08-02 16:54:27.731782,2024-08-02 16:54:27.731782
cb8e5b7f-f9af-4df4-9a4e-8cbe1e1f1115,ee4586c5-6aef-4c97-a7bf-14287e7aceb7,"inverted (middle, end>beginning)",2024-08-02 18:14:06.722286,2024-08-02 18:14:06.722286
12bbcb47-dbf2-4017-8973-a0ffbb86df44,c66a0800-7ffa-4ebb-ba12-40e01ba5d377,"inverted (middle, end>beginning)",2024-08-02 18:14:14.001904,2024-08-02 18:14:14.001904
d8c5af1b-093f-490c-9202-64fd0d9d37d1,767244ea-2050-4ea7-9416-cd38a78651f4,with 'Above The Waves' tease,2024-11-04 18:41:31.530903,2024-11-04 18:41:31.530903
55a849fa-a6bc-4300-b9a0-5a7e534537b9,5431dd6e-c0f2-45e4-8b26-f41466d29162,with ‘Part Time Lover’ (Stevie Wonder) teases,2024-11-09 16:08:42.081902,2024-11-09 16:08:42.081902
b772e8a1-7d57-45be-9d60-a033b91eb4d8,7df3d96b-3707-4487-a696-e7c6dc869e0a,unfinished,2024-08-02 18:51:39.250388,2024-08-02 18:51:39.250388
d7e4d008-e2ac-4627-a346-3408b030750b,7df3d96b-3707-4487-a696-e7c6dc869e0a,with ‘Crickets’ funk jam,2024-08-02 18:51:39.286161,2024-08-02 18:51:39.286161
3994d3f3-8319-4bff-8113-d85cf80ff964,669cee71-61f4-40b2-8bb1-4dbbaac6867f,with ‘The Final Countdown’ (Europe) intro,2024-08-03 06:14:43.829723,2024-08-03 06:14:43.829723
b6ec0413-e41a-4b8b-b744-d6d3801cea2e,3721ab81-ee19-4f02-8cc1-e77130314bfd,with Jon Gutwillig on guitar only,2024-08-03 06:20:05.168179,2024-08-03 06:20:05.168179
b62a6c56-f7c8-43b5-b925-323699bbce3d,3721ab81-ee19-4f02-8cc1-e77130314bfd,unfinished,2024-08-03 06:20:05.291850,2024-08-03 06:20:05.291850
d852b141-d706-4dee-82ae-ffb8458c420c,ce66fac5-ecc5-47b1-a391-f3c22750ed6d,with Jon Gutwillig on guitar only,2024-08-03 06:20:13.362808,2024-08-03 06:20:13.362808
ae484931-668a-4df3-930b-79b58a75eec6,881ca5fa-1a78-46df-9449-976671ab89de,with Jon Gutwillig on guitar only,2024-08-03 06:20:22.433737,2024-08-03 06:20:22.433737
4c734a09-26db-4a9e-85f7-267488a3d383,cd4ea51c-31d0-47fc-9fc3-dd3f268e624e,with Chris Michetti (RAQ) on guitar,2024-08-03 06:21:33.700614,2024-08-03 06:21:33.700614
ddce3f86-7e24-49db-8194-7331c214d417,2dceb85f-2ac0-4e9f-b9a3-8f288fa5351b,with Chris Michetti (RAQ) on guitar,2024-08-03 06:21:48.178989,2024-08-03 06:21:48.178989
1f012392-1414-47a4-8847-271686ff2995,be8abd51-a0b6-4dd2-8540-2f72c9e12d16,with ‘Rock Candy’ tease,2024-08-03 06:23:31.618048,2024-08-03 06:23:31.618048
0703b0d2-f948-4b92-a5ca-5aaf98b9e7a8,ec296cc4-0056-434a-b0ad-f9c8f58843c6,with ‘Tempest’ tease,2024-08-03 06:24:11.210727,2024-08-03 06:24:11.210727
8846bf57-dba6-4dc3-940a-2f6f8b9960a9,95532c73-2db1-43e3-97cb-0edcf47eeac4,FTP (tDB Original),2024-08-03 06:28:13.145891,2024-08-03 06:28:13.145891
7928925c-d6bc-408e-8ec8-d7a67faa2ac0,3edd5388-63c9-4e14-9b93-b7a8742a11fa,FTP (tDB Original),2024-08-03 06:29:19.344905,2024-08-03 06:29:19.344905
5a642ca2-1a7b-4967-9f0d-a5ae639b8129,5274dba5-f3bf-4f35-a844-0a47f6cfd724,with ‘Sweet Dreams’ (Eurythmics) teases,2024-08-03 06:30:04.352083,2024-08-03 06:30:04.352083
5ba52704-a958-433a-bb97-0564445e9fdf,0ea9c9d7-dd14-4443-9520-2983483604c1,FTP (The Moon Level theme music from NES Duck Tales by Hiroshige Tonomura),2024-08-03 06:35:37.941044,2024-08-03 06:35:37.941044
6c59e89c-e9ad-4e78-ac9f-05e905c349b5,d4641c56-376b-4c40-bc21-98a929544350,with ‘Tempest’ fakeout,2024-08-03 06:36:06.607990,2024-08-03 06:36:06.607990
3eecbd08-313d-4da6-8c2b-cba06561d375,ba9d7f88-aab6-49eb-bdf8-3379c1eb57b5,with Brenden Bayliss (Umphrey's McGee) on guitar,2024-08-03 06:37:02.975253,2024-08-03 06:37:02.975253
51a2fe0a-4834-4724-af1b-59dd863f3df4,dcf74cba-dd72-4773-90ed-250563c7a49c,"middle section only, completes 09/08 version",2024-08-03 06:41:19.778881,2024-08-03 06:41:19.778881
d9e8c04a-8fd0-4c81-b6ab-ecbe02be9ce0,cabb20b6-26dd-4a4c-8cdf-a95b6a6e8696,with ‘Trooper McCue’ fakeout,2024-08-03 06:41:31.276543,2024-08-03 06:41:31.276543
24236ac2-55ad-472d-b649-390a89b9e032,adaf01c2-d47a-4cc4-bd99-0550a05521d0,preceeded by ‘Spaga’ fake-out,2024-08-03 06:42:55.442183,2024-08-03 06:42:55.442183
7f1c6704-80d3-4312-9793-91b3a130fdf5,bfe3e017-39ff-4b73-aca6-2f60823eb152,with Adam Deitch (Pretty Lights) on drums,2024-08-03 06:43:42.203468,2024-08-03 06:43:42.203468
bf60fde6-2f2f-4ffc-9063-a96e9adc6178,d9477a7f-0541-45b2-85ab-9364d4cb8e0a,with Adam Deitch (Pretty Lights) on drums,2024-08-03 06:43:50.578360,2024-08-03 06:43:50.578360
328d7c88-7497-43be-b6ad-83bc8e030c5c,fb829756-4636-4b85-a5d2-f8385188d4d5,with Adam Deitch (Pretty Lights) on drums,2024-08-03 06:43:59.257634,2024-08-03 06:43:59.257634
d8acc748-7269-4258-ae8f-aa1cd88b80b2,4b8f9245-7bd0-4353-a359-2830a47ff9f2,with Adam Deitch (Pretty Lights) on drums,2024-08-03 06:44:07.402470,2024-08-03 06:44:07.402470
db3befd5-97ad-4ffb-b33a-c7378e8f784d,6cb126f3-b6a4-4e7f-9ac4-470ca1e4cf6f,with Adam Deitch (Pretty Lights) on drums,2024-08-03 06:44:16.799946,2024-08-03 06:44:16.799946
5deb4808-525a-45e7-becf-41b6cb142a39,bf3c4312-9684-41c0-b82b-56b38887733b,with Adam Deitch (Pretty Lights) on drums,2024-08-03 06:44:24.620269,2024-08-03 06:44:24.620269
8a994024-daa7-4cd8-9d31-0a9d986ebaa7,88af6b00-4731-492e-907e-db36ad51307b,with Darren Shearer (The New Deal) on drums,2024-08-03 06:44:48.888666,2024-08-03 06:44:48.888666
565b8da9-6975-4ea8-82a5-1333258312b3,2c71e13e-d0f5-4ee8-90c8-167b21e904bb,with Darren Shearer (The New Deal) on drums,2024-08-03 06:44:56.648878,2024-08-03 06:44:56.648878
2cd6ceb0-18f5-4b67-95b1-d4099f881e9b,a7d035f4-fe75-43c4-b205-76f28baa903d,with Darren Shearer (The New Deal) on drums,2024-08-03 06:45:05.477204,2024-08-03 06:45:05.477204
b5e44ee4-15f7-4aa4-b0fa-b2f5d2c2af6d,75553dd9-9e8a-45d1-bb6a-0c5e58a464e3,with Darren Shearer (The New Deal) on drums,2024-08-03 06:45:13.406838,2024-08-03 06:45:13.406838
d0957b81-fb5c-4139-8c9d-75bab978fec3,92cd773c-4543-40df-b37b-90dae7b60b66,with Darren Shearer (The New Deal) on drums,2024-08-03 06:45:21.020372,2024-08-03 06:45:21.020372
9099e286-2aaf-4666-99ee-bf9cfe00cda1,1bc1404e-f30f-43a8-8ec4-f731db5b2d6d,with Darren Shearer (The New Deal) on drums,2024-08-03 06:45:28.491964,2024-08-03 06:45:28.491964
5997d3d0-f358-49ee-a501-829984052664,16a67143-bcf6-4d74-96fe-9835841dc885,with Darren Shearer (The New Deal) on drums,2024-08-03 06:45:35.932079,2024-08-03 06:45:35.932079
9e8b78cd-0c7a-4317-866c-d24e7888a93e,bfac229c-691b-435c-b9e5-a65331251635,with Darren Shearer (The New Deal) on drums,2024-08-03 06:45:44.848930,2024-08-03 06:45:44.848930
23f157ab-ea16-4a22-9e0d-fd884ebc66d0,663d81f7-de6c-4b39-88e3-6a5f90495bb2,with ‘Liquid Handcuffs’ (Conspirator) teases,2024-08-03 06:46:50.621284,2024-08-03 06:46:50.621284
756d03cb-09bf-4ad1-ba62-9e70388126ef,6b276465-489b-4567-9e1e-71abda75080b,with Johnny Raab (Biodiesel) on drums,2024-08-03 06:47:34.828879,2024-08-03 06:47:34.828879
af170738-204e-4383-836c-b8fbe9ad6f73,d674577f-1818-4e5a-9a69-114a432764b8,with Johnny Raab (Biodiesel) on drums,2024-08-03 06:47:45.330847,2024-08-03 06:47:45.330847
3a4b892e-cae5-4858-be86-ce27e9f73da2,bddbb6a1-1175-433e-b917-8cb63a03c5fd,with Johnny Raab (Biodiesel) on drums,2024-08-03 06:47:54.367452,2024-08-03 06:47:54.367452
561ab73e-056d-4a19-b84a-c3df4298bea9,0511338e-7d53-43fd-ab98-e550c80fdfee,with Johnny Raab (Biodiesel) on drums,2024-08-03 06:48:01.339489,2024-08-03 06:48:01.339489
b893163f-978e-426e-9212-110dfd83b511,79a083e8-cde7-44b4-b3a7-30113c4bbb70,with Johnny Raab (Biodiesel) on drums,2024-08-03 06:48:09.459137,2024-08-03 06:48:09.459137
73794d61-4c33-4016-8d6b-838db2886578,a9a0c67f-014d-42d5-8107-4ae4f0c2416f,with Chris Mitchetti (Raq) on guitar,2024-08-03 06:48:36.933660,2024-08-03 06:48:36.933660
f16d6d5c-ead9-482d-a395-92006c995d18,a9a0c67f-014d-42d5-8107-4ae4f0c2416f,with Johnny Raab (Biodiesel) on drums,2024-08-03 06:48:36.952590,2024-08-03 06:48:36.952590
7169a123-4853-41db-9e29-2802db0a78b7,6542886e-21ee-478d-ab25-c908a546e335,with Johnny Raab (Biodiesel) on drums,2024-08-03 06:49:28.779411,2024-08-03 06:49:28.779411
80d8acdd-e59a-4690-b6c4-1fa8a28f8ccc,e25d4d2e-3163-49b5-8c75-24eb4aae18dc,with Johnny Raab (Biodiesel) on drums,2024-08-03 06:49:37.287511,2024-08-03 06:49:37.287511
d0bb2fff-3a4a-4fc9-9419-58a2df03708a,687bcc01-3360-413a-8a5d-ed4320bfe128,with Johnny Raab (Biodiesel) on drums,2024-08-03 06:49:48.595115,2024-08-03 06:49:48.595115
22c200da-c37a-4bf8-918d-0d55dd87aac4,167094b8-f318-4919-9613-0345b266e716,with Chris Michetti (RAQ) on guitar ,2024-08-03 10:08:25.003270,2024-08-03 10:08:25.003270
2770446e-c626-4a9c-9c13-01f5a49602ca,9dd507eb-c3cf-4c7f-a4da-ecd95c5b7dcb,with Chris Michetti (RAQ) on guitar ,2024-08-03 10:08:34.396102,2024-08-03 10:08:34.396102
8d7589c0-6ddb-4b00-a147-303f191efbb5,4d177bcb-c256-475c-85cf-6decf7ef4354,with Chris Michetti (RAQ) on guitar ,2024-08-03 10:08:43.716583,2024-08-03 10:08:43.716583
7b0c1940-a083-4c0a-b3f8-c6898458a8a6,caf7d70c-41f7-46ea-a38d-d34a28f0cf0c,with Chris Michetti (RAQ) on guitar ,2024-08-03 10:09:04.702916,2024-08-03 10:09:04.702916
716518a1-43ae-4ec5-9ab1-627a19bd8c15,774fd955-7f17-4abc-89ed-68d22c203815,with Chris Michetti (RAQ) on guitar ,2024-08-03 10:09:14.390532,2024-08-03 10:09:14.390532
90e687b5-71c5-4130-9a0c-2021fb45bd73,3b9b7980-6806-4dbd-8475-5e1160efe5b1,with Chris Michetti (RAQ) on guitar ,2024-08-03 10:10:20.117001,2024-08-03 10:10:20.117001
be8ecafa-33c0-4ff9-a4a4-6578647f6297,3b9b7980-6806-4dbd-8475-5e1160efe5b1,with Joe Zarick (Indobox) on guitar/vocals,2024-08-03 10:10:20.129649,2024-08-03 10:10:20.129649
e90b5119-1120-4580-953f-f2dff25f5885,190dfaa0-421f-4486-84b2-3e6ae3d008c8,with Chris Michetti (RAQ) on guitar ,2024-08-03 10:12:02.434981,2024-08-03 10:12:02.434981
ed3d9ab0-0e73-407a-9ed8-8d5158d8432e,190dfaa0-421f-4486-84b2-3e6ae3d008c8,with Joe Zarick (Indobox) on guitar/vocals,2024-08-03 10:12:02.470052,2024-08-03 10:12:02.470052
23df5078-033b-40ad-8f17-e244688dc7a4,1c0a0ee6-32ff-43d1-b9d3-390f7230bacf,with Chris Michetti (RAQ) on guitar ,2024-08-03 10:12:10.006120,2024-08-03 10:12:10.006120
6d403af2-85fe-4986-ba09-d40fd8339160,1c0a0ee6-32ff-43d1-b9d3-390f7230bacf,with Joe Zarick (Indobox) on guitar/vocals,2024-08-03 10:12:10.037870,2024-08-03 10:12:10.037870
ab12b008-a89f-4a3c-aea6-dcc6c2c3eda8,4715898b-b676-491d-97a3-32ce2317f6f7,unfinished,2024-08-03 10:13:37.918422,2024-08-03 10:13:37.918422
1e6a41ad-b4c8-4227-a52b-36fa4e89fc7c,4715898b-b676-491d-97a3-32ce2317f6f7,with Mike Carter (Indobox) on guitar,2024-08-03 10:13:37.957319,2024-08-03 10:13:37.957319
d4efa2fc-641a-4a93-b73f-4d287407920e,420e770c-fa9f-4b39-8a9e-8101b4d3f259,with Mike Carter (Indobox) on guitar,2024-08-03 10:13:46.670709,2024-08-03 10:13:46.670709
ae0eca04-23b8-4915-bafa-54489715cf00,502c9fc4-8cc8-4c5c-8633-09b3ae34b93a,with Mike Carter (Indobox) on guitar,2024-08-03 10:13:57.246298,2024-08-03 10:13:57.246298
03b8355e-5e99-450f-a318-748f438ecbfe,76bbbef2-d976-414b-80aa-7edfe589c4e6,with Chris Michetti (RAQ) on guitar,2024-08-03 10:14:17.858531,2024-08-03 10:14:17.858531
bc813d17-49ff-4591-83a5-76115563bfb7,76bbbef2-d976-414b-80aa-7edfe589c4e6,with Tom Hamilton (Brothers Past) on guitar,2024-08-03 10:14:17.874080,2024-08-03 10:14:17.874080
80a041e3-8661-4170-9824-092bf49b4de8,76bbbef2-d976-414b-80aa-7edfe589c4e6,with Mike Carter (Indobox) on guitar,2024-08-03 10:14:17.900466,2024-08-03 10:14:17.900466
83b75ee0-8e4b-4523-98f5-90e7fe0a98c3,6e805b6f-33c7-48c7-bd2d-d5e03c15560f,with Mike Carter (Indobox) on guitar,2024-08-03 10:14:43.014188,2024-08-03 10:14:43.014188
7cc75d50-389a-44c2-b6c6-b5201c0664a7,d483fbb8-f4c8-451f-bb4d-b616d8adf647,with ‘Save The Robots’ fake-out,2024-08-03 10:24:46.129465,2024-08-03 10:24:46.129465
f5afeabe-8cac-48af-b29c-b5a8210c5f83,d483fbb8-f4c8-451f-bb4d-b616d8adf647,Perfume version,2024-08-03 10:24:46.163130,2024-08-03 10:24:46.163130
fc561dc8-baf9-41db-abb9-7d0be20edaed,96854d51-92fe-4852-940c-4953e0bce502,unfinished,2024-08-03 10:33:08.810630,2024-08-03 10:33:08.810630
3176231f-0d39-41f1-9eb7-0e79259db563,96854d51-92fe-4852-940c-4953e0bce502,with ‘Spy’ + ‘Bernstein & Chasnoff’ teases,2024-08-03 10:33:08.831330,2024-08-03 10:33:08.831330
cea6dd93-92be-462b-b730-82d60a80681e,2480974d-9410-4196-8827-e4c5e934446b,with ‘Cissy Strut’ (The Meters) intro jam + teases,2024-08-03 10:35:18.467350,2024-08-03 10:35:18.467350
47762e00-b406-4254-909d-06aab62d1e34,26e82678-bff8-4e2a-9ef3-0ed270f5c88c,inverted,2024-08-03 10:54:14.788149,2024-08-03 10:54:14.788149
98f4aa9b-a5da-4e98-93dc-edddfb9dce77,752390b5-3d25-4860-b34f-106fa43d3e91,LTP 5/27/11 (146 shows); reworked ,2024-08-03 10:54:58.254832,2024-08-03 10:54:58.254832
bf949829-991e-4010-8531-d783d1eb3d21,3aa680b2-b161-4a94-953d-8f7ff79adb67,inverted (middle),2024-08-03 10:59:03.338927,2024-08-03 10:59:03.338927
aea6bf84-c69d-4686-8d0b-3e31432161fa,3aa680b2-b161-4a94-953d-8f7ff79adb67,1st time inverted ,2024-08-03 10:59:03.368026,2024-08-03 10:59:03.368026
7d9ddeba-d04e-4793-8642-489f4a3d97cb,f1b97a41-4295-453a-ada3-f9bc01c32a59,inverted (peak>intro>beginning),2024-08-03 11:00:04.432041,2024-08-03 11:00:04.432041
fac28d18-39bb-4a1d-b088-f75d4d9f0387,f1b97a41-4295-453a-ada3-f9bc01c32a59,1st time inverted ,2024-08-03 11:00:04.459607,2024-08-03 11:00:04.459607
80e2a399-2269-4907-9658-73e19e8ebb29,4c40254d-0459-4dcb-8605-6024c37d8ed2,inverted (middle; end>beginning),2024-08-03 11:06:45.365854,2024-08-03 11:06:45.365854
5843f95a-cc25-4aa1-ba27-8e37f740156e,9040aaf7-fcc0-40cb-befd-d63c231bb82e,inverted (middle; end>beginning),2024-08-03 11:06:54.870444,2024-08-03 11:06:54.870444
264f5b29-c6ba-4dd3-b4b1-026e623e92e6,60f85c91-0aed-4513-b964-206bcfd9bea1,with ‘Cissy Strut’ + ‘The Great Abyss’ teases,2024-08-03 11:10:07.971000,2024-08-03 11:10:07.971000
8c9514ca-29df-41c5-abae-7f6e9d28bc70,9d582ba5-2995-45b5-b715-ea0c05030847,inverted,2024-08-03 11:10:43.188379,2024-08-03 11:10:43.188379
dbdf9486-2638-40dc-877a-cfad670ec10d,310d8513-99ce-4007-96d8-25bd011589ae,unfinished,2024-08-03 11:12:11.699725,2024-08-03 11:12:11.699725
d76a24b7-57d4-481e-82d5-25aea2c62226,4f1caa6b-ab3d-4697-9975-84b5572f3b8f,with Simon Posford (Hallucinogen) on keys,2024-08-03 11:15:12.216825,2024-08-03 11:15:12.216825
a03f4e61-83b2-48ce-82ba-c54ba636e1ef,4f1caa6b-ab3d-4697-9975-84b5572f3b8f,LTP 12/30/2006 (490 shows),2024-08-03 11:15:12.244510,2024-08-03 11:15:12.244510
f425d6b7-4cf6-4d32-b393-5a1597f336ed,26640cf9-27a0-40c9-a80a-5c28f301289a,with extended intro jam ,2024-08-03 11:20:38.939703,2024-08-03 11:20:38.939703
a767e097-213f-444f-8e6a-95299df176c9,8e1754c8-f489-4773-b564-9e167a215c7b,inverted,2024-08-03 11:21:46.100124,2024-08-03 11:21:46.100124
83d09246-f629-4c7b-bb2a-e4bbdc05159e,8e1754c8-f489-4773-b564-9e167a215c7b,with Scotty Zwang (Dopapod) on drums ,2024-08-03 11:21:46.140712,2024-08-03 11:21:46.140712
12c1953e-dd30-4aaf-8809-97a0b523eb46,840e7883-e367-4cdc-a633-6c7dabcedac0,ending only,2024-08-03 11:23:12.139150,2024-08-03 11:23:12.139150
543fb997-fab7-43a4-86bb-ea6a2b02af68,5ffb3d33-7926-40ee-9a20-5b1480339142,inverted (middle) ,2024-08-03 11:25:02.209117,2024-08-03 11:25:02.209117
88b1eed2-e1d9-4d56-82c8-505eaf695c10,883945eb-7a9d-4508-9572-a31a500ffca3,inverted (end>beginning),2024-08-03 11:25:20.069231,2024-08-03 11:25:20.069231
7d94c0a5-a28d-41ff-94bf-c9f0b4bb6115,202fa6aa-047c-4d70-bcbb-5814b708050d,ending only ,2024-08-03 11:26:02.361297,2024-08-03 11:26:02.361297
4ae89440-b44f-4b9a-90af-e4c8754cb5f3,8a3180af-8e99-4373-9c7a-57d1c0d377cd,with ‘I-Man’ ending teases,2024-08-03 11:28:43.271007,2024-08-03 11:28:43.271007
91546fc4-a410-4659-9aa6-aed37fd4e173,69dc6dc4-f85a-4f5d-b956-1b01f2c9992d,ending only ,2024-08-03 11:31:09.247688,2024-08-03 11:31:09.247688
2369775c-31e8-4632-8293-102e99148c5d,1f405fab-52f5-4301-88fd-717245e4cdc7,with ‘Piano Concerto #21 Andante’ (Mozart) teases,2024-08-03 11:38:02.204049,2024-08-03 11:38:02.204049
24e1dd9e-59b2-4d71-ac72-db5667d7f96d,324a5384-b4bf-4293-83c8-e0e7c9df11ae,ending only ,2024-08-03 11:38:50.408592,2024-08-03 11:38:50.408592
29e2bd5c-0e65-46e5-9a5a-b50101ea2847,45ecc982-fdf8-4758-b1fe-7bb6b8d4d42d,with 'Run Like Hell' (Pink Floyd) tease,2024-08-11 12:01:53.374152,2024-08-11 12:01:53.374152
98137ace-5eb2-428b-b32b-ac3fdbd0d264,57a2e13e-88d8-40d1-bbab-43b45d5182a5,with 'The Thieving Magpie' (Rossini) fakeout,2024-08-11 12:02:26.597134,2024-08-11 12:02:26.597134
58ec6528-54ea-4ce3-830d-0dcb67981efb,32f7484d-4b5f-4996-a093-b86d3676154a,LTP 3/16/2010 (198 shows),2024-08-03 11:44:20.764869,2024-08-03 11:44:20.764869
10defe70-bb26-46c6-803d-425a083c4fb0,32f7484d-4b5f-4996-a093-b86d3676154a,OTT remix version,2024-08-03 11:44:20.779577,2024-08-03 11:44:20.779577
3b0ac3ee-994b-41c4-9d70-fa7cd78ba982,55ef28d2-c908-4c1d-ac6b-427366e38750,completes 8/7 version,2024-08-11 12:04:02.883330,2024-08-11 12:04:02.883330
58341075-3fa1-4aaa-8b86-1408df55aad1,3240f7cf-e832-40bd-9746-510bee4fdba0,dyslexic ending to 8/10a version,2024-08-11 12:04:12.492847,2024-08-11 12:04:12.492847
d0bdd529-3c4f-456b-8174-332175de5e5d,b635efb5-c785-46d5-9999-e4bb288c0193,ending only,2024-08-03 11:49:26.163829,2024-08-03 11:49:26.163829
0e6e831e-3175-4f11-aeff-58bd6c320a55,3862c62c-97fa-411b-9a85-53710c695b13,ending only,2024-08-03 11:49:35.977478,2024-08-03 11:49:35.977478
09fbaea4-92dd-455b-98d3-d1a28df4573a,9f0013e3-c1d3-46b1-8fb5-a75871d1334a,with 'Aquatic Ape' jam,2024-11-09 17:48:20.144251,2024-11-09 17:48:20.144251
5c1a0eff-26b7-433d-9dc5-1064d6068c96,218f2cc9-22ec-4f90-abb6-234c9321ec9e,with ‘The Big Happy' tease,2024-11-10 19:42:53.503671,2024-11-10 19:42:53.503671
7a5d5071-2a04-46bc-ac96-66633712fade,218f2cc9-22ec-4f90-abb6-234c9321ec9e,with Erica Lynn Gruenberg on vocals,2024-11-10 19:42:53.536612,2024-11-10 19:42:53.536612
70805847-0285-4d60-9690-ca4f513723c2,9ac57845-2581-4efb-aea9-861d6bd50030,with Erica Lynn Gruenberg on vocals,2024-11-10 19:43:06.310638,2024-11-10 19:43:06.310638
aab12559-2c23-41f5-8bae-62329c0b610c,d4f919dd-5a33-4688-a7d3-eecd7b52c79c,with 'Kamaole Sands' tease,2024-11-10 19:49:28.627110,2024-11-10 19:49:28.627110
7fcd4518-8c6e-4092-9e6c-49823920f15f,9e0c2d15-dcbe-4c7f-8755-9e9e665f8fc3,"dyslexic version (ending first, then beginning)",2024-11-10 19:52:26.654741,2024-11-10 19:52:26.654741
38848136-2d0d-46a7-bc49-0ce6b7646d50,e0d73674-f9f1-4d8e-97ab-83246434cd49,with DJ Mauricio on turntables and the Roland MC-505,2024-11-10 20:11:31.313241,2024-11-10 20:11:31.313241
226d5b10-6509-4de5-bc25-ef7ae3284b5a,20717890-3075-4be7-9803-a0d9c884201d,with DJ Mauricio on turntables and the Roland MC-505,2024-11-10 20:11:39.500933,2024-11-10 20:11:39.500933
2668c763-ba12-4d73-9118-155070445da1,c5c05bc2-2d2a-4aca-8c54-bcd177d5062f,with 'Bolero' (Ravel) teases,2024-11-10 20:12:09.491176,2024-11-10 20:12:09.491176
94d263d8-16b7-4d35-af31-144545d7b46d,5369a82c-a193-463c-a7bc-5c08926648e4,ending only,2024-08-03 11:49:07.228355,2024-08-03 11:49:07.228355
247e7969-1064-4e64-878e-d918345936d2,c76d4532-2a92-4eab-8a7b-0e78f1ddd644,with ‘And the Ladies….’ tease,2024-08-03 11:51:07.968720,2024-08-03 11:51:07.968720
303b038b-01d9-4a56-9c63-e213a737a496,59c76de6-e987-46a3-9e3d-f676fd0b3414,FTP (Grateful Dead),2024-08-03 11:54:59.743270,2024-08-03 11:54:59.743270
ff87fa6e-d3f9-452c-8947-2579d566cece,09b42c36-3fed-4471-8b44-112fd65e378c,with ‘Viola Lee Blues’ teases,2024-08-03 11:55:23.029547,2024-08-03 11:55:23.029547
30d8d8bc-f412-42c6-a02f-37781d9b3e09,037a10db-d6d4-45fa-85c8-5b03facdd64c,with ‘Viola Lee Blues’ teases,2024-08-03 11:56:03.545945,2024-08-03 11:56:03.545945
2f4c2349-82ed-4a61-a274-25bd227ce2df,037a10db-d6d4-45fa-85c8-5b03facdd64c,with ‘Run Like Hell’ teases,2024-08-03 11:56:03.557661,2024-08-03 11:56:03.557661
d0c9e4b4-ce8b-4606-bc87-2e6e170f99c9,14d6442c-abf9-43ab-b311-9a5fa5fed287,unfinished,2024-08-03 13:59:32.669831,2024-08-03 13:59:32.669831
ee74b0f2-8d2f-4687-865b-dd3f871bc908,14d6442c-abf9-43ab-b311-9a5fa5fed287,with ‘Funkytown’ (Lipps Inc.) jam,2024-08-03 13:59:32.685283,2024-08-03 13:59:32.685283
bee42aa5-555e-475d-acf1-a06d2186abc7,d63fc184-f11c-44fd-9926-b65ab2f33e25,inverted; with ‘Dancin’ In The Streets (Martha & The Vandellas) vocal jam,2024-08-03 14:00:30.037780,2024-08-03 14:00:30.037780
594052ef-68b3-46ef-97ed-31fba03bdc46,43de62f6-7ad3-4286-93ce-bfee94535558,ending only ,2024-08-03 14:01:02.940867,2024-08-03 14:01:02.940867
82d666db-4d9e-4119-a35b-51390a54b42e,3a6e15cb-f5fb-4bdd-bddc-0a3d2e2edc5b,with Bill Kreutzmann (drums) and Mickey Hart (percussion),2024-08-03 14:04:20.130185,2024-08-03 14:04:20.130185
a4d852c1-586a-4ec5-ad69-b256a670c2d9,3a6e15cb-f5fb-4bdd-bddc-0a3d2e2edc5b,with ‘Trucker’s Choice’ teases,2024-08-03 14:04:20.149606,2024-08-03 14:04:20.149606
05ac25ee-a391-4088-b7bd-8bc5c11b79b9,73b6f48b-30f8-4f36-9eb0-e43cb9558183,ending only ,2024-08-03 14:04:27.197885,2024-08-03 14:04:27.197885
e805169f-65d9-4998-abd3-495a45000206,0077ab3f-4a0d-4b92-97ae-361f8c2189eb,ending only ,2024-08-03 14:06:55.425443,2024-08-03 14:06:55.425443
1fc32082-bc0b-4e56-a20a-6f49641beae8,bb173614-b65d-44fa-a1e9-d82b684af320,"dyslexic version (ending first, then beginning)",2024-08-11 12:02:58.592587,2024-08-11 12:02:58.592587
2bbfe22d-279a-435f-858e-b0ba81ab9fcd,c20b4ced-5945-45b1-a166-72128a22e618,"preceded by ‘Gamma Goblins’, ‘Liquid Handcuffs’ and ‘Solstice’ (Hallucinogen) teases",2024-08-03 14:10:03.138278,2024-08-03 14:10:03.138278
08233aaa-7a85-42b3-bdc2-d99b125baf96,84e3ba11-9d3d-463a-945d-f6f7b3d17a8a,ending only,2024-08-03 14:10:41.236370,2024-08-03 14:10:41.236370
b73cedab-bcb9-4bbc-aa6b-a2f8e11aed08,651c2eca-d5dd-419b-b784-eac8545eddbb,ending only,2024-08-03 14:11:43.699837,2024-08-03 14:11:43.699837
2bb548ea-bec8-4bda-a1c9-c27f1b5be653,8408ee45-4cc8-4240-a38b-46f02533b906,ending only,2024-08-03 14:14:31.429076,2024-08-03 14:14:31.429076
22c9495a-fcb5-48d4-8dfc-0efcd376f5c6,1fa40794-af05-4702-ba35-a4283cb74c8b,ending only,2024-08-03 14:14:39.838942,2024-08-03 14:14:39.838942
e266a4d1-4699-4093-8333-dd939f0122ba,ae6660c5-9aa3-4b9c-93c9-7761835ba9d0,middle only ,2024-08-03 14:18:01.519657,2024-08-03 14:18:01.519657
6a1ea9c1-c395-49d6-8965-a2c17d362741,ae6660c5-9aa3-4b9c-93c9-7761835ba9d0,with ‘Spacebirdmatingcall’ teases,2024-08-03 14:18:01.545042,2024-08-03 14:18:01.545042
7b2af96f-da94-4d44-a993-84516e1dc9f9,e676f5f9-4505-4883-afa1-e91e676ec114,ending only ,2024-08-03 14:48:45.369846,2024-08-03 14:48:45.369846
fbe9df45-b4a7-4236-83be-6e4b188c5272,cdd77aa5-ae80-410c-a586-6b2003e7f85e,unfinished,2024-08-03 20:34:42.590328,2024-08-03 20:34:42.590328
1866ab87-8bf5-4963-8734-fcd2e406f036,55e21e70-f400-422e-a0ad-dfb622cab6c6,"dyslexic version (ending first, then beginning)",2024-08-11 12:03:07.360572,2024-08-11 12:03:07.360572
7ccb165e-f765-4a20-9d36-56356bc9ec49,a12f9b2e-90f4-4fd8-aff9-f3b9f5652a4b,completes 8/6 version,2024-08-11 12:03:17.020520,2024-08-11 12:03:17.020520
e8a26bcb-a4a4-48d8-b746-6ace354adc96,f9774afd-b2e6-4722-a531-2ef4cbb80f6b,completes 8/14 version,2024-08-11 12:04:46.567311,2024-08-11 12:04:46.567311
19a6f1ba-86b2-413b-98d8-24c30d64608f,5e83d7b8-e96e-4e85-b14f-0cb2c067fc0d,completes 8/14 version,2024-08-11 12:04:52.286866,2024-08-11 12:04:52.286866
2cd69a70-8bcb-4c72-af05-03743cf49e7e,91c0e687-b91d-4e1c-aa37-c11fbc8965f7,completes 8/14 version,2024-08-11 12:05:00.737079,2024-08-11 12:05:00.737079
fa25d2f2-a9c0-44fa-a3e4-6e936dfaf482,2d55717d-f1b1-45d7-a08d-b1cac1aeb964,dyslexic completion of 8/14 version,2024-08-11 12:05:13.300442,2024-08-11 12:05:13.300442
950a255a-ab67-42d6-b90a-460d36e11208,1cb72386-7526-4eb9-8054-f4bc0b742795,completes 8/16 version,2024-08-11 12:06:06.380710,2024-08-11 12:06:06.380710
48fb2f11-f545-4600-af37-0cc7f9f30533,d57b4b08-f92a-425d-99f5-5d07903847b4,"dyslexic version (ending first, then beginning)",2024-08-11 12:06:21.358767,2024-08-11 12:06:21.358767
f5e204ba-54e2-4a3e-b92a-dce96ed40b09,5ab79b2d-4f09-484e-9900-4a081a4f9953,"dyslexic version (ending first, then beginning)",2024-08-11 12:06:33.733444,2024-08-11 12:06:33.733444
7954e0c2-44cb-4433-817a-3f1114bb6e0a,67c61564-dd61-44f8-aba0-dddf163f117c,"dyslexic version (ending first, then beginning)",2024-08-11 12:06:40.725575,2024-08-11 12:06:40.725575
9c0cee3f-07ea-41f4-a6ba-50eba234fe8e,40b2e80a-2bd1-48f7-8635-afe2e74977db,"dyslexic version (ending first, then beginning)",2024-08-11 12:06:50.246274,2024-08-11 12:06:50.246274
b92f2e89-5480-474b-8b0e-701ddec63b84,d1a2c630-64ab-405d-8bf5-470ec09224d4,"dyslexic version (ending first, then beginning)",2024-08-11 12:06:58.211919,2024-08-11 12:06:58.211919
4338d94b-fd71-4d3a-96e5-1af7f4edf0f9,4b90631b-7f9a-4fd8-8c6f-952648fcbad4,"dyslexic version (ending first, then beginning)",2024-08-11 12:07:05.443831,2024-08-11 12:07:05.443831
4d7e23ad-912f-4c5f-b2b7-c77ee7cba627,75d40cfe-982e-4169-80b1-6df86bd1a0e7,with ‘Cyclone’ fake out ,2024-11-09 17:55:37.411575,2024-11-09 17:55:37.411575
b89f7e6d-aa5e-4945-a84a-0847f983777a,36d94440-e18c-4e3f-97b0-cbbd3929fc64,with 'Auld Lang Syne' (traditional) tease,2024-11-10 19:43:38.898689,2024-11-10 19:43:38.898689
067fec51-655e-4c08-aa38-6427d6f2b60e,6948b0f8-1ec2-4f0c-8808-00024707b90c,"dyslexic version (ending first, then beginning)",2024-11-10 19:46:01.572592,2024-11-10 19:46:01.572592
af9dd057-6b00-495b-81c5-b196b0166469,b58d0334-dcc8-4ecf-b7bb-a81f29013f63,"dyslexic version (ending first, then beginning)",2024-11-10 19:46:12.818652,2024-11-10 19:46:12.818652
ab3240c2-f1ed-420b-82ae-b20a5e4f1eee,e5ceba1d-58d5-42ec-be46-3956c521b9a2,with 'The Big Happy' tease,2024-11-10 19:54:46.343892,2024-11-10 19:54:46.343892
d3d176ee-c8fa-47fa-bac4-e3ea2b4e8fbe,bf85ca60-7a35-44c8-b795-4aba21a7a2e3,completes 10/11 version,2024-11-10 19:59:22.131147,2024-11-10 19:59:22.131147
3f6efe53-d354-4564-871d-1a8d8f45d72e,9353e186-6462-4d23-96af-b8e8b0a2a200,"dyslexic version (ending first, then beginning)",2024-11-10 19:59:31.479829,2024-11-10 19:59:31.479829
4731a1de-e5ba-4cb8-a6ca-90f309e9be54,0bef2f7b-8d4a-45d3-aae5-ffa443edefde,with Pauly Herron on percussion,2024-11-10 20:12:36.047783,2024-11-10 20:12:36.047783
3127f233-b46b-4e1c-9a9f-8b2ea3f7198e,800581e3-f434-458e-9576-f426926685b5,with Pauly Herron on percussion,2024-11-10 20:12:53.948848,2024-11-10 20:12:53.948848
0bd889b4-ee15-4786-8ef0-565be3db1f95,800581e3-f434-458e-9576-f426926685b5,completes 8/19 (Early) version,2024-11-10 20:12:53.993055,2024-11-10 20:12:53.993055
f69b9c46-0b7d-4ceb-8f4f-fa2d740a2b34,67741e0a-d2c1-4005-a883-4c269ca2b044,with Pauly Herron on percussion,2024-11-10 20:13:02.883210,2024-11-10 20:13:02.883210
c9aa2b6e-50ba-4d8c-8628-a47cf995d72c,a7b7aa93-7ce5-4d3e-bc1c-820886a4a735,with Pauly Herron on percussion,2024-11-10 20:13:10.330837,2024-11-10 20:13:10.330837
abae6063-7a4f-45bb-a5a3-73ef748193e8,51af8c7b-771c-4d3d-8058-d5a23cda9663,Jam featured strange narration by Barber,2024-11-10 20:13:19.701162,2024-11-10 20:13:19.701162
