id,slug,date,venue_id,band_id,notes,legacy_id,created_at,updated_at,likes_count,relisten_url,average_rating,show_photos_count,show_youtubes_count,reviews_count
73e7ad08-2e2c-4a83-a768-aaba6e004716,1998-05-23-fattdaddy-s-watertown-ct,1998-05-23,54becbfa-b56c-452d-803e-0201fb375d2e,db7f2c5d-2727-41fd-bd6f-e91c74164f09,Soundcheck: Trooper McCue,224,2020-02-22 16:19:52.200407,2020-02-23 00:37:21.445520,0,,0,0,0,0
25bcc399-ce8f-4683-a2a6-5486eeba347d,2021-07-09-mann-center-for-the-performing-arts-philadelphia-pa,2021-07-09,2b839f0d-5ce0-402a-a7ae-aee8968dc3e9,db7f2c5d-2727-41fd-bd6f-e91c74164f09,"",,2021-07-13 01:05:18.133822,2024-11-25 15:45:00.490898,0,"",4.41935483870968,0,0,1
77a948be-4d60-4bc4-8ddc-688e367039b1,1999-02-05-jack-straw-s-charlotte-nc,1999-02-05,023caca8-36d3-42ef-adbe-dc5471812061,db7f2c5d-2727-41fd-bd6f-e91c74164f09,"",332,2020-02-22 16:19:52.200407,2020-12-02 17:56:59.139392,0,https://relisten.net/disco-biscuits/1999/02/05,3.5,0,0,0
c583ecd1-8fb4-4c65-9558-51f3f7a8558a,2021-05-18-the-fillmore-philadelphia-pa,2021-05-18,772346af-6a44-47b2-980d-aba4db9f114f,db7f2c5d-2727-41fd-bd6f-e91c74164f09,"",,2021-05-18 23:05:10.871155,2023-08-26 17:35:34.666304,0,"",3.91304347826087,0,0,0
99ed5f5e-e062-4fe3-a4e1-521d11a8124c,2021-11-27-wellmont-theater-montclair-nj,2021-11-27,8dfeef2a-b9f9-4b71-8346-ebbd242f31af,db7f2c5d-2727-41fd-bd6f-e91c74164f09,"",,2021-11-28 02:02:54.836318,2023-08-26 17:38:42.498198,0,https://relisten.net/disco-biscuits/2021/11/27,4.32,0,0,1
6c5a3488-7a98-4b16-91fd-c4d655012b1b,2020-10-17-yarmouth-drive-in-west-yarmouth-ma,2020-10-17,0d2090b5-3713-48b7-a74a-937f2fce8df3,db7f2c5d-2727-41fd-bd6f-e91c74164f09,"",,2020-10-17 23:23:53.314176,2024-02-18 04:30:43.561603,0,"",4.6,0,0,2
0c2b103a-e74d-4a2d-84d0-48cfc077f504,2020-10-24-montage-mountain-scranton-pa,2020-10-24,6b1fd49c-f558-476a-b1eb-8451b52652ff,db7f2c5d-2727-41fd-bd6f-e91c74164f09,"",,2020-10-24 23:35:06.424988,2024-02-10 01:49:38.676642,0,"",4.10416666666667,0,0,1
791baf91-a41e-4504-9fad-432d771862fb,2022-05-07-joy-theater-new-orleans-la,2022-05-07,b4776530-22c1-4660-b9b8-fee6d2cf3bad,db7f2c5d-2727-41fd-bd6f-e91c74164f09,"",,2022-05-08 04:56:17.980909,2023-10-23 18:00:05.165391,0,https://relisten.net/disco-biscuits/2022/05/07,3.7037037037037,0,0,1
98067f1f-f925-4a47-9885-c7da4c2c83a9,2005-03-26-starland-ballroom-sayreville-nj,2005-03-26,d7bcd39a-04d3-46ae-913a-c950de7b6c5d,db7f2c5d-2727-41fd-bd6f-e91c74164f09,"",844,2020-02-22 16:19:52.200407,2023-08-27 11:35:34.998750,0,https://relisten.net/disco-biscuits/2005/03/26,4.625,0,0,0
118a611c-7701-43ce-ae3b-5e95e8811d21,2021-05-14-sussex-county-live-drive-in-augusta-nj,2021-05-14,6341347d-dd03-4d95-9860-386bd450248b,db7f2c5d-2727-41fd-bd6f-e91c74164f09,"",,2021-05-14 17:51:52.651693,2023-08-26 17:35:22.739826,0,"",4.54545454545455,0,0,0
964ebfd7-12e7-4610-a189-fc648ba032a1,2009-10-10-the-calvin-northampton-ma,2009-10-10,d4947160-f660-4ad3-9f5b-9a33becb14bf,db7f2c5d-2727-41fd-bd6f-e91c74164f09,"",1191,2020-02-22 16:19:52.200407,2023-07-26 16:04:45.357880,0,https://relisten.net/disco-biscuits/2009/10/10,4,19,0,1
9cbd58d7-c0e9-41f9-a373-9a7a4cea7629,2020-10-19-yarmouth-drive-in-west-yarmouth-ma,2020-10-19,0d2090b5-3713-48b7-a74a-937f2fce8df3,db7f2c5d-2727-41fd-bd6f-e91c74164f09,"",,2020-10-19 23:59:59.655590,2024-02-18 04:30:56.617459,0,"",4.225,0,0,2
73850dc1-30af-4f6c-a2e0-a01e031b8896,2010-09-05-union-park-chicago-il,2010-09-05,f5340b3f-e2ef-4ca4-9a9d-a10d1c81bd5d,db7f2c5d-2727-41fd-bd6f-e91c74164f09,"North Coast Music Festival - other acts include The Chemical Brothers, Umphrey's McGee, Moby (DJ set), Future Rock and Orchard Lounge",1295,2020-02-22 16:19:52.200407,2023-09-25 14:39:59.976331,0,https://relisten.net/disco-biscuits/2010/09/05,3.75,0,0,0
3ab2299b-f8df-4368-a388-c259d1db3631,2021-12-30-the-fillmore-philadelphia-pa,2021-12-30,772346af-6a44-47b2-980d-aba4db9f114f,db7f2c5d-2727-41fd-bd6f-e91c74164f09,"",,2021-12-31 02:57:59.284753,2024-03-28 00:00:59.606571,0,https://relisten.net/disco-biscuits/2021/12/30,4.46296296296296,0,0,3
03597eaa-b110-4a9e-a965-75c45f3a34d3,2022-05-08-joy-theater-new-orleans-la,2022-05-08,b4776530-22c1-4660-b9b8-fee6d2cf3bad,db7f2c5d-2727-41fd-bd6f-e91c74164f09,"",,2022-05-09 03:16:56.670996,2023-08-26 17:30:27.649754,0,"",3.21739130434783,0,0,0
4ce97d7b-3ebd-48e8-aba9-1f4e84263e52,2021-11-26-wellmont-theater-montclair-nj,2021-11-26,8dfeef2a-b9f9-4b71-8346-ebbd242f31af,db7f2c5d-2727-41fd-bd6f-e91c74164f09,"",,2021-11-27 02:58:51.855386,2023-08-26 17:38:44.876402,0,https://relisten.net/disco-biscuits/2021/11/26,4.34090909090909,0,0,0
34069e4a-b2da-4803-82e3-dc15963b8c30,2006-02-22-rams-head-live-baltimore-md,2006-02-22,f6f5a9f7-9caf-4df0-8000-1b56c9b0156e,db7f2c5d-2727-41fd-bd6f-e91c74164f09,"",862,2020-02-22 16:19:52.200407,2024-04-04 20:24:17.888802,0,https://relisten.net/disco-biscuits/2006/02/22,3.625,0,0,1
286a3227-1634-43cf-828f-1fc89e541dbc,2000-10-23-the-bottleneck-lawrence-ks,2000-10-23,1a4c15f9-bae2-41c3-b84b-62b7a1afa9c4,db7f2c5d-2727-41fd-bd6f-e91c74164f09,"",482,2020-02-22 16:19:52.200407,2024-02-18 12:41:22.362680,0,https://relisten.net/disco-biscuits/2000/10/23,4.09090909090909,0,0,0
04303f3e-7b8f-4cc3-ab53-287a9e668c59,2020-10-31-lafayette-apple-festival-grounds-lafayette-ny,2020-10-31,e776b5f1-c729-4092-8a8c-a8ca3a27551a,db7f2c5d-2727-41fd-bd6f-e91c74164f09,"",,2020-10-31 23:43:59.453362,2024-11-25 15:45:20.995638,0,"",3.825,0,0,1
56e9950b-f312-4d12-97a6-554bf22831ee,2013-07-13-indian-lookout-country-club-mariaville-ny,2013-07-13,79422c08-e8d6-4753-80ae-5967d56d9892,db7f2c5d-2727-41fd-bd6f-e91c74164f09,"Camp Bisco XII - other acts include Indobox, Madeon, Zeds Dead, Zoogma and many more",1394,2020-02-22 16:19:52.200407,2023-08-31 19:26:32.687407,0,,4.34782608695652,0,2,1
96f6e5f6-d403-4ea4-a560-994c573449e6,2020-10-25-showtime-at-the-drive-in-frederick-md,2020-10-25,b3f0cf4b-0493-49c0-8b4d-044f946cdc8d,db7f2c5d-2727-41fd-bd6f-e91c74164f09,"",,2020-10-25 22:38:31.724173,2023-08-26 17:40:46.385523,0,"",4.08333333333333,0,0,1
51eff6a7-fe58-4fe9-8ffe-43dfdadd7056,1999-10-31-hammerstein-ballroom-new-york-ny,1999-10-31,f1fb1c6e-e92a-4484-86da-3f682ef18df8,db7f2c5d-2727-41fd-bd6f-e91c74164f09,Opening for moe.,452,2020-02-22 16:19:52.200407,2023-08-26 17:50:48.406620,0,https://relisten.net/disco-biscuits/1999/10/31,3.0625,6,0,0
19446438-7a48-4cde-8255-0cda1d79aee1,2020-10-16-yarmouth-drive-in-west-yarmouth-ma,2020-10-16,0d2090b5-3713-48b7-a74a-937f2fce8df3,db7f2c5d-2727-41fd-bd6f-e91c74164f09,"",,2020-10-16 23:15:42.638205,2024-04-16 20:33:17.192228,0,"",3.8,0,0,1
d4bac757-10ec-496f-a35d-2beb695de56c,1996-05-25-nate-s-farm-canton-ma,1996-05-25,6019060e-6ac1-4107-9241-3dc178ffdb98,db7f2c5d-2727-41fd-bd6f-e91c74164f09,"",15,2020-02-22 16:19:52.200407,2024-02-29 15:15:15.889386,0,,3,0,0,0
8307e8a1-f2f1-42b3-a09b-351019a6ccd0,1999-02-20-14-below-los-angeles-ca,1999-02-20,0f8ad509-6eab-4bc4-8e32-d5e60c6bfd9e,db7f2c5d-2727-41fd-bd6f-e91c74164f09,"",343,2020-02-22 16:19:52.200407,2022-09-13 21:11:44.242510,0,https://relisten.net/disco-biscuits/1999/02/20,3.25,0,0,0
82f964d3-4c64-4a0f-b6f0-cd7282e3ae6d,2001-09-26-house-of-blues-las-vegas-nv,2001-09-26,95779360-b9d0-4723-aa11-77c54cb5dcd3,db7f2c5d-2727-41fd-bd6f-e91c74164f09,"",580,2020-02-22 16:19:52.200407,2023-04-29 00:23:23.998911,0,https://relisten.net/disco-biscuits/2001/09/26,4.1,0,0,1
e851e5ca-39ab-4c26-bf97-c2246163b5d8,2020-10-18-yarmouth-drive-in-west-yarmouth-ma,2020-10-18,0d2090b5-3713-48b7-a74a-937f2fce8df3,db7f2c5d-2727-41fd-bd6f-e91c74164f09,"",,2020-10-18 22:56:39.070811,2024-02-18 04:30:50.513017,0,"",3.20588235294118,0,0,1
7edaef1a-fa71-46bb-a3ed-479d668a7f41,2022-03-11-the-national-richmond-va,2022-03-11,42021528-811e-4168-8125-91ed90c5e5ba,db7f2c5d-2727-41fd-bd6f-e91c74164f09,"",,2022-03-12 02:00:55.862981,2024-07-19 11:49:19.485831,0,"",3.82857142857143,0,0,2
fec3c1b6-7b72-47c0-a1cd-0b70c6af657a,2022-03-10-the-national-richmond-va,2022-03-10,42021528-811e-4168-8125-91ed90c5e5ba,db7f2c5d-2727-41fd-bd6f-e91c74164f09,"",,2022-03-11 02:35:15.772259,2024-07-19 11:49:12.587989,0,"",3.69354838709677,0,0,1
33ebeefc-a4b5-48db-ba33-6139e74fbcf4,2022-03-12-the-national-richmond-va,2022-03-12,42021528-811e-4168-8125-91ed90c5e5ba,db7f2c5d-2727-41fd-bd6f-e91c74164f09,"",,2022-03-13 02:01:26.773394,2024-07-19 11:49:30.881760,0,"",4.1,0,0,3
232ad3a3-790e-42f9-8f33-669b10f7c42b,2014-12-27-concord-music-hall-chicago-il,2014-12-27,dc7a23f8-1077-4acb-baa9-1a8053232655,db7f2c5d-2727-41fd-bd6f-e91c74164f09,"",1443,2020-02-22 16:19:52.200407,2024-12-07 00:30:39.866500,0,,4.33333333333333,0,0,2
87a5c733-3ff4-4f53-86ab-6dbc5883345b,2002-04-22-union-bar-iowa-city-ia,2002-04-22,5e4fd5a5-5a89-4fcd-974f-d1b58f599366,db7f2c5d-2727-41fd-bd6f-e91c74164f09,"",633,2020-02-22 16:19:52.200407,2024-11-25 12:16:25.343796,0,https://relisten.net/disco-biscuits/2002/04/22,3.71428571428571,24,0,0
64a23ce9-2bbf-4a0f-823d-1ff9c941b1c0,2020-10-30-lafayette-apple-festival-grounds-lafayette-ny,2020-10-30,e776b5f1-c729-4092-8a8c-a8ca3a27551a,db7f2c5d-2727-41fd-bd6f-e91c74164f09,"",,2020-10-30 23:40:35.215229,2024-11-25 15:45:28.670962,0,"",4.175,0,0,2
dbb1294d-31f5-486c-83dc-c3a588a42fb9,2021-02-05-ardmore-music-hall-philadelphia-pa,2021-02-05,61b9d4d7-a05f-4cb2-a7da-7115dc400c0a,db7f2c5d-2727-41fd-bd6f-e91c74164f09,"",,2021-02-06 01:29:27.960783,2023-08-26 17:34:31.686977,0,"",4,0,1,2
2917771b-59b0-4df8-88eb-0c26e9c9e85a,2002-11-09-vic-theatre-chicago-il,2002-11-09,334afd15-e73f-4888-a89e-ea0a19932bde,db7f2c5d-2727-41fd-bd6f-e91c74164f09,"",701,2020-02-22 16:19:52.200407,2024-03-28 00:07:26.656293,0,https://relisten.net/disco-biscuits/2002/11/09,4.25,23,0,1
ac200060-e224-49c7-a3fa-4e82fb54770b,2010-09-04-apache-pass-rockdale-tx,2010-09-04,c8fc37de-9092-4b15-8849-9ef57acca910,db7f2c5d-2727-41fd-bd6f-e91c74164f09,"Nocturnal Music Festival - other acts include The New Deal, Pretty Lights, Kid Cudi and Girl Talk",1294,2020-02-22 16:19:52.200407,2022-09-13 19:34:24.992378,0,,3.875,0,0,0
bc3287ca-0548-4698-adb1-dd4624a358d6,2000-05-20-all-good-festival-buffalo-gap-camping-ground-capon-bridge-wv,2000-05-20,477ca04d-428d-40c8-a85e-7754467526c3,db7f2c5d-2727-41fd-bd6f-e91c74164f09,"With moe., All Mighty Senators, Soulive, Blueground Undergrass, Dr. Didg, Wise Monkey Orchestra, and Baaba Seth.",464,2020-02-22 16:19:52.200407,2023-08-26 17:51:50.202308,0,https://relisten.net/disco-biscuits/2000/05/20,3.9375,4,0,0
98889dbb-004a-45f4-b1cc-6ffbc744b3ad,2010-04-17-the-national-richmond-va,2010-04-17,42021528-811e-4168-8125-91ed90c5e5ba,db7f2c5d-2727-41fd-bd6f-e91c74164f09,"DJ T-Bone opened, entire show with Tom Hamilton and Chris Michetti on guitar and Jon on MIDI.",1254,2020-02-22 16:19:52.200407,2024-02-04 12:53:53.416951,0,https://relisten.net/disco-biscuits/2010/04/17,2.61111111111111,0,0,0
7db2fbbc-fc63-4079-be9b-176e0df00ee1,2013-07-12-indian-lookout-country-club-mariaville-ny,2013-07-12,79422c08-e8d6-4753-80ae-5967d56d9892,db7f2c5d-2727-41fd-bd6f-e91c74164f09,"Camp Bisco XII - other acts include Toro y Moi, Bauuer, Perseus, Lotus, Bassnectar and many more",1393,2020-02-22 16:19:52.200407,2023-09-05 12:59:10.511462,0,,4.25,0,0,0
2edaccc8-0010-4b43-afb1-98d72b6183cf,2020-06-22-the-fillmore-philadelphia-pa,2020-06-22,772346af-6a44-47b2-980d-aba4db9f114f,db7f2c5d-2727-41fd-bd6f-e91c74164f09,"Coke Studio Sessions <br>
Streamed live on Youtube <br>
 No fans in attendance",,2020-06-23 01:23:51.078005,2024-02-02 12:13:17.303540,0,"",3.41666666666667,0,0,0
82148e73-442d-4e39-9942-e16810eb34b8,2003-07-24-cervantes-masterpiece-ballroom-denver-co,2003-07-24,56c69667-d5bb-4397-bc0a-ca3cfb5f01af,db7f2c5d-2727-41fd-bd6f-e91c74164f09,"Liberation. With DJs Lisa Marie, Half-Pint, IANC, Reid Speed, and MLE.",766,2020-02-22 16:19:52.200407,2023-08-27 11:29:52.612983,0,https://relisten.net/disco-biscuits/2003/07/24,4.13636363636364,0,0,1
ac4f5737-ad92-4235-a7a0-13352bd239bf,2001-04-28-howlin-wolf-new-orleans-la,2001-04-28,f1264dc5-79f3-4cec-a64f-158fb7814e02,db7f2c5d-2727-41fd-bd6f-e91c74164f09,"",539,2020-02-22 16:19:52.200407,2024-05-29 21:53:49.193868,0,https://relisten.net/disco-biscuits/2001/04/28,4.29166666666667,0,0,1
f4528c3e-453b-4746-8106-b78a66745727,2005-08-27-skye-top-festival-grounds-van-etten-ny,2005-08-27,ef32b260-beba-4d2d-a7ab-c51ec968edb8,db7f2c5d-2727-41fd-bd6f-e91c74164f09,Camp Bisco IV: The Trance-Formation.,851,2020-02-22 16:19:52.200407,2024-02-18 12:45:15.512056,0,https://relisten.net/disco-biscuits/2005/08/27,4.57142857142857,0,0,0
7b895666-456f-43d1-8ab0-f34255a96e46,2020-10-23-montage-mountain-scranton-pa,2020-10-23,6b1fd49c-f558-476a-b1eb-8451b52652ff,db7f2c5d-2727-41fd-bd6f-e91c74164f09,"",,2020-10-23 23:22:15.086309,2023-08-26 17:40:39.785145,0,"",3.71428571428571,0,0,1
349b16ac-9337-40a6-9154-b90f2e635475,2021-04-20-ardmore-music-hall-ardmore-pa,2021-04-20,61b9d4d7-a05f-4cb2-a7da-7115dc400c0a,db7f2c5d-2727-41fd-bd6f-e91c74164f09,"""In Space With You"" Streaming Session (pre-recorded)(Set 1 webcast 3/20/21, Set 2 webcast 4/20/21)",,2021-05-02 19:27:33.108336,2024-06-09 15:48:25.568168,0,"",3,0,0,1
79829658-1829-48e4-ae10-eac8273330d9,2003-08-21-crocodile-rock-allentown-pa,2003-08-21,272feb3d-d158-4372-88b2-f9b31a8d831c,db7f2c5d-2727-41fd-bd6f-e91c74164f09,"",781,2020-02-22 16:19:52.200407,2023-08-27 11:30:35.613943,0,https://relisten.net/disco-biscuits/2003/08/21,4.55882352941176,0,0,0
57d1b5ef-9389-48d0-be8c-3ef296eac2b6,2024-02-11-fox-theatre-boulder-co,2024-02-11,8f46585f-f736-4603-88c9-a45209757346,db7f2c5d-2727-41fd-bd6f-e91c74164f09,"Tractorbeam 
- all songs played instrumental
- Allen on E-Drum Kit",,2024-02-12 04:19:13.067590,2024-11-26 03:20:41.132663,0,https://relisten.net/disco-biscuits/2024/02/11,4.7,0,0,1
73b770a7-48f3-4bfb-9857-10b00dbd0d02,2012-01-27-mayan-holidaze-now-sapphire-resort-puerto-morelos-mexico,2012-01-27,72be8ba0-a1c5-4b23-8f60-b88a34053585,db7f2c5d-2727-41fd-bd6f-e91c74164f09,Mayan Holidaze,1365,2020-02-22 16:19:52.200407,2023-08-30 11:07:21.474938,0,,3.91666666666667,0,0,1
8c963c6f-58d9-47db-b165-9ff64ab2cdeb,2013-07-11-indian-lookout-country-club-mariaville-ny,2013-07-11,79422c08-e8d6-4753-80ae-5967d56d9892,db7f2c5d-2727-41fd-bd6f-e91c74164f09,"Camp Bisco XII - other acts include STS9, Umphrey's McGee, Macklemore and Ryan Lewis, Squarepusher and more",1392,2020-02-22 16:19:52.200407,2023-09-05 12:59:07.708274,0,,3.78947368421053,0,0,2
cf210c62-8f8b-4d6e-95d1-e61cbee119c4,2021-03-25-dr-phillips-center-for-the-performing-arts-front-lawn-orlando-florida,2021-03-25,f1b3d0f1-a7df-4ffc-9f09-e720081ba3ce,db7f2c5d-2727-41fd-bd6f-e91c74164f09,"",,2021-03-25 23:44:22.744023,2024-04-29 20:47:30.790563,0,"",3.43103448275862,0,0,2
c82b93d4-8a98-4866-9395-adbfe38d925d,1999-02-16-cajun-house-scottsdale-az,1999-02-16,b7567682-cd24-482c-a48d-9cf6d2e65f09,db7f2c5d-2727-41fd-bd6f-e91c74164f09,"",340,2020-02-22 16:19:52.200407,2022-09-13 21:11:26.748773,0,https://relisten.net/disco-biscuits/1999/02/16,4,0,0,0
2fdcf028-b3cf-4aac-a8fc-ee7946281732,2008-12-12-caribbean-holidaze-runaway-bay-jamaica,2008-12-12,a65f28c8-e63c-44ba-81de-5cbd64ba3017,db7f2c5d-2727-41fd-bd6f-e91c74164f09,"Caribbean Holidaze - Other acts include Umphrey's McGee, Toubab Krewe and Mad Professor.",1167,2020-02-22 16:19:52.200407,2022-09-13 19:49:34.356172,0,https://relisten.net/disco-biscuits/2008/12/12,4.25,0,0,2
80eb589e-caf8-4c63-b61b-0b4bd8cc4bcf,2007-07-15-trancegression-copper-mountain-co,2007-07-15,749c66c2-4fbd-443f-9b2b-d25685ff0731,db7f2c5d-2727-41fd-bd6f-e91c74164f09,"Trancegression<br>With Umphrey's McGee, Lotus, Zilla, The Pharcyde and many others",995,2020-02-22 16:19:52.200407,2022-08-27 18:07:45.921784,0,https://relisten.net/disco-biscuits/2007/07/15,3.625,0,0,2
79b4ba55-c07a-49f5-a730-4d52a4ec46e3,2017-07-15-montage-mountain-scranton-pa,2017-07-15,6b1fd49c-f558-476a-b1eb-8451b52652ff,db7f2c5d-2727-41fd-bd6f-e91c74164f09,Camp Bisco 15,1526,2020-02-22 16:19:52.200407,2024-08-29 20:00:23.250424,0,,4.13461538461539,0,3,1
b22e017f-c519-4277-b248-e7daa3ffdf00,2017-09-22-ford-amphitheater-at-coney-island-boardwalk-brooklyn-new-york,2017-09-22,33c0c92d-9762-4deb-b72d-cdd058b3c3b5,db7f2c5d-2727-41fd-bd6f-e91c74164f09,"",1530,2020-02-22 16:19:52.200407,2024-08-25 20:28:36.120746,0,,3.91666666666667,0,1,1
2750f2e2-ecdf-406d-876c-ac39ca57d709,2022-06-04-candler-park-atlanta-ga,2022-06-04,a78b035e-25c7-4de3-96a9-6515eccd37e7,db7f2c5d-2727-41fd-bd6f-e91c74164f09,"",,2022-06-05 01:45:31.307020,2024-11-10 02:21:03.410806,0,https://relisten.net/disco-biscuits/2022/06/04,3.40384615384615,0,0,0
b0b7b15d-8b80-4fdc-bbc5-cb045d5e4001,2007-10-24-warner-theater-washington-dc,2007-10-24,dc75ba1e-9543-49c6-957b-9b47844ea4b8,db7f2c5d-2727-41fd-bd6f-e91c74164f09,"",1020,2020-02-22 16:19:52.200407,2024-08-27 02:30:10.122245,0,,4.55,0,0,2
7e9f7cc1-0a2c-4926-9ec9-0a5d4405ad21,2016-08-27-imagine-festival-atlanta-motor-speedway-atlanta-georgia,2016-08-27,eb107e9f-608d-496e-bf8a-8d31d7a9e4b0,db7f2c5d-2727-41fd-bd6f-e91c74164f09,"",1497,2020-02-22 16:19:52.200407,2024-08-29 20:02:41.957568,0,,3.68181818181818,0,0,0
c1e6adcd-eb8f-4cc1-a041-e6349eca5023,2016-12-30-the-tabernacle-atlanta-ga,2016-12-30,10e901aa-54aa-45d7-b25d-4675602972f5,db7f2c5d-2727-41fd-bd6f-e91c74164f09,"",1507,2020-02-22 16:19:52.200407,2024-08-29 20:03:02.633955,0,,3.63636363636364,0,1,1
6deb7c16-cacd-4b6a-8de4-ac4d367c7bbe,2007-10-13-bouckaert-farm-fairburn-ga,2007-10-13,f33fc142-9455-447c-ab15-56bbb22f3494,db7f2c5d-2727-41fd-bd6f-e91c74164f09,"",1013,2020-02-22 16:19:52.200407,2024-10-25 19:07:19.206591,0,https://relisten.net/disco-biscuits/2007/10/13,3.76666666666667,0,0,1
7e0a1cc7-4233-4c78-b90b-f1cb25e4de51,2007-12-27-theater-of-the-living-arts-philadelphia-pa,2007-12-27,8e6923c1-dafd-42cd-8e53-9758c53c3fb4,db7f2c5d-2727-41fd-bd6f-e91c74164f09,"",1035,2020-02-22 16:19:52.200407,2024-11-10 02:29:08.609985,0,https://relisten.net/disco-biscuits/2007/12/27,4.65217391304348,0,0,1
bde8de0c-945f-4124-8b64-082d75b27a08,2010-02-21-capitol-center-for-the-arts-concord-nh,2010-02-21,8292682f-8094-482a-b332-40f8ca94f677,db7f2c5d-2727-41fd-bd6f-e91c74164f09,Indobox opened,1224,2020-02-22 16:19:52.200407,2022-09-13 19:38:18.664038,0,https://relisten.net/disco-biscuits/2010/02/21,4.09090909090909,0,0,0
265ec416-f9a9-40c0-8135-169c0b0d23b3,2008-01-19-dobson-ice-arena-vail-co,2008-01-19,60d5cb55-629f-4bae-a973-d1449bc17ba1,db7f2c5d-2727-41fd-bd6f-e91c74164f09,"",1042,2020-02-22 16:19:52.200407,2022-09-13 19:45:36.377925,0,https://relisten.net/disco-biscuits/2008/01/19,4.20833333333333,0,0,1
e21ffa71-89e2-4a20-aff0-12f27d3f653d,1999-03-12-fox-theatre-boulder-co,1999-03-12,8f46585f-f736-4603-88c9-a45209757346,db7f2c5d-2727-41fd-bd6f-e91c74164f09,Opening for moe.,355,2020-02-22 16:19:52.200407,2022-09-13 21:14:09.466951,0,https://relisten.net/disco-biscuits/1999/03/12,3,0,0,0
561510fc-ce86-42e9-b967-c047f370beb3,2011-03-27-bicentennial-park-miami-fl,2011-03-27,67561f9e-9713-42b8-888c-28447f478fb0,db7f2c5d-2727-41fd-bd6f-e91c74164f09,"Ultra Music Festival - other acts inclue Armin Van Burren, Ferry Corsten, ATB, STS9, Conspirator and more.",1324,2020-02-22 16:19:52.200407,2024-03-27 23:56:27.977313,0,,3.75,0,0,0
1e6e7260-a1f8-4963-8a1f-b70ba15474bf,1997-07-27-bellstock-festival-east-jewitt-ny,1997-07-27,6336f39e-a562-4d2f-8102-261456026053,db7f2c5d-2727-41fd-bd6f-e91c74164f09,"",96,2020-02-22 16:19:52.200407,2020-02-23 00:37:07.807267,0,,0,0,0,0
b65e0ab8-984f-4bf0-ad62-5acc3a9bc2c0,2016-02-06-the-fillmore-philadelphia-pa,2016-02-06,772346af-6a44-47b2-980d-aba4db9f114f,db7f2c5d-2727-41fd-bd6f-e91c74164f09,Swift Technique opened,1478,2020-02-22 16:19:52.200407,2024-10-18 23:47:36.591299,0,,4.55555555555556,0,2,2
ccf2f903-0a12-43d9-926a-7639716feef6,2001-06-29-gathering-of-the-vibes-red-hook-ny,2001-06-29,8adee033-6f04-4c31-be25-c9e973d436d8,db7f2c5d-2727-41fd-bd6f-e91c74164f09,"",550,2020-02-22 16:19:52.200407,2024-03-28 00:11:28.274723,0,https://relisten.net/disco-biscuits/2001/06/29,4.16666666666667,0,1,1
a7487741-0555-46eb-8156-7cb73dec0210,2021-02-06-ardmore-music-hall-ardmore-pa,2021-02-06,61b9d4d7-a05f-4cb2-a7da-7115dc400c0a,db7f2c5d-2727-41fd-bd6f-e91c74164f09,"",,2021-02-07 01:17:16.674086,2023-08-26 17:34:34.113728,0,"",4.03846153846154,0,1,1
abefb6f2-af7e-43d6-92c5-10d097a963f6,2020-01-03-the-riviera-theater-chicago-il,2020-01-03,956d0e88-c79e-491a-a68c-150b1e4514bd,db7f2c5d-2727-41fd-bd6f-e91c74164f09,"",1617,2020-02-22 16:19:52.200407,2023-08-26 17:40:04.907729,0,,4.375,0,1,1
94db3455-7546-43bc-9593-6e8b9eed7a1b,2021-06-25-mchenry-outdoor-theater-mchenry-il,2021-06-25,4491ffae-d0f5-4edb-bb72-66c9b2ffc302,db7f2c5d-2727-41fd-bd6f-e91c74164f09,"",,2021-06-26 00:38:51.950186,2024-03-30 00:56:58.845492,0,https://relisten.net/disco-biscuits/2021/06/25,3.79545454545455,0,0,1
b252444f-8a3b-47a6-bebe-62d505e25e2b,2004-09-03-b-b-king-s-blues-club-new-york-ny,2004-09-03,39705356-e4fa-485b-be63-67ab457520ce,db7f2c5d-2727-41fd-bd6f-e91c74164f09,DJ Seishi opened.,828,2020-02-22 16:19:52.200407,2023-08-27 11:34:14.382422,0,https://relisten.net/disco-biscuits/2004/09/03,4.52941176470588,0,0,0
2d2ed799-1cef-4776-8468-9ad0dc502af3,2006-06-26-norva-theater-norfolk-va,2006-06-26,34daf77d-8b69-4d05-9e79-e5d2850216f8,db7f2c5d-2727-41fd-bd6f-e91c74164f09,"",912,2020-02-22 16:19:52.200407,2023-08-27 11:39:56.915689,0,https://relisten.net/disco-biscuits/2006/06/26,4.42105263157895,0,0,1
9673409d-8e8c-4c0e-966c-588d1c508e6c,2019-12-30-playstation-theater-new-york-ny,2019-12-30,7b00c23c-dc31-4e72-8633-820e8c228ff4,db7f2c5d-2727-41fd-bd6f-e91c74164f09,"",1614,2020-02-22 16:19:52.200407,2024-01-31 00:30:30.684293,0,,4.30769230769231,0,1,1
fe360386-88d3-4c39-9d3d-a7f792d1c029,2021-03-26-dr-phillips-center-for-the-performing-arts-front-lawn-orlando-fl,2021-03-26,f1b3d0f1-a7df-4ffc-9f09-e720081ba3ce,db7f2c5d-2727-41fd-bd6f-e91c74164f09,"",,2021-03-26 23:45:09.339702,2024-04-29 20:47:34.841483,0,"",3.93478260869565,0,0,0
7a461e70-cf5c-471d-9b79-c7b7d5e2455a,2011-09-05-house-of-blues-las-vegas-nv,2011-09-05,95779360-b9d0-4723-aa11-77c54cb5dcd3,db7f2c5d-2727-41fd-bd6f-e91c74164f09,"Official Identity Festival after party w/ KING, Pablo Hassan and Aydee Dub",1357,2020-02-22 16:19:52.200407,2023-08-30 11:05:28.714800,0,,4.07692307692308,0,0,0
c02ef2a1-c090-4f8e-9444-c724aee5499c,2002-07-25-gothic-theater-englewood-co,2002-07-25,a4e17f2c-5141-4ca4-a0ed-410e801ef267,db7f2c5d-2727-41fd-bd6f-e91c74164f09,"",645,2020-02-22 16:19:52.200407,2024-03-28 00:03:28.832130,0,https://relisten.net/disco-biscuits/2002/07/25,4.08333333333333,0,0,0
e7e18ee4-09e9-4b38-af86-33cd1e9a20d0,1998-12-31-silk-city-diner-philadelphia-pa,1998-12-31,2955ad30-b9e6-44b4-bf3e-79b81ea4003c,db7f2c5d-2727-41fd-bd6f-e91c74164f09,Set I was the world debut of 'the Hot Air Balloon' -- a rock opera by Jon Gutwillig.  There was an intermission between Eulogy and Bazaar Escape.,316,2020-02-22 16:19:52.200407,2024-02-18 12:48:42.785485,0,https://relisten.net/disco-biscuits/1998/12/31,4.66666666666667,0,0,0
fb4a8dfb-9d4d-4be6-91de-5aba483c1dc8,2011-12-28-best-buy-theater-new-york-ny,2011-12-28,3c1485b6-a149-49d6-ae5d-7f2a65afe7d3,db7f2c5d-2727-41fd-bd6f-e91c74164f09,Brothers Past and Orchard Lounge opened,1361,2020-02-22 16:19:52.200407,2024-04-23 15:04:25.029111,0,,3.875,0,0,1
16c65659-aac2-4a47-afd2-be3646aa1d33,2020-01-04-the-riviera-theater-chicago-il,2020-01-04,956d0e88-c79e-491a-a68c-150b1e4514bd,db7f2c5d-2727-41fd-bd6f-e91c74164f09,"",1618,2020-02-22 16:19:52.200407,2024-04-16 20:33:49.621652,0,,4.13157894736842,0,1,1
cd5b5039-63ce-43f2-9bd2-033d946f15c8,2012-12-26-best-buy-theater-new-york-ny,2012-12-26,3c1485b6-a149-49d6-ae5d-7f2a65afe7d3,db7f2c5d-2727-41fd-bd6f-e91c74164f09,Goldroom opened,1380,2020-02-22 16:19:52.200407,2024-04-23 15:01:06.102599,0,,4.15625,0,0,0
eb0e8b6e-22e4-499e-a73e-08b32defd3db,2003-08-23-electric-factory-philadelphia-pa,2003-08-23,8ef35498-800d-42f7-82d1-d8ced42d0092,db7f2c5d-2727-41fd-bd6f-e91c74164f09,"",783,2020-02-22 16:19:52.200407,2024-05-07 19:28:47.096374,0,https://relisten.net/disco-biscuits/2003/08/23,4.69047619047619,0,0,0
cb7016c9-8c26-4333-8a98-37ae6540a662,2008-06-11-innsbrook-pavillion-glen-allen-va,2008-06-11,bbb14131-b427-42af-9f97-e80ee3bc69b6,db7f2c5d-2727-41fd-bd6f-e91c74164f09,Opening for moe.,1072,2020-02-22 16:19:52.200407,2022-09-13 19:48:47.380720,0,,3.625,0,0,1
bfa1d7d4-7013-4e2f-8bf9-7a99ffa70827,1999-03-18-cabooze-on-the-west-bank-minneapolis-mn,1999-03-18,aff16de4-6055-42ac-806e-9ab0447cd03a,db7f2c5d-2727-41fd-bd6f-e91c74164f09,"",359,2020-02-22 16:19:52.200407,2022-09-13 21:14:42.572420,0,https://relisten.net/disco-biscuits/1999/03/18,3.75,0,0,0
bb33e342-eefa-4ca9-920f-db7b61e70264,2016-12-01-dominican-holidaze-breathless-punta-cana-resort-spa-carretera-uvero-alto-dominican-republic,2016-12-01,45b3785a-785e-48b1-ae2d-678266192853,db7f2c5d-2727-41fd-bd6f-e91c74164f09,"",1503,2020-02-22 16:19:52.200407,2022-09-13 22:23:30.392074,0,,3.71428571428571,0,1,0
1efd3874-aab2-46b1-84ea-2f5a75946dc4,1996-04-25-middle-east-philadelphia-pa,1996-04-25,3b54dccf-a525-48e5-9bec-d1cc10e06c22,db7f2c5d-2727-41fd-bd6f-e91c74164f09,"",14,2020-02-22 16:19:52.200407,2020-02-23 00:37:07.918949,0,,0,0,0,0
215cae98-b246-4bdf-88e6-cd4ec217b247,2009-04-11-house-of-blues-west-hollywood-ca,2009-04-11,62362afd-e75f-44c4-930d-86c19d700322,db7f2c5d-2727-41fd-bd6f-e91c74164f09,Canceled due to family emergency,1124,2020-02-22 16:19:52.200407,2020-02-23 00:37:08.156775,0,,0,0,0,0
ddcfb149-83ed-479e-917f-e03dfddcc01d,2009-04-03-the-fillmore-san-francisco-ca,2009-04-03,3f85da63-4a00-4cba-9e9f-837668d55284,db7f2c5d-2727-41fd-bd6f-e91c74164f09,"Heavyweight Dub Champion opened, DJ Piper at set break",1130,2020-02-22 16:19:52.200407,2024-08-24 04:12:31.507653,0,https://relisten.net/disco-biscuits/2009/04/03,4.63157894736842,20,0,3
27a64dcd-6c35-4476-92ef-fc886e3e77e7,2019-05-23-ogden-theater-denver-co,2019-05-23,6a113f67-1c38-4874-a465-80b7ae21d2f8,db7f2c5d-2727-41fd-bd6f-e91c74164f09,"",1589,2020-02-22 16:19:52.200407,2024-11-26 03:30:13.491020,0,,3.90740740740741,0,1,2
ccbd2ecb-9b09-4058-892d-519fad8e78bc,2017-04-07-euphoria-music-festival-austin-tx,2017-04-07,b79fe8ac-e083-42fb-947f-084c9122bfaf,db7f2c5d-2727-41fd-bd6f-e91c74164f09,"",1512,2020-02-22 16:19:52.200407,2024-08-29 19:59:49.084524,0,,4,0,0,1
90636147-bda4-4428-a3aa-7323f608795e,2018-10-20-the-palladium-worcester-ma,2018-10-20,53cc7c67-4d8d-4663-8cea-5654d807867d,db7f2c5d-2727-41fd-bd6f-e91c74164f09,"",1566,2020-02-22 16:19:52.200407,2024-08-25 20:33:52.610254,0,,4.27586206896552,0,1,1
cfed9376-a3c0-4a68-9fb4-a958868dd9f3,2018-12-15-holidaze-now-sapphire-puerto-morelos-mexico,2018-12-15,72be8ba0-a1c5-4b23-8f60-b88a34053585,db7f2c5d-2727-41fd-bd6f-e91c74164f09,Holidaze,1577,2020-02-22 16:19:52.200407,2024-08-25 20:34:46.381167,0,,3.53333333333333,0,0,2
b0cc6896-a9ea-4b57-9a4d-2a7f7d69d6c0,2017-08-24-lockn-infinity-downs-farm-arrington-va,2017-08-24,ade8f3d8-dde6-45b5-a600-d38b03729732,db7f2c5d-2727-41fd-bd6f-e91c74164f09,"",1527,2020-02-22 16:19:52.200407,2024-08-29 20:00:25.297354,0,https://relisten.net/disco-biscuits/2017/08/24,3.80555555555556,0,0,1
b7bedc1f-08a1-4b0b-a95e-c045c79baf18,2011-05-26-ogden-theater-denver-co,2011-05-26,6a113f67-1c38-4874-a465-80b7ae21d2f8,db7f2c5d-2727-41fd-bd6f-e91c74164f09,"",1330,2020-02-22 16:19:52.200407,2024-11-22 01:52:10.417036,0,https://relisten.net/disco-biscuits/2011/05/26,4.52941176470588,0,0,0
4a52711c-c750-4375-8211-04de3b794efd,2023-12-30-franklin-music-hall-philadelphia-pa,2023-12-30,2bbe3765-c8b8-4bff-989d-2a522ece714f,db7f2c5d-2727-41fd-bd6f-e91c74164f09,"Soundcheck: Morph, I-Man, Mulberry’s, Doorbell

Formerly the Electric Factory

(Neighbor opened)",,2023-12-31 02:04:03.921545,2024-11-29 02:02:38.021474,0,https://relisten.net/disco-biscuits/2023/12/30,4.41025641025641,0,0,0
255bb784-e3c7-4de2-8f07-23b3c44ecbc1,1998-04-04-alpha-delta-phi-trinity-college-hartford-ct,1998-04-04,da2db102-3b13-4baa-a101-32a95941ed7b,db7f2c5d-2727-41fd-bd6f-e91c74164f09,- CANCELED -,198,2020-02-22 16:19:52.200407,2020-02-23 00:37:08.702538,0,,0,0,0,0
a70c8abc-6468-4675-b414-4da5ef7e6842,1998-04-29-water-street-music-hall-rochester-ny,1998-04-29,8beaf894-d987-4683-8c46-ea05cf0be1ce,db7f2c5d-2727-41fd-bd6f-e91c74164f09,Opening for the Ominous Seapods,211,2020-02-22 16:19:52.200407,2020-02-23 00:37:29.302084,0,,0,0,0,0
b09b4f4c-ddd9-4c8f-930a-25cc29974d0d,1997-11-21-alpha-chi-omega-colgate-university-hamilton-ny,1997-11-21,7ff71c92-dd67-4fe5-bff2-3f8258266361,db7f2c5d-2727-41fd-bd6f-e91c74164f09,"",144,2020-02-22 16:19:52.200407,2020-02-23 00:37:30.695037,0,,0,0,0,0
c255113e-a327-4ce1-ba60-fdb5d10a0065,2003-10-31-city-park-new-orleans-la,2003-10-31,83ba4d4e-1e18-4060-85a3-b02ba3d0be8e,db7f2c5d-2727-41fd-bd6f-e91c74164f09,Voodoo Music Experience.<br>,802,2020-02-22 16:19:52.200407,2022-09-01 18:23:56.178925,0,https://relisten.net/disco-biscuits/2003/10/31,3.5,0,0,0
51073153-f155-480f-b38d-097a5d9fc6f9,2014-08-15-summer-set-music-and-camping-festival-somerset-wi,2014-08-15,c92bf462-a928-40b4-8c13-d32d2ec7cafb,db7f2c5d-2727-41fd-bd6f-e91c74164f09,"",1429,2020-02-22 16:19:52.200407,2023-10-10 00:52:25.381245,0,,4.14285714285714,0,0,0
c2977fe8-1a1d-49de-a96a-f0322a443f50,2021-09-26-brooklyn-mirage-brooklyn-comes-alive-brooklyn-ny,2021-09-26,7408fd6d-fe1e-433b-ba43-9ad69a3bd4e6,db7f2c5d-2727-41fd-bd6f-e91c74164f09,"",,2021-09-27 02:35:01.538198,2023-08-26 17:37:20.439817,0,"",4.46153846153846,0,0,0
2171acd5-5ea0-4c55-8dfc-f60e604b1557,1998-08-14-home-bar-dallas-tx,1998-08-14,b1893f9b-c1db-46fe-82dd-7d0a47a6df49,db7f2c5d-2727-41fd-bd6f-e91c74164f09,"",277,2020-02-22 16:19:52.200407,2024-02-29 14:57:55.813870,0,,3,0,0,0
2a99cdeb-1b33-47df-8da3-abacbcaaee45,2021-08-21-northlands-swanzey-nh,2021-08-21,bc5f5616-55da-442a-bf42-2184d431a981,db7f2c5d-2727-41fd-bd6f-e91c74164f09,"",,2021-08-21 22:44:11.293953,2024-11-25 15:44:35.190375,0,https://relisten.net/disco-biscuits/2021/08/21,4.39655172413793,0,0,0
7fde7739-6a2f-4113-95c4-f83ca65fafc9,2002-11-08-the-rave-milwaukee-wi,2002-11-08,83c2ae5b-bf58-429d-81aa-4a2ecfe377c5,db7f2c5d-2727-41fd-bd6f-e91c74164f09,"",700,2020-02-22 16:19:52.200407,2023-08-26 18:06:29.734184,0,https://relisten.net/disco-biscuits/2002/11/08,4.22727272727273,3,0,0
d7a9cc1e-99f6-45c7-ac19-a720897f5b09,2021-06-26-mchenry-outdoor-theater-mchenry-il,2021-06-26,4491ffae-d0f5-4edb-bb72-66c9b2ffc302,db7f2c5d-2727-41fd-bd6f-e91c74164f09,"",,2021-06-27 01:11:11.320909,2024-01-25 14:31:35.061282,0,"",3.93181818181818,0,0,1
ac2fa279-a1a9-4cfd-8a13-ae498ba8a945,2007-07-10-house-of-blues-west-hollywood-ca,2007-07-10,62362afd-e75f-44c4-930d-86c19d700322,db7f2c5d-2727-41fd-bd6f-e91c74164f09,"",991,2020-02-22 16:19:52.200407,2023-08-27 11:47:02.819670,0,https://relisten.net/disco-biscuits/2007/07/10,4.30555555555556,0,0,2
c510a6fc-9f4b-481d-afcf-96a0aa5bd24a,2001-12-05-cat-s-cradle-carrboro-nc,2001-12-05,28d6e228-5d83-4626-8415-ef4711cbe89b,db7f2c5d-2727-41fd-bd6f-e91c74164f09,"Soundcheck: Chemical Warfare Brigade, Grass Is Green, Bazaar Escape",600,2020-02-22 16:19:52.200407,2024-05-29 22:00:37.259479,0,https://relisten.net/disco-biscuits/2001/12/05,3.76666666666667,0,0,1
dd30a662-9472-471b-8d32-84cbdb3a5e93,1999-10-02-cafe-tomo-arcata-ca,1999-10-02,3750cd4c-f0d3-40c3-a1a3-344b219b49b2,db7f2c5d-2727-41fd-bd6f-e91c74164f09,"",432,2020-02-22 16:19:52.200407,2023-10-02 14:24:57.910134,0,https://relisten.net/disco-biscuits/1999/10/02,4.3,8,0,1
d470e615-ac30-4302-8308-07ff344e8bce,2001-09-12-newport-music-hall-columbus-oh,2001-09-12,04aa905a-f64f-428b-ac41-0bae402258fd,db7f2c5d-2727-41fd-bd6f-e91c74164f09,"",569,2020-02-22 16:19:52.200407,2024-03-28 00:14:17.557679,0,https://relisten.net/disco-biscuits/2001/09/12,4.2,0,0,2
df25fb42-5dbb-4a56-8a54-c5bfd83b511d,2011-04-15-best-buy-theater-new-york-ny,2011-04-15,3c1485b6-a149-49d6-ae5d-7f2a65afe7d3,db7f2c5d-2727-41fd-bd6f-e91c74164f09,Plastic Handles opened,1327,2020-02-22 16:19:52.200407,2024-03-27 23:56:39.821385,0,,4.04545454545455,0,0,1
87d67653-7d82-48ea-84c6-a6ead5d15761,2009-04-24-madison-theater-covington-ky,2009-04-24,672b978b-e8c1-4e06-bb0b-74b0a786f4a7,db7f2c5d-2727-41fd-bd6f-e91c74164f09,"",1118,2020-02-22 16:19:52.200407,2023-01-23 01:51:32.190176,0,https://relisten.net/disco-biscuits/2009/04/24,4.21428571428571,0,0,2
1f8ba892-b504-446c-8f59-be189fd1eefd,1997-02-22-grog-and-tankard-washington-dc,1997-02-22,548d3cee-4e64-49d8-876c-3a9d626bfa6b,db7f2c5d-2727-41fd-bd6f-e91c74164f09,"",35,2020-02-22 16:19:52.200407,2022-11-06 14:03:45.714858,0,https://relisten.net/disco-biscuits/1997/02/22,3,0,0,0
25509592-67d6-4d93-99d8-ea2807cde106,1999-03-01-britt-ballroom-southern-oregon-university-ashland-or,1999-03-01,5982e6b5-c3ab-4120-a230-e914d619bbc5,db7f2c5d-2727-41fd-bd6f-e91c74164f09,"",348,2020-02-22 16:19:52.200407,2022-09-21 00:29:05.378227,0,,3.5,0,0,0
e08d19af-6854-48f3-b02e-e8d9aca7dd9a,2009-09-27-the-fillmore-charlotte-nc,2009-09-27,95420739-83e5-42e9-b8da-d0b38a384633,db7f2c5d-2727-41fd-bd6f-e91c74164f09,Chronicles of the Landsquid opened,1182,2020-02-22 16:19:52.200407,2024-11-28 12:47:22.408685,0,,4.29166666666667,0,0,1
22389645-d9cd-4329-96e0-33b834f2397b,1999-02-18-monsoon-s-flagstaff-az,1999-02-18,65d85ddc-6cca-4c99-98da-ed5d1aa397e5,db7f2c5d-2727-41fd-bd6f-e91c74164f09,"",341,2020-02-22 16:19:52.200407,2022-09-13 21:11:29.853391,0,https://relisten.net/disco-biscuits/1999/02/18,4,0,0,0
226f423c-da39-417d-ae02-742bae71d1be,1998-07-26-mick-s-lounge-san-francisco-ca,1998-07-26,74558d54-6be2-4f7b-a227-7da9295fc38a,db7f2c5d-2727-41fd-bd6f-e91c74164f09,"",264,2020-02-22 16:19:52.200407,2022-09-21 02:01:46.779374,0,https://relisten.net/disco-biscuits/1998/07/26,3,0,0,0
215b676f-fc55-4ef4-b8e1-e2f9b3cbac9b,1998-06-05-jack-straw-s-charlotte-nc,1998-06-05,023caca8-36d3-42ef-adbe-dc5471812061,db7f2c5d-2727-41fd-bd6f-e91c74164f09,"",231,2020-02-22 16:19:52.200407,2022-11-06 14:11:53.878998,0,https://relisten.net/disco-biscuits/1998/06/05,3.5,0,0,0
d64d495c-bfa2-4f59-9e44-591401c79214,1998-08-04-alligator-lounge-breckenridge-co,1998-08-04,922a1849-f219-485c-a18f-8eabee869bcb,db7f2c5d-2727-41fd-bd6f-e91c74164f09,"",271,2020-02-22 16:19:52.200407,2020-02-23 00:37:35.794857,0,,0,0,0,0
da2fb5a7-685a-4967-bfe5-e25f63852062,1997-05-24-stone-coast-brewing-company-portland-me,1997-05-24,ecf0c8ed-8d5b-4eec-994e-556926052cb9,db7f2c5d-2727-41fd-bd6f-e91c74164f09,Opening for Fatbag,65,2020-02-22 16:19:52.200407,2020-02-23 00:37:36.129113,0,,0,0,0,0
3917caa0-2d8c-4148-9c21-0f8ce5f17d95,2002-08-01-fox-theater-st-louis-mo,2002-08-01,ab5ba6df-943e-49db-a18d-d89e8ee6835f,db7f2c5d-2727-41fd-bd6f-e91c74164f09,Opening for Phil Lesh and Friends.,650,2020-02-22 16:19:52.200407,2024-07-19 11:17:57.814137,0,https://relisten.net/disco-biscuits/2002/08/01,2.95,0,0,0
c72daf1a-72a1-44df-9a73-a1d61fca7f0a,2017-07-13-montage-mountain-scranton-pa,2017-07-13,6b1fd49c-f558-476a-b1eb-8451b52652ff,db7f2c5d-2727-41fd-bd6f-e91c74164f09,Camp Bisco 15,1524,2020-02-22 16:19:52.200407,2024-08-25 20:28:08.630414,0,,3.82,0,1,1
6c6f42ae-268e-43ea-8a37-275951227f35,2000-10-14-palookaville-santa-cruz-ca,2000-10-14,e7e91119-521d-4651-a8b2-360bcc5c6cbe,db7f2c5d-2727-41fd-bd6f-e91c74164f09,"",477,2020-02-22 16:19:52.200407,2024-09-16 23:35:42.226103,0,https://relisten.net/disco-biscuits/2000/10/14,4.61904761904762,0,2,1
dfaa7ecf-427a-43d5-80a0-2f78a7295a7c,2006-12-29-theater-of-the-living-arts-philadelphia-pa-2,2006-12-29,8e6923c1-dafd-42cd-8e53-9758c53c3fb4,db7f2c5d-2727-41fd-bd6f-e91c74164f09,Part of 88.5 WXPN's Free at Noon Series. Broadcast live on 88.5 FM<br>(Last show at the TLA 12/31/99)<br>,953,2020-02-22 16:19:52.200407,2024-11-10 02:25:59.308604,0,https://relisten.net/disco-biscuits/2006/12/29,4.47368421052632,19,0,1
9f369aca-fedd-44ed-a109-c4dccdd32c4f,2017-12-03-breathless-resort-spa-punta-cana-dominican-republic,2017-12-03,08278e3c-b751-4513-bde2-9bf04ecc4029,db7f2c5d-2727-41fd-bd6f-e91c74164f09,Dominican Holidaze ,1540,2020-02-22 16:19:52.200407,2024-09-14 23:04:23.838430,0,,3.88235294117647,0,0,1
bf15c8eb-4aae-4b28-bda8-174f725f2f4e,2016-08-18-irving-plaza-new-york-ny,2016-08-18,397149cc-e8d3-4557-9491-4d180be19e68,db7f2c5d-2727-41fd-bd6f-e91c74164f09,"",1494,2020-02-22 16:19:52.200407,2024-08-29 20:02:27.430807,0,https://relisten.net/disco-biscuits/2016/08/18,4.3,0,0,3
c0215e6e-b718-4e71-b2c4-860b1adec9fb,2022-04-09-mission-ballroom-denver-co,2022-04-09,bc8784db-5a3b-413b-89da-d999985501b7,db7f2c5d-2727-41fd-bd6f-e91c74164f09,"",,2022-04-10 02:21:34.065516,2024-11-07 02:07:34.560805,0,"",3.62765957446809,0,0,1
ca266e2b-dd94-463a-a82c-97ce7807cf83,2001-12-07-9-30-club-washington-dc,2001-12-07,07aef483-1f92-466a-8f3e-ee2d2ef9969c,db7f2c5d-2727-41fd-bd6f-e91c74164f09,"",602,2020-02-22 16:19:52.200407,2024-12-07 22:03:19.230102,0,https://relisten.net/disco-biscuits/2001/12/07,4.34375,58,0,2
4ebaf326-6726-41b4-ba63-da08301e9d81,2024-03-14-college-street-music-hall-new-haven-ct,2024-03-14,a14ab82e-9d8e-40f0-be9e-c4a8cc76f270,db7f2c5d-2727-41fd-bd6f-e91c74164f09,"Soundcheck: Tractorbeam Jam, Jam

Karina Rykman opened",,2024-03-14 10:31:07.070809,2024-12-03 12:25:21.620988,0,"",4.66216216216216,0,0,1
da4e315e-637a-4f73-a979-727eaa3a80f0,1997-05-14-theater-of-the-living-arts-philadelphia-pa,1997-05-14,8e6923c1-dafd-42cd-8e53-9758c53c3fb4,db7f2c5d-2727-41fd-bd6f-e91c74164f09,Battle of the bands with Fathead and WNOC.,58,2020-02-22 16:19:52.200407,2020-02-23 00:37:36.151467,0,,0,0,0,0
94e8e9e3-4e4d-4ff9-86c4-58448568a683,2006-02-04-the-fillmore-auditorium-denver-co,2006-02-04,cc180824-653c-4b01-9e04-84ad849fec47,db7f2c5d-2727-41fd-bd6f-e91c74164f09,Lotus Opened,861,2020-02-22 16:19:52.200407,2022-09-01 18:25:31.670639,0,https://relisten.net/disco-biscuits/2006/02/04,3.63636363636364,0,0,1
e0836c56-8c40-4e36-9018-e1c30127e801,1997-12-02-theater-of-the-living-arts-philadelphia-pa,1997-12-02,8e6923c1-dafd-42cd-8e53-9758c53c3fb4,db7f2c5d-2727-41fd-bd6f-e91c74164f09,Fathead and Jiggle the Handle opened.,147,2020-02-22 16:19:52.200407,2022-11-06 14:06:50.881033,0,https://relisten.net/disco-biscuits/1997/12/02,3.5,0,0,0
b0ea50ac-5417-44e5-a64a-fb1509efe664,2010-06-08-the-windjammer-isle-of-palms-sc,2010-06-08,2157f86f-a193-42bb-b441-a3787ea1d4f9,db7f2c5d-2727-41fd-bd6f-e91c74164f09,"",1274,2020-02-22 16:19:52.200407,2024-02-04 12:54:24.790532,0,https://relisten.net/disco-biscuits/2010/06/08,4.25,0,0,1
20c5db25-37cf-482a-9787-b2811d0d6d5f,2010-03-17-town-ballroom-buffalo-ny,2010-03-17,edf8b5e6-2040-4d55-bfc0-833f839ed87d,db7f2c5d-2727-41fd-bd6f-e91c74164f09,"",1242,2020-02-22 16:19:52.200407,2023-08-22 20:51:18.516632,0,https://relisten.net/disco-biscuits/2010/03/17,4.375,0,0,1
60ea7194-3b7e-4512-9790-9f0edd180bed,1999-04-29-the-haunt-ithaca-ny,1999-04-29,643378cc-358f-4082-b83a-5240a4c1fd22,db7f2c5d-2727-41fd-bd6f-e91c74164f09,"",380,2020-02-22 16:19:52.200407,2023-08-26 17:47:27.320850,0,https://relisten.net/disco-biscuits/1999/04/29,4.125,0,0,0
c2a40a91-ae03-4119-b933-d936dd784c13,2004-09-04-snow-ridge-ski-area-turin-ny,2004-09-04,413a150b-734e-48ba-8799-a044101df6c2,db7f2c5d-2727-41fd-bd6f-e91c74164f09,"moe. down 5.  With moe., Leftover Salmon, Trainwreck and others.",829,2020-02-22 16:19:52.200407,2023-08-27 11:34:16.995724,0,https://relisten.net/disco-biscuits/2004/09/04,4.38888888888889,0,0,0
d5a6531f-80a9-4e7e-8c77-75829585a4af,2006-11-25-hammerstein-ballroom-new-york-ny,2006-11-25,f1fb1c6e-e92a-4484-86da-3f682ef18df8,db7f2c5d-2727-41fd-bd6f-e91c74164f09,"",946,2020-02-22 16:19:52.200407,2024-04-04 20:25:46.477740,0,https://relisten.net/disco-biscuits/2006/11/25,4.34782608695652,0,0,2
8920cfe6-e618-4b02-97c0-2c3d672934a7,2007-08-30-chameleon-club-lancaster-pa,2007-08-30,2e412cc5-ea82-4215-b606-0762014dd53b,db7f2c5d-2727-41fd-bd6f-e91c74164f09,Billed as 'TractorBeam',1005,2020-02-22 16:19:52.200407,2023-08-27 11:47:54.287716,0,,4.72,0,0,1
a264f480-23e8-40f4-a3d3-fdf0fc26bd69,2021-10-15-mishawaka-amphitheater-bellvue-co,2021-10-15,0e289e2c-7798-403b-aba8-e0533a6e8039,db7f2c5d-2727-41fd-bd6f-e91c74164f09,"",,2021-10-16 12:54:46.177707,2024-01-02 22:24:33.702036,0,https://relisten.net/disco-biscuits/2021/10/15,3.34090909090909,0,0,0
eca7e4b1-b609-4bb4-a005-76a8cafce3de,2002-10-25-grand-cayman-ballroom-atlantic-city-nj,2002-10-25,03eacd7b-aa5b-4195-9455-4a02836b4fd2,db7f2c5d-2727-41fd-bd6f-e91c74164f09,Josh Wink opened. Most song choices were made by fans spinning roulette wheels on the side of the stage.,688,2020-02-22 16:19:52.200407,2024-03-28 00:06:30.229680,0,https://relisten.net/disco-biscuits/2002/10/25,4.70833333333333,0,0,0
8e5ebde7-3aa9-4843-812c-7964045b3718,2006-05-11-9-30-club-washington-dc,2006-05-11,07aef483-1f92-466a-8f3e-ee2d2ef9969c,db7f2c5d-2727-41fd-bd6f-e91c74164f09,"",895,2020-02-22 16:19:52.200407,2024-04-04 20:24:36.101074,0,https://relisten.net/disco-biscuits/2006/05/11,4.28125,2,0,1
c51c9a41-4b9c-42f5-a92b-6f58fa5570fc,2001-04-06-the-rave-milwaukee-wi,2001-04-06,83c2ae5b-bf58-429d-81aa-4a2ecfe377c5,db7f2c5d-2727-41fd-bd6f-e91c74164f09,"",521,2020-02-22 16:19:52.200407,2022-09-12 17:41:41.209153,0,https://relisten.net/disco-biscuits/2001/04/06,3.72222222222222,0,0,1
c7f1691e-71a0-41ba-907f-39023dcdcbd9,2015-04-18-ogden-theater-denver-co,2015-04-18,6a113f67-1c38-4874-a465-80b7ae21d2f8,db7f2c5d-2727-41fd-bd6f-e91c74164f09,"",1455,2020-02-22 16:19:52.200407,2024-04-29 20:55:03.158431,0,,3.92857142857143,0,0,1
7eb36dbe-2eb2-4a45-84ce-231b3a716290,2021-04-23-showtime-at-the-drive-in-frederick-md,2021-04-23,b3f0cf4b-0493-49c0-8b4d-044f946cdc8d,db7f2c5d-2727-41fd-bd6f-e91c74164f09,"",,2021-04-23 22:44:21.492383,2024-03-20 17:10:45.841942,0,"",3.8448275862069,0,0,1
8e265987-029d-4a03-b95d-06850bdfa01a,2008-12-27-nokia-theater-new-york-ny,2008-12-27,e66af935-c834-43cb-a7d2-2983b29408e4,db7f2c5d-2727-41fd-bd6f-e91c74164f09,The Egg opened,1164,2020-02-22 16:19:52.200407,2024-04-23 15:00:37.769755,0,https://relisten.net/disco-biscuits/2008/12/27,4.27272727272727,0,0,2
caa69357-a5bf-46aa-891e-e588bfa9e503,2008-03-18-the-max-amsterdam-holland,2008-03-18,4a85e92d-81f7-46e4-8432-6125b0ba026f,db7f2c5d-2727-41fd-bd6f-e91c74164f09,"Jam in the Dam 2008<br>Other acts include Umphrey's McGee, Tea Leaf Green, Lotus, Dark Star Orchestra and Perpetual Groove <br>",1055,2020-02-22 16:19:52.200407,2022-09-13 19:46:31.775055,0,https://relisten.net/disco-biscuits/2008/03/18,4.55555555555556,0,0,1
b58fab12-fdc4-4679-bcf6-fd3e30706379,2009-03-05-norva-theater-norfolk-va,2009-03-05,34daf77d-8b69-4d05-9e79-e5d2850216f8,db7f2c5d-2727-41fd-bd6f-e91c74164f09,"Break Science opened, DJ Piper at set break",1133,2020-02-22 16:19:52.200407,2022-09-13 23:04:32.937074,0,https://relisten.net/disco-biscuits/2009/03/05,4.625,20,0,2
d9bc54ee-053f-49da-8bab-b9f50e099cfb,1998-04-08-crowbar-state-college-pa,1998-04-08,dfa0da88-6398-48e8-b0e5-6407e9c96f29,db7f2c5d-2727-41fd-bd6f-e91c74164f09,Foxtrot Zulu opened.,199,2020-02-22 16:19:52.200407,2022-11-06 14:09:18.078432,0,https://relisten.net/disco-biscuits/1998/04/08,3.5,0,0,0
3e4eb8f2-0f81-4fce-8bf3-59b77f4dde77,1998-04-23-slade-hall-university-of-vermont-burlington-vt,1998-04-23,a5afd798-a404-4d0a-a340-2d54daba547d,db7f2c5d-2727-41fd-bd6f-e91c74164f09,"",208,2020-02-22 16:19:52.200407,2022-11-06 14:09:39.171268,0,https://relisten.net/disco-biscuits/1998/04/23,3.66666666666667,0,0,0
04ec52cd-8362-46ac-95b1-255d660488c2,2006-02-03-aragon-ballroom-chicago-il,2006-02-03,3788827f-d122-448a-8f3b-6807c7dc8300,db7f2c5d-2727-41fd-bd6f-e91c74164f09,Opened for moe.,860,2020-02-22 16:19:52.200407,2022-09-01 18:25:29.884717,0,https://relisten.net/disco-biscuits/2006/02/03,3.22727272727273,0,0,1
0239749c-ebda-452a-97b5-43e188854e99,2005-03-25-starland-ballroom-sayreville-nj,2005-03-25,d7bcd39a-04d3-46ae-913a-c950de7b6c5d,db7f2c5d-2727-41fd-bd6f-e91c74164f09,"",843,2020-02-22 16:19:52.200407,2024-03-04 04:03:12.433633,0,https://relisten.net/disco-biscuits/2005/03/25,4.76315789473684,0,1,1
d575674d-6a35-438c-bc89-0b9b198d3459,2001-09-29-ventura-theater-ventura-ca,2001-09-29,d3ae3252-d30c-43d4-b7c5-f762003f99b8,db7f2c5d-2727-41fd-bd6f-e91c74164f09,"",583,2020-02-22 16:19:52.200407,2023-04-29 00:23:53.076838,0,https://relisten.net/disco-biscuits/2001/09/29,4.05555555555556,0,0,2
a813080b-0688-472a-97e8-b3c930daa6d5,2021-10-16-mishawaka-amphitheater-bellvue-co,2021-10-16,0e289e2c-7798-403b-aba8-e0533a6e8039,db7f2c5d-2727-41fd-bd6f-e91c74164f09,"",,2021-10-18 00:26:06.540591,2024-11-26 03:26:59.243244,0,https://relisten.net/disco-biscuits/2021/10/16,3.89583333333333,0,0,0
d478f997-c62d-4e2b-b21e-012d9c267813,2009-11-22-the-catalyst-santa-cruz-ca,2009-11-22,6e94df02-5066-4c62-bae7-ddd9ad31f0b8,db7f2c5d-2727-41fd-bd6f-e91c74164f09,BLVD opened,1205,2020-02-22 16:19:52.200407,2024-06-30 06:10:15.949186,0,https://relisten.net/disco-biscuits/2009/11/22,4.63333333333333,0,0,1
c76c5cea-c5c2-4c7b-b9fe-176e3370e7a2,1999-05-06-chameleon-club-atlanta-ga,1999-05-06,b8a52c08-20b1-43c4-8f20-ed85c44f5bba,db7f2c5d-2727-41fd-bd6f-e91c74164f09,"",726,2020-02-22 16:19:52.200407,2024-08-08 18:52:52.235955,0,https://archive.org/details/db1999-05-06.mastered.flac,4.44444444444444,0,0,0
1e5ae87b-41af-4d7c-a931-aba0b02f5d8b,2018-05-19-salvage-station-asheville-nc,2018-05-19,0124d12d-ba1c-4720-85fe-0dfba18b1ca8,db7f2c5d-2727-41fd-bd6f-e91c74164f09,"",1555,2020-02-22 16:19:52.200407,2024-08-25 20:31:27.727215,0,,4.35185185185185,0,2,1
c131a552-df65-4237-bc1b-b9b877414fb5,2011-01-13-boulder-theater-boulder-co,2011-01-13,88fdfe2f-b85b-4aa0-ab05-613bd43f41cd,db7f2c5d-2727-41fd-bd6f-e91c74164f09,Raw Russ opened,1314,2020-02-22 16:19:52.200407,2024-08-29 19:21:54.189963,0,https://relisten.net/disco-biscuits/2011/01/13,3.68181818181818,0,0,0
b19d5876-4b31-4034-9c77-1494fb62a3eb,2016-08-19-irving-plaza-new-york-ny,2016-08-19,397149cc-e8d3-4557-9491-4d180be19e68,db7f2c5d-2727-41fd-bd6f-e91c74164f09,"",1495,2020-02-22 16:19:52.200407,2024-08-29 20:02:31.036007,0,,4.11363636363636,0,0,1
1d9a947e-ba33-4638-a0af-46b12cdb1ad5,2009-09-13-starland-ballroom-sayreville-nj,2009-09-13,d7bcd39a-04d3-46ae-913a-c950de7b6c5d,db7f2c5d-2727-41fd-bd6f-e91c74164f09,RJD2 opened,1173,2020-02-22 16:19:52.200407,2024-11-25 23:57:10.142246,0,,4.42307692307692,20,0,1
21e9ad83-9196-4bb6-89df-448a64e20f50,2017-06-01-ogden-theater-denver-co,2017-06-01,6a113f67-1c38-4874-a465-80b7ae21d2f8,db7f2c5d-2727-41fd-bd6f-e91c74164f09,Bisco Inferno 2017,1520,2020-02-22 16:19:52.200407,2024-11-07 02:06:15.283058,0,,4.46551724137931,0,1,4
5f6791b4-58a7-4392-abe9-9233aeac7212,2019-02-02-the-capitol-theater-port-chester-ny,2019-02-02,3dbcb903-ae38-48e8-aeef-c2ba426f6320,db7f2c5d-2727-41fd-bd6f-e91c74164f09,"",1586,2020-02-22 16:19:52.200407,2024-11-26 03:29:59.809488,0,,4.15277777777778,0,1,2
d49053d6-fceb-4120-8bcd-c98cf150f9ae,2015-02-19-electric-factory-philadelphia-pa,2015-02-19,8ef35498-800d-42f7-82d1-d8ced42d0092,db7f2c5d-2727-41fd-bd6f-e91c74164f09,"",1448,2020-02-22 16:19:52.200407,2023-05-27 18:33:31.014012,0,,3.65,0,0,0
73454da5-f66e-477f-baae-764c03d194a3,2021-07-17-coolray-field-lawrenceville-ga,2021-07-17,2cfc2d1c-2f52-41f8-9c22-b5c74277308e,db7f2c5d-2727-41fd-bd6f-e91c74164f09,"",,2021-07-18 01:03:03.791342,2024-04-29 20:48:35.701538,0,https://relisten.net/disco-biscuits/2021/07/17,4.51666666666667,0,0,3
800e5611-0445-4947-98e9-07fccca870aa,2000-05-13-sandwich-high-school-auditorium-east-sandwich-ma,2000-05-13,9b30cccc-3e09-4663-93a0-b3f76c350314,db7f2c5d-2727-41fd-bd6f-e91c74164f09,Post-Prom party for Sandwich High School.,462,2020-02-22 16:19:52.200407,2023-08-26 17:51:41.272637,0,https://relisten.net/disco-biscuits/2000/05/13,3.83333333333333,0,0,0
737c5c05-521c-44ca-8ebb-29c3dcc7263f,2021-05-29-red-rocks-amphitheater-morrison-co,2021-05-29,25062d21-ff23-484b-8220-4b03ff26bbae,db7f2c5d-2727-41fd-bd6f-e91c74164f09,Bisco Inferno,,2021-05-30 02:27:05.871501,2024-11-26 05:05:45.236513,0,https://relisten.net/disco-biscuits/2021/05/29,4.21428571428571,0,0,1
0fefd359-289f-4184-bbb5-0cb2bb01247f,2007-05-27-electric-factory-philadelphia-pa,2007-05-27,8ef35498-800d-42f7-82d1-d8ced42d0092,db7f2c5d-2727-41fd-bd6f-e91c74164f09,Jam on the River 2007 Late-Night Show<br>Grimace Federation Opened,980,2020-02-22 16:19:52.200407,2024-04-04 20:26:31.474361,0,https://relisten.net/disco-biscuits/2007/05/27,4.57407407407407,0,0,2
3080d864-8f7f-498d-994d-bf0e47e74691,2021-10-17-mishawaka-amphitheater-bellvue-co,2021-10-17,0e289e2c-7798-403b-aba8-e0533a6e8039,db7f2c5d-2727-41fd-bd6f-e91c74164f09,"",,2021-10-21 16:12:24.391258,2024-11-26 03:27:08.046571,0,https://relisten.net/disco-biscuits/2021/10/17,3.625,0,0,0
c0872f3e-a0fd-4415-bb58-1fd94e51d86c,2005-05-28-penn-s-landing-philadelphia-pa,2005-05-28,ab7d5ccd-9818-4416-b897-72397fb48d9e,db7f2c5d-2727-41fd-bd6f-e91c74164f09,Jam on the River.,846,2020-02-22 16:19:52.200407,2024-03-22 17:01:06.345898,0,https://relisten.net/disco-biscuits/2005/05/28,4.575,0,0,0
d435e738-4560-4cf0-a43a-66726deee5ee,2008-12-26-nokia-theater-new-york-ny,2008-12-26,e66af935-c834-43cb-a7d2-2983b29408e4,db7f2c5d-2727-41fd-bd6f-e91c74164f09,Dub War NYC opened,1165,2020-02-22 16:19:52.200407,2024-04-23 15:00:34.413938,0,https://relisten.net/disco-biscuits/2008/12/26,4.08823529411765,0,0,2
b8e5f308-c50a-423b-a06b-c72a818c0c99,2021-04-02-the-caverns-above-ground-amphitheater-pelham-tn,2021-04-02,1404b5a2-2abd-4470-99a0-277db2eb525c,db7f2c5d-2727-41fd-bd6f-e91c74164f09,"",,2021-04-02 22:02:14.905606,2024-04-29 20:47:51.452276,0,"",4.47222222222222,0,0,1
8fab57c8-ccc1-470d-bdab-48923996b38e,2010-05-27-boulder-theater-boulder-co,2010-05-27,88fdfe2f-b85b-4aa0-ab05-613bd43f41cd,db7f2c5d-2727-41fd-bd6f-e91c74164f09,"",1265,2020-02-22 16:19:52.200407,2023-08-27 11:58:36.093261,0,https://relisten.net/disco-biscuits/2010/05/27,3.65,0,0,0
f910f247-ca53-4682-b244-d8a6712a00da,2011-01-21-mayan-holidaze-now-sapphire-resort-puerto-morelos-mexico,2011-01-21,72be8ba0-a1c5-4b23-8f60-b88a34053585,db7f2c5d-2727-41fd-bd6f-e91c74164f09,Mayan Holidaze,1318,2020-02-22 16:19:52.200407,2024-03-27 23:58:10.919482,0,https://relisten.net/disco-biscuits/2011/01/21,3.4,0,0,0
ccbc145d-d083-41c3-aa71-c1d5dae62f76,2000-10-25-barrymore-theater-madison-wi,2000-10-25,34d157ac-ef3f-4078-bffc-fc1a0446bf0c,db7f2c5d-2727-41fd-bd6f-e91c74164f09,"",483,2020-02-22 16:19:52.200407,2024-05-29 21:46:10.723910,0,https://relisten.net/disco-biscuits/2000/10/25,4.25,0,0,0
bdad6d14-8bb8-4fa3-a862-eefd2cc935c2,2007-02-16-starland-ballroom-sayreville-nj,2007-02-16,d7bcd39a-04d3-46ae-913a-c950de7b6c5d,db7f2c5d-2727-41fd-bd6f-e91c74164f09,"",962,2020-02-22 16:19:52.200407,2023-08-27 11:45:01.895724,0,https://relisten.net/disco-biscuits/2007/02/16,4.24074074074074,0,0,2
0ea2ac06-1336-4a72-88a2-b1b799dfc6b6,1996-03-23-blarney-stone-philadelphia-pa,1996-03-23,4507c656-b5cc-4af9-8fd5-37a24679106e,db7f2c5d-2727-41fd-bd6f-e91c74164f09,"",9,2020-02-22 16:19:52.200407,2020-02-23 00:37:05.210336,0,,0,0,0,0
8d6b468d-a676-4f6a-9d1e-64819850c24a,1998-04-24-ocean-mist-matunick-ri,1998-04-24,1eee7b09-f4d8-4eb7-ac0e-b1f4572b40ec,db7f2c5d-2727-41fd-bd6f-e91c74164f09,"",209,2020-02-22 16:19:52.200407,2020-02-23 00:37:25.619105,0,,0,0,0,0
09cbe59d-2729-4bea-adb4-194249a6d3db,1999-04-21-stone-coast-brewing-company-portland-me,1999-04-21,ecf0c8ed-8d5b-4eec-994e-556926052cb9,db7f2c5d-2727-41fd-bd6f-e91c74164f09,"",374,2020-02-22 16:19:52.200407,2020-04-13 06:20:45.477087,0,https://relisten.net/disco-biscuits/1999/04/21,4,0,0,0
1756cd29-40f5-4f53-897c-83b373eb4a22,1997-06-20-wilmer-s-park-brandywine-md,1997-06-20,f7aad71a-1dc0-4e63-969a-fe0944bed83d,db7f2c5d-2727-41fd-bd6f-e91c74164f09,"",74,2020-02-22 16:19:52.200407,2020-02-23 00:37:06.670689,0,,0,0,0,0
173edb9e-7388-4ef6-9463-bd74df219854,2002-09-28-belly-up-tavern-solana-beach-ca,2002-09-28,a3887e0c-1314-4309-bd90-8fd95c62cbcc,db7f2c5d-2727-41fd-bd6f-e91c74164f09,"",668,2020-02-22 16:19:52.200407,2022-09-01 11:29:10.862504,0,https://relisten.net/disco-biscuits/2002/09/28,4,0,0,0
f4951448-92be-4892-ab9e-364968ad6324,2021-09-17-st-augustine-amphitheatre-backyard-stage-st-augustine-florida,2021-09-17,2fe39633-4d8c-499d-a696-6360b6b53bfc,db7f2c5d-2727-41fd-bd6f-e91c74164f09,"",,2021-09-17 23:39:50.560407,2023-12-30 19:53:35.237330,0,"",3.8,0,0,1
092788bc-2f25-464d-8077-7f0e922abc6c,2007-08-16-indian-lookout-country-club-mariaville-ny,2007-08-16,79422c08-e8d6-4753-80ae-5967d56d9892,db7f2c5d-2727-41fd-bd6f-e91c74164f09,"Camp Bisco VI<br>With Infected Mushroom, Cavemen, Grimace Federation and others",1003,2020-02-22 16:19:52.200407,2024-11-10 02:28:06.700731,0,https://relisten.net/disco-biscuits/2007/08/16,3.51923076923077,0,0,1
5eb42598-555f-47b0-9a21-a87e26b7166c,2019-11-20-higher-ground-s-burlington-vt,2019-11-20,a80851a9-f6e6-464e-8255-af00be69d62e,db7f2c5d-2727-41fd-bd6f-e91c74164f09,"",1603,2020-02-22 16:19:52.200407,2024-02-18 04:29:48.521052,0,,4.125,0,1,1
cf557725-5455-444f-ad0b-d691c1f8aaea,2010-10-27-rams-head-live-baltimore-md,2010-10-27,f6f5a9f7-9caf-4df0-8000-1b56c9b0156e,db7f2c5d-2727-41fd-bd6f-e91c74164f09,Segway opened,1303,2020-02-22 16:19:52.200407,2023-08-04 18:45:24.344226,0,,3.81818181818182,0,0,1
c7f144c2-cde7-4d86-b06c-d8bca48a6619,2003-08-16-trade-music-festival-farm-trade-tn,2003-08-16,859ddff8-3307-4499-8a11-9623284cb880,db7f2c5d-2727-41fd-bd6f-e91c74164f09,TranceMission.,778,2020-02-22 16:19:52.200407,2024-08-11 15:51:38.400220,0,https://archive.org/details/db2003-08-16.mastered.flac16,4.53846153846154,0,0,1
73711965-12e8-4608-ad0b-c95d7221b6cf,1998-08-28-wetlands-preserve-new-york-ny,1998-08-28,81bb358f-2ed6-4358-80b5-fb740207d89a,db7f2c5d-2727-41fd-bd6f-e91c74164f09,"Soundcheck: Helicopters, News From Nowhere",279,2020-02-22 16:19:52.200407,2024-07-23 18:12:44.539110,0,https://relisten.net/disco-biscuits/1998/08/28,3.8125,0,0,0
d96fd549-aed0-470c-a0ce-708c52371267,2018-03-10-state-theater-portland-me,2018-03-10,59354f25-12b2-41b5-976c-209c95c6517a,db7f2c5d-2727-41fd-bd6f-e91c74164f09,"",1550,2020-02-22 16:19:52.200407,2024-08-25 20:31:11.832887,0,,4,0,1,1
173d6c64-6939-45cf-80ba-2efef87fa104,2018-04-20-the-fillmore-philadelphia-pa,2018-04-20,772346af-6a44-47b2-980d-aba4db9f114f,db7f2c5d-2727-41fd-bd6f-e91c74164f09,"",1552,2020-02-22 16:19:52.200407,2024-08-25 20:31:18.400723,0,,3.98076923076923,0,1,2
0587180f-fc7e-49c3-8a57-7f75718b236a,2002-04-05-9-30-club-washington-dc,2002-04-05,07aef483-1f92-466a-8f3e-ee2d2ef9969c,db7f2c5d-2727-41fd-bd6f-e91c74164f09,"",620,2020-02-22 16:19:52.200407,2024-11-25 12:17:34.650778,0,https://relisten.net/disco-biscuits/2002/04/05,4.32142857142857,0,0,0
79028267-7123-4018-a4e5-3d26a107d6d3,2016-02-04-the-fillmore-philadelphia-pa,2016-02-04,772346af-6a44-47b2-980d-aba4db9f114f,db7f2c5d-2727-41fd-bd6f-e91c74164f09,"",1476,2020-02-22 16:19:52.200407,2024-08-29 20:01:33.164796,0,,4.56451612903226,0,2,3
c2a00316-c462-4c79-aeb8-23c674e610b6,2010-06-10-house-of-blues-myrtle-beach-sc,2010-06-10,8a36ac36-c25b-42bf-a548-66d4917513fc,db7f2c5d-2727-41fd-bd6f-e91c74164f09,"",1276,2020-02-22 16:19:52.200407,2024-11-10 02:31:20.948071,0,,3.625,0,0,0
9568ce46-7dc2-47cf-b15c-d884bd028f56,2021-05-30-red-rocks-amphitheater-morrison-co,2021-05-30,25062d21-ff23-484b-8220-4b03ff26bbae,db7f2c5d-2727-41fd-bd6f-e91c74164f09,"Bisco Inferno

(1st set was the VIP Afternoon set)",,2021-05-31 02:25:51.883488,2024-11-07 02:09:11.470905,0,"",4.09375,0,0,1
c64b0529-2aa3-45b3-821a-4c26c738a284,2018-12-07-10-mile-music-hall-frisco-colorado,2018-12-07,865d3aaa-390f-42ae-a261-aa9abe4fc753,db7f2c5d-2727-41fd-bd6f-e91c74164f09,"",1572,2020-02-22 16:19:52.200407,2024-08-25 20:34:30.956374,0,,3.63888888888889,0,1,2
15180f62-96c6-49b9-a56e-05946dceb2e9,1999-06-06-in-the-living-room-with-the-dunhams-atlanta-ga,1999-06-06,696323b2-bfa5-4a96-8861-a005dbaaaa6e,db7f2c5d-2727-41fd-bd6f-e91c74164f09,FM Broadcast. In studio. Show actually taped on 5/6/99.,400,2020-02-22 16:19:52.200407,2023-08-01 16:22:57.883873,0,,3.5,0,0,0
159335be-12f9-4d14-9210-7f65afb5b36c,1999-04-08-chameleon-club-lancaster-pa,1999-04-08,2e412cc5-ea82-4215-b606-0762014dd53b,db7f2c5d-2727-41fd-bd6f-e91c74164f09,"",368,2020-02-22 16:19:52.200407,2024-01-24 18:24:16.110929,0,https://relisten.net/disco-biscuits/1999/04/08,4.72222222222222,2,0,0
4b276f21-1e6b-430e-bcb3-0a324d0501e5,2021-04-24-showtime-at-the-drive-in-frederick-md,2021-04-24,b3f0cf4b-0493-49c0-8b4d-044f946cdc8d,db7f2c5d-2727-41fd-bd6f-e91c74164f09,"",,2021-04-25 02:27:56.114647,2023-08-26 17:35:02.934090,0,"",4.35185185185185,0,0,0
82bdd92c-56d3-453a-bd53-a4ed97c17dbe,2010-06-04-bamajam-music-festival-enterprise-al,2010-06-04,c8e7433f-1255-44e2-a81c-0f88b907c9f6,db7f2c5d-2727-41fd-bd6f-e91c74164f09,"BamaJam Music & Arts Festival, others acts include Kenny Chesney, Hank Williams Jr, Gregg Allman, Buddy Guy, Travis Trit and more.",1271,2020-02-22 16:19:52.200407,2024-05-06 13:50:12.400787,0,,3.41666666666667,0,0,0
d0e6c6db-0d74-4061-8633-5359756c390d,2021-09-18-revolution-live-ft-lauderdale-fl,2021-09-18,22a3fe67-520b-41e8-80f1-59fd619ab12d,db7f2c5d-2727-41fd-bd6f-e91c74164f09,"",,2021-09-19 00:50:42.855330,2023-08-26 17:37:09.984166,0,https://relisten.net/disco-biscuits/2021/09/18,3.86842105263158,0,0,1
8fe288d5-f202-425c-8888-5916d10cd765,2021-10-30-brooklyn-bowl-las-vegas-las-vegas-nv,2021-10-30,e8d4237b-d3ed-4f6c-9fdb-cd50a294e0a6,db7f2c5d-2727-41fd-bd6f-e91c74164f09,"",,2021-10-31 08:15:07.483940,2023-08-26 17:37:52.755874,0,https://relisten.net/disco-biscuits/2021/10/30,3.59090909090909,0,0,0
c0df8eaa-2ca3-4d61-b4d7-87efd0b9bc11,2002-10-20-jake-s-roadhouse-decatur-ga,2002-10-20,79a27aae-0741-4a5a-b7ab-79be0cee83e3,db7f2c5d-2727-41fd-bd6f-e91c74164f09,Set II with Modereko.,684,2020-02-22 16:19:52.200407,2024-03-28 00:06:11.675486,0,https://relisten.net/disco-biscuits/2002/10/20,3.55555555555556,0,0,0
04766ca6-4f0e-4366-be42-8aaa4c57e589,1999-01-24-center-for-the-arts-natick-ma,1999-01-24,8c4b94a3-368f-450a-8469-64815194440b,db7f2c5d-2727-41fd-bd6f-e91c74164f09,Barber opened the show with a solo acoustic set. After him Uncle Sammy played. 2nd Full performance of 'Hot Air Balloon' ,322,2020-02-22 16:19:52.200407,2023-08-26 17:45:26.403138,0,https://relisten.net/disco-biscuits/1999/01/24,3.57142857142857,0,0,0
0f7f4e11-3fe5-4255-a690-538732ed3f15,2002-10-26-the-vanderbilt-plainview-ny,2002-10-26,31dac481-4c72-4213-9bac-16f5502ce517,db7f2c5d-2727-41fd-bd6f-e91c74164f09,"",689,2020-02-22 16:19:52.200407,2024-03-28 00:06:34.427218,0,https://relisten.net/disco-biscuits/2002/10/26,4.26923076923077,0,0,0
02d61741-cdc5-4413-b0a8-eff1a993d3ed,2001-03-30-gothic-theater-englewood-co,2001-03-30,a4e17f2c-5141-4ca4-a0ed-410e801ef267,db7f2c5d-2727-41fd-bd6f-e91c74164f09,"",515,2020-02-22 16:19:52.200407,2024-03-28 00:08:25.903397,0,https://relisten.net/disco-biscuits/2001/03/30,2.66666666666667,30,0,1
048f7760-eb67-41c0-90e6-b15f821bad0d,2003-08-12-tussey-mountain-amphitheater-boalsburg-pa,2003-08-12,b71677d4-71b7-49d7-a5f2-822f40b47ff4,db7f2c5d-2727-41fd-bd6f-e91c74164f09,"Nittany 500, Lotus and Brock opened. DJ Seishi spun between sets",775,2020-02-22 16:19:52.200407,2023-08-27 11:30:17.568778,0,https://relisten.net/disco-biscuits/2003/08/12,4.31818181818182,0,0,1
05f18d30-7d0e-4150-b29f-7ce9274f0a37,2004-12-29-electric-factory-philadelphia-pa,2004-12-29,8ef35498-800d-42f7-82d1-d8ced42d0092,db7f2c5d-2727-41fd-bd6f-e91c74164f09,"",836,2020-02-22 16:19:52.200407,2023-08-27 11:34:42.247680,0,https://relisten.net/disco-biscuits/2004/12/29,4.7,0,0,0
274cbcd2-542b-4432-b4ef-db705ff067c0,2021-10-28-brooklyn-bowl-las-vegas-las-vegas-nv,2021-10-28,e8d4237b-d3ed-4f6c-9fdb-cd50a294e0a6,db7f2c5d-2727-41fd-bd6f-e91c74164f09,"",,2021-10-29 08:34:02.474322,2024-03-29 02:45:20.761727,0,https://relisten.net/disco-biscuits/2021/10/28,3.52380952380952,0,0,0
133352f0-a92a-4768-8565-73dcfb129e5d,2008-06-05-lafayette-square-buffalo-ny,2008-06-05,8726e87a-4a2f-4658-b582-012340c06053,db7f2c5d-2727-41fd-bd6f-e91c74164f09,Free show in downtown Buffalo,1068,2020-02-22 16:19:52.200407,2022-09-13 19:48:27.448322,0,https://relisten.net/disco-biscuits/2008/06/05,4.20833333333333,0,0,2
1893b359-0360-465c-8a12-d416ab72f40c,2001-12-04-ziggy-s-winston-salem-nc,2001-12-04,1e19b4b3-4616-480e-9b61-907d6f3d853e,db7f2c5d-2727-41fd-bd6f-e91c74164f09,"",599,2020-02-22 16:19:52.200407,2024-05-29 22:00:33.125615,0,https://relisten.net/disco-biscuits/2001/12/04,3.6,0,0,1
07d96805-b058-486b-bc12-6fd84de32aeb,1999-02-13-home-bar-dallas-tx,1999-02-13,b1893f9b-c1db-46fe-82dd-7d0a47a6df49,db7f2c5d-2727-41fd-bd6f-e91c74164f09,"The first part of the set (from 'Bazaar Escape' through 'Hot Air Balloon') was a performance of the second act of 'Hot Air Balloon' (fourth time played, second time second act only.)",339,2020-02-22 16:19:52.200407,2022-09-13 21:11:24.175936,0,https://relisten.net/disco-biscuits/1999/02/13,3,0,0,0
2bd92cbb-7a94-48e1-9387-d3dd7c49e420,2008-06-06-webster-theater-hartford-ct,2008-06-06,78d9872d-f2e0-4156-9363-fc2fe55c64d8,db7f2c5d-2727-41fd-bd6f-e91c74164f09,Orchard Lounge opened,1069,2020-02-22 16:19:52.200407,2022-09-13 19:48:31.129667,0,https://relisten.net/disco-biscuits/2008/06/06,4.5,20,0,3
2af16690-53a4-4b13-82ce-76c960a97225,2010-08-25-bottle-cork-dewey-beach-de,2010-08-25,2471d945-3cc3-41ad-a6f0-2f16a71342eb,db7f2c5d-2727-41fd-bd6f-e91c74164f09,MiM0SA opened,1282,2020-02-22 16:19:52.200407,2022-09-13 19:40:46.313097,0,,4.22222222222222,0,0,1
69c48546-fd5b-4993-a348-fc9364345be1,2021-08-28-backwoods-at-mulberry-mountain-ozark-ar,2021-08-28,6c3fa319-f1bd-44ed-8c1d-8484341c4884,db7f2c5d-2727-41fd-bd6f-e91c74164f09,"",,2021-08-29 14:15:25.442188,2024-03-10 04:30:28.369343,0,"",3.95238095238095,0,0,1
284f708a-743f-4101-9213-37ad1195f891,2015-02-20-electric-factory-philadelphia-pa,2015-02-20,8ef35498-800d-42f7-82d1-d8ced42d0092,db7f2c5d-2727-41fd-bd6f-e91c74164f09,"",1449,2020-02-22 16:19:52.200407,2023-05-27 18:33:24.057382,0,,3.875,0,0,1
086e85c8-e31e-4ffc-b393-8d282fb0ae92,2000-10-17-crocodile-cafe-seattle-wa,2000-10-17,67058797-4db6-4087-848a-b9875fa30f1a,db7f2c5d-2727-41fd-bd6f-e91c74164f09,"",478,2020-02-22 16:19:52.200407,2024-11-08 23:14:41.330962,0,https://relisten.net/disco-biscuits/2000/10/17,4.2,0,0,0
0c65fed6-5e78-46eb-8367-ff6d5e99431f,1999-01-26-deer-park-tavern-newark-de,1999-01-26,d06d9b3a-7e36-46f1-b123-29f7fe695ee8,db7f2c5d-2727-41fd-bd6f-e91c74164f09,"",323,2020-02-22 16:19:52.200407,2023-08-26 17:45:38.199011,0,https://relisten.net/disco-biscuits/1999/01/26,3.7,0,0,0
15f29cb2-2f8f-4ed0-861e-042d8d0c6a2f,2002-08-03-second-stage-alpine-valley-music-theater-east-troy-wi,2002-08-03,c49675cc-95c9-4411-9b04-311a108d686b,db7f2c5d-2727-41fd-bd6f-e91c74164f09,Terrapin Station. Opening for The Other Ones.,652,2020-02-22 16:19:52.200407,2024-03-28 00:03:53.416003,0,https://relisten.net/disco-biscuits/2002/08/03,3.4,0,0,0
290fc3ee-39f0-4ad4-9bf1-3fec79667d12,2001-04-21-9-30-club-washington-dc,2001-04-21,07aef483-1f92-466a-8f3e-ee2d2ef9969c,db7f2c5d-2727-41fd-bd6f-e91c74164f09,"",533,2020-02-22 16:19:52.200407,2024-05-29 21:53:10.002893,0,https://relisten.net/disco-biscuits/2001/04/21,3.92307692307692,0,0,1
0964e3ab-8d44-499c-b39c-8c994ca6656b,2001-07-04-levelz-steamboat-springs-co,2001-07-04,435c5cf0-8500-4a06-9628-2b727d303adf,db7f2c5d-2727-41fd-bd6f-e91c74164f09,"",552,2020-02-22 16:19:52.200407,2024-05-29 21:54:02.994776,0,https://relisten.net/disco-biscuits/2001/07/04,3.35,88,0,2
2966399f-1846-439d-bc91-3d23267b9837,2002-06-22-bonnaroo-music-festival-manchester-tn,2002-06-22,1f6d9f30-4c62-4883-8d34-51a0ace794db,db7f2c5d-2727-41fd-bd6f-e91c74164f09,"",644,2020-02-22 16:19:52.200407,2024-03-28 00:03:26.245571,0,https://relisten.net/disco-biscuits/2002/06/22,4.05555555555556,0,0,0
e7797028-d28e-4664-9f2e-ac2bcf9def97,2013-12-29-best-buy-theater-new-york-ny,2013-12-29,3c1485b6-a149-49d6-ae5d-7f2a65afe7d3,db7f2c5d-2727-41fd-bd6f-e91c74164f09,"",1407,2020-02-22 16:19:52.200407,2023-07-14 07:55:39.335778,0,,4,0,2,1
0e4cc5e7-71aa-41a5-a20d-31854e55ff96,2017-04-27-the-capitol-theater-port-chester-ny,2017-04-27,3dbcb903-ae38-48e8-aeef-c2ba426f6320,db7f2c5d-2727-41fd-bd6f-e91c74164f09,"",1513,2020-02-22 16:19:52.200407,2024-08-29 19:59:52.719472,0,,3.875,0,1,2
ec6ac3f4-97b5-48f4-99df-632d3304d88e,2020-10-29-lafayette-apple-festival-grounds-lafayette-ny,2020-10-29,e776b5f1-c729-4092-8a8c-a8ca3a27551a,db7f2c5d-2727-41fd-bd6f-e91c74164f09,"",,2020-10-29 23:58:25.111962,2024-11-25 15:35:51.230802,0,"",3.97058823529412,0,0,2
0b72d19b-cc01-4d92-adba-3a3eadb05f72,2017-12-02-breathless-resort-spa-punta-cana-dominican-republic,2017-12-02,08278e3c-b751-4513-bde2-9bf04ecc4029,db7f2c5d-2727-41fd-bd6f-e91c74164f09,Dominican Holidaze,1539,2020-02-22 16:19:52.200407,2024-09-14 23:04:34.895879,0,,3.73529411764706,0,0,1
bd10b7f0-60fb-48fe-8086-a180b5426757,2019-07-20-montage-mountain-scranton-pa,2019-07-20,6b1fd49c-f558-476a-b1eb-8451b52652ff,db7f2c5d-2727-41fd-bd6f-e91c74164f09,"Camp Bisco 17 
<br>",1595,2020-02-22 16:19:52.200407,2024-12-05 22:51:56.003225,0,https://relisten.net/disco-biscuits/2019/07/20,4.37837837837838,0,2,1
2e38b565-14dd-467d-9bb8-9de8e54b41ae,2008-10-25-state-theater-falls-church-va,2008-10-25,f24ec163-9224-4d1d-b524-2ffd4090ad2f,db7f2c5d-2727-41fd-bd6f-e91c74164f09,Billed as TractorBeam,1169,2020-02-22 16:19:52.200407,2024-04-04 20:30:42.571541,0,,4.16666666666667,0,0,0
2b1f2536-56d3-4f67-9ecc-bf6584dfb8ee,2001-07-07-red-rocks-amphitheater-morrison-co,2001-07-07,25062d21-ff23-484b-8220-4b03ff26bbae,db7f2c5d-2727-41fd-bd6f-e91c74164f09,Opening for Phil Lesh and Friends.,554,2020-02-22 16:19:52.200407,2024-03-28 00:11:45.768079,0,https://relisten.net/disco-biscuits/2001/07/07,3.44444444444444,64,0,1
1378b416-f444-4465-ad47-b54de658f0bd,2017-11-18-the-fillmore-auditorium-denver-co,2017-11-18,cc180824-653c-4b01-9e04-84ad849fec47,db7f2c5d-2727-41fd-bd6f-e91c74164f09,Soundcheck: Sweating Bullets,1538,2020-02-22 16:19:52.200407,2024-10-23 16:21:31.021843,0,,3.92857142857143,0,1,1
01a4e1b0-31d9-4a3d-94b4-067e978256cc,2019-01-31-the-capitol-theater-port-chester-ny,2019-01-31,3dbcb903-ae38-48e8-aeef-c2ba426f6320,db7f2c5d-2727-41fd-bd6f-e91c74164f09,"",1584,2020-02-22 16:19:52.200407,2024-03-22 20:22:22.281895,0,,4.09615384615385,0,1,1
2c99c426-95e8-4da5-a0ab-0e0eb332d994,2003-12-30-northern-lights-clifton-park-ny,2003-12-30,633e5dc8-28b9-4664-8d7d-c5b681b8f3cf,db7f2c5d-2727-41fd-bd6f-e91c74164f09,"",808,2020-02-22 16:19:52.200407,2023-08-27 11:31:51.146613,0,https://relisten.net/disco-biscuits/2003/12/30,4.73684210526316,0,0,0
2228e837-0d1f-49fc-8633-5a7f25a50f92,2009-04-05-eureka-theater-eureka-ca,2009-04-05,903b8007-96f2-48c5-80da-346281a185df,db7f2c5d-2727-41fd-bd6f-e91c74164f09,"Heavyweight Dub Champion opened, DJ Piper at set break",1128,2020-02-22 16:19:52.200407,2023-08-27 11:50:21.539650,0,https://relisten.net/disco-biscuits/2009/04/05,4.63888888888889,0,0,1
28958e9d-b1b1-4465-a3bd-fe2e0bfece00,2006-05-26-three-sister-s-park-chillicothe-il,2006-05-26,2b1bd682-7e6f-4f53-9305-d2c7309cab61,db7f2c5d-2727-41fd-bd6f-e91c74164f09,Summercamp Late Night Show in the Barn,899,2020-02-22 16:19:52.200407,2023-08-27 11:39:08.571690,0,https://relisten.net/disco-biscuits/2006/05/26,3.82142857142857,0,0,1
1ecbc344-c32f-44ea-9491-512db180c4ac,2009-03-04-the-national-richmond-va,2009-03-04,42021528-811e-4168-8125-91ed90c5e5ba,db7f2c5d-2727-41fd-bd6f-e91c74164f09,"Break Science opened, DJ Piper at set break",1134,2020-02-22 16:19:52.200407,2024-02-04 12:56:06.643979,0,,4.09090909090909,20,0,1
d423d397-8163-4fc5-ab78-5e026005748a,2021-04-03-the-caverns-above-ground-amphitheater-pelham-tn,2021-04-03,1404b5a2-2abd-4470-99a0-277db2eb525c,db7f2c5d-2727-41fd-bd6f-e91c74164f09,"",,2021-04-04 00:08:24.335642,2024-04-29 20:47:55.525361,0,"",4.19354838709677,0,0,2
151e09a6-d775-4c2c-b0ea-9e60596c5887,2019-12-12-janus-landing-st-petersburg-fl,2019-12-12,f64eca4c-514d-4997-85e1-3e76829516b4,db7f2c5d-2727-41fd-bd6f-e91c74164f09,"",1609,2020-02-22 16:19:52.200407,2023-08-30 10:46:07.029976,0,,4.26666666666667,0,1,1
1ba8834d-3fe7-4218-9d4a-f0d12885d4b8,2000-10-21-gothic-theater-englewood-co,2000-10-21,a4e17f2c-5141-4ca4-a0ed-410e801ef267,db7f2c5d-2727-41fd-bd6f-e91c74164f09,"",481,2020-02-22 16:19:52.200407,2024-02-18 13:05:44.291439,0,https://relisten.net/disco-biscuits/2000/10/21,4.26923076923077,0,1,0
5d1c9272-9ecb-4a30-80ca-10de4f281ff0,2019-12-13-revolution-live-ft-lauderdale-fl,2019-12-13,22a3fe67-520b-41e8-80f1-59fd619ab12d,db7f2c5d-2727-41fd-bd6f-e91c74164f09,"",1610,2020-02-22 16:19:52.200407,2023-08-30 10:46:45.499152,0,,4.33870967741935,0,1,1
a054dfad-c79f-463b-a952-b166d3ca60cc,2014-12-29-b-b-king-s-blues-club-new-york-ny,2014-12-29,39705356-e4fa-485b-be63-67ab457520ce,db7f2c5d-2727-41fd-bd6f-e91c74164f09,Billed as Tractorbeam ,1445,2020-02-22 16:19:52.200407,2023-09-13 11:01:17.589713,0,,3.33333333333333,0,0,1
28298fd8-71d6-4c9b-93e2-93d0f9160c77,2012-01-28-mayan-holidaze-now-sapphire-resort-puerto-morelos-mexico,2012-01-28,72be8ba0-a1c5-4b23-8f60-b88a34053585,db7f2c5d-2727-41fd-bd6f-e91c74164f09,Mayan Holidaze,1366,2020-02-22 16:19:52.200407,2023-09-28 14:51:31.256558,0,,4.19230769230769,0,0,0
160608a0-3513-481c-8bdb-0b0482457827,2019-04-26-the-fillmore-new-orleans-louisiana,2019-04-26,113aac96-e0b3-4c46-a4fb-379c7adef729,db7f2c5d-2727-41fd-bd6f-e91c74164f09,"",1587,2020-02-22 16:19:52.200407,2024-04-16 20:34:30.229894,0,,3.53703703703704,0,1,2
2ae3cc68-116a-448c-b547-29cd49539bbb,1995-12-09-blarney-stone-philadelphia-pa,1995-12-09,4507c656-b5cc-4af9-8fd5-37a24679106e,db7f2c5d-2727-41fd-bd6f-e91c74164f09,date is probably incorrect,1231,2020-02-22 16:19:52.200407,2020-02-23 00:37:09.873489,0,,0,0,0,0
3a3eff8f-b021-4847-a9c7-16263c64988b,2008-09-28-boulder-reservoir-boulder-co,2008-09-28,2a58ce87-ebae-4c14-a518-c8dd57d9d677,db7f2c5d-2727-41fd-bd6f-e91c74164f09,"Tatanka Music Festival - Other acts include Dumpstaphunk, Rose Hill Drive and the Motet.",1170,2020-02-22 16:19:52.200407,2022-02-19 20:48:58.049377,0,https://relisten.net/disco-biscuits/2008/09/28,4,0,0,1
b07aeb61-da2a-4c80-a622-70a6d7e1aac5,2023-02-02-highline-ballroom-new-york-ny,2023-02-02,a80851a9-f6e6-464e-8255-af00be69d62e,db7f2c5d-2727-41fd-bd6f-e91c74164f09,Karina Rykman opened,,2023-02-03 03:22:02.072394,2024-11-25 15:42:35.295156,0,"",3.86538461538462,0,0,1
5261a0c7-ef89-49a7-a737-2d4ae392d4e2,2005-03-20-melkweg-amsterdam-holland,2005-03-20,ec12097c-5935-4f59-bb54-cb8615ff1bdf,db7f2c5d-2727-41fd-bd6f-e91c74164f09,"Jam in the Dam.  With Umphrey's McGee, Keller Williams and Particle.",839,2020-02-22 16:19:52.200407,2023-11-23 10:57:51.970760,0,https://relisten.net/disco-biscuits/2005/03/20,3.83333333333333,0,0,0
301c2396-3b77-4d0c-a933-a1c99f417a89,2008-03-22-pumpehuset-copenhagen-denmark,2008-03-22,57c05534-b5e5-4a34-8311-751c7e6d2757,db7f2c5d-2727-41fd-bd6f-e91c74164f09,"",1058,2020-02-22 16:19:52.200407,2022-09-13 19:46:41.678590,0,,4.625,20,0,2
2b22120b-f98b-4a4e-86f6-032ba3c6125b,2015-09-06-union-park-chicago-il,2015-09-06,f5340b3f-e2ef-4ca4-9a9d-a10d1c81bd5d,db7f2c5d-2727-41fd-bd6f-e91c74164f09,North Coast Music Festival ,1464,2020-02-22 16:19:52.200407,2022-09-02 08:58:02.826559,0,,3.77272727272727,0,0,0
15d5081c-a111-4885-9691-dcbada0daab0,1999-02-09-newby-s-memphis-tn,1999-02-09,d4acd32d-7969-4952-b168-4a4d1e92b0d5,db7f2c5d-2727-41fd-bd6f-e91c74164f09,"",335,2020-02-22 16:19:52.200407,2023-07-29 19:40:28.603176,0,https://relisten.net/disco-biscuits/1999/02/09,3.16666666666667,0,0,0
525b52f5-c8d4-46c8-bfd5-c0850244c761,1998-04-22-the-living-room-providence-ri,1998-04-22,0edd02e1-d522-4150-82a4-1e81a40c95c4,db7f2c5d-2727-41fd-bd6f-e91c74164f09,"",207,2020-02-22 16:19:52.200407,2023-08-01 16:25:25.932521,0,,3.25,0,0,0
4817fdeb-148d-4aaa-b5fe-69b62153f755,2007-03-09-the-revolution-fort-lauderdale-fl,2007-03-09,7ebca6fd-388b-4ebb-8016-891f6a7937e0,db7f2c5d-2727-41fd-bd6f-e91c74164f09,Langerado 2007 Late-Night Show,964,2020-02-22 16:19:52.200407,2023-10-19 13:39:53.449312,0,https://relisten.net/disco-biscuits/2007/03/09,4.5,0,0,1
15ebeb50-b4b1-4a6d-9e28-6a7f00f71820,2007-10-25-toad-s-place-richmond-richmond-va,2007-10-25,d4c64f48-7c61-4ecd-9064-ca80c76cbbe2,db7f2c5d-2727-41fd-bd6f-e91c74164f09,Peter Prince & Moon Boot Lover opened,1021,2020-02-22 16:19:52.200407,2023-08-03 03:17:48.607113,0,https://relisten.net/disco-biscuits/2007/10/25,4.3125,0,0,2
110fecac-9680-411b-9239-5d0200419802,2008-01-17-boulder-theater-boulder-co,2008-01-17,88fdfe2f-b85b-4aa0-ab05-613bd43f41cd,db7f2c5d-2727-41fd-bd6f-e91c74164f09,"",1040,2020-02-22 16:19:52.200407,2023-07-14 07:56:39.161084,0,https://relisten.net/disco-biscuits/2008/01/17,4.43333333333333,0,0,3
46d9c36b-997a-4ad8-aab9-5c358276c962,1999-04-28-nietzche-s-buffalo-ny,1999-04-28,33050628-6ac2-4c44-8da8-f427e544a0d8,db7f2c5d-2727-41fd-bd6f-e91c74164f09,"",379,2020-02-22 16:19:52.200407,2023-08-26 17:47:24.787176,0,https://relisten.net/disco-biscuits/1999/04/28,3.4,0,0,0
41acbdfb-8fa4-43ad-8c4e-e2b1d79c6aef,2021-09-19-janus-landing-st-petersburg-fl,2021-09-19,f64eca4c-514d-4997-85e1-3e76829516b4,db7f2c5d-2727-41fd-bd6f-e91c74164f09,"",,2021-09-19 23:40:12.071089,2024-06-23 15:28:31.651280,0,https://archive.org/details/db2021-09-19,4.45652173913043,0,0,2
371b7d09-5863-4c9a-8bf0-3dc5ac06bcfa,2017-09-21-irving-plaza-new-york-ny,2017-09-21,397149cc-e8d3-4557-9491-4d180be19e68,db7f2c5d-2727-41fd-bd6f-e91c74164f09,"",1529,2020-02-22 16:19:52.200407,2024-08-25 20:28:31.580874,0,,4.52380952380952,0,1,1
ed4fe2d7-98f8-4ada-ad37-1596b1ec7c84,2023-02-03-palace-theater-albany-ny,2023-02-03,5f9e5538-df9b-4cd6-859f-3622d2731aa9,db7f2c5d-2727-41fd-bd6f-e91c74164f09,Snakes and Stars opened ,,2023-02-04 02:37:30.434219,2024-11-25 15:42:37.320947,0,"",3.79166666666667,0,0,1
105ae5c4-6480-4603-80c8-aa23c065713a,2017-12-28-playstation-theater-new-york-ny,2017-12-28,7b00c23c-dc31-4e72-8633-820e8c228ff4,db7f2c5d-2727-41fd-bd6f-e91c74164f09,"",1542,2020-02-22 16:19:52.200407,2024-08-25 20:30:31.669706,0,,3.97826086956522,0,1,1
501c1e27-4c9f-4fe7-8dc6-ab699922a3a7,2018-12-13-holidaze-now-sapphire-puerto-morelos-mexico,2018-12-13,72be8ba0-a1c5-4b23-8f60-b88a34053585,db7f2c5d-2727-41fd-bd6f-e91c74164f09,Mayan Holidaze  -  Tom Hamilton on Guitar for the whole set,1576,2020-02-22 16:19:52.200407,2024-08-25 20:34:42.274180,0,,1.90909090909091,0,0,1
2b466048-7f7f-4ab1-9a89-8d2672886573,2001-11-02-crystal-ballroom-portland-or,2001-11-02,8c483567-161f-448c-b652-d686ac1f6993,db7f2c5d-2727-41fd-bd6f-e91c74164f09,DJ Mauricio spun before the show and between sets.,589,2020-02-22 16:19:52.200407,2024-11-08 23:16:56.644580,0,https://relisten.net/disco-biscuits/2001/11/02,4.55555555555556,15,0,1
e1d4b8f5-b053-4a8e-ae7e-9ee0d85d49a7,2013-04-27-red-rocks-amphitheater-morrison-co,2013-04-27,25062d21-ff23-484b-8220-4b03ff26bbae,db7f2c5d-2727-41fd-bd6f-e91c74164f09,"Feed The Rocks - other acts include Mlima, RJD2 and Shpongle",1391,2020-02-22 16:19:52.200407,2024-11-22 01:56:10.826276,0,https://relisten.net/disco-biscuits/2013/04/27,3.81818181818182,0,2,0
1759487a-067f-4f4e-bb9e-5ccd36f70334,2006-06-23-stone-pony-asbury-park-nj,2006-06-23,27a24000-3d93-4000-9d45-1474287e5af3,db7f2c5d-2727-41fd-bd6f-e91c74164f09,"",910,2020-02-22 16:19:52.200407,2024-04-04 20:25:16.158966,0,https://relisten.net/disco-biscuits/2006/06/23,4.575,0,0,1
4730fa1d-0e91-4e34-9d4b-da1bd74034d5,1999-02-27-harrington-s-chico-ca,1999-02-27,c3979710-80a2-432c-897c-f77a095a1f42,db7f2c5d-2727-41fd-bd6f-e91c74164f09,"",347,2020-02-22 16:19:52.200407,2024-02-26 18:14:34.977683,0,https://relisten.net/disco-biscuits/1999/02/27,4,12,0,0
23a8ec21-df30-4f73-b785-e768ff0bf007,2003-08-07-amazura-ballroom-jamaica-ny,2003-08-07,63653200-54bd-49e2-bd8f-328a67bf07dc,db7f2c5d-2727-41fd-bd6f-e91c74164f09,"",770,2020-02-22 16:19:52.200407,2023-08-27 11:30:03.434323,0,https://relisten.net/disco-biscuits/2003/08/07,4.13333333333333,0,0,0
221e354d-a6f3-4b95-8b1d-464a3ff215f5,2003-08-08-amazura-ballroom-jamaica-ny,2003-08-08,63653200-54bd-49e2-bd8f-328a67bf07dc,db7f2c5d-2727-41fd-bd6f-e91c74164f09,"With DJs Ming and FS, DB, Seishi and Dan Brantigan, Anthony Velarde and Jason Joslin.<br>",771,2020-02-22 16:19:52.200407,2023-08-27 11:30:05.479708,0,https://relisten.net/disco-biscuits/2003/08/08,4.32142857142857,0,0,0
dc5dddb4-3e88-4eb6-bf1f-27ea2900d99b,2022-09-30-saranac-brewery-utica-ny,2022-09-30,ad56396d-d6ad-46e8-8b1d-575d6630e1fb,db7f2c5d-2727-41fd-bd6f-e91c74164f09,"",,2022-10-02 03:35:35.551882,2024-11-25 15:43:00.386865,0,"",4,0,0,0
4f623a6f-8f5b-4076-9d3c-ce370c7d31d8,2001-07-05-mishawaka-amphitheater-bellvue-co,2001-07-05,0e289e2c-7798-403b-aba8-e0533a6e8039,db7f2c5d-2727-41fd-bd6f-e91c74164f09,Bisco Inferno.,553,2020-02-22 16:19:52.200407,2024-05-29 21:54:09.247496,0,https://relisten.net/disco-biscuits/2001/07/05,4.42105263157895,71,0,1
01dd186d-be2c-4855-b621-a07e198eb0b1,2019-02-01-the-capitol-theater-port-chester-ny,2019-02-01,3dbcb903-ae38-48e8-aeef-c2ba426f6320,db7f2c5d-2727-41fd-bd6f-e91c74164f09,"",1585,2020-02-22 16:19:52.200407,2024-11-26 03:29:54.789619,0,,4.35294117647059,0,1,1
198b6766-f023-4dcf-a028-fb8b554a752f,2000-12-01-doremus-gym-washington-and-lee-university-lexington-va,2000-12-01,ff72b5bf-f21b-43d5-a198-09da4db1ba4d,db7f2c5d-2727-41fd-bd6f-e91c74164f09,"",501,2020-02-22 16:19:52.200407,2024-05-06 00:08:41.184206,0,https://relisten.net/disco-biscuits/2000/12/01,4.57142857142857,0,0,1
07e72f0f-6857-4c65-94b9-f7d27b9a6d31,2011-03-27-grand-central-miami-fl,2011-03-27,69abf3be-edcd-481d-80a4-190b935aa9bf,db7f2c5d-2727-41fd-bd6f-e91c74164f09,Official Ultra Music Festival After-Party w/ Terence Tabeau and Edwin Adams,1325,2020-02-22 16:19:52.200407,2024-03-27 23:56:24.339433,0,,3.75,0,0,0
4c5305e1-6a9d-41c4-b5c6-3af8b2d33ad0,2002-09-26-the-fillmore-san-francisco-ca,2002-09-26,3f85da63-4a00-4cba-9e9f-837668d55284,db7f2c5d-2727-41fd-bd6f-e91c74164f09,"",666,2020-02-22 16:19:52.200407,2024-03-20 10:12:13.993183,0,https://relisten.net/disco-biscuits/2002/09/26,4.69230769230769,0,0,1
a21e73b8-6c5a-48c1-99de-ca0ec0eda460,2002-05-03-tipitina-s-new-orleans-la,2002-05-03,a7fabec1-5455-4e7e-a02f-e0352de24ffa,db7f2c5d-2727-41fd-bd6f-e91c74164f09,"",642,2020-02-22 16:19:52.200407,2024-05-29 22:20:35.734580,0,https://relisten.net/disco-biscuits/2002/05/03,4,12,0,0
3c352123-002a-4f0f-86d5-740965a4ccc1,2010-02-19-lupo-s-heartbreak-hotel-providence-ri,2010-02-19,30ea9f62-a7d5-4380-b33d-615cdd7ccfdd,db7f2c5d-2727-41fd-bd6f-e91c74164f09,Indobox opened,1222,2020-02-22 16:19:52.200407,2022-09-13 19:38:11.486760,0,https://relisten.net/disco-biscuits/2010/02/19,4.29166666666667,0,0,0
294db5a7-7820-4ea4-b9a0-a34d8260f80e,2008-12-11-caribbean-holidaze-runaway-bay-jamaica,2008-12-11,a65f28c8-e63c-44ba-81de-5cbd64ba3017,db7f2c5d-2727-41fd-bd6f-e91c74164f09,Caribbean Holidaze - Other acts include Umphrey's McGee and Wyllys.,1168,2020-02-22 16:19:52.200407,2022-09-13 19:49:30.003430,0,https://relisten.net/disco-biscuits/2008/12/11,4.08333333333333,0,0,2
6f45255d-e242-4cad-bf29-4cd94d0ecc32,1998-06-06-peasant-s-cafe-greenville-nc,1998-06-06,4f5eb7af-7f85-47e8-b613-746648a1a774,db7f2c5d-2727-41fd-bd6f-e91c74164f09,"",232,2020-02-22 16:19:52.200407,2020-03-25 16:10:19.611765,0,https://relisten.net/disco-biscuits/1998/06/06,3,0,0,0
66162ea8-65c3-4063-8b8b-0810c6225417,1997-04-21-pi-kappa-alpha-university-of-pennsylvania-philadelphia-pa,1997-04-21,cb631493-c4f0-406e-bb6d-8cc1ad2eb8a3,db7f2c5d-2727-41fd-bd6f-e91c74164f09,"",52,2020-02-22 16:19:52.200407,2020-02-23 00:37:18.942607,0,,0,0,0,0
719671f6-90bb-4a47-b1eb-d07619be411d,1997-05-16-pontiac-grille-philadelphia-pa,1997-05-16,66cd5eb4-8292-4ae7-9ae2-8f30e3202275,db7f2c5d-2727-41fd-bd6f-e91c74164f09,Virgin Sextet (jazz band featuring Aron some members of Fathead and others) opened.,59,2020-02-22 16:19:52.200407,2020-02-23 00:37:21.052773,0,,0,0,0,0
67eea9d3-f9fd-4331-99e8-0847d766ff1b,2016-10-27-brooklyn-bowl-las-vegas-las-vegas-nv,2016-10-27,e8d4237b-d3ed-4f6c-9fdb-cd50a294e0a6,db7f2c5d-2727-41fd-bd6f-e91c74164f09,"",1500,2020-02-22 16:19:52.200407,2022-08-27 18:15:16.940070,0,,4,0,0,0
651ca238-981b-46d8-ae5e-d3826748848d,1999-03-14-quixote-s-true-blue-aurora-co,1999-03-14,072532b6-af1a-4ea0-932f-54c6ee0d4d63,db7f2c5d-2727-41fd-bd6f-e91c74164f09,"",357,2020-02-22 16:19:52.200407,2022-09-13 21:14:32.871250,0,https://relisten.net/disco-biscuits/1999/03/14,4.25,2,0,0
654f35aa-d4df-427c-9281-e203b23f4b24,2015-03-06-suwannee-music-park-live-oak-florida,2015-03-06,ef9892f3-7793-468f-84b0-1ff6c93515da,db7f2c5d-2727-41fd-bd6f-e91c74164f09,Aura Music Festival ,1451,2020-02-22 16:19:52.200407,2022-08-27 18:19:14.900210,0,,3.75,0,2,1
6a6a9d31-1507-43cd-8a58-c666819bad04,2007-04-20-ontourage-chicago-il,2007-04-20,6155028c-0b48-4f55-9129-ba68cbbbd885,db7f2c5d-2727-41fd-bd6f-e91c74164f09,Billed as TractorBeam,967,2020-02-22 16:19:52.200407,2022-10-05 18:08:53.014210,0,,3.53846153846154,0,0,1
2819584c-8f1f-4756-92c8-dbcce975dbbd,2024-11-17-paramount-theatre-rutland-vt,2024-11-17,316720c7-c8db-4f12-958c-31190ca80769,db7f2c5d-2727-41fd-bd6f-e91c74164f09,"Three Piece Meal with Zach Brownstein opened
Soundcheck: The Very Moon -> Tricycle ",,2024-11-17 19:02:06.636180,2024-12-04 00:42:47.961793,0,https://relisten.net/disco-biscuits/2024/11/17,4.22222222222222,0,0,0
64cbe5d0-0366-40d5-a2ba-f7bdebf5df6b,2020-01-02-the-riviera-theater-chicago-il,2020-01-02,956d0e88-c79e-491a-a68c-150b1e4514bd,db7f2c5d-2727-41fd-bd6f-e91c74164f09,"",1616,2020-02-22 16:19:52.200407,2023-08-26 17:39:58.976764,0,,3.57142857142857,0,1,1
44c64164-439f-446c-b289-27ad48b266bf,2014-01-25-1stbank-center-broomfield-co,2014-01-25,e85ecd88-4624-40b5-83b1-25892870da56,db7f2c5d-2727-41fd-bd6f-e91c74164f09,"",1414,2020-02-22 16:19:52.200407,2024-04-29 20:56:58.508426,0,,3.5,0,0,0
52efb4d6-251b-4863-9790-b288f6894b37,1999-04-22-route-20-club-palmer-ma,1999-04-22,18544d89-51ef-4449-9baa-644dbacda0be,db7f2c5d-2727-41fd-bd6f-e91c74164f09,"",375,2020-02-22 16:19:52.200407,2023-08-26 17:46:59.431810,0,https://relisten.net/disco-biscuits/1999/04/22,3.5,1,0,0
5ac5b2eb-259e-4454-985b-a8604e5c02a2,1999-01-19-flapjack-s-pub-paul-s-pancake-house-dillsburg-pa,1999-01-19,fc6426e2-7a01-4226-96b9-c9f655b5ecc4,db7f2c5d-2727-41fd-bd6f-e91c74164f09,"",318,2020-02-22 16:19:52.200407,2023-08-26 17:44:52.941113,0,https://relisten.net/disco-biscuits/1999/01/19,4.3,0,0,0
6a6c6947-5c3d-4c02-9a8d-c89662989d03,1999-05-05-exit-inn-nashville-tn,1999-05-05,8a37652d-3c66-407c-94bf-7b189703d402,db7f2c5d-2727-41fd-bd6f-e91c74164f09,"",384,2020-02-22 16:19:52.200407,2023-08-26 17:47:39.044142,0,https://relisten.net/disco-biscuits/1999/05/05,3.25,0,0,0
34b258c3-25f9-46c3-9921-df1ac5f8f4ce,2013-12-26-best-buy-theater-new-york-ny,2013-12-26,3c1485b6-a149-49d6-ae5d-7f2a65afe7d3,db7f2c5d-2727-41fd-bd6f-e91c74164f09,"",1403,2020-02-22 16:19:52.200407,2024-08-02 13:33:30.156478,0,,3.84615384615385,0,2,0
6beb18ab-4ec5-457d-b774-9babbd5de669,2018-12-09-10-mile-music-hall-frisco-colorado,2018-12-09,865d3aaa-390f-42ae-a261-aa9abe4fc753,db7f2c5d-2727-41fd-bd6f-e91c74164f09,"",1574,2020-02-22 16:19:52.200407,2024-08-25 20:34:34.907120,0,,3.67647058823529,0,1,1
63ab03ce-7443-415d-9b29-b95b2f9ac994,1999-10-30-somerville-theater-somerville-ma,1999-10-30,5b64e6bb-feb7-4e17-90f4-ab4e8ff59b15,db7f2c5d-2727-41fd-bd6f-e91c74164f09,"",451,2020-02-22 16:19:52.200407,2024-08-28 15:09:43.330249,0,https://relisten.net/disco-biscuits/1999/10/30,4.35,0,0,0
a26bd135-0702-46b6-bf7d-45e8b73bd789,2023-12-01-miami-beach-bandshell-miami-beach-fl,2023-12-01,08684f3a-c0e1-478c-982c-42131819d16a,db7f2c5d-2727-41fd-bd6f-e91c74164f09,North Beach Music Festival,,2023-12-02 00:57:15.141436,2024-11-10 00:03:04.150833,0,https://relisten.net/disco-biscuits/2023/12/01,3.20454545454545,0,0,0
30b66941-df71-48d4-b516-1b28bd3ab550,2016-06-04-red-rocks-amphitheater-morrison-co,2016-06-04,25062d21-ff23-484b-8220-4b03ff26bbae,db7f2c5d-2727-41fd-bd6f-e91c74164f09,"",1489,2020-02-22 16:19:52.200407,2024-09-15 00:01:55.423957,0,,4.14814814814815,0,0,2
2a5af573-ca3e-430c-8799-d9ce35c66a83,2003-04-17-vogue-theater-indianapolis-in,2003-04-17,78cc0a80-887a-466c-b46e-505578d8de29,db7f2c5d-2727-41fd-bd6f-e91c74164f09,"",738,2020-02-22 16:19:52.200407,2024-09-15 16:23:43.098950,0,https://relisten.net/disco-biscuits/2003/04/17,4.0625,0,0,1
2a6ae2f5-dfb2-452c-b530-2e1f859618da,1999-12-04-irving-plaza-new-york-ny,1999-12-04,397149cc-e8d3-4557-9491-4d180be19e68,db7f2c5d-2727-41fd-bd6f-e91c74164f09,Project Logic opened.,453,2020-02-22 16:19:52.200407,2024-12-05 21:09:07.640886,0,https://relisten.net/disco-biscuits/1999/12/04,4.675,4,0,0
32719885-0e66-4def-bd64-b7084dd02c01,1999-05-06-in-the-living-room-with-the-dunhams-atlanta-ga,1999-05-06,696323b2-bfa5-4a96-8861-a005dbaaaa6e,db7f2c5d-2727-41fd-bd6f-e91c74164f09,FM Broadcast on 6/6/99.  Radio show.,725,2020-02-22 16:19:52.200407,2023-08-26 17:47:52.557385,0,https://relisten.net/disco-biscuits/1999/05/06,3.25,0,0,0
7101d5cc-776d-4d0e-86ab-2c9d86347744,1999-06-11-magnolia-street-pub-spartanburg-sc,1999-06-11,395698f1-f7ab-426b-84da-6055ee634ce0,db7f2c5d-2727-41fd-bd6f-e91c74164f09,"",402,2020-02-22 16:19:52.200407,2024-05-29 21:39:48.519775,0,https://relisten.net/disco-biscuits/1999/06/11,4.11111111111111,0,0,0
3344933e-d314-4cb4-b46a-96cc7fa93685,2022-04-01-the-capitol-theater-port-chester-ny,2022-04-01,3dbcb903-ae38-48e8-aeef-c2ba426f6320,db7f2c5d-2727-41fd-bd6f-e91c74164f09,"",,2022-04-02 00:41:55.029591,2024-11-25 15:43:29.162373,0,https://relisten.net/disco-biscuits/2022/04/01,4.18604651162791,0,0,0
5cb8fd03-c239-44e4-8b79-2a0d50c0aece,2006-11-01-state-theater-ithaca-ny,2006-11-01,0c4e3630-a46c-4faf-b1e2-c440316fd14f,db7f2c5d-2727-41fd-bd6f-e91c74164f09,With Shawn Hennessey on percussion,926,2020-02-22 16:19:52.200407,2023-08-27 11:40:57.311684,0,,3.96153846153846,0,0,1
6015603c-3e0d-457b-9c9f-0ce8ec8d241a,2011-08-23-aarons-amphitheatre-at-lakewood-atlanta-ga,2011-08-23,c9f350ab-f78c-473a-92a7-d6208f86c020,db7f2c5d-2727-41fd-bd6f-e91c74164f09,"Identity Festival - Kaskade, Rusko, DJ Shadow, Steve Aoki and more",1347,2020-02-22 16:19:52.200407,2024-04-29 21:01:07.781508,0,,3.95454545454545,0,0,0
5993d62e-ba2f-4200-aa7a-e4de220e5863,2006-11-12-house-of-blues-cleveland-oh,2006-11-12,54bb845d-e205-4bd8-962b-de47fbf87e39,db7f2c5d-2727-41fd-bd6f-e91c74164f09,"",936,2020-02-22 16:19:52.200407,2023-08-27 11:41:35.303759,0,https://relisten.net/disco-biscuits/2006/11/12,4.28571428571429,0,0,1
6f52bc6b-87d8-4a4b-b545-92e327ec1f62,2009-09-22-jupiter-bar-grill-tuscaloosa-al,2009-09-22,ee35b44f-c67d-4422-b467-c2f7b7502e94,db7f2c5d-2727-41fd-bd6f-e91c74164f09,Two Fresh opened,1177,2020-02-22 16:19:52.200407,2024-05-06 13:50:25.024600,0,https://relisten.net/disco-biscuits/2009/09/22,4.2,0,0,2
63e43988-2b2d-4469-a233-3cc4ae778cd7,2012-07-06-house-of-blues-atlantic-city-nj,2012-07-06,32866dc3-a0d8-4ce4-ab8b-73f9f389a972,db7f2c5d-2727-41fd-bd6f-e91c74164f09,Damn Right! ft. Aron Magner opened,1369,2020-02-22 16:19:52.200407,2023-08-30 11:07:47.221792,0,,3.44736842105263,0,0,0
5a0b5a78-962f-4830-a17d-2173e16903df,2012-12-17-dreams-tulum-resort-spa-tulum-mexico,2012-12-17,3aade034-926f-4d9d-9f45-f9889fd37a91,db7f2c5d-2727-41fd-bd6f-e91c74164f09,Mayan Holidaze - Other acts include STS9 and DJ Elroy,1377,2020-02-22 16:19:52.200407,2023-08-30 11:08:26.518451,0,,3.875,0,0,0
5867e20f-31c5-4c80-954a-68a1e84f7630,2002-11-04-showplace-theater-buffalo-ny,2002-11-04,e5a1843f-8dd6-4467-b03f-1ce4c723ca85,db7f2c5d-2727-41fd-bd6f-e91c74164f09,Myoclonic Jerk opened.,697,2020-02-22 16:19:52.200407,2024-03-28 00:07:10.694073,0,https://relisten.net/disco-biscuits/2002/11/04,4.0625,0,0,0
6c3e8cb5-3107-40c4-8ee6-7dc9c67effa3,2009-01-29-cannery-ballroom-nashville-tn,2009-01-29,ddd0dd10-b935-4c9c-856d-4a6ea2b0ddc6,db7f2c5d-2727-41fd-bd6f-e91c74164f09,Future Rock opened,1151,2020-02-22 16:19:52.200407,2024-02-15 17:19:50.507609,0,https://relisten.net/disco-biscuits/2009/01/29,3.67857142857143,0,0,2
79115bcc-dd51-41a5-91cd-1379f6f478a8,2008-12-14-caribbean-holidaze-runaway-bay-jamaica,2008-12-14,a65f28c8-e63c-44ba-81de-5cbd64ba3017,db7f2c5d-2727-41fd-bd6f-e91c74164f09,"Caribbean Holidaze - Other acts include Brain Damaged Eggmen, Toubab Krewe and Zack Hagan featuring Dr. Fameus.",1166,2020-02-22 16:19:52.200407,2022-09-13 19:49:36.584755,0,https://relisten.net/disco-biscuits/2008/12/14,4.40909090909091,0,0,2
8523eef9-7d44-4657-a5c8-bec7133dbbbd,1999-03-06-good-times-eugene-or,1999-03-06,22446ee9-979f-4a35-9aab-83dbfa56ccf5,db7f2c5d-2727-41fd-bd6f-e91c74164f09,"Soundcheck: Plan B, ???",351,2020-02-22 16:19:52.200407,2022-09-13 21:13:52.886753,0,https://relisten.net/disco-biscuits/1999/03/06,3.75,0,0,0
78abbdb9-b09e-43c1-b9c6-880f1640e8b6,1999-03-19-mango-grille-madison-wi,1999-03-19,6cc96e3e-19e7-450e-8830-dd031f28e1c1,db7f2c5d-2727-41fd-bd6f-e91c74164f09,"",360,2020-02-22 16:19:52.200407,2022-09-13 21:14:45.838769,0,https://relisten.net/disco-biscuits/1999/03/19,2.625,0,0,0
9a1eb609-6b1a-4086-83ba-b9b6fb393789,1997-05-30-rhinecliff-hotel-rhinecliff-ny,1997-05-30,cd21afa5-4750-4dd4-bce9-0e8c8cfa0142,db7f2c5d-2727-41fd-bd6f-e91c74164f09,Opening for Schleigho,70,2020-02-22 16:19:52.200407,2020-02-23 00:37:27.685331,0,,0,0,0,0
7df41826-8091-403a-955e-6abaf1eb7038,2004-01-03-electric-factory-philadelphia-pa,2004-01-03,8ef35498-800d-42f7-82d1-d8ced42d0092,db7f2c5d-2727-41fd-bd6f-e91c74164f09,The New Deal opened.,812,2020-02-22 16:19:52.200407,2024-03-10 00:01:56.363756,0,https://relisten.net/disco-biscuits/2004/01/03,4.68421052631579,0,1,0
78bb096e-e672-40a3-a699-1502c4ed7a18,2006-02-23-starland-ballroom-sayreville-nj,2006-02-23,d7bcd39a-04d3-46ae-913a-c950de7b6c5d,db7f2c5d-2727-41fd-bd6f-e91c74164f09,"",863,2020-02-22 16:19:52.200407,2023-08-27 11:37:20.349644,0,https://relisten.net/disco-biscuits/2006/02/23,4.125,0,0,1
8e21c83b-7e38-4527-b428-098b60486356,2013-01-24-boulder-theater-boulder-co,2013-01-24,88fdfe2f-b85b-4aa0-ab05-613bd43f41cd,db7f2c5d-2727-41fd-bd6f-e91c74164f09,Future Rock opened,1385,2020-02-22 16:19:52.200407,2024-03-10 12:08:56.313529,0,https://relisten.net/disco-biscuits/2013/01/24,4,0,0,0
8547b4be-39f2-4c84-a3cc-d1c4712867a2,1999-03-04-the-tractor-seattle-wa,1999-03-04,b42a1831-2e6f-46b4-8de9-4ad5dbe25bed,db7f2c5d-2727-41fd-bd6f-e91c74164f09,The set was the third complete performance of 'The Hot Air Balloon',349,2020-02-22 16:19:52.200407,2024-03-05 14:59:59.883940,0,https://relisten.net/disco-biscuits/1999/03/04,3.5,0,0,0
96f509af-df99-4e6a-9841-1e3daa816e99,2006-09-23-patrick-gymnasium-university-of-vermont-burlington-vt,2006-09-23,c137fd5b-3b41-42be-b51e-a1d2a43ded7a,db7f2c5d-2727-41fd-bd6f-e91c74164f09,"Brothers Past opened<br>With the exception of Little Lai, enitre show with Shawn Hennessey on percussion",923,2020-02-22 16:19:52.200407,2024-02-10 01:22:26.631241,0,https://relisten.net/disco-biscuits/2006/09/23,3.86842105263158,0,0,2
a33dccc6-cd3b-4b70-9402-8852f62748e0,2021-12-31-the-fillmore-philadelphia-pa,2021-12-31,772346af-6a44-47b2-980d-aba4db9f114f,db7f2c5d-2727-41fd-bd6f-e91c74164f09,"",,2022-01-01 02:25:06.558547,2024-11-25 15:43:46.850697,0,https://relisten.net/disco-biscuits/2021/12/31,4.2,0,0,4
9789b23d-3d82-4992-97be-34b0515f5ff3,1998-05-24-groovefest-merriweather-post-pavilion-columbia-md,1998-05-24,a82eb4c6-e6c4-4596-b5c9-49c29f4e8ee9,db7f2c5d-2727-41fd-bd6f-e91c74164f09,"",225,2020-02-22 16:19:52.200407,2023-08-26 17:43:11.045162,0,https://relisten.net/disco-biscuits/1998/05/24,3.25,0,0,0
8f55fc7b-7ce9-4cc2-8e5a-219c3c0eb7f4,1999-01-21-the-haunt-ithaca-ny,1999-01-21,643378cc-358f-4082-b83a-5240a4c1fd22,db7f2c5d-2727-41fd-bd6f-e91c74164f09,"",319,2020-02-22 16:19:52.200407,2023-08-26 17:44:59.844322,0,https://relisten.net/disco-biscuits/1999/01/21,3,0,0,0
8d3491f5-4f0c-44a4-bac6-53d11cf04416,2001-03-22-palookaville-santa-cruz-ca,2001-03-22,e7e91119-521d-4651-a8b2-360bcc5c6cbe,db7f2c5d-2727-41fd-bd6f-e91c74164f09,"",509,2020-02-22 16:19:52.200407,2024-03-23 17:12:48.482363,0,https://relisten.net/disco-biscuits/2001/03/22,3,27,0,1
884c21f7-2b0d-426a-a30c-ee46d3ddec29,2003-08-09-waterloo-village-stanhope-nj,2003-08-09,a40e541a-01ec-49bd-89de-a705f57fb028,db7f2c5d-2727-41fd-bd6f-e91c74164f09,"Opening for String Cheese Incident, The Flaming Lips, and Medeski Martin and Wood. Soulive and Kaki King opened.",772,2020-02-22 16:19:52.200407,2023-08-27 11:30:09.182683,0,https://relisten.net/disco-biscuits/2003/08/09,4.10714285714286,0,0,0
57e12495-5d29-4e3d-9b2e-9211ae92dac2,2018-05-25-ogden-theater-denver-co,2018-05-25,6a113f67-1c38-4874-a465-80b7ae21d2f8,db7f2c5d-2727-41fd-bd6f-e91c74164f09,Bisco Inferno,1557,2020-02-22 16:19:52.200407,2024-11-07 02:07:00.470943,0,,4.22916666666667,0,1,1
d85b190b-fdaa-4bd7-8a98-f90f7dfa4e4a,2023-07-07-pine-creek-lodge-livingston-montana,2023-07-07,a4911ded-2c18-4fb8-b813-18de1fc6c0be,db7f2c5d-2727-41fd-bd6f-e91c74164f09,"",,2023-07-08 01:55:47.395996,2024-09-17 00:56:24.849518,0,"",3.97727272727273,0,0,1
478342c3-fe6b-4842-88b9-fee8c7366705,2017-05-27-maine-state-pier-portland-me,2017-05-27,b4d37cd7-4a92-4c51-aed9-ac8e55c8cae7,db7f2c5d-2727-41fd-bd6f-e91c74164f09,"",1517,2020-02-22 16:19:52.200407,2024-08-29 20:00:04.210773,0,,3.41666666666667,0,1,1
8c11b17d-8408-436a-bb7d-59b95c7c088f,2018-12-31-the-fillmore-philadelphia-pa,2018-12-31,772346af-6a44-47b2-980d-aba4db9f114f,db7f2c5d-2727-41fd-bd6f-e91c74164f09,20th Anniversary Performance of The Hot Air Balloon Rock Opera,1581,2020-02-22 16:19:52.200407,2024-08-25 20:35:08.630330,0,,4.23076923076923,0,1,1
86a26fc1-6f58-41f9-bbef-562a9939a1aa,2007-03-24-olympic-center-lake-placid-ny,2007-03-24,7dc820cf-ffdd-48ed-b938-b1b0d9619326,db7f2c5d-2727-41fd-bd6f-e91c74164f09,"<i><br>snoe.down 2007<br>Other Acts Include moe, Little Feat, The Brazillian Girls, The Slip, Brothers Past and others<br></i>",966,2020-02-22 16:19:52.200407,2024-11-22 01:25:33.660515,0,https://relisten.net/disco-biscuits/2007/03/24,3.36666666666667,0,0,1
8249bc8f-141a-42da-82fa-141cd94c113a,2017-05-26-maine-state-pier-portland-me,2017-05-26,b4d37cd7-4a92-4c51-aed9-ac8e55c8cae7,db7f2c5d-2727-41fd-bd6f-e91c74164f09,"",1516,2020-02-22 16:19:52.200407,2024-08-29 19:59:58.938464,0,,3.55882352941176,0,1,1
d3f294a3-03df-46f0-afb4-60d195081836,2021-07-10-mann-center-for-the-performing-arts-philadelphia-pa,2021-07-10,2b839f0d-5ce0-402a-a7ae-aee8968dc3e9,db7f2c5d-2727-41fd-bd6f-e91c74164f09, ,,2021-07-13 01:26:56.219711,2024-11-25 15:44:44.001406,0,"",4.55714285714286,0,0,0
8d7028ed-e058-4ba9-931b-fe4b1ffa0ea3,2003-08-13-the-nation-washington-dc,2003-08-13,c4711b86-3dd2-4a75-8073-b04e4ed7beae,db7f2c5d-2727-41fd-bd6f-e91c74164f09,DJ Scott Henry opened.,776,2020-02-22 16:19:52.200407,2023-08-27 11:30:23.299676,0,https://relisten.net/disco-biscuits/2003/08/13,4.36363636363636,0,0,0
7956be38-b533-433a-a12f-f39c1eca048a,2003-08-22-the-bay-center-dewey-beach-de,2003-08-22,5a9db110-10eb-44ed-aa52-6719161be3df,db7f2c5d-2727-41fd-bd6f-e91c74164f09,"",782,2020-02-22 16:19:52.200407,2023-08-27 11:30:39.395741,0,,4.61111111111111,0,0,1
79473b8b-01a4-427c-baac-34edb9d25f18,2009-12-26-nokia-theater-new-york-ny,2009-12-26,e66af935-c834-43cb-a7d2-2983b29408e4,db7f2c5d-2727-41fd-bd6f-e91c74164f09,"",1211,2020-02-22 16:19:52.200407,2024-02-18 12:36:45.317880,0,,4.35714285714286,0,0,0
95a91d1d-c270-43c9-9292-2aa1be200b66,2006-05-26-three-sister-s-park-chillicothe-il-2,2006-05-26,2b1bd682-7e6f-4f53-9305-d2c7309cab61,db7f2c5d-2727-41fd-bd6f-e91c74164f09,"Summer Camp 2006. With Umphrey's McGee, moe, Keller Williams, Brothers Past and others",898,2020-02-22 16:19:52.200407,2023-08-27 11:39:10.321378,0,https://relisten.net/disco-biscuits/2006/05/26,3.60714285714286,0,0,1
706c4cb1-ff26-4a37-8bde-7f0a1eef4dc4,2006-11-11-newport-music-hall-columbus-oh,2006-11-11,04aa905a-f64f-428b-ac41-0bae402258fd,db7f2c5d-2727-41fd-bd6f-e91c74164f09,"",935,2020-02-22 16:19:52.200407,2023-08-27 11:41:31.723698,0,https://relisten.net/disco-biscuits/2006/11/11,4.4375,0,0,2
c9bc762f-89ab-400d-9eb3-946a0d69e0b0,2006-11-08-mr-small-s-funhouse-pittsburgh-pa,2006-11-08,fe3ae2cc-2d4d-4a18-a68d-c41fc44a47db,db7f2c5d-2727-41fd-bd6f-e91c74164f09,"",931,2020-02-22 16:19:52.200407,2023-08-27 11:41:12.887700,0,https://relisten.net/disco-biscuits/2006/11/08,3.875,0,0,1
8458ea4a-7530-41ad-829a-e6e3ce2c9903,2007-07-22-the-independent-san-francisco-ca,2007-07-22,6e3e8680-6bdb-4a06-ab4e-5207bc13907c,db7f2c5d-2727-41fd-bd6f-e91c74164f09,"",1000,2020-02-22 16:19:52.200407,2023-08-27 11:47:26.692661,0,https://relisten.net/disco-biscuits/2007/07/22,4.75,0,0,1
8d0ae731-a935-48f1-a695-c5e9aa715099,2011-08-28-gexa-energy-pavilion-dallas-tx,2011-08-28,d81d72e0-3d8b-44de-9fd2-5b5659ceb267,db7f2c5d-2727-41fd-bd6f-e91c74164f09,"Identity Festival - Pretty Lights, Rusko, DJ Shadow, Steve Aoki and more",1351,2020-02-22 16:19:52.200407,2023-08-30 11:05:00.374202,0,,3.14285714285714,0,0,0
96dcb269-8b0a-49a0-a287-f1c8ee9c18ab,2014-08-02-seaside-park-bridgeport-connecticut,2014-08-02,a447d4d7-9b84-475b-b169-2d22155510d9,db7f2c5d-2727-41fd-bd6f-e91c74164f09,Gathering of the Vibes ,1428,2020-02-22 16:19:52.200407,2023-09-13 10:59:27.768436,0,https://relisten.net/disco-biscuits/2014/08/02,2.32142857142857,0,1,0
f474d788-59ad-43f8-bc9b-5c471cdf499e,2001-09-21-gothic-theater-englewood-co,2001-09-21,a4e17f2c-5141-4ca4-a0ed-410e801ef267,db7f2c5d-2727-41fd-bd6f-e91c74164f09,"",576,2020-02-22 16:19:52.200407,2022-09-12 17:48:37.574539,0,https://relisten.net/disco-biscuits/2001/09/21,4.27777777777778,0,0,1
c0c7decd-58c4-45e5-ad29-0d46dd39b8f0,2015-04-25-cbw-green-at-uvm-burlington-vermont,2015-04-25,fff8db04-043d-4088-9129-82dd7b734dc9,db7f2c5d-2727-41fd-bd6f-e91c74164f09,UVM Spring Fest ,1457,2020-02-22 16:19:52.200407,2024-02-10 01:44:28.441475,0,https://relisten.net/disco-biscuits/2015/04/25,4.34782608695652,0,0,1
bfbf5e65-40fc-4ad9-98bd-5673c916f73f,2001-10-13-asagiri-arena-asagiri-japan,2001-10-13,51d73a95-1aae-4091-b678-74cef9c32c46,db7f2c5d-2727-41fd-bd6f-e91c74164f09,"Asagiri Music Festival.  With Galactic, Ozomatli, Tokyo Ska Paradise Orchestra, Dry And Heavy, and Big Frog.",585,2020-02-22 16:19:52.200407,2022-09-12 17:49:06.797198,0,https://relisten.net/disco-biscuits/2001/10/13,3.375,3,0,1
a043dcd7-06bc-475d-8892-70666c74717d,1999-06-03-recher-theatre-towson-md,1999-06-03,e478ad9b-42c9-4527-ba9b-cf0950b71100,db7f2c5d-2727-41fd-bd6f-e91c74164f09,"JamBands.com show - Jiggle the Handle, The Slip, Moon Boot Lover and Percy Hill opened.",398,2020-02-22 16:19:52.200407,2022-08-27 17:38:07.666443,0,https://relisten.net/disco-biscuits/1999/06/03,4,0,0,0
f29c74f4-518a-4bbb-b098-ad85ea3208ac,1999-02-24-winston-s-san-diego-ca,1999-02-24,814090b9-b647-419e-90b6-158a7de70803,db7f2c5d-2727-41fd-bd6f-e91c74164f09,"Soundcheck: Magellan, Bernstein and Chasnoff",344,2020-02-22 16:19:52.200407,2022-09-13 21:11:50.460499,0,https://relisten.net/disco-biscuits/1999/02/24,3.5,0,1,0
bc0b5b5f-3ff4-4bca-8bf1-b922449a78c7,1999-03-10-ritz-club-salt-lake-city-ut,1999-03-10,54ce61dd-246b-4fd0-8e8f-23f859efacae,db7f2c5d-2727-41fd-bd6f-e91c74164f09,Soundcheck: Stone Little Shimmy In A Conga Line,353,2020-02-22 16:19:52.200407,2022-09-13 21:13:59.333302,0,https://relisten.net/disco-biscuits/1999/03/10,2,0,0,0
9a1ee525-0967-4b2d-bb03-f3db60071d2a,1998-07-09-chelsea-s-columbus-oh,1998-07-09,809408ef-c8c2-4f97-9144-8c44720567ac,db7f2c5d-2727-41fd-bd6f-e91c74164f09,Possibly incomplete.,253,2020-02-22 16:19:52.200407,2022-11-06 14:12:53.380360,0,https://relisten.net/disco-biscuits/1998/07/09,1.5,0,0,0
ee576bcd-73ba-4622-893c-0a8bbe27178e,1997-11-01-crossroads-new-york-ny,1997-11-01,8be3bdcb-9f5a-4ef7-82e8-b4245b63fa78,db7f2c5d-2727-41fd-bd6f-e91c74164f09,"",129,2020-02-22 16:19:52.200407,2020-02-23 00:37:38.758395,0,,0,0,0,0
8d755089-80f2-4b59-ad76-dc21a514ebd7,2014-08-01-9-30-club-washington-dc,2014-08-01,07aef483-1f92-466a-8f3e-ee2d2ef9969c,db7f2c5d-2727-41fd-bd6f-e91c74164f09,"",1427,2020-02-22 16:19:52.200407,2023-09-13 10:59:22.808955,0,https://relisten.net/disco-biscuits/2014/08/01,4.25,0,0,1
603a1725-f665-444f-8292-a42afbbce65d,1995-12-01-4000-pine-street-philadelphia-pa-2,1995-12-01,5b430998-ece4-41b7-a944-ffbfcd0d9bec,db7f2c5d-2727-41fd-bd6f-e91c74164f09,"",1233,2020-02-22 16:19:52.200407,2020-02-23 00:37:18.178162,0,,0,0,0,0
29f8e3c6-e4e1-47a8-8ec7-a6e939396060,2009-06-04-lafayette-square-buffalo-ny,2009-06-04,8726e87a-4a2f-4658-b582-012340c06053,db7f2c5d-2727-41fd-bd6f-e91c74164f09,Thursday at the Square,1113,2020-02-22 16:19:52.200407,2024-02-18 13:10:07.315528,0,https://relisten.net/disco-biscuits/2009/06/04,4.5,0,0,2
9666fd19-361c-4f27-8649-e11b98dd923c,2019-11-22-si-hall-syracuse-ny,2019-11-22,b21b7f6c-f550-4add-b02d-0fab75ce44b1,db7f2c5d-2727-41fd-bd6f-e91c74164f09,"",1606,2020-02-22 16:19:52.200407,2024-11-25 15:45:37.670779,0,https://relisten.net/disco-biscuits/2019/11/22,4.08571428571429,0,1,2
abd742ac-d264-4a97-b0f6-536f719912ac,2011-08-24-1-800-ask-gary-amphitheatre-tampa-fl,2011-08-24,a26b75bb-f647-477f-83fd-d9f9e96a35c7,db7f2c5d-2727-41fd-bd6f-e91c74164f09,"Identity Festival - Kaskade, Pretty Lights, Rusko, DJ Shadow and more",1348,2020-02-22 16:19:52.200407,2023-08-30 11:04:49.801993,0,,4.1875,0,0,0
95e6c6ed-9d3c-432b-9e1d-d6fae1bee25b,1999-05-15-zollman-s-pavilion-buffalo-creek-music-festival-lexington-va,1999-05-15,80210532-913b-4505-a5cd-9a406177803f,db7f2c5d-2727-41fd-bd6f-e91c74164f09,"",390,2020-02-22 16:19:52.200407,2024-05-29 21:39:20.043832,0,https://relisten.net/disco-biscuits/1999/05/15,3.25,0,0,0
c0625c5c-4850-4cc2-a1dc-79606073cb73,1998-12-04-rec-room-towson-md,1998-12-04,cb85a3f9-02e5-452b-a8cd-eec941d5b3d8,db7f2c5d-2727-41fd-bd6f-e91c74164f09,"",311,2020-02-22 16:19:52.200407,2023-08-26 16:22:03.443720,0,https://relisten.net/disco-biscuits/1998/12/04,3.75,0,0,1
879fda2f-b8ec-4dd4-bb93-36b7bfea8225,2017-09-20-irving-plaza-new-york-ny,2017-09-20,397149cc-e8d3-4557-9491-4d180be19e68,db7f2c5d-2727-41fd-bd6f-e91c74164f09,"",1528,2020-02-22 16:19:52.200407,2024-08-25 20:28:26.880858,0,https://relisten.net/disco-biscuits/2017/09/20,3.72222222222222,0,1,1
7797d941-b068-43ed-99f9-ae6de12d37c2,2017-04-29-the-capitol-theater-port-chester-ny,2017-04-29,3dbcb903-ae38-48e8-aeef-c2ba426f6320,db7f2c5d-2727-41fd-bd6f-e91c74164f09,"",1515,2020-02-22 16:19:52.200407,2024-08-25 20:27:04.990810,0,https://relisten.net/disco-biscuits/2017/04/29,4.62903225806452,0,1,3
f67dd844-761a-4d9b-9a31-9548c5692ea9,2017-12-31-playstation-theater-new-york-ny,2017-12-31,7b00c23c-dc31-4e72-8633-820e8c228ff4,db7f2c5d-2727-41fd-bd6f-e91c74164f09,"",1545,2020-02-22 16:19:52.200407,2024-08-25 20:30:49.626128,0,,4.5,0,1,1
8c565c26-a9aa-4fa3-a6d0-11c50c69cc5e,2018-11-23-palace-theater-albany-ny,2018-11-23,5f9e5538-df9b-4cd6-859f-3622d2731aa9,db7f2c5d-2727-41fd-bd6f-e91c74164f09,"",1570,2020-02-22 16:19:52.200407,2024-08-25 20:34:22.484799,0,,4.16666666666667,0,1,2
c7378125-eeb4-4dc8-93aa-a6fba2e3aa7e,2018-12-08-10-mile-music-hall-frisco-colorado,2018-12-08,865d3aaa-390f-42ae-a261-aa9abe4fc753,db7f2c5d-2727-41fd-bd6f-e91c74164f09,"",1573,2020-02-22 16:19:52.200407,2024-08-25 20:34:33.148150,0,,3.69444444444444,0,1,1
8fbaa8cc-3f76-42ff-baab-aeab5930ef95,2016-12-29-the-tabernacle-atlanta-ga,2016-12-29,10e901aa-54aa-45d7-b25d-4675602972f5,db7f2c5d-2727-41fd-bd6f-e91c74164f09,"",1506,2020-02-22 16:19:52.200407,2024-08-29 20:03:00.819795,0,,3.30952380952381,0,1,0
8d17fa74-e8f2-4c96-86fd-b7092e52b85f,2000-10-11-the-roxy-hollywood-ca,2000-10-11,f14def51-b4ea-4ed8-9aad-347848c90c32,db7f2c5d-2727-41fd-bd6f-e91c74164f09,"",474,2020-02-22 16:19:52.200407,2024-09-06 20:07:24.077997,0,https://relisten.net/disco-biscuits/2000/10/11,4.36363636363636,0,0,2
e1a57bcc-3dbe-4b9c-b611-fe538f4d82b2,2004-05-08-the-palladium-worcester-ma,2004-05-08,53cc7c67-4d8d-4663-8cea-5654d807867d,db7f2c5d-2727-41fd-bd6f-e91c74164f09,Show Recorded for Live At The Palladium DVD,822,2020-02-22 16:19:52.200407,2024-11-21 16:30:27.771075,0,https://relisten.net/disco-biscuits/2004/05/08,4.59090909090909,0,0,2
81aa024d-f7e4-4587-ae28-731f59de34ba,2002-04-14-the-vanderbilt-plainview-ny,2002-04-14,31dac481-4c72-4213-9bac-16f5502ce517,db7f2c5d-2727-41fd-bd6f-e91c74164f09,"",627,2020-02-22 16:19:52.200407,2024-11-25 12:16:50.435181,0,https://relisten.net/disco-biscuits/2002/04/14,4.375,40,0,0
b0a7d6e1-8ae6-47fa-a609-476e5094f7c1,2002-10-23-lincoln-theater-raleigh-nc,2002-10-23,301bb7dd-cb31-4f25-9eb5-efc8e6c5d193,db7f2c5d-2727-41fd-bd6f-e91c74164f09,"",686,2020-02-22 16:19:52.200407,2024-03-28 00:06:19.788918,0,https://relisten.net/disco-biscuits/2002/10/23,3.875,3,0,0
93d5a554-30ce-4579-b07f-aa3cb09bfa68,2003-09-28-hub-lawn-penn-state-university-state-college-pa,2003-09-28,4ef61ea5-30ac-4800-b744-08802e3f1db2,db7f2c5d-2727-41fd-bd6f-e91c74164f09,"Great Get-Down Homecoming Festival. With Antibalas, The Reunion Show, Turning Point, and Lost Faculties.",787,2020-02-22 16:19:52.200407,2023-08-27 11:31:05.164209,0,https://relisten.net/disco-biscuits/2003/09/28,4.65625,0,0,1
c973519e-e106-49b4-a089-df33b59bfee1,2015-10-31-crouse-hinds-theater-at-the-oncenter-syracuse-new-york,2015-10-31,22b604b1-9924-4dcc-9613-7b072ce9c5bf,db7f2c5d-2727-41fd-bd6f-e91c74164f09,"",1467,2020-02-22 16:19:52.200407,2023-12-01 18:47:13.809552,0,,4,0,2,1
8b85509b-7fb8-40eb-a94f-694620fd269b,2004-05-09-starland-ballroom-sayreville-nj,2004-05-09,d7bcd39a-04d3-46ae-913a-c950de7b6c5d,db7f2c5d-2727-41fd-bd6f-e91c74164f09,"Soundcheck: Crickets
(Set II with Mike Greenfield on drums)                        


",824,2020-02-22 16:19:52.200407,2024-06-17 18:09:45.726920,0,https://relisten.net/disco-biscuits/2004/05/09,4.63888888888889,0,0,0
e30514cd-e2d7-46cc-9e34-b428f3177e5a,1997-05-10-blue-terrapin-elizabethtown-pa,1997-05-10,37174f51-d4c0-4e8d-a07c-64829a136521,db7f2c5d-2727-41fd-bd6f-e91c74164f09,Song order for first and encore definite. Second set unsure -- all the songs are there though.,56,2020-02-22 16:19:52.200407,2024-02-29 15:07:27.243943,0,,4,0,0,0
76184594-a1da-462c-8cd4-1341026b4b98,2008-04-15-state-theater-falls-church-va,2008-04-15,f24ec163-9224-4d1d-b524-2ffd4090ad2f,db7f2c5d-2727-41fd-bd6f-e91c74164f09,"",1081,2020-02-22 16:19:52.200407,2024-04-04 20:30:07.654167,0,,3.92857142857143,0,0,3
b3a8fed7-199e-4d41-a6f2-b7e496d40eee,2015-02-21-electric-factory-philadelphia-pa,2015-02-21,8ef35498-800d-42f7-82d1-d8ced42d0092,db7f2c5d-2727-41fd-bd6f-e91c74164f09,"",1450,2020-02-22 16:19:52.200407,2024-01-01 03:34:13.149784,0,,3.85416666666667,0,0,1
c92949cf-9264-4972-ba30-af55e0a8a739,2008-04-18-georgia-theater-athens-ga,2008-04-18,b9399fba-a918-42a9-a1b3-aca290673d1a,db7f2c5d-2727-41fd-bd6f-e91c74164f09,"",1084,2020-02-22 16:19:52.200407,2024-02-18 12:33:56.748927,0,,4.65909090909091,0,0,2
bf6ea20d-d1f1-4957-a75e-839108aa24e2,2000-11-25-trocadero-philadelphia-pa,2000-11-25,feb271e4-61fc-4d66-ac24-ee9f39c76aad,db7f2c5d-2727-41fd-bd6f-e91c74164f09,"",500,2020-02-22 16:19:52.200407,2024-05-29 21:51:40.063146,0,https://relisten.net/disco-biscuits/2000/11/25,4.54166666666667,0,0,0
eb675faa-1e31-4647-825e-e2d2f9675353,1999-09-29-the-tractor-seattle-wa,1999-09-29,b42a1831-2e6f-46b4-8de9-4ad5dbe25bed,db7f2c5d-2727-41fd-bd6f-e91c74164f09,"",429,2020-02-22 16:19:52.200407,2023-06-21 19:06:19.958344,0,https://relisten.net/disco-biscuits/1999/09/29,3.875,0,0,0
fbdd36f2-ece5-40ec-ae63-d40b016606de,2010-10-31-jefferson-theater-charlottesville-va,2010-10-31,b53f3141-16d9-48b8-b6cd-3d2ba00b5290,db7f2c5d-2727-41fd-bd6f-e91c74164f09,Billed as Tractorbeam,1308,2020-02-22 16:19:52.200407,2022-08-27 18:24:21.701077,0,https://relisten.net/disco-biscuits/2010/10/31,4.04545454545455,0,0,0
f8f5786b-fd47-44a8-8855-972ec89f3929,1999-01-23-stone-church-newmarket-nh,1999-01-23,e664430c-51fa-489a-a2f6-290800fde6b4,db7f2c5d-2727-41fd-bd6f-e91c74164f09,"",321,2020-02-22 16:19:52.200407,2023-03-16 01:45:49.804986,0,https://relisten.net/disco-biscuits/1999/01/23,4,0,0,0
1875b7c7-cb3c-41fc-b11b-55e669314f4a,2008-03-14-carling-academy-islington-london-u-k,2008-03-14,17e54ce5-eaee-4bdd-917d-cb1a86f6e129,db7f2c5d-2727-41fd-bd6f-e91c74164f09,"With Umphrey's McGee, The Bays and Younger Brother",1052,2020-02-22 16:19:52.200407,2022-09-13 19:46:18.148904,0,https://relisten.net/disco-biscuits/2008/03/14,4.08333333333333,0,0,1
f350deb4-32e0-4557-a87d-4f6b678823fd,2010-04-20-9-30-club-washington-dc,2010-04-20,07aef483-1f92-466a-8f3e-ee2d2ef9969c,db7f2c5d-2727-41fd-bd6f-e91c74164f09,"Jason Fraticelli and the Wet Dreams opened, entire show with Tom Hamilton and Chris Michetti on guitar and Jon on MIDI.",1256,2020-02-22 16:19:52.200407,2024-02-04 12:53:37.156845,0,,3.35714285714286,0,0,0
052c6204-221d-439a-8a82-3b394962aebe,1998-09-30-cat-s-cradle-carrboro-nc,1998-09-30,28d6e228-5d83-4626-8415-ef4711cbe89b,db7f2c5d-2727-41fd-bd6f-e91c74164f09,"",293,2020-02-22 16:19:52.200407,2020-02-23 00:37:03.997194,0,,0,0,0,0
f69cbb82-608f-4508-9d63-58cef013b332,2017-10-26-the-palladium-worcester-ma,2017-10-26,53cc7c67-4d8d-4663-8cea-5654d807867d,db7f2c5d-2727-41fd-bd6f-e91c74164f09,"",1532,2020-02-22 16:19:52.200407,2024-11-25 15:46:06.390697,0,,4.23684210526316,0,1,0
0172c34a-166c-4f9e-b541-3b852f8b234f,1998-07-27-palookaville-santa-cruz-ca,1998-07-27,e7e91119-521d-4651-a8b2-360bcc5c6cbe,db7f2c5d-2727-41fd-bd6f-e91c74164f09,"",265,2020-02-22 16:19:52.200407,2020-02-23 00:37:03.509448,0,,0,0,0,0
10cb22c6-5436-4c53-a48e-fb1ca94c5179,1995-09-16-zeta-psi-university-of-pennsylvania-philadelphia-pa,1995-09-16,c6c7725a-6e5f-45c3-8b22-f73c05b270db,db7f2c5d-2727-41fd-bd6f-e91c74164f09,Played as Zex Sea ,1228,2020-02-22 16:19:52.200407,2020-02-23 00:37:05.561802,0,,0,0,0,0
14a2813e-51c5-4943-9ffe-997f1eba8fa2,1997-11-03-new-deal-roadhouse-deal-nj,1997-11-03,2fe4a1a0-4a5b-4f11-b363-e5371d99e0c1,db7f2c5d-2727-41fd-bd6f-e91c74164f09,"",130,2020-02-22 16:19:52.200407,2020-02-23 00:37:06.003876,0,,0,0,0,0
14be0cd9-2190-45c1-a079-c742d62890c4,1997-09-10-campus-pub-suny-binghamton-binghamton-ny,1997-09-10,1c9aeebd-707c-4d30-9b00-83fef9c841eb,db7f2c5d-2727-41fd-bd6f-e91c74164f09,"",106,2020-02-22 16:19:52.200407,2020-02-23 00:37:06.032992,0,,0,0,0,0
f9c9d6fb-2633-4b90-b4be-57586bf17b46,1999-05-08-ziggy-s-winston-salem-nc,1999-05-08,1e19b4b3-4616-480e-9b61-907d6f3d853e,db7f2c5d-2727-41fd-bd6f-e91c74164f09,"",386,2020-02-22 16:19:52.200407,2024-06-02 01:15:03.142694,0,https://relisten.net/disco-biscuits/1999/05/08,4.1,0,0,0
de6c3a20-ffce-4ca3-bec6-f723008668cc,1997-01-17-blarney-stone-philadelphia-pa,1997-01-17,4507c656-b5cc-4af9-8fd5-37a24679106e,db7f2c5d-2727-41fd-bd6f-e91c74164f09,"",29,2020-02-22 16:19:52.200407,2023-07-31 19:19:38.497684,0,https://relisten.net/disco-biscuits/1997/01/17,4,0,0,0
45c1f84f-99f7-4f7f-8dd2-e5f6e31b6d55,2008-03-19-the-max-amsterdam-holland,2008-03-19,4a85e92d-81f7-46e4-8432-6125b0ba026f,db7f2c5d-2727-41fd-bd6f-e91c74164f09,"Jam in the Dam 2008<br>Other acts include Umphrey's McGee, Tea Leaf Green, Lotus, Dark Star Orchestra and Perpetual Groove <br>",1056,2020-02-22 16:19:52.200407,2023-08-07 02:01:14.768417,0,,4.15,0,0,2
00d4c340-38e6-402d-892d-62d1628abb7f,1997-11-07-the-underground-brown-university-providence-ri,1997-11-07,f603a3e0-cf4a-4d84-bdcd-1dc5e5371cac,db7f2c5d-2727-41fd-bd6f-e91c74164f09,"",133,2020-02-22 16:19:52.200407,2023-07-31 20:42:51.808828,0,https://relisten.net/disco-biscuits/1997/11/07,3.25,0,0,0
e2015fb9-8220-4682-9fda-2ff22869646f,2016-03-25-the-capitol-theater-port-chester-ny,2016-03-25,3dbcb903-ae38-48e8-aeef-c2ba426f6320,db7f2c5d-2727-41fd-bd6f-e91c74164f09,The New Deal opened,1480,2020-02-22 16:19:52.200407,2024-11-25 15:46:18.080474,0,https://relisten.net/disco-biscuits/2016/03/25,3.60714285714286,0,1,1
00efcf22-3d98-4633-8d6e-244e449f6bb3,2002-10-09-tree-s-dallas-tx,2002-10-09,2e116b56-a17d-43a0-8a4e-08b6a7c447b5,db7f2c5d-2727-41fd-bd6f-e91c74164f09,"",675,2020-02-22 16:19:52.200407,2024-03-28 00:05:40.677827,0,https://relisten.net/disco-biscuits/2002/10/09,3.42857142857143,0,0,0
f56cc98d-e24f-49b9-9475-9650f6374810,2001-10-31-woodmen-of-the-world-hall-eugene-or,2001-10-31,66010b7b-ba64-4075-aedb-d4e7f0b9f5c5,db7f2c5d-2727-41fd-bd6f-e91c74164f09,DJ Mauricio spun between sets.,587,2020-02-22 16:19:52.200407,2023-08-26 17:59:42.627034,0,https://relisten.net/disco-biscuits/2001/10/31,4.18181818181818,43,0,1
f206ddb4-ca94-4b45-bea2-c6c8b95d5c2f,2006-04-19-rox-wilmington-nc,2006-04-19,906f90b9-16c2-4366-8374-8bfd4235a243,db7f2c5d-2727-41fd-bd6f-e91c74164f09,"",880,2020-02-22 16:19:52.200407,2024-11-10 02:22:58.936091,0,https://relisten.net/disco-biscuits/2006/04/19,3.90909090909091,0,0,1
00909cae-09d3-48de-8ee6-2697cc5bc072,2017-09-23-ford-amphitheater-at-coney-island-boardwalk-brooklyn-new-york,2017-09-23,33c0c92d-9762-4deb-b72d-cdd058b3c3b5,db7f2c5d-2727-41fd-bd6f-e91c74164f09,"",1531,2020-02-22 16:19:52.200407,2024-08-25 20:28:39.726718,0,,3.92857142857143,0,1,1
0fd36c04-38ee-4ca4-b0dd-1eefcdd09a20,2023-07-08-pine-creek-lodge-livingston-montana,2023-07-08,a4911ded-2c18-4fb8-b813-18de1fc6c0be,db7f2c5d-2727-41fd-bd6f-e91c74164f09,"",,2023-07-09 01:30:06.659030,2024-09-17 00:56:48.265450,0,"",3.57142857142857,0,0,0
aa5306a7-5709-4f25-a6d6-182041d8eb7b,2003-04-19-barrymore-theater-madison-wi,2003-04-19,34d157ac-ef3f-4078-bffc-fc1a0446bf0c,db7f2c5d-2727-41fd-bd6f-e91c74164f09,"",741,2020-02-22 16:19:52.200407,2024-09-15 16:23:47.625575,0,https://relisten.net/disco-biscuits/2003/04/19,4.125,0,0,1
a532cf67-e563-45e1-ac91-4b18f951eb04,2010-08-28-verizon-wireless-amphitheatre-at-encore-park-alpharetta-ga,2010-08-28,b981419a-9386-49c5-b8de-8fac9ff8609e,db7f2c5d-2727-41fd-bd6f-e91c74164f09,"with STS9, Big Boi, Big Gigantic and John Hughes",1287,2020-02-22 16:19:52.200407,2024-11-10 02:31:57.299466,0,https://relisten.net/disco-biscuits/2010/08/28,3.40909090909091,0,0,1
fb30d65c-30a0-4136-9a3b-f015ed7f48d8,2002-12-30-electric-factory-philadelphia-pa,2002-12-30,8ef35498-800d-42f7-82d1-d8ced42d0092,db7f2c5d-2727-41fd-bd6f-e91c74164f09,"",707,2020-02-22 16:19:52.200407,2023-08-26 18:06:53.387341,0,https://relisten.net/disco-biscuits/2002/12/30,4.66666666666667,0,0,0
1eaf56ac-a030-4e89-86ca-80b56df0f4a4,2007-11-04-town-ballroom-buffalo-ny,2007-11-04,edf8b5e6-2040-4d55-bfc0-833f839ed87d,db7f2c5d-2727-41fd-bd6f-e91c74164f09,"",1029,2020-02-22 16:19:52.200407,2023-08-27 11:48:56.475656,0,https://relisten.net/disco-biscuits/2007/11/04,4.375,0,0,2
e9920623-3cbd-47ba-977d-fd6cd31634f8,2009-07-18-indian-lookout-country-club-mariaville-ny,2009-07-18,79422c08-e8d6-4753-80ae-5967d56d9892,db7f2c5d-2727-41fd-bd6f-e91c74164f09,"Camp Bisco 8 - Other acts include STS9, Nas & Damian ",1098,2020-02-22 16:19:52.200407,2023-10-17 12:44:14.926052,0,https://relisten.net/disco-biscuits/2009/07/18,4.08333333333333,26,1,0
003dd2a7-b43f-4bce-bbdb-743daf2cf09e,2000-11-24-trocadero-philadelphia-pa,2000-11-24,feb271e4-61fc-4d66-ac24-ee9f39c76aad,db7f2c5d-2727-41fd-bd6f-e91c74164f09,"",499,2020-02-22 16:19:52.200407,2024-05-29 21:51:37.757334,0,https://relisten.net/disco-biscuits/2000/11/24,4.5,0,0,0
edcd2023-2f19-499d-a738-7a1f47bbc928,2012-07-12-indian-lookout-country-club-mariaville-ny,2012-07-12,79422c08-e8d6-4753-80ae-5967d56d9892,db7f2c5d-2727-41fd-bd6f-e91c74164f09,Camp Bisco XI,1371,2020-02-22 16:19:52.200407,2023-08-30 11:07:56.184440,0,,3.58695652173913,0,0,0
eac0d72e-24e5-4d37-ada6-a3ce490d08a7,2009-01-17-the-calvin-northampton-ma,2009-01-17,d4947160-f660-4ad3-9f5b-9a33becb14bf,db7f2c5d-2727-41fd-bd6f-e91c74164f09,"",1159,2020-02-22 16:19:52.200407,2024-03-30 04:30:58.602627,0,https://relisten.net/disco-biscuits/2009/01/17,3.85294117647059,0,0,1
e20b393f-7fbe-4061-a7fa-ca464cd8b777,1999-03-25-small-planet-east-lansing-mi,1999-03-25,a13df861-0300-479f-8077-f5ce6fece1b8,db7f2c5d-2727-41fd-bd6f-e91c74164f09,"",364,2020-02-22 16:19:52.200407,2023-09-02 17:00:31.135323,0,https://relisten.net/disco-biscuits/1999/03/25,4,0,0,1
0032e261-602c-4c11-af3c-eab296d786af,1998-03-15-fattdaddy-s-watertown-ct,1998-03-15,54becbfa-b56c-452d-803e-0201fb375d2e,db7f2c5d-2727-41fd-bd6f-e91c74164f09,"",186,2020-02-22 16:19:52.200407,2024-04-26 13:25:45.463607,0,https://relisten.net/disco-biscuits/1998/03/15,3.5,0,0,0
f3630e6d-6d26-465d-a3e9-ae6842a26062,1999-06-13-variety-playhouse-atlanta-ga,1999-06-13,0bcd1840-227c-43b7-b2fd-0daf43fc45cb,db7f2c5d-2727-41fd-bd6f-e91c74164f09,Jerry Jam. Opening for the Dark Star Orchestra,404,2020-02-22 16:19:52.200407,2024-05-29 21:39:58.398786,0,https://relisten.net/disco-biscuits/1999/06/13,4,0,0,0
13c265a8-8541-492e-9a55-423b3780daf6,1997-11-18-deer-park-tavern-newark-de,1997-11-18,d06d9b3a-7e36-46f1-b123-29f7fe695ee8,db7f2c5d-2727-41fd-bd6f-e91c74164f09,Opening for the Recipe,141,2020-02-22 16:19:52.200407,2023-11-19 19:38:26.531633,0,https://relisten.net/disco-biscuits/1997/11/18,4,0,0,0
0fc682d2-2e08-44f0-a6a8-8c2967f7aca6,1997-11-17-new-deal-roadhouse-deal-nj,1997-11-17,2fe4a1a0-4a5b-4f11-b363-e5371d99e0c1,db7f2c5d-2727-41fd-bd6f-e91c74164f09,"",140,2020-02-22 16:19:52.200407,2022-11-06 14:06:35.549758,0,https://relisten.net/disco-biscuits/1997/11/17,3.5,0,0,0
18d85f96-54e5-4f4d-aacc-530013a6e5e4,2003-07-27-riverwalk-center-breckenridge-co,2003-07-27,76a4257a-a1ab-4ddc-a1dd-f3c6a4aba447,db7f2c5d-2727-41fd-bd6f-e91c74164f09,"",769,2020-02-22 16:19:52.200407,2022-09-01 18:17:19.663319,0,https://relisten.net/disco-biscuits/2003/07/27,4,0,0,0
fd66c16a-f28e-4724-acd1-7ef5e788a1cc,2007-04-27-gramercy-theatre-new-york-ny,2007-04-27,a166661e-6c2f-407b-8d57-a49e3cb7e6e2,db7f2c5d-2727-41fd-bd6f-e91c74164f09,Billed as 'TractorBeam',970,2020-02-22 16:19:52.200407,2022-10-05 18:12:29.476687,0,,4.09523809523809,0,0,1
25a83a45-4787-4007-a4aa-0cccc34442e2,2000-10-12-great-american-music-hall-san-francisco-ca,2000-10-12,4c44ebe4-9778-4cb8-97be-6ab5af04cf4b,db7f2c5d-2727-41fd-bd6f-e91c74164f09,"",475,2020-02-22 16:19:52.200407,2022-09-12 20:09:05.092022,0,https://relisten.net/disco-biscuits/2000/10/12,3.91666666666667,0,0,0
108767f4-9079-4220-9680-8ce50205b8e8,2003-10-22-asheville-civic-center-asheville-nc,2003-10-22,5878a52b-4020-49ca-8b54-22483d885513,db7f2c5d-2727-41fd-bd6f-e91c74164f09,Opening for Widespread Panic.,794,2020-02-22 16:19:52.200407,2023-06-20 05:32:37.621070,0,https://relisten.net/disco-biscuits/2003/10/22,3.75,0,0,0
1d58cbfd-9d5c-4a99-a56e-c68677478edd,1997-09-14-youthfest-97-wiggins-park-camden-nj,1997-09-14,3c87d9ae-b8c6-470c-8318-6d50f3469b17,db7f2c5d-2727-41fd-bd6f-e91c74164f09,"",109,2020-02-22 16:19:52.200407,2020-02-23 00:37:07.648433,0,,0,0,0,0
1d733d9e-6b60-4ee0-bc65-453109bfd845,1997-07-02-the-saint-asbury-park-nj,1997-07-02,5bcb084f-e575-4d02-ae16-6bfaddf91dfd,db7f2c5d-2727-41fd-bd6f-e91c74164f09,"",79,2020-02-22 16:19:52.200407,2020-02-23 00:37:07.670295,0,,0,0,0,0
1e15d9cc-ac6f-4f29-a7e4-55b63b331987,1997-02-06-valentine-s-albany-ny,1997-02-06,2975262b-4b83-4f7a-9b0d-1f5d75a841aa,db7f2c5d-2727-41fd-bd6f-e91c74164f09,Incomplete,32,2020-02-22 16:19:52.200407,2020-02-23 00:37:07.714114,0,,0,0,0,0
33b08062-9713-4765-875f-30e4fd0d5306,1995-12-10-unknown-venue-philadelphia-pa,1995-12-10,8609ffe2-3534-42c5-80f3-766b917af218,db7f2c5d-2727-41fd-bd6f-e91c74164f09,date is probably incorrect,1232,2020-02-22 16:19:52.200407,2020-02-23 00:37:11.588056,0,,0,0,0,0
353c8ab3-5911-4a4c-830a-0348c992cd2c,2010-10-25-diamond-riggs-studios-philadelphia-pa,2010-10-25,34bccedc-5acd-4741-b936-26491d36e4cd,db7f2c5d-2727-41fd-bd6f-e91c74164f09,Special in studio performance for 5 fans (+1 guest each) and friends. Winners were picked via Facebook.,1302,2020-02-22 16:19:52.200407,2022-09-12 20:42:06.224853,0,,4.08333333333333,0,0,0
2f86d0be-63b5-4f91-a1d4-cbe6dafb719a,2006-06-17-bonnaroo-music-festival-manchester-tn,2006-06-17,1f6d9f30-4c62-4883-8d34-51a0ace794db,db7f2c5d-2727-41fd-bd6f-e91c74164f09,"'Relaxin' With the Disco Biscuits' set on the Sonic Stage at Bonnaroo. With Tom Petty & The Heartbreakers, Oysterhead, Radiohead, Umphrey's McGee and many, many others.",908,2020-02-22 16:19:52.200407,2022-09-01 18:29:01.377007,0,,3.41666666666667,0,0,0
25279140-a92f-4e16-95ba-9d6982942097,2008-06-09-norva-theater-norfolk-va,2008-06-09,34daf77d-8b69-4d05-9e79-e5d2850216f8,db7f2c5d-2727-41fd-bd6f-e91c74164f09,Orchard Lounge and BioDiesel opened,1096,2020-02-22 16:19:52.200407,2022-10-24 23:18:56.965068,0,https://relisten.net/disco-biscuits/2008/06/09,3.83333333333333,0,0,1
2f9f2392-1591-4dd8-8078-ab4ac9b37296,1998-07-03-webster-hall-new-york-ny,1998-07-03,e13e5064-8c93-47d7-ab3a-8fedd6410abb,db7f2c5d-2727-41fd-bd6f-e91c74164f09,"",251,2020-02-22 16:19:52.200407,2022-11-06 14:12:38.759918,0,https://relisten.net/disco-biscuits/1998/07/03,3.75,0,0,0
1881b670-f5f9-44f7-9601-26db933448a7,2009-10-30-first-avenue-minneapolis-mn,2009-10-30,5e132862-c782-4d9a-ad9f-0b730f88f31d,db7f2c5d-2727-41fd-bd6f-e91c74164f09,Orchard Lounge opened,1197,2020-02-22 16:19:52.200407,2022-08-27 17:32:28.882622,0,https://relisten.net/disco-biscuits/2009/10/30,4.125,0,0,0
24797b76-ce8b-45b4-906a-addcc89601df,2002-10-29-the-chance-poughkeepsie-ny,2002-10-29,16e49da2-2d15-4672-afa8-433fc762303d,db7f2c5d-2727-41fd-bd6f-e91c74164f09,Rane opened.,691,2020-02-22 16:19:52.200407,2024-03-28 00:06:47.120424,0,https://relisten.net/disco-biscuits/2002/10/29,4.5,0,0,0
1394ab89-8fc8-4c48-ba25-c01d26d11b27,2003-07-12-state-fair-event-center-lewisburg-wv,2003-07-12,e04e72b8-18ff-4d72-a3b3-3faf4347671e,db7f2c5d-2727-41fd-bd6f-e91c74164f09,Mid-Atlantic Music Festival,764,2020-02-22 16:19:52.200407,2023-08-27 11:29:20.423768,0,https://relisten.net/disco-biscuits/2003/07/12,3.88888888888889,0,0,0
1e43f8b0-db55-42fc-8fe5-f4cacdae4850,2011-08-18-jiffy-lube-live-bristow-va,2011-08-18,4e50fcf9-a18f-4f56-8ccb-c79789d92e64,db7f2c5d-2727-41fd-bd6f-e91c74164f09,"Identity Festival - Kaskade, Rusko, Avicii, DJ shadow and more",1352,2020-02-22 16:19:52.200407,2023-08-30 11:04:30.277139,0,,3.05,0,0,0
fefdaa07-6f2b-48e1-91a6-c017bf9c388f,2015-09-05-concord-music-hall-chicago-il,2015-09-05,dc7a23f8-1077-4acb-baa9-1a8053232655,db7f2c5d-2727-41fd-bd6f-e91c74164f09,"",1463,2020-02-22 16:19:52.200407,2023-09-05 13:04:33.089896,0,,3.53846153846154,0,0,0
1eca0977-5686-4a25-ad56-8d6fb61f39bf,2009-04-19-the-klein-memorial-auditorium-bridgeport-ct,2009-04-19,71706d2c-da31-439d-ae39-c597f52d6ae8,db7f2c5d-2727-41fd-bd6f-e91c74164f09,"",1121,2020-02-22 16:19:52.200407,2024-08-19 01:35:35.891280,0,,3.625,0,0,2
140ef1e4-e39c-46af-a801-94000ec9f3bc,2003-04-15-metropol-pittsburgh-pa,2003-04-15,848ca312-6246-45eb-bf9c-7b6ad360b490,db7f2c5d-2727-41fd-bd6f-e91c74164f09,"",736,2020-02-22 16:19:52.200407,2024-09-15 16:23:33.379259,0,https://relisten.net/disco-biscuits/2003/04/15,3.83333333333333,0,0,0
1ee19b2b-eb27-4f8c-9d29-7af166f44f9f,2009-02-03-jupiter-bar-grill-tuscaloosa-al,2009-02-03,ee35b44f-c67d-4422-b467-c2f7b7502e94,db7f2c5d-2727-41fd-bd6f-e91c74164f09,The Great Big No opened,1148,2020-02-22 16:19:52.200407,2024-11-03 20:52:05.060217,0,,3.76923076923077,0,0,1
34f045a8-4e5b-49a1-a8ac-57ab360c8149,2011-07-07-indian-lookout-country-club-mariaville-ny,2011-07-07,79422c08-e8d6-4753-80ae-5967d56d9892,db7f2c5d-2727-41fd-bd6f-e91c74164f09,Camp Bisco 10,1336,2020-02-22 16:19:52.200407,2024-11-21 16:31:25.797017,0,,3.7037037037037,0,0,0
00fe4e39-9546-480e-b593-674f83684040,2002-04-06-norva-theater-norfolk-va,2002-04-06,34daf77d-8b69-4d05-9e79-e5d2850216f8,db7f2c5d-2727-41fd-bd6f-e91c74164f09,"",621,2020-02-22 16:19:52.200407,2024-11-25 12:17:27.279695,0,https://relisten.net/disco-biscuits/2002/04/06,4.59375,81,0,1
8959b28b-05d6-45df-8446-4b7ec8e300f6,1997-02-08-middle-east-cambridge-ma,1997-02-08,8007d184-2caa-4fd4-8e3d-a8471494d146,db7f2c5d-2727-41fd-bd6f-e91c74164f09,"",1237,2020-02-22 16:19:52.200407,2024-02-29 15:05:41.715454,0,https://relisten.net/disco-biscuits/1997/02/08,3,0,0,0
148710b4-9cf5-4f76-b394-85f6ff30ef78,2002-05-05-music-midtown-atlanta-ga,2002-05-05,80495eb0-c1de-4645-a0d4-be1f58305f08,db7f2c5d-2727-41fd-bd6f-e91c74164f09,"",643,2020-02-22 16:19:52.200407,2024-03-28 00:03:23.730603,0,https://relisten.net/disco-biscuits/2002/05/05,3.6875,5,0,0
14c874d8-5a10-4aaa-b37e-37005516e446,2002-08-14-the-silo-reading-pa,2002-08-14,031d73d3-e8aa-4fca-b098-6d4f5581bd09,db7f2c5d-2727-41fd-bd6f-e91c74164f09,"",659,2020-02-22 16:19:52.200407,2024-03-28 00:04:27.425403,0,https://relisten.net/disco-biscuits/2002/08/14,4.71428571428571,0,0,0
179717de-abac-4e5e-ba57-b8b7382a8cc6,2001-04-10-the-marquee-at-the-tralf-buffalo-ny,2001-04-10,6691a0de-90a4-4ec4-824e-70a801612723,db7f2c5d-2727-41fd-bd6f-e91c74164f09,"",524,2020-02-22 16:19:52.200407,2024-03-28 00:09:02.756918,0,https://relisten.net/disco-biscuits/2001/04/10,3.4375,0,0,1
08522d4f-4d70-4320-bf78-726c4ad6107a,2001-05-03-la-zona-rosa-austin-tx,2001-05-03,773b83fc-5947-444b-9069-86139764ea37,db7f2c5d-2727-41fd-bd6f-e91c74164f09,"",542,2020-02-22 16:19:52.200407,2024-05-03 18:06:26.650797,0,https://relisten.net/disco-biscuits/2001/05/03,3.58333333333333,0,0,1
1fab623a-6851-414c-9d94-da528c1b42ba,2015-04-16-ogden-theater-denver-co,2015-04-16,6a113f67-1c38-4874-a465-80b7ae21d2f8,db7f2c5d-2727-41fd-bd6f-e91c74164f09,"",1453,2020-02-22 16:19:52.200407,2024-04-29 20:54:51.915293,0,,4.04761904761905,0,0,1
b5355547-1cf0-4e3e-a962-0b351070eebc,2019-10-04-10-mile-music-hall-frisco-colorado,2019-10-04,865d3aaa-390f-42ae-a261-aa9abe4fc753,db7f2c5d-2727-41fd-bd6f-e91c74164f09,"Show billed as Tractorbeam (Same as 10/3 playing live versions of DJ mixes synced up through Ableton Live)

(Set 1): Carl Cox 5 > Carl Cox 1 > Carl Cox 2 > Carl Cox 3 > Carl Cox 4

(Set 2): Solomun 1 > Solomun 2 > Breakbot > Terje > Magic Tape > Reconnect",1597,2020-02-22 16:19:52.200407,2024-10-04 19:50:01.991066,0,,3.84090909090909,0,1,0
18ac3b6c-a233-4564-9d71-6328e292872d,1998-12-03-chameleon-club-lancaster-pa,1998-12-03,2e412cc5-ea82-4215-b606-0762014dd53b,db7f2c5d-2727-41fd-bd6f-e91c74164f09,"",310,2020-02-22 16:19:52.200407,2022-09-21 02:06:34.562743,0,https://relisten.net/disco-biscuits/1998/12/03,3,0,0,0
18e7ac3c-beef-4271-92f4-104d3a0a911b,1999-04-20-higher-ground-s-burlington-vt,1999-04-20,a80851a9-f6e6-464e-8255-af00be69d62e,db7f2c5d-2727-41fd-bd6f-e91c74164f09,-- CANCELED --,373,2020-02-22 16:19:52.200407,2023-02-11 16:33:20.091457,0,,4.5,0,0,0
3edf7a55-86c1-4b95-8cfa-c6cad16ee011,2000-04-21-middle-east-cambridge-ma,2000-04-21,8007d184-2caa-4fd4-8e3d-a8471494d146,db7f2c5d-2727-41fd-bd6f-e91c74164f09,Uncle Sammy opened.  DJ Mauricio played between sets.,459,2020-02-22 16:19:52.200407,2022-10-19 20:29:19.076344,0,https://relisten.net/disco-biscuits/2000/04/21,2.9,10,0,0
3699f974-50ec-47bd-9990-7a1f8feb818d,2003-05-02-music-midtown-atlanta-ga,2003-05-02,80495eb0-c1de-4645-a0d4-be1f58305f08,db7f2c5d-2727-41fd-bd6f-e91c74164f09,"",751,2020-02-22 16:19:52.200407,2022-09-01 18:15:24.813567,0,https://relisten.net/disco-biscuits/2003/05/02,3.2,0,0,0
25feab48-6ed9-4fde-890f-19b0cfdef8b6,1998-10-10-harvest-ball-wilmer-s-park-brandywine-md,1998-10-10,8f88117e-dd26-4009-8999-9c976d54218a,db7f2c5d-2727-41fd-bd6f-e91c74164f09,"",298,2020-02-22 16:19:52.200407,2022-09-21 02:03:30.392120,0,https://relisten.net/disco-biscuits/1998/10/10,3,0,0,0
18a0636a-d46d-422c-90a2-b9d6dbe05012,1997-12-29-khyber-pass-philadelphia-pa,1997-12-29,8fb68427-a6bc-4d62-b072-a266744b4202,db7f2c5d-2727-41fd-bd6f-e91c74164f09,"",154,2020-02-22 16:19:52.200407,2022-11-06 14:07:10.033317,0,https://relisten.net/disco-biscuits/1997/12/29,3.5,0,0,0
3e224854-80f4-4d55-a7c5-0d423a8dbd9e,1997-11-05-crowbar-state-college-pa,1997-11-05,dfa0da88-6398-48e8-b0e5-6407e9c96f29,db7f2c5d-2727-41fd-bd6f-e91c74164f09,Opening for Belizbeha,131,2020-02-22 16:19:52.200407,2020-02-23 00:37:13.301531,0,,0,0,0,0
3f22b1ba-1e4d-4420-9aee-2bf7c74a599f,1998-02-24-new-deal-roadhouse-deal-nj,1998-02-24,2fe4a1a0-4a5b-4f11-b363-e5371d99e0c1,db7f2c5d-2727-41fd-bd6f-e91c74164f09,- CANCELED -,179,2020-02-22 16:19:52.200407,2020-02-23 00:37:13.538647,0,,0,0,0,0
460cca13-beb0-4198-8e69-5608933d94d3,2009-04-07-the-catalyst-santa-cruz-ca,2009-04-07,6e94df02-5066-4c62-bae7-ddd9ad31f0b8,db7f2c5d-2727-41fd-bd6f-e91c74164f09,Canceled due to family emergency,1127,2020-02-22 16:19:52.200407,2020-02-23 00:37:14.287265,0,,0,0,0,0
46b98d02-7842-424a-8a75-74679e3d2f3e,1997-11-06-harper-s-ferry-cambridge-ma,1997-11-06,8a3ee14a-a3fb-4551-a021-cfcc32cf596a,db7f2c5d-2727-41fd-bd6f-e91c74164f09,Opening for Schleigho and Thanks To Gravity,132,2020-02-22 16:19:52.200407,2020-02-23 00:37:14.387989,0,,0,0,0,0
5f40bdf9-32ec-4061-9b29-b5341e32eefe,1995-12-01-4000-pine-street-philadelphia-pa,1995-12-01,5b430998-ece4-41b7-a944-ffbfcd0d9bec,db7f2c5d-2727-41fd-bd6f-e91c74164f09,Set two listed only.,1,2020-02-22 16:19:52.200407,2020-02-23 00:37:18.018840,0,,0,0,0,0
520502b8-099b-4790-8d8d-4805a35db78a,2003-09-30-the-funk-box-baltimore-md,2003-09-30,61e368c8-be5a-43d3-b738-2a10e2238010,db7f2c5d-2727-41fd-bd6f-e91c74164f09,"",789,2020-02-22 16:19:52.200407,2024-03-10 00:04:29.122223,0,https://relisten.net/disco-biscuits/2003/09/30,4.71875,0,0,1
60f5b009-3c49-4c88-ae2e-1ada75f9d6d0,2000-03-11-wetlands-preserve-new-york-ny,2000-03-11,81bb358f-2ed6-4358-80b5-fb740207d89a,db7f2c5d-2727-41fd-bd6f-e91c74164f09,The Disco Biscuits' first show without Marc Brownstein. Lake Trout opened.,457,2020-02-22 16:19:52.200407,2024-05-29 21:44:12.750435,0,https://relisten.net/disco-biscuits/2000/03/11,3.25,40,0,0
25ccfce0-72ed-47ac-b7ca-043f39f22165,1999-10-07-great-american-music-hall-san-francisco-ca,1999-10-07,4c44ebe4-9778-4cb8-97be-6ab5af04cf4b,db7f2c5d-2727-41fd-bd6f-e91c74164f09,"",434,2020-02-22 16:19:52.200407,2023-06-21 19:06:32.860144,0,https://relisten.net/disco-biscuits/1999/10/07,4.4,11,0,0
3ef6be86-4d9e-4e6e-b74b-0ebe2aec492d,2012-07-14-indian-lookout-country-club-mariaville-ny,2012-07-14,79422c08-e8d6-4753-80ae-5967d56d9892,db7f2c5d-2727-41fd-bd6f-e91c74164f09,Camp Bisco XI,1373,2020-02-22 16:19:52.200407,2023-10-28 17:35:24.464191,0,,3.82608695652174,0,0,0
36187cde-98dd-4d0a-9b9c-3030bad83ceb,2006-11-17-grenada-theatre-lawrence-ks,2006-11-17,97f500e4-b04b-4f4d-ac14-7a635add2212,db7f2c5d-2727-41fd-bd6f-e91c74164f09,"",940,2020-02-22 16:19:52.200407,2023-08-27 11:41:53.275682,0,,4.4,0,0,1
24035d1a-0b01-4c15-adce-ff7a8fd85826,2008-12-30-nokia-theater-new-york-ny,2008-12-30,e66af935-c834-43cb-a7d2-2983b29408e4,db7f2c5d-2727-41fd-bd6f-e91c74164f09,Eliot Lipp & Alex Botwin opened,1162,2020-02-22 16:19:52.200407,2023-09-21 16:14:33.015749,0,https://relisten.net/disco-biscuits/2008/12/30,4.20588235294118,0,0,2
842e179c-579a-4dd9-bf9a-fde2820d5890,2024-11-14-district-music-hall-norwalk-ct,2024-11-14,047cb36d-a831-4b8a-adbf-e5c40f271443,db7f2c5d-2727-41fd-bd6f-e91c74164f09,"",,2024-11-14 13:49:31.796487,2024-11-29 01:56:52.767066,0,https://relisten.net/disco-biscuits/2024/11/14,4.47727272727273,0,0,0
46a7d94c-3c6c-4035-bf04-143db906a9cb,2005-12-31-hammerstein-ballroom-new-york-ny,2005-12-31,f1fb1c6e-e92a-4484-86da-3f682ef18df8,db7f2c5d-2727-41fd-bd6f-e91c74164f09,"",858,2020-02-22 16:19:52.200407,2023-08-27 11:36:40.587648,0,https://relisten.net/disco-biscuits/2005/12/31,4.58695652173913,0,0,0
3e5f31e9-bff6-4784-9946-a7264dd472c9,2006-04-18-starr-hill-charlottesville-va,2006-04-18,631cc9f9-0805-4a86-90a1-460f642d79c3,db7f2c5d-2727-41fd-bd6f-e91c74164f09,"",879,2020-02-22 16:19:52.200407,2024-01-25 01:34:35.529433,0,https://relisten.net/disco-biscuits/2006/04/18,3.25,0,0,1
5e6366aa-292e-49b1-bf4c-2897e330f044,2014-02-22-electric-factory-philadelphia-pa,2014-02-22,8ef35498-800d-42f7-82d1-d8ced42d0092,db7f2c5d-2727-41fd-bd6f-e91c74164f09,The Werks opened,1421,2020-02-22 16:19:52.200407,2024-03-17 18:38:49.887620,0,,4.15,0,0,0
330a3a0b-8d7c-431f-b47d-15c4d850e188,2010-04-16-the-national-richmond-va,2010-04-16,42021528-811e-4168-8125-91ed90c5e5ba,db7f2c5d-2727-41fd-bd6f-e91c74164f09,"John Lee and the J.L.e. opened, entire show with Tom Hamilton and Chris Michetti on guitar and Jon on MIDI.",1253,2020-02-22 16:19:52.200407,2024-02-04 12:53:51.715780,0,https://relisten.net/disco-biscuits/2010/04/16,2.75,0,0,0
608c5271-d2f9-446a-a3ec-bb5d9d923ae7,2007-10-09-the-revolution-fort-lauderdale-fl,2007-10-09,7ebca6fd-388b-4ebb-8016-891f6a7937e0,db7f2c5d-2727-41fd-bd6f-e91c74164f09,"",1009,2020-02-22 16:19:52.200407,2024-09-04 18:59:19.893525,0,,4.3125,0,0,2
353b0efb-2e79-4903-a0bf-b31054188c5c,2002-04-04-crocodile-rock-allentown-pa,2002-04-04,272feb3d-d158-4372-88b2-f9b31a8d831c,db7f2c5d-2727-41fd-bd6f-e91c74164f09,"",619,2020-02-22 16:19:52.200407,2024-11-25 11:48:47.316361,0,https://relisten.net/disco-biscuits/2002/04/04,4.05555555555556,0,0,1
2649b5ea-da2a-4129-8b14-d20577cdd284,2003-04-25-lincoln-theater-raleigh-nc,2003-04-25,301bb7dd-cb31-4f25-9eb5-efc8e6c5d193,db7f2c5d-2727-41fd-bd6f-e91c74164f09,"",744,2020-02-22 16:19:52.200407,2024-08-26 17:39:32.043987,0,https://relisten.net/disco-biscuits/2003/04/25,4.04166666666667,0,0,0
44ddf1ad-eb14-41cf-a7ac-0c71257eb542,2017-02-02-the-fillmore-philadelphia-pa,2017-02-02,772346af-6a44-47b2-980d-aba4db9f114f,db7f2c5d-2727-41fd-bd6f-e91c74164f09,"",1509,2020-02-22 16:19:52.200407,2024-08-29 19:59:39.050105,0,,4.03333333333333,0,1,1
36a1da9f-4136-4a28-b2e2-9273f266b8ac,2003-04-27-the-spot-boone-nc,2003-04-27,9392fa79-bf4c-40fc-9b51-c164e247d931,db7f2c5d-2727-41fd-bd6f-e91c74164f09,Meatcamp II.,746,2020-02-22 16:19:52.200407,2024-08-26 17:39:42.370849,0,https://relisten.net/disco-biscuits/2003/04/27,4,0,0,0
40128919-33aa-419d-90bb-83aaadaa0ec3,2016-06-01-ogden-theater-denver-co,2016-06-01,6a113f67-1c38-4874-a465-80b7ae21d2f8,db7f2c5d-2727-41fd-bd6f-e91c74164f09,"",1486,2020-02-22 16:19:52.200407,2024-04-29 20:53:47.968189,0,,4.08333333333333,0,1,1
4895164a-a903-4209-bf8c-3003a4b69d81,2014-09-12-ogden-theater-denver-co,2014-09-12,6a113f67-1c38-4874-a465-80b7ae21d2f8,db7f2c5d-2727-41fd-bd6f-e91c74164f09,"",1430,2020-02-22 16:19:52.200407,2024-04-29 20:57:19.635330,0,,3.96153846153846,0,0,0
488d693e-d8ec-4183-b379-5c9bfb7f1ae9,1999-10-19-bodega-auburn-al,1999-10-19,a4185ad3-4976-4a78-acd2-fe1f6de323fa,db7f2c5d-2727-41fd-bd6f-e91c74164f09,"",442,2020-02-22 16:19:52.200407,2024-05-29 21:41:06.322397,0,https://relisten.net/disco-biscuits/1999/10/19,3.5,0,0,0
264a29e4-5340-48c5-aa5b-ed255134389c,2006-04-15-higher-ground-s-burlington-vt,2006-04-15,a80851a9-f6e6-464e-8255-af00be69d62e,db7f2c5d-2727-41fd-bd6f-e91c74164f09,The Northern 'Wind at Four to Fly' CD Release Party,878,2020-02-22 16:19:52.200407,2024-05-31 17:44:07.015071,0,https://relisten.net/disco-biscuits/2006/04/15,4.55263157894737,0,0,3
711608e0-5306-47bc-ac2b-9959a9730e39,1996-05-30-doc-watson-s-philadelphia-pa,1996-05-30,da0f565c-93b5-4eae-b7bf-9de71c506404,db7f2c5d-2727-41fd-bd6f-e91c74164f09,"",792,2020-02-22 16:19:52.200407,2024-02-29 15:16:23.680800,0,,3.75,0,0,0
5d24afcb-fe46-476f-a6c7-d6839a831a45,1998-04-18-the-quad-franklin-and-marshall-college-lancaster-pa,1998-04-18,0bc7a173-4586-45d8-ab83-e112d6bc256e,db7f2c5d-2727-41fd-bd6f-e91c74164f09,Soundcheck: Shem-Rah Boo,204,2020-02-22 16:19:52.200407,2022-11-06 14:09:26.371702,0,https://relisten.net/disco-biscuits/1998/04/18,3.5,0,0,0
3f0a6eda-bcb3-49a0-bc95-988bfc247cce,1998-10-01-bessie-s-wilmington-nc,1998-10-01,f0e36ab9-9f1e-4ffb-b6e5-757b99bf051e,db7f2c5d-2727-41fd-bd6f-e91c74164f09,"",294,2020-02-22 16:19:52.200407,2022-09-21 02:03:23.748275,0,https://relisten.net/disco-biscuits/1998/10/01,3,0,0,0
472c49b8-6f76-4896-a50e-4a8a3e28490d,1998-09-25-blue-terrapin-elizabethtown-pa,1998-09-25,37174f51-d4c0-4e8d-a07c-64829a136521,db7f2c5d-2727-41fd-bd6f-e91c74164f09,"",291,2020-02-22 16:19:52.200407,2022-09-21 02:03:17.158089,0,https://relisten.net/disco-biscuits/1998/09/25,4.25,0,0,0
3e703e32-ba2f-49d2-9528-7e2fe4fc31db,1998-02-27-cafe-210-west-state-college-pa,1998-02-27,bb1ea85c-f87c-4a31-95b7-d33fcb04abbc,db7f2c5d-2727-41fd-bd6f-e91c74164f09,Soundcheck: Little Shimmy In A Conga Line,181,2020-02-22 16:19:52.200407,2022-11-06 14:08:26.630941,0,https://relisten.net/disco-biscuits/1998/02/27,3.5,0,0,0
5d4e5abd-a079-45db-883f-75539eb721ee,1998-05-20-8-x-10-club-baltimore-md,1998-05-20,60c4a1cd-a2c1-4fc1-bddb-cc6a0fe59488,db7f2c5d-2727-41fd-bd6f-e91c74164f09,CD release party for 'Uncivilized Area',221,2020-02-22 16:19:52.200407,2022-11-06 14:11:29.894600,0,https://relisten.net/disco-biscuits/1998/05/20,4,0,0,0
6b13dfb3-4e08-4dc9-abd1-35c95a4460c6,1997-11-13-valentine-s-albany-ny,1997-11-13,2975262b-4b83-4f7a-9b0d-1f5d75a841aa,db7f2c5d-2727-41fd-bd6f-e91c74164f09,Opening for freebeerandchicken,137,2020-02-22 16:19:52.200407,2020-02-23 00:37:19.931460,0,,0,0,0,0
6f3e57a2-e25a-449a-a8a1-b23e15e08d95,1998-06-09-bessie-s-wilmington-nc,1998-06-09,f0e36ab9-9f1e-4ffb-b6e5-757b99bf051e,db7f2c5d-2727-41fd-bd6f-e91c74164f09,"",234,2020-02-22 16:19:52.200407,2020-02-23 00:37:20.485304,0,,0,0,0,0
5f2c782e-7a00-4b84-bb75-14861a401b8e,2009-02-07-house-of-blues-houston-tx,2009-02-07,df891dc9-914f-4210-b876-45148df4f8ca,db7f2c5d-2727-41fd-bd6f-e91c74164f09,Opened for Gov't Mule,1144,2020-02-22 16:19:52.200407,2024-02-15 17:19:15.159322,0,,3.81818181818182,0,0,1
616bf714-4a3c-423a-8e98-94290cada13f,2010-01-29-fox-theatre-boulder-co,2010-01-29,8f46585f-f736-4603-88c9-a45209757346,db7f2c5d-2727-41fd-bd6f-e91c74164f09,"",1218,2020-02-22 16:19:52.200407,2022-09-13 19:37:54.889174,0,https://relisten.net/disco-biscuits/2010/01/29,4.2,0,0,0
7025ec6f-0679-45f7-ab6d-c2e6e80770df,2008-03-15-olympic-studios-london-u-k,2008-03-15,ecd4448f-23ab-4066-ad88-93290bdf5f27,db7f2c5d-2727-41fd-bd6f-e91c74164f09,Special In-Studio Performance,1053,2020-02-22 16:19:52.200407,2022-09-13 19:46:20.833565,0,,3.2,0,0,0
70b26757-ced5-46e8-80bc-b23831e8aba0,2009-12-11-caribbean-holidaze-runaway-bay-jamaica,2009-12-11,a65f28c8-e63c-44ba-81de-5cbd64ba3017,db7f2c5d-2727-41fd-bd6f-e91c74164f09,"",1209,2020-02-22 16:19:52.200407,2024-02-15 17:20:59.009126,0,,3.95,0,0,0
8208da03-ff20-474b-9161-341d7af2ca31,1997-09-16-east-end-cafe-newark-de,1997-09-16,cfc1f3e7-06d2-41ae-bfde-d8d156125df3,db7f2c5d-2727-41fd-bd6f-e91c74164f09,"",110,2020-02-22 16:19:52.200407,2022-11-06 14:05:46.097357,0,https://relisten.net/disco-biscuits/1997/09/16,3.25,0,0,0
61169be7-ec47-4410-8d03-ece0c7d652fe,2015-04-22-centennial-olympic-park-atlanta-ga,2015-04-22,aefa140e-c893-43c5-b487-558915159646,db7f2c5d-2727-41fd-bd6f-e91c74164f09,Sweetwater 420 Fest,1483,2020-02-22 16:19:52.200407,2022-08-27 18:19:41.983925,0,,3.75,0,0,0
7065e5d3-1969-4f30-b3e6-e6b8284f7265,1998-01-30-blue-terrapin-elizabethtown-pa,1998-01-30,37174f51-d4c0-4e8d-a07c-64829a136521,db7f2c5d-2727-41fd-bd6f-e91c74164f09,Soundcheck: Jamillia,166,2020-02-22 16:19:52.200407,2022-07-13 23:19:42.101916,0,https://relisten.net/disco-biscuits/1998/01/30,4.5,0,0,0
45c6ceeb-e096-4a36-aa0d-ce0486478dee,1999-10-08-key-club-los-angeles-ca,1999-10-08,03eed91e-e1e4-4769-8f8a-8de6766e0cef,db7f2c5d-2727-41fd-bd6f-e91c74164f09,"",435,2020-02-22 16:19:52.200407,2023-06-21 19:06:36.441624,0,https://relisten.net/disco-biscuits/1999/10/08,3.5,1,0,0
61efcc1f-1cbb-4711-8aa2-3c908141b6be,2011-12-30-auditorium-theater-chicago-il,2011-12-30,cad59108-a680-437e-aec6-e0f66dac6f8d,db7f2c5d-2727-41fd-bd6f-e91c74164f09,Abakus and EOTO opened,1363,2020-02-22 16:19:52.200407,2024-03-27 23:58:47.805133,0,,3.38235294117647,0,0,0
b05527ed-4950-439c-b64b-2290837652a7,1997-02-28-phi-sigma-delta-sigma-penn-state-state-college-pa,1997-02-28,9585318c-991b-4ac4-b9f4-688a068c1fc5,db7f2c5d-2727-41fd-bd6f-e91c74164f09,"",36,2020-02-22 16:19:52.200407,2023-07-31 19:25:08.921885,0,https://relisten.net/disco-biscuits/1997/02/28,4,0,0,0
70d47e3d-11fc-4acd-a9a8-ed988c9e07ef,1997-09-05-bogie-s-albany-ny,1997-09-05,87473764-e465-46a5-8bd4-bd165ddaa59a,db7f2c5d-2727-41fd-bd6f-e91c74164f09,Opening for Conehead Buddha,101,2020-02-22 16:19:52.200407,2024-02-29 15:09:36.534065,0,https://relisten.net/disco-biscuits/1997/09/05,2.5,0,0,0
5c086bea-8b96-4621-9e46-77c1088612df,2010-02-20-the-calvin-northampton-ma,2010-02-20,d4947160-f660-4ad3-9f5b-9a33becb14bf,db7f2c5d-2727-41fd-bd6f-e91c74164f09,Indobox opened,1223,2020-02-22 16:19:52.200407,2024-03-17 18:39:33.819667,0,https://relisten.net/disco-biscuits/2010/02/20,4.26315789473684,0,0,0
0b3bc714-8ddb-4a54-9cc6-f66753a1c012,2006-12-06-the-roxy-hollywood-ca,2006-12-06,f14def51-b4ea-4ed8-9aad-347848c90c32,db7f2c5d-2727-41fd-bd6f-e91c74164f09,"",948,2020-02-22 16:19:52.200407,2023-08-27 11:42:34.771268,0,,4.625,0,0,1
46b2a0f8-1b0a-45f0-97c0-6c879fa13805,1999-09-16-little-brother-s-columbus-oh,1999-09-16,f52ef5e4-b086-49be-be81-57fdcfca856c,db7f2c5d-2727-41fd-bd6f-e91c74164f09,"",420,2020-02-22 16:19:52.200407,2024-02-10 05:25:13.907539,0,https://relisten.net/disco-biscuits/1999/09/16,3.6,0,0,0
5f5c8272-ec57-4868-b608-e6cf2c8ac3e7,2009-07-16-indian-lookout-country-club-mariaville-ny,2009-07-16,79422c08-e8d6-4753-80ae-5967d56d9892,db7f2c5d-2727-41fd-bd6f-e91c74164f09,"Camp Bisco 8 - other acts include STS9, Nas & Damian ",1100,2020-02-22 16:19:52.200407,2024-02-17 02:47:37.320574,0,https://relisten.net/disco-biscuits/2009/07/16,4.04761904761905,11,0,0
e9276da3-0d6b-4fb8-93ad-8285ef15a085,2023-07-12-knitting-factory-spokane-wa,2023-07-12,e77004c5-c6c3-4658-b2d9-811db353f7ba,db7f2c5d-2727-41fd-bd6f-e91c74164f09,"",,2023-07-12 20:02:48.613211,2024-11-26 03:17:18.112504,0,"",3.42105263157895,0,0,1
7da0e00f-1447-4298-bc0a-7205d69b22e1,2024-03-07-the-fillmore-silver-spring-md,2024-03-07,fade307b-69b3-4357-a6b4-639f8e91cad5,db7f2c5d-2727-41fd-bd6f-e91c74164f09,"",,2024-03-07 14:28:36.397011,2024-11-14 20:13:58.639851,0,https://relisten.net/disco-biscuits/2024/03/07,4.58823529411765,0,0,1
6281ecca-0682-45df-b902-7accf3a7a8df,2001-04-04-barrymore-theater-madison-wi,2001-04-04,34d157ac-ef3f-4078-bffc-fc1a0446bf0c,db7f2c5d-2727-41fd-bd6f-e91c74164f09,"",519,2020-02-22 16:19:52.200407,2024-04-09 19:52:25.925553,0,https://relisten.net/disco-biscuits/2001/04/04,3.28571428571429,0,0,2
5df67ad3-8a8f-468a-8a90-07456facf010,2010-09-01-buster-s-billiards-backroom-lexington-ky,2010-09-01,e47dda50-e69a-41b9-8830-fbfa8df936ec,db7f2c5d-2727-41fd-bd6f-e91c74164f09,Papadosio and DJ Selektro opened,1291,2020-02-22 16:19:52.200407,2023-09-24 15:06:33.581920,0,https://relisten.net/disco-biscuits/2010/09/01,4.1,0,0,1
59c9840b-925a-484b-83c6-f1351aace1eb,2023-07-06-abayance-bay-marina-rexford-mt,2023-07-06,8666e64a-4713-45ab-8d70-03877ec0193b,db7f2c5d-2727-41fd-bd6f-e91c74164f09,"",,2023-07-07 03:14:52.880412,2024-07-19 11:43:41.763560,0,"",3.29545454545455,0,0,0
6b7719e1-5c27-4547-8885-f12e1d7c9ec2,2024-11-22-rome-capitol-theatre-rome-ny,2024-11-22,17676aff-3485-4a75-9810-487620ec4a2b,db7f2c5d-2727-41fd-bd6f-e91c74164f09,Soundcheck: The Very Moon -> Sirens Sing,,2024-11-22 14:43:12.634994,2024-12-04 00:44:25.740939,0,"",4.25,0,0,1
da8096a0-0b70-4c78-bc68-8e868ea229da,2001-04-27-five-points-south-music-hall-birmingham-al,2001-04-27,d1e7d474-a705-4df2-bc45-6af3458ea0fd,db7f2c5d-2727-41fd-bd6f-e91c74164f09,"",538,2020-02-22 16:19:52.200407,2024-12-05 22:59:26.812864,0,https://relisten.net/disco-biscuits/2001/04/27,3.58333333333333,0,0,1
51eeef0c-db1d-4a73-a964-67b6495d72ee,2002-12-27-the-palladium-worcester-ma,2002-12-27,53cc7c67-4d8d-4663-8cea-5654d807867d,db7f2c5d-2727-41fd-bd6f-e91c74164f09,"",704,2020-02-22 16:19:52.200407,2024-11-21 16:30:24.512915,0,https://relisten.net/disco-biscuits/2002/12/27,4.33333333333333,2,0,1
61533fc6-8bff-491e-95f1-06aba13035e3,2008-11-03-highline-ballroom-new-york-ny,2008-11-03,28b38b7c-d0a0-44d3-8930-bf8652044a2a,db7f2c5d-2727-41fd-bd6f-e91c74164f09,Headcount ,1321,2020-02-22 16:19:52.200407,2024-03-09 15:52:00.354123,0,https://relisten.net/disco-biscuits/2008/11/03,3.11111111111111,0,0,1
50a20dfc-0c22-4abf-8d9e-daf237c243f6,2014-06-14-irving-plaza-new-york-ny,2014-06-14,397149cc-e8d3-4557-9491-4d180be19e68,db7f2c5d-2727-41fd-bd6f-e91c74164f09,"",1425,2020-02-22 16:19:52.200407,2024-03-17 18:38:00.522836,0,,4.25,0,0,2
6f0147bd-f15d-43b2-b06b-51c4fbfc50db,1998-03-28-khyber-pass-philadelphia-pa,1998-03-28,8fb68427-a6bc-4d62-b072-a266744b4202,db7f2c5d-2727-41fd-bd6f-e91c74164f09,"",194,2020-02-22 16:19:52.200407,2024-04-17 16:56:28.570289,0,https://relisten.net/disco-biscuits/1998/03/28,3,0,0,0
6b514252-9b67-4930-8b45-9cf407365c7c,2008-04-22-jupiter-bar-grill-tuscaloosa-al,2008-04-22,ee35b44f-c67d-4422-b467-c2f7b7502e94,db7f2c5d-2727-41fd-bd6f-e91c74164f09,Noise Organization opened,1088,2020-02-22 16:19:52.200407,2022-12-09 20:10:27.808654,0,,4,0,0,0
6d8b79b3-b27c-4d9a-9fca-65478978baa5,2001-03-24-belly-up-tavern-solana-beach-ca,2001-03-24,a3887e0c-1314-4309-bd90-8fd95c62cbcc,db7f2c5d-2727-41fd-bd6f-e91c74164f09,"",511,2020-02-22 16:19:52.200407,2022-08-20 07:26:23.062769,0,https://relisten.net/disco-biscuits/2001/03/24,4,56,0,1
693aac39-7c02-48f0-b237-60c64c7eb600,2003-11-01-dave-s-on-dickson-fayetteville-ar,2003-11-01,0a52697c-422e-463a-9993-95c7c7e86e5a,db7f2c5d-2727-41fd-bd6f-e91c74164f09,"",803,2020-02-22 16:19:52.200407,2022-09-01 18:23:59.461735,0,https://relisten.net/disco-biscuits/2003/11/01,4,0,0,0
6943baa8-69b6-4b1d-b4f7-dc7c1e612675,1998-02-07-butterfield-dormitory-university-of-massachusetts-amherst-ma,1998-02-07,5e0fd19a-e450-4a60-9de4-c985249e2c9f,db7f2c5d-2727-41fd-bd6f-e91c74164f09,Kay Jah Funk opened.,171,2020-02-22 16:19:52.200407,2022-11-06 14:07:59.282849,0,https://relisten.net/disco-biscuits/1998/02/07,2.5,0,0,0
70de435f-ec62-444d-8374-8e679f8a63c9,1998-06-04-blind-tiger-greensboro-nc,1998-06-04,b76f5f3d-fab8-472c-90c9-3c332ea2542e,db7f2c5d-2727-41fd-bd6f-e91c74164f09,"",230,2020-02-22 16:19:52.200407,2022-11-06 14:11:48.042890,0,https://relisten.net/disco-biscuits/1998/06/04,3,0,0,0
7b0860b0-dfa0-4cc5-9153-fc50605aa2ba,1999-06-19-sshh-festival-tunetown-campgrounds-cherrytree-pa,1999-06-19,4b7d83c0-2345-40a8-ad9e-0148b3501f1d,db7f2c5d-2727-41fd-bd6f-e91c74164f09,--CANCELLED--<br>The band's van broke down.,728,2020-02-22 16:19:52.200407,2022-02-11 20:03:35.287254,0,https://relisten.net/disco-biscuits/1999/06/19,4.5,0,0,0
82f411c6-1a45-4500-a70d-bbc8652792e5,1997-07-23-chicken-box-nantucket-ri,1997-07-23,329089f2-1591-428e-a150-ad95e22be272,db7f2c5d-2727-41fd-bd6f-e91c74164f09,"",92,2020-02-22 16:19:52.200407,2020-02-23 00:37:23.695896,0,,0,0,0,0
823b6d15-05a0-4a85-98b7-6a21efd065c4,2008-02-28-starland-ballroom-sayreville-nj,2008-02-28,d7bcd39a-04d3-46ae-913a-c950de7b6c5d,db7f2c5d-2727-41fd-bd6f-e91c74164f09,"",1047,2020-02-22 16:19:52.200407,2022-09-13 19:45:42.644870,0,https://relisten.net/disco-biscuits/2008/02/28,4.02941176470588,0,0,1
7194cfa8-8bf6-422c-9d70-0f7434d7df11,2009-10-28-state-theater-kalamazoo-mi,2009-10-28,2d9189ac-244c-4b0b-a113-3160bab8bd12,db7f2c5d-2727-41fd-bd6f-e91c74164f09,Ott and Orchard Lounge opened,1200,2020-02-22 16:19:52.200407,2022-09-13 23:09:19.049329,0,https://relisten.net/disco-biscuits/2009/10/28,3.58333333333333,0,0,1
7f74869a-69dc-444b-b671-acb919663c62,2008-07-26-the-riverfront-belvedere-louisville-ky,2008-07-26,0d126eb8-4feb-459d-9779-747955891eda,db7f2c5d-2727-41fd-bd6f-e91c74164f09,"Forcastle Festival<br>Other acts included Tortoise, GZA, Ekoostik Hookah and Z-Trip",1095,2020-02-22 16:19:52.200407,2023-01-23 01:47:07.282372,0,https://relisten.net/disco-biscuits/2008/07/26,4.18181818181818,0,0,2
8264073c-147a-4f70-8196-e3fb16af07ca,1997-11-20-blue-terrapin-elizabethtown-pa,1997-11-20,37174f51-d4c0-4e8d-a07c-64829a136521,db7f2c5d-2727-41fd-bd6f-e91c74164f09,Soundcheck: M.E.M.P.H.I.S.,143,2020-02-22 16:19:52.200407,2024-04-26 11:52:22.977270,0,https://relisten.net/disco-biscuits/1997/11/20,4,0,0,0
88e1e6b8-314a-4700-bc43-37dd816136b9,1996-06-05-downtime-new-york-ny,1996-06-05,ef86c5c0-ec7b-4256-8a16-a075eaa332d5,db7f2c5d-2727-41fd-bd6f-e91c74164f09,"",1236,2020-02-22 16:19:52.200407,2024-02-29 15:16:33.434092,0,,4.25,0,0,0
69ab819a-08c4-4144-8ac6-caeaad7b2245,1999-10-06-palookaville-santa-cruz-ca,1999-10-06,e7e91119-521d-4651-a8b2-360bcc5c6cbe,db7f2c5d-2727-41fd-bd6f-e91c74164f09,"",433,2020-02-22 16:19:52.200407,2023-06-21 18:57:57.798554,0,https://relisten.net/disco-biscuits/1999/10/06,4.625,0,0,0
8ee6fbed-6c92-452c-957b-f3dcdfc63d98,1997-09-27-wetlands-preserve-new-york-ny,1997-09-27,81bb358f-2ed6-4358-80b5-fb740207d89a,db7f2c5d-2727-41fd-bd6f-e91c74164f09,Foxtrot Zulu opened.,114,2020-02-22 16:19:52.200407,2023-07-26 18:09:41.198712,0,https://relisten.net/disco-biscuits/1997/09/27,4,0,0,0
6abb03df-17bf-4847-b015-28258ed9fcbb,1999-10-27-alley-katz-richmond-va,1999-10-27,693b7048-0e7a-4279-b081-a2f76a54e920,db7f2c5d-2727-41fd-bd6f-e91c74164f09,"",448,2020-02-22 16:19:52.200407,2023-08-26 17:50:36.889513,0,https://relisten.net/disco-biscuits/1999/10/27,3.91666666666667,0,0,0
68c6d117-3ce0-41bc-ad88-bf264973ee04,2015-04-25-higher-ground-s-burlington-vt,2015-04-25,a80851a9-f6e6-464e-8255-af00be69d62e,db7f2c5d-2727-41fd-bd6f-e91c74164f09,"",1458,2020-02-22 16:19:52.200407,2024-02-10 01:44:34.843397,0,https://relisten.net/disco-biscuits/2015/04/25,3.75,0,0,1
b6af282a-d0f6-48f8-b957-68433594ec26,2007-11-02-newport-music-hall-columbus-oh,2007-11-02,04aa905a-f64f-428b-ac41-0bae402258fd,db7f2c5d-2727-41fd-bd6f-e91c74164f09,"",1027,2020-02-22 16:19:52.200407,2023-08-27 11:48:50.485698,0,https://relisten.net/disco-biscuits/2007/11/02,4.09375,0,0,1
6e1002fc-5cae-4f81-a9a0-821f699bddbb,2012-12-31-the-theater-at-msg-new-york-ny,2012-12-31,53e8e9a4-6e7d-4712-820e-61ceffc473c4,db7f2c5d-2727-41fd-bd6f-e91c74164f09,"",1384,2020-02-22 16:19:52.200407,2024-04-23 15:01:17.855880,0,,3.84782608695652,0,3,2
881e7600-0810-4e68-ae67-4781642110a0,1997-11-30-tammany-hall-worcester-ma,1997-11-30,006f9b72-c8db-45dc-afad-b0fc65ab2a8e,db7f2c5d-2727-41fd-bd6f-e91c74164f09,Opening for Juggling Suns,146,2020-02-22 16:19:52.200407,2023-08-29 19:46:58.597711,0,,0.5,0,0,1
720f185c-3c16-4e7a-bd33-794186b2fb74,2012-07-13-indian-lookout-country-club-mariaville-ny,2012-07-13,79422c08-e8d6-4753-80ae-5967d56d9892,db7f2c5d-2727-41fd-bd6f-e91c74164f09,Camp Bisco XI,1372,2020-02-22 16:19:52.200407,2023-08-30 11:08:09.976943,0,,3.47916666666667,0,0,1
846c1efa-287e-47e6-8d5c-5d1c06f0b5fb,2011-12-27-best-buy-theater-new-york-ny,2011-12-27,3c1485b6-a149-49d6-ae5d-7f2a65afe7d3,db7f2c5d-2727-41fd-bd6f-e91c74164f09,Tipper opened,1360,2020-02-22 16:19:52.200407,2024-04-23 15:04:24.054211,0,,3.4047619047619,0,0,1
8f57d948-eb40-479e-9941-e16559c52bf3,2001-04-25-music-farm-charleston-sc,2001-04-25,8f9fe89b-78f7-46a5-a5b4-cd53967c8ed2,db7f2c5d-2727-41fd-bd6f-e91c74164f09,"",536,2020-02-22 16:19:52.200407,2024-05-29 21:53:33.937028,0,https://relisten.net/disco-biscuits/2001/04/25,3.75,0,0,1
84df1481-f750-4c29-abaf-6f32a1a05bc1,2018-12-12-holidaze-now-sapphire-puerto-morelos-mexico,2018-12-12,72be8ba0-a1c5-4b23-8f60-b88a34053585,db7f2c5d-2727-41fd-bd6f-e91c74164f09,Holidaze,1575,2020-02-22 16:19:52.200407,2024-08-25 20:34:38.625803,0,,3.23333333333333,0,0,1
79cae4a4-0272-48b0-a02b-c9fbb875d4fd,2018-12-29-the-fillmore-philadelphia-pa,2018-12-29,772346af-6a44-47b2-980d-aba4db9f114f,db7f2c5d-2727-41fd-bd6f-e91c74164f09,"",1579,2020-02-22 16:19:52.200407,2024-08-25 20:34:53.992311,0,,4.08823529411765,0,1,1
631b2e07-1b35-47b4-8580-7bb2b594f63b,1997-11-24-new-deal-roadhouse-deal-nj,1997-11-24,2fe4a1a0-4a5b-4f11-b363-e5371d99e0c1,db7f2c5d-2727-41fd-bd6f-e91c74164f09,"",145,2020-02-22 16:19:52.200407,2024-11-24 13:48:12.465496,0,https://relisten.net/disco-biscuits/1997/11/24,4.5,0,0,0
fe9e9d20-ec4a-4970-b86c-63b6a713838f,2023-07-09-pine-creek-lodge-livingston-montana,2023-07-09,a4911ded-2c18-4fb8-b813-18de1fc6c0be,db7f2c5d-2727-41fd-bd6f-e91c74164f09,"",,2023-07-10 01:56:18.124725,2024-09-17 00:57:08.380788,0,"",3.9047619047619,0,0,2
698fd801-5a36-4804-bdf0-446d98a5d3a6,2016-04-22-terminal-west-atlanta-georgia,2016-04-22,54c563c7-a506-42a1-a6f5-ab77a4501175,db7f2c5d-2727-41fd-bd6f-e91c74164f09,"",1485,2020-02-22 16:19:52.200407,2024-08-29 20:02:02.319986,0,,3.21875,0,0,1
6c875e7c-df59-400e-855d-0e32867a1b4d,2016-12-31-the-tabernacle-atlanta-ga,2016-12-31,10e901aa-54aa-45d7-b25d-4675602972f5,db7f2c5d-2727-41fd-bd6f-e91c74164f09,"",1508,2020-02-22 16:19:52.200407,2024-08-29 20:03:07.194276,0,,3.92857142857143,0,1,0
82d511cd-493a-4dfd-9223-ac16bd691730,2002-04-18-vogue-theater-indianapolis-in,2002-04-18,78cc0a80-887a-466c-b46e-505578d8de29,db7f2c5d-2727-41fd-bd6f-e91c74164f09,"",630,2020-02-22 16:19:52.200407,2024-11-25 12:16:35.240276,0,https://relisten.net/disco-biscuits/2002/04/18,4.125,0,0,0
820e4eef-7f20-4478-8f77-c288e6b89928,2001-12-06-norva-theater-norfolk-va,2001-12-06,34daf77d-8b69-4d05-9e79-e5d2850216f8,db7f2c5d-2727-41fd-bd6f-e91c74164f09,"",601,2020-02-22 16:19:52.200407,2024-12-07 22:03:01.717442,0,,3.90909090909091,0,0,1
86fdf0ec-c857-4388-aebb-9177b2d58bfe,2014-12-26-concord-music-hall-chicago-il,2014-12-26,dc7a23f8-1077-4acb-baa9-1a8053232655,db7f2c5d-2727-41fd-bd6f-e91c74164f09,"",1442,2020-02-22 16:19:52.200407,2024-12-07 00:32:31.010065,0,,3.75,0,0,1
808bfaa7-3328-4f4f-adf6-9e04552fad6e,1998-08-07-aggie-theatre-fort-collins-co,1998-08-07,26dec213-49f3-49a8-bedc-6898fbb6451c,db7f2c5d-2727-41fd-bd6f-e91c74164f09,Opening for Fat Mama,274,2020-02-22 16:19:52.200407,2024-04-26 14:07:29.213858,0,https://relisten.net/disco-biscuits/1998/08/07,3,0,0,0
8e6162f0-558f-4c2c-83dd-fac659679ba3,2018-03-08-the-strand-theater-providence-ri,2018-03-08,f5ac4e9e-097a-42cc-8238-486896cf4515,db7f2c5d-2727-41fd-bd6f-e91c74164f09,"",1548,2020-02-22 16:19:52.200407,2024-11-25 15:45:58.792117,0,,4.32,0,1,2
8963b1ce-702c-44dd-82ac-5c61a2262291,2010-06-11-bonnaroo-music-festival-manchester-tn,2010-06-11,1f6d9f30-4c62-4883-8d34-51a0ace794db,db7f2c5d-2727-41fd-bd6f-e91c74164f09,"4:45pm-5:15pm on the Sonic Stage. Other acts include Stevie Wonder, Jay-Z, Conan O'Brien, Weezer and The xx",1277,2020-02-22 16:19:52.200407,2024-04-29 21:02:50.961937,0,,3.08333333333333,0,0,0
86c58886-7891-4d9c-a43d-b806da886c18,2000-10-10-the-galaxy-theatre-santa-ana-ca,2000-10-10,470f10b7-71b1-4965-82c2-11eda1c8cb0c,db7f2c5d-2727-41fd-bd6f-e91c74164f09,"Soundcheck: Morph Dusseldorf, Shelby Rose, Humuhumunukunukuapua'a",473,2020-02-22 16:19:52.200407,2022-09-22 20:16:50.114009,0,https://relisten.net/disco-biscuits/2000/10/10,4.5,0,0,1
94f95028-05c7-47e1-95ca-2f2a5696afda,1996-02-13-campus-grille-temple-university-philadelphia-pa,1996-02-13,47a7f284-66b7-46a7-b812-0b9ce7dff857,db7f2c5d-2727-41fd-bd6f-e91c74164f09,"",5,2020-02-22 16:19:52.200407,2024-02-29 15:13:06.372877,0,,3,0,0,0
80620aec-e378-4cd5-8c18-e0d43087d019,1998-06-13-summer-sun-music-festival-cocheran-ga,1998-06-13,e9b7e867-d07b-46a7-802f-ce1955580698,db7f2c5d-2727-41fd-bd6f-e91c74164f09,"",238,2020-02-22 16:19:52.200407,2022-11-06 14:12:11.325383,0,https://relisten.net/disco-biscuits/1998/06/13,3,0,0,0
7d8f097a-31ec-42c2-8325-05e17f01f374,1998-03-19-8-x-10-club-baltimore-md,1998-03-19,60c4a1cd-a2c1-4fc1-bddb-cc6a0fe59488,db7f2c5d-2727-41fd-bd6f-e91c74164f09,"",189,2020-02-22 16:19:52.200407,2022-11-06 14:08:52.943156,0,https://relisten.net/disco-biscuits/1998/03/19,3,0,0,0
901d3428-bd53-4e0f-9ccf-ec84c36a9b53,1997-05-23-sunday-river-brewing-company-bethel-me,1997-05-23,66259330-a609-476d-ac21-376e208064f6,db7f2c5d-2727-41fd-bd6f-e91c74164f09,"",64,2020-02-22 16:19:52.200407,2020-02-23 00:37:26.039437,0,,0,0,0,0
908c9a6e-a044-4292-b64c-b387869ba112,1998-07-31-legends-lounge-las-vegas-nv,1998-07-31,393a0db9-a5a0-494f-95d0-e917ee4c373b,db7f2c5d-2727-41fd-bd6f-e91c74164f09,"",268,2020-02-22 16:19:52.200407,2020-02-23 00:37:26.104385,0,,0,0,0,0
954fef28-8b8b-4dc7-a9b0-88126908b940,1997-07-24-chicken-box-nantucket-ri,1997-07-24,329089f2-1591-428e-a150-ad95e22be272,db7f2c5d-2727-41fd-bd6f-e91c74164f09,"",93,2020-02-22 16:19:52.200407,2020-02-23 00:37:26.854942,0,,0,0,0,0
9f47dae9-f531-4138-b627-17b3d7c294f5,1998-05-28-comfort-zone-toronto-ontario-canada,1998-05-28,9abfffbc-d23d-49db-99f7-9789c0e5aefb,db7f2c5d-2727-41fd-bd6f-e91c74164f09,"",226,2020-02-22 16:19:52.200407,2020-02-23 00:37:28.306533,0,,0,0,0,0
94ca2e78-8b2b-4546-ae04-b41276e89df4,1998-02-13-the-next-decade-oakland-pa,1998-02-13,e27b3a5b-b34e-48f6-877c-721844ad0391,db7f2c5d-2727-41fd-bd6f-e91c74164f09,"Soundcheck: Wet, Little Betty Boop",173,2020-02-22 16:19:52.200407,2022-11-06 14:08:03.167705,0,https://relisten.net/disco-biscuits/1998/02/13,3,0,0,0
aa10a3ad-9f11-449e-8563-906cdba1e996,2005-03-22-melkweg-amsterdam-holland,2005-03-22,ec12097c-5935-4f59-bb54-cb8615ff1bdf,db7f2c5d-2727-41fd-bd6f-e91c74164f09,"Jam in the Dam.  With Umphrey's McGee, Keller Williams and Particle.",841,2020-02-22 16:19:52.200407,2023-11-23 10:57:44.692492,0,https://relisten.net/disco-biscuits/2005/03/22,4,0,1,0
9ed5e381-1ccb-471e-8caa-319e81c9be8b,2010-04-14-charleston-music-hall-charleston-sc,2010-04-14,1213f2be-f1c8-45ea-a8f4-3f355d1e0da9,db7f2c5d-2727-41fd-bd6f-e91c74164f09,"M.O. Theory and DJ Kidsmeal opened, entire show with Tom Hamilton and Chris Michetti on guitar and Jon on MIDI.",1251,2020-02-22 16:19:52.200407,2024-04-29 21:01:53.950236,0,https://relisten.net/disco-biscuits/2010/04/14,3.125,0,0,0
861e0e49-1c31-4022-a391-59e24701dafa,2003-04-13-roxy-nightclub-boston-ma,2003-04-13,b42fbd46-a08c-4e1a-8d69-4769cf046a76,db7f2c5d-2727-41fd-bd6f-e91c74164f09,"",735,2020-02-22 16:19:52.200407,2023-08-26 18:08:16.421451,0,https://relisten.net/disco-biscuits/2003/04/13,4.57894736842105,0,0,2
9dfe4fce-2c3f-424b-a7fc-7330aa59ad4a,2003-09-27-the-silo-reading-pa,2003-09-27,031d73d3-e8aa-4fca-b098-6d4f5581bd09,db7f2c5d-2727-41fd-bd6f-e91c74164f09,"",786,2020-02-22 16:19:52.200407,2023-08-27 11:31:01.886914,0,https://relisten.net/disco-biscuits/2003/09/27,4.66666666666667,0,0,0
9497d430-fd28-4a8f-8ed4-73e64acb4ea0,2000-11-01-ziggy-s-winston-salem-nc,2000-11-01,1e19b4b3-4616-480e-9b61-907d6f3d853e,db7f2c5d-2727-41fd-bd6f-e91c74164f09,"",488,2020-02-22 16:19:52.200407,2024-05-29 21:46:44.275512,0,https://relisten.net/disco-biscuits/2000/11/01,3.59090909090909,0,0,0
880ac71d-b92a-4e3f-8f1c-bf14cae5b1ed,2005-03-21-melkweg-amsterdam-holland,2005-03-21,ec12097c-5935-4f59-bb54-cb8615ff1bdf,db7f2c5d-2727-41fd-bd6f-e91c74164f09,"Jam in the Dam.  With Umphrey's McGee, Keller Williams and Particle.",840,2020-02-22 16:19:52.200407,2023-11-23 10:57:48.904676,0,https://relisten.net/disco-biscuits/2005/03/21,3.77777777777778,0,0,0
8ee84f10-ad09-4832-aaa2-61192e8fb970,1997-03-23-stone-coast-brewing-company-portland-me,1997-03-23,ecf0c8ed-8d5b-4eec-994e-556926052cb9,db7f2c5d-2727-41fd-bd6f-e91c74164f09,"",42,2020-02-22 16:19:52.200407,2024-02-29 15:06:23.164439,0,https://relisten.net/disco-biscuits/1997/03/23,4,0,0,0
7aa14812-13d5-4196-900c-5ed050657567,2003-11-29-webster-theater-hartford-ct,2003-11-29,78d9872d-f2e0-4156-9363-fc2fe55c64d8,db7f2c5d-2727-41fd-bd6f-e91c74164f09,T.E.R.A. opened.,806,2020-02-22 16:19:52.200407,2023-08-27 11:31:42.623730,0,https://relisten.net/disco-biscuits/2003/11/29,4.53333333333333,0,0,0
86684eaf-c246-494e-b4b9-17f9fd33b434,2014-09-26-electric-factory-philadelphia-pa,2014-09-26,8ef35498-800d-42f7-82d1-d8ced42d0092,db7f2c5d-2727-41fd-bd6f-e91c74164f09,"",1435,2020-02-22 16:19:52.200407,2024-02-27 06:10:25.875150,0,,4.05882352941176,0,0,2
a7335ae9-8eec-423c-bcb6-e9e8f93d3cb6,2005-12-29-tower-theater-upper-darby-pa,2005-12-29,ad81e6b5-f280-43c6-b001-36bbd482f784,db7f2c5d-2727-41fd-bd6f-e91c74164f09,"",859,2020-02-22 16:19:52.200407,2023-08-27 11:36:32.756433,0,https://relisten.net/disco-biscuits/2005/12/29,4.64705882352941,0,0,0
71238219-e105-424a-9f70-7a5c57bd0a8a,2011-09-03-shoreline-amphitheatre-mountain-view-ca,2011-09-03,3f30d2dd-688d-43c8-a7f2-dcc348e1c9d1,db7f2c5d-2727-41fd-bd6f-e91c74164f09,"Identity Festival - Kaskade, Pretty Lights, Pete Tong, Steve Aoki and much more",1355,2020-02-22 16:19:52.200407,2023-08-30 11:05:13.677485,0,,3.1,0,0,0
9fbb4247-cb30-4233-a83a-cf6bd23f401a,2010-12-30-tower-theater-upper-darby-pa,2010-12-30,ad81e6b5-f280-43c6-b001-36bbd482f784,db7f2c5d-2727-41fd-bd6f-e91c74164f09,"Shpongle opened, Sam Altman on drums except where noted.",1312,2020-02-22 16:19:52.200407,2023-08-27 12:00:15.801347,0,,3.64705882352941,0,0,0
7a3eeab3-8941-4c12-9013-a2e3d4c37eaf,2001-04-18-the-odeon-cleveland-oh,2001-04-18,9b417136-8afd-4ff4-91b5-4bad2b604428,db7f2c5d-2727-41fd-bd6f-e91c74164f09,Soundcheck: Confrontation,530,2020-02-22 16:19:52.200407,2024-05-29 21:52:54.190959,0,https://relisten.net/disco-biscuits/2001/04/18,3,0,0,1
85268c43-5a53-4b48-8aa4-31495e913d91,2003-08-15-trade-music-festival-farm-trade-tn,2003-08-15,859ddff8-3307-4499-8a11-9623284cb880,db7f2c5d-2727-41fd-bd6f-e91c74164f09,TranceMission.,777,2020-02-22 16:19:52.200407,2024-02-18 12:44:13.502715,0,https://relisten.net/disco-biscuits/2003/08/15,4.38888888888889,0,0,0
937d8fef-c24a-4a2e-aaaa-af4d4eec7c0c,1999-02-08-sebastian-s-murfreesboro-tn,1999-02-08,81282c30-ea84-4c03-bf02-15cb977e91e4,db7f2c5d-2727-41fd-bd6f-e91c74164f09,"",334,2020-02-22 16:19:52.200407,2024-02-07 17:25:50.080780,0,https://relisten.net/disco-biscuits/1999/02/08,3,0,0,0
a87ec162-9c57-4b34-9661-b6425bfad3c1,2001-12-31-electric-factory-philadelphia-pa,2001-12-31,8ef35498-800d-42f7-82d1-d8ced42d0092,db7f2c5d-2727-41fd-bd6f-e91c74164f09,"",608,2020-02-22 16:19:52.200407,2024-05-29 22:02:28.139782,0,https://relisten.net/disco-biscuits/2001/12/31,4.58823529411765,34,0,1
b04021aa-3bc9-417a-9336-8c000f2acdf7,2009-01-18-the-town-ballroom-buffalo-ny,2009-01-18,edf8b5e6-2040-4d55-bfc0-833f839ed87d,db7f2c5d-2727-41fd-bd6f-e91c74164f09,"",1158,2020-02-22 16:19:52.200407,2024-03-30 04:30:54.270866,0,,3.93333333333333,0,0,2
dbcd0482-83e7-4b5b-9698-1fc39e77ed4b,1999-05-07-jack-straw-s-charlotte-nc,1999-05-07,023caca8-36d3-42ef-adbe-dc5471812061,db7f2c5d-2727-41fd-bd6f-e91c74164f09,"",385,2020-02-22 16:19:52.200407,2024-05-29 21:39:09.199125,0,https://relisten.net/disco-biscuits/1999/05/07,3.75,1,0,0
8dc42902-85e8-4ee5-b4f8-342aa2102f87,2005-07-22-artscape-festival-baltimore-md,2005-07-22,d6818c43-b30e-4aae-8c5a-fa5df1c466dd,db7f2c5d-2727-41fd-bd6f-e91c74164f09,"",847,2020-02-22 16:19:52.200407,2024-07-30 15:42:33.949028,0,https://relisten.net/disco-biscuits/2005/07/22,4.28125,0,1,1
94ea254e-84f9-4db6-ab9e-0f9c1f7eac94,2016-02-05-the-fillmore-philadelphia-pa,2016-02-05,772346af-6a44-47b2-980d-aba4db9f114f,db7f2c5d-2727-41fd-bd6f-e91c74164f09,"",1477,2020-02-22 16:19:52.200407,2024-08-29 20:01:38.470118,0,,3.89285714285714,0,2,2
79b1d5a1-c740-4a9e-a87e-d262e42789ce,2016-01-02-playstation-theater-new-york-ny,2016-01-02,7b00c23c-dc31-4e72-8633-820e8c228ff4,db7f2c5d-2727-41fd-bd6f-e91c74164f09,Soul Clap opened ,1475,2020-02-22 16:19:52.200407,2024-08-29 20:01:24.224289,0,,3.89130434782609,0,0,2
94e55d0c-1e17-4bfc-8882-0ddff3f56d7d,1998-07-25-435-broadway-san-francisco-ca,1998-07-25,5ef05890-4b41-44b6-9428-dfcbe6b82a7a,db7f2c5d-2727-41fd-bd6f-e91c74164f09,"",263,2020-02-22 16:19:52.200407,2022-09-21 02:01:42.743807,0,https://relisten.net/disco-biscuits/1998/07/25,3,0,0,0
94e94e54-f148-48ad-b94b-fdbc8e17d83a,1998-09-24-deer-park-tavern-newark-de,1998-09-24,d06d9b3a-7e36-46f1-b123-29f7fe695ee8,db7f2c5d-2727-41fd-bd6f-e91c74164f09,"",290,2020-02-22 16:19:52.200407,2022-09-21 02:03:05.228186,0,https://relisten.net/disco-biscuits/1998/09/24,3.5,0,0,0
9ec5ddd4-5dc4-4da0-b861-0ffa09eae96c,1998-03-18-philadelphia-art-museum-philadelphia-pa,1998-03-18,9a332f8e-3ad3-43a5-85e2-c3428da33f25,db7f2c5d-2727-41fd-bd6f-e91c74164f09,"",188,2020-02-22 16:19:52.200407,2022-11-06 14:08:47.421377,0,https://relisten.net/disco-biscuits/1998/03/18,3,0,0,0
b714305a-fa2c-4d58-837f-a47451918e19,1996-08-07-wetlands-preserve-new-york-ny,1996-08-07,81bb358f-2ed6-4358-80b5-fb740207d89a,db7f2c5d-2727-41fd-bd6f-e91c74164f09,"",18,2020-02-22 16:19:52.200407,2021-04-11 17:16:26.896436,0,,4.5,0,0,0
b5ddaadd-d14a-4e7c-a76d-a478755f1dea,1997-10-15-the-bayou-washington-dc,1997-10-15,0aecae59-9a24-44f4-99da-96febae6f886,db7f2c5d-2727-41fd-bd6f-e91c74164f09,Opening for the Zen Tricksters,122,2020-02-22 16:19:52.200407,2020-02-23 00:37:31.544544,0,,0,0,0,0
bcfa55cf-b68a-440d-9822-edd3ef781d86,1997-07-06-philly-street-festival-philadelphia-pa,1997-07-06,54e5165d-02e5-4a4a-a737-acc54f3d0ab7,db7f2c5d-2727-41fd-bd6f-e91c74164f09,"",82,2020-02-22 16:19:52.200407,2020-02-23 00:37:32.418590,0,,0,0,0,0
c65375c7-4fec-4e23-85a7-12f7dddd525c,1997-07-19-unknown-venue-philadelphia-pa,1997-07-19,8609ffe2-3534-42c5-80f3-766b917af218,db7f2c5d-2727-41fd-bd6f-e91c74164f09,"",90,2020-02-22 16:19:52.200407,2020-02-23 00:37:33.768590,0,,0,0,0,0
b340edc7-0536-4ac6-92d3-af12ef3321cf,1998-06-03-corner-pocket-saloon-morgantown-wv,1998-06-03,713d76d9-9a8f-4536-b1ce-bec5c158505a,db7f2c5d-2727-41fd-bd6f-e91c74164f09,"",229,2020-02-22 16:19:52.200407,2024-04-24 08:33:11.083082,0,https://relisten.net/disco-biscuits/1998/06/03,0,0,0,0
9ef30eaa-6e3d-490f-af7e-4a60cabad944,1999-09-24-fox-theatre-boulder-co,1999-09-24,8f46585f-f736-4603-88c9-a45209757346,db7f2c5d-2727-41fd-bd6f-e91c74164f09,"",426,2020-02-22 16:19:52.200407,2023-08-20 12:29:56.216845,0,https://relisten.net/disco-biscuits/1999/09/24,4.16666666666667,0,0,0
b3bf7560-4831-4acf-be26-5c2e8bb4c5fd,1998-01-15-blue-star-hotel-lancaster-pa,1998-01-15,3e4dcffa-4fac-47a5-bfc4-8c2175535bc8,db7f2c5d-2727-41fd-bd6f-e91c74164f09,"Soundcheck: Voices Insane, What A Show",158,2020-02-22 16:19:52.200407,2022-07-11 02:08:41.582242,0,https://relisten.net/disco-biscuits/1998/01/15,4,0,0,0
aed5eb3e-8f82-4927-9658-6e72fd9108f9,1999-02-12-mercury-lounge-austin-tx,1999-02-12,865651f2-e88f-434f-b64b-01a73570609c,db7f2c5d-2727-41fd-bd6f-e91c74164f09,"",338,2020-02-22 16:19:52.200407,2022-09-13 21:11:20.343969,0,https://relisten.net/disco-biscuits/1999/02/12,4.16666666666667,0,0,0
a76470de-2486-406d-bbfd-482b32b90442,1998-07-08-the-next-decade-oakland-pa,1998-07-08,e27b3a5b-b34e-48f6-877c-721844ad0391,db7f2c5d-2727-41fd-bd6f-e91c74164f09,"Soundcheck: Walking On The Moon, Jamillia",252,2020-02-22 16:19:52.200407,2022-11-06 14:12:46.333527,0,https://relisten.net/disco-biscuits/1998/07/08,1.5,0,0,0
9fb7b65e-0e29-458b-bb6e-f63fa751018c,2007-10-27-the-f-m-kirby-center-wilkes-barre-pa,2007-10-27,3cfb5ccc-d5f5-4370-a671-1d2a369d687a,db7f2c5d-2727-41fd-bd6f-e91c74164f09,"",1023,2020-02-22 16:19:52.200407,2023-08-27 11:48:24.340279,0,https://relisten.net/disco-biscuits/2007/10/27,4.30952380952381,0,0,2
a6c4380b-5cd7-4576-9d17-f966999168b9,1997-10-23-cafe-210-west-state-college-pa,1997-10-23,bb1ea85c-f87c-4a31-95b7-d33fcb04abbc,db7f2c5d-2727-41fd-bd6f-e91c74164f09,"",125,2020-02-22 16:19:52.200407,2023-07-31 20:01:45.411152,0,https://relisten.net/disco-biscuits/1997/10/23,3.5,0,0,0
b303c3fe-2b3f-4c39-824f-1a948cf3525d,1997-12-04-east-end-cafe-newark-de,1997-12-04,cfc1f3e7-06d2-41ae-bfde-d8d156125df3,db7f2c5d-2727-41fd-bd6f-e91c74164f09,"",148,2020-02-22 16:19:52.200407,2024-05-21 16:40:56.359424,0,https://archive.org/details/db1997-12-04.akgck61.flac16,3.5,0,0,0
88563939-a97a-4e82-b7a8-99a1f0bb5a91,1997-12-10-p-b-finnian-s-plattsburgh-ny,1997-12-10,90595224-0946-44c7-a487-4716d6445273,db7f2c5d-2727-41fd-bd6f-e91c74164f09,"",150,2020-02-22 16:19:52.200407,2023-07-31 20:47:28.240403,0,https://relisten.net/disco-biscuits/1997/12/10,4.25,0,0,0
b4208d37-8b79-4734-9f1c-c24df8dc0918,1996-07-05-downtime-new-york-ny,1996-07-05,ef86c5c0-ec7b-4256-8a16-a075eaa332d5,db7f2c5d-2727-41fd-bd6f-e91c74164f09,"",17,2020-02-22 16:19:52.200407,2024-02-29 15:18:07.944140,0,,3.5,0,0,0
94992858-8d40-4776-9c04-2ed2a5210bcf,1998-06-27-melstock-melham-s-farm-mechanicsburg-pa,1998-06-27,b089f152-986c-4ebd-bb0d-3207437eb51c,db7f2c5d-2727-41fd-bd6f-e91c74164f09,"",246,2020-02-22 16:19:52.200407,2023-08-26 17:44:05.934522,0,https://relisten.net/disco-biscuits/1998/06/27,3.25,0,0,0
a6fd5881-07f1-4c48-95b3-a0f656679f27,1999-05-13-the-roadhouse-daniel-wv,1999-05-13,7b7d3aae-2cd2-44ec-a8bf-b2bc32e96360,db7f2c5d-2727-41fd-bd6f-e91c74164f09,"",388,2020-02-22 16:19:52.200407,2023-08-26 17:48:21.203846,0,https://relisten.net/disco-biscuits/1999/05/13,3.33333333333333,0,0,0
a801b26a-0bde-440f-b829-d988fdf1e62e,2009-04-04-crystal-bay-club-casino-crystal-bay-nv,2009-04-04,e4fce011-a383-434a-a23b-cb5869a148fe,db7f2c5d-2727-41fd-bd6f-e91c74164f09,"Heavyweight Dub Champion opened, DJ Piper at set break",1129,2020-02-22 16:19:52.200407,2024-04-16 14:41:50.586896,0,https://relisten.net/disco-biscuits/2009/04/04,4.775,1,0,1
9d5156d6-8d75-4518-bfb7-c5935b2366b4,2002-12-31-electric-factory-philadelphia-pa,2002-12-31,8ef35498-800d-42f7-82d1-d8ced42d0092,db7f2c5d-2727-41fd-bd6f-e91c74164f09,"",708,2020-02-22 16:19:52.200407,2023-08-26 18:07:01.098608,0,https://relisten.net/disco-biscuits/2002/12/31,4.625,0,1,0
a7b72404-74a1-4b87-99d2-1e9f6d42b146,2007-10-31-orpheum-theater-boston-ma,2007-10-31,aed258ac-0ba0-4828-93e3-bf5ed0ba3c76,db7f2c5d-2727-41fd-bd6f-e91c74164f09,"Minus the first 3 songs in Set I and 'A Night On Bald Mountain' in Set II, this was the 8th complete performance of Jon Gutwillig's 'The Hot Air Balloon'",1025,2020-02-22 16:19:52.200407,2023-08-27 11:48:38.151664,0,https://relisten.net/disco-biscuits/2007/10/31,3.8,0,0,1
bc5da318-60de-4d1c-953a-888c70e876b9,1996-05-18-blarney-stone-philadelphia-pa,1996-05-18,4507c656-b5cc-4af9-8fd5-37a24679106e,db7f2c5d-2727-41fd-bd6f-e91c74164f09,"",791,2020-02-22 16:19:52.200407,2024-02-29 15:18:19.177553,0,,4,0,0,0
b7a294c1-a40e-4dcb-aa57-94ec73bb63ac,2013-12-16-mayan-holidaze-now-sapphire-resort-puerto-morelos-mexico,2013-12-16,72be8ba0-a1c5-4b23-8f60-b88a34053585,db7f2c5d-2727-41fd-bd6f-e91c74164f09,Mayan Holidaze - other acts include Umphrey's McGee and STS9,1400,2020-02-22 16:19:52.200407,2023-09-05 12:59:54.886110,0,,3.9375,0,0,1
196da021-af7c-465f-9329-45af6de18126,2010-01-30-fox-theatre-boulder-co,2010-01-30,8f46585f-f736-4603-88c9-a45209757346,db7f2c5d-2727-41fd-bd6f-e91c74164f09,"",1219,2020-02-22 16:19:52.200407,2023-08-30 14:24:50.831946,0,https://relisten.net/disco-biscuits/2010/01/30,4.4,0,0,2
b4553d41-6bd6-4bf9-87e9-0a385fc89815,2009-10-01-the-national-richmond-va,2009-10-01,42021528-811e-4168-8125-91ed90c5e5ba,db7f2c5d-2727-41fd-bd6f-e91c74164f09,Big Gigantic opened,1184,2020-02-22 16:19:52.200407,2024-02-04 12:57:12.096748,0,https://relisten.net/disco-biscuits/2009/10/01,4.15,9,0,0
b4abb7d1-dd69-4efe-a7f7-b4c8625f0d03,1996-03-30-zeta-psi-university-of-pennsylvania-philadelphia-pa,1996-03-30,c6c7725a-6e5f-45c3-8b22-f73c05b270db,db7f2c5d-2727-41fd-bd6f-e91c74164f09,"",10,2020-02-22 16:19:52.200407,2024-02-29 15:18:31.211233,0,,4,0,0,0
bd760dfb-2bb3-4c4d-8824-ee767495163d,2002-04-12-tower-theater-upper-darby-pa,2002-04-12,ad81e6b5-f280-43c6-b001-36bbd482f784,db7f2c5d-2727-41fd-bd6f-e91c74164f09,"",625,2020-02-22 16:19:52.200407,2024-03-20 10:09:41.731405,0,https://relisten.net/disco-biscuits/2002/04/12,4.5,20,0,1
bc8ad9f7-6d1a-4812-a913-cd884e5890aa,1998-03-14-crossroads-new-york-ny,1998-03-14,8be3bdcb-9f5a-4ef7-82e8-b4245b63fa78,db7f2c5d-2727-41fd-bd6f-e91c74164f09,Agent Porridge opened.,185,2020-02-22 16:19:52.200407,2024-04-26 13:25:14.582918,0,https://relisten.net/disco-biscuits/1998/03/14,3.5,0,0,0
b586799a-0fc1-4ad4-bff8-1170d314f866,2003-05-03-nashville-river-stages-nashville-tn,2003-05-03,775616ad-9f9c-4998-ba80-f0ba7e92417f,db7f2c5d-2727-41fd-bd6f-e91c74164f09,"",752,2020-02-22 16:19:52.200407,2022-09-01 18:15:27.150077,0,https://relisten.net/disco-biscuits/2003/05/03,3,0,0,0
bd541aca-4117-4ecc-85fa-4970e3025021,2006-12-30-electric-factory-philadelphia-pa,2006-12-30,8ef35498-800d-42f7-82d1-d8ced42d0092,db7f2c5d-2727-41fd-bd6f-e91c74164f09,Hallucinogen opened,956,2020-02-22 16:19:52.200407,2024-11-10 02:26:08.600749,0,https://relisten.net/disco-biscuits/2006/12/30,4.62962962962963,20,0,3
85484d64-074f-47fd-9a2e-fb9dd9f28ad2,2001-04-13-lowell-auditorium-lowell-ma,2001-04-13,b4c3cb1c-4f3c-499b-ba42-9e0e7300a5bc,db7f2c5d-2727-41fd-bd6f-e91c74164f09,"",526,2020-02-22 16:19:52.200407,2024-11-21 16:30:02.162454,0,https://relisten.net/disco-biscuits/2001/04/13,3.16666666666667,0,0,1
b725df0e-3db6-46e7-9220-79c583ed7e3b,2001-09-25-cajun-house-scottsdale-az,2001-09-25,b7567682-cd24-482c-a48d-9cf6d2e65f09,db7f2c5d-2727-41fd-bd6f-e91c74164f09,"",579,2020-02-22 16:19:52.200407,2022-09-12 17:48:48.695488,0,https://relisten.net/disco-biscuits/2001/09/25,3.75,0,0,1
c1405c0a-4cec-4950-9870-a090e77f8ac3,1997-09-08-the-monopole-plattsburgh-ny,1997-09-08,de33ee26-4527-44c8-9d0c-73d47dede878,db7f2c5d-2727-41fd-bd6f-e91c74164f09,"",1238,2020-02-22 16:19:52.200407,2020-02-23 00:37:33.054632,0,,0,0,0,0
e9bd43a1-96ed-496b-8501-580d73b7c82e,1997-10-19-the-george-washington-university-washington-dc,1997-10-19,03698a95-aed7-4a81-a32f-3a8643ffcb4b,db7f2c5d-2727-41fd-bd6f-e91c74164f09,"",123,2020-02-22 16:19:52.200407,2020-02-23 00:37:38.173341,0,,0,0,0,0
cc179cad-63d6-4821-bd63-3221be3e674f,1998-10-23-wetlands-preserve-new-york-ny,1998-10-23,81bb358f-2ed6-4358-80b5-fb740207d89a,db7f2c5d-2727-41fd-bd6f-e91c74164f09,"Mike Kennelly and Beer For Dolphins, Oteil and the Peacemakers, and the Slip opened.",303,2020-02-22 16:19:52.200407,2022-09-21 02:03:47.767372,0,https://relisten.net/disco-biscuits/1998/10/23,3.5,0,0,0
d4af0646-96f8-452a-9b6f-9c88ce451469,2003-07-02-the-galaxy-theatre-santa-ana-ca,2003-07-02,470f10b7-71b1-4965-82c2-11eda1c8cb0c,db7f2c5d-2727-41fd-bd6f-e91c74164f09,"",759,2020-02-22 16:19:52.200407,2022-09-01 18:15:59.393433,0,https://relisten.net/disco-biscuits/2003/07/02,3.66666666666667,0,0,0
e9f03ddb-1884-46e0-885c-9f5404292b34,2010-04-23-the-f-m-kirby-center-wilkes-barre-pa,2010-04-23,3cfb5ccc-d5f5-4370-a671-1d2a369d687a,db7f2c5d-2727-41fd-bd6f-e91c74164f09,Entire show with Tom Hamilton and Chris Michetti on guitar and Jon on MIDI.,1259,2020-02-22 16:19:52.200407,2022-09-13 19:39:26.174480,0,,3.125,0,0,0
e73b5280-c9af-460b-8a2f-b162333be6eb,2006-05-13-the-palace-theatre-albany-ny,2006-05-13,5f9e5538-df9b-4cd6-859f-3622d2731aa9,db7f2c5d-2727-41fd-bd6f-e91c74164f09,"",897,2020-02-22 16:19:52.200407,2023-08-27 11:38:48.337539,0,https://relisten.net/disco-biscuits/2006/05/13,4.31818181818182,0,0,2
d7304ffd-764b-4c7d-bc36-c4c50ad230ae,2010-03-18-the-egg-albany-new-york,2010-03-18,a3d89c79-8a73-438d-8037-eefe36283557,db7f2c5d-2727-41fd-bd6f-e91c74164f09,"",1243,2020-02-22 16:19:52.200407,2023-02-28 20:57:52.130817,0,,3.95454545454545,0,0,0
ea349636-cbac-4427-9bd3-4a19a262d068,2003-07-03-belly-up-tavern-solana-beach-ca,2003-07-03,a3887e0c-1314-4309-bd90-8fd95c62cbcc,db7f2c5d-2727-41fd-bd6f-e91c74164f09,"",761,2020-02-22 16:19:52.200407,2022-09-01 18:16:01.517282,0,https://relisten.net/disco-biscuits/2003/07/03,3.5,0,0,0
af5ca427-52e6-400f-b280-18ec0e3b3e8b,1999-05-04-asheville-brewing-company-asheville-nc,1999-05-04,1f294ff4-e447-416a-921e-11f565e67dfa,db7f2c5d-2727-41fd-bd6f-e91c74164f09,Quiver opened.,383,2020-02-22 16:19:52.200407,2023-08-26 17:47:36.788188,0,https://relisten.net/disco-biscuits/1999/05/04,3.33333333333333,0,0,0
c1cdfbb0-4169-4e51-9788-55438f5e4536,2007-10-19-canopy-club-urbana-il,2007-10-19,1be0ac9f-b003-4059-8d17-ed8e297e5821,db7f2c5d-2727-41fd-bd6f-e91c74164f09,"",1017,2020-02-22 16:19:52.200407,2023-10-19 20:19:58.429408,0,https://relisten.net/disco-biscuits/2007/10/19,4.69444444444444,0,0,2
bb39af11-da20-4ced-95b8-ea9f44cc8194,2013-01-27-fox-theatre-boulder-co,2013-01-27,8f46585f-f736-4603-88c9-a45209757346,db7f2c5d-2727-41fd-bd6f-e91c74164f09,"",1388,2020-02-22 16:19:52.200407,2024-04-29 20:58:40.714042,0,,3.44444444444444,0,0,1
c7b8fefb-b087-4a7a-a849-2335389c9876,1998-01-17-deer-park-tavern-newark-de,1998-01-17,d06d9b3a-7e36-46f1-b123-29f7fe695ee8,db7f2c5d-2727-41fd-bd6f-e91c74164f09,"",160,2020-02-22 16:19:52.200407,2023-08-01 16:23:50.628495,0,,3.5,0,0,0
e84d36d1-4c9b-46b4-acf1-7d6825f88e9e,2011-09-04-palladium-hollywood-ca,2011-09-04,2486f116-14c6-4116-9034-cb0500500104,db7f2c5d-2727-41fd-bd6f-e91c74164f09,"Identity Festival - Pretty Lights, Pete Tong, Steve Aoki, Booka Shade and more",1356,2020-02-22 16:19:52.200407,2023-08-30 11:05:16.736180,0,,3.44444444444444,0,0,0
e7067626-858f-4858-b420-0f3c389389d8,2012-10-04-baltimore-soundstage-baltimore-md,2012-10-04,7251e41b-5fee-4eb6-a51b-a38c8118a5bd,db7f2c5d-2727-41fd-bd6f-e91c74164f09,"",1374,2020-02-22 16:19:52.200407,2023-08-30 11:08:15.033235,0,,3.59375,0,0,0
e9d3ac0e-ca6c-4b08-a779-578feb8e7c7b,2013-04-26-boulder-theater-boulder-co,2013-04-26,88fdfe2f-b85b-4aa0-ab05-613bd43f41cd,db7f2c5d-2727-41fd-bd6f-e91c74164f09,"",1390,2020-02-22 16:19:52.200407,2024-04-29 20:58:48.776732,0,https://relisten.net/disco-biscuits/2013/04/26,3.95833333333333,0,0,1
caaa68b8-2eac-49b9-816d-e5cc9fbe99df,2002-11-02-state-theater-ithaca-ny,2002-11-02,0c4e3630-a46c-4faf-b1e2-c440316fd14f,db7f2c5d-2727-41fd-bd6f-e91c74164f09,"",695,2020-02-22 16:19:52.200407,2024-03-28 00:07:03.847622,0,https://relisten.net/disco-biscuits/2002/11/02,4.16666666666667,0,0,0
bc24256c-2493-4235-98c7-7882f6e875a9,2017-02-03-the-fillmore-philadelphia-pa,2017-02-03,772346af-6a44-47b2-980d-aba4db9f114f,db7f2c5d-2727-41fd-bd6f-e91c74164f09,"",1510,2020-02-22 16:19:52.200407,2024-10-18 23:15:35.451356,0,,4.53030303030303,0,1,2
e8a305ef-c9f6-41f3-b3cf-7ca92824751e,2005-03-24-starland-ballroom-sayreville-nj,2005-03-24,d7bcd39a-04d3-46ae-913a-c950de7b6c5d,db7f2c5d-2727-41fd-bd6f-e91c74164f09,"",842,2020-02-22 16:19:52.200407,2024-03-04 04:03:10.022438,0,https://relisten.net/disco-biscuits/2005/03/24,4.6,0,0,0
d9555a3b-7e3f-42b0-84bd-36db07575e02,2007-05-25-highline-ballroom-new-york-ny,2007-05-25,28b38b7c-d0a0-44d3-8930-bf8652044a2a,db7f2c5d-2727-41fd-bd6f-e91c74164f09,"",978,2020-02-22 16:19:52.200407,2024-04-04 20:26:08.643160,0,https://relisten.net/disco-biscuits/2007/05/25,4.39583333333333,0,0,2
d54aa5bb-b4fa-4afa-ae86-e1cb8a49eef6,2001-05-08-liz-wilde-show-portland-or,2001-05-08,ae559558-ab9d-4adf-bfa9-53d32ab40712,db7f2c5d-2727-41fd-bd6f-e91c74164f09,FM Broadcast.  Radio call-in show.,731,2020-02-22 16:19:52.200407,2024-03-28 00:10:31.744962,0,https://relisten.net/disco-biscuits/2001/05/08,0.625,0,0,0
c80430a6-ccdb-4826-af26-d5c1992f7cdf,2001-09-16-canopy-club-urbana-il,2001-09-16,1be0ac9f-b003-4059-8d17-ed8e297e5821,db7f2c5d-2727-41fd-bd6f-e91c74164f09,"",573,2020-02-22 16:19:52.200407,2024-03-28 00:14:35.680669,0,https://relisten.net/disco-biscuits/2001/09/16,3.64285714285714,4,0,1
c73b2a5f-711c-43bf-a526-115187121a19,1997-09-24-university-concert-hall-college-park-md,1997-09-24,3a81fd03-5f38-4570-b117-5a8faeaf5915,db7f2c5d-2727-41fd-bd6f-e91c74164f09,Opening for the Recipe,112,2020-02-22 16:19:52.200407,2022-11-06 14:05:53.139481,0,https://relisten.net/disco-biscuits/1997/09/24,3,0,0,0
ed16c6a7-0044-4820-a0fb-bc32df0b2fb7,1998-02-05-valentine-s-albany-ny,1998-02-05,2975262b-4b83-4f7a-9b0d-1f5d75a841aa,db7f2c5d-2727-41fd-bd6f-e91c74164f09,"",169,2020-02-22 16:19:52.200407,2020-02-23 00:37:38.625079,0,,0,0,0,0
f3d6e8e6-d704-418f-bcdf-0da8bf45552b,1997-09-11-blue-terrapin-elizabethtown-pa,1997-09-11,37174f51-d4c0-4e8d-a07c-64829a136521,db7f2c5d-2727-41fd-bd6f-e91c74164f09,"",107,2020-02-22 16:19:52.200407,2020-02-23 00:37:39.312282,0,,0,0,0,0
fa675c5e-1a92-4a4b-8fa5-bca4d461700e,1997-04-19-spring-fling-frat-party-university-of-pennsylvania-philadelphia-pa,1997-04-19,cd92fc4a-0d1e-4166-aa40-2463ea84cf0d,db7f2c5d-2727-41fd-bd6f-e91c74164f09,"",51,2020-02-22 16:19:52.200407,2020-02-23 00:37:40.408160,0,,0,0,0,0
b148bef5-f71f-4792-b180-8008db6983e4,1999-12-31-theater-of-the-living-arts-philadelphia-pa,1999-12-31,8e6923c1-dafd-42cd-8e53-9758c53c3fb4,db7f2c5d-2727-41fd-bd6f-e91c74164f09,"",456,2020-02-22 16:19:52.200407,2024-07-19 11:22:51.159012,0,https://relisten.net/disco-biscuits/1999/12/31,4.70833333333333,0,1,0
eabb3b63-81c8-4fd4-97ea-7a15cd83be6a,2006-12-28-sonar-lounge-baltimore-md,2006-12-28,aa42a681-6647-44e5-8fa0-cff643978119,db7f2c5d-2727-41fd-bd6f-e91c74164f09,"",952,2020-02-22 16:19:52.200407,2024-11-10 02:25:55.328431,0,https://relisten.net/disco-biscuits/2006/12/28,4.65217391304348,12,0,2
e86c3818-c2a6-490f-af13-f03eb3e1f038,2017-05-28-three-sister-s-park-chillicothe-il,2017-05-28,2b1bd682-7e6f-4f53-9305-d2c7309cab61,db7f2c5d-2727-41fd-bd6f-e91c74164f09,Summer Camp Music Festival ,1518,2020-02-22 16:19:52.200407,2024-08-29 20:00:08.436550,0,https://relisten.net/disco-biscuits/2017/05/28,4.16666666666667,0,0,1
c183afb2-c119-407a-97d9-4aef07c5d054,2001-04-07-the-majestic-detroit-mi,2001-04-07,bb49a7de-c975-414b-afa0-14890a0413c5,db7f2c5d-2727-41fd-bd6f-e91c74164f09,"",522,2020-02-22 16:19:52.200407,2024-09-04 17:52:39.207831,0,https://relisten.net/disco-biscuits/2001/04/07,4.46875,0,0,2
af7fdd06-4a16-420d-8935-eab6960edf3b,2018-05-24-ogden-theater-denver-co,2018-05-24,6a113f67-1c38-4874-a465-80b7ae21d2f8,db7f2c5d-2727-41fd-bd6f-e91c74164f09,Bisco Inferno,1556,2020-02-22 16:19:52.200407,2024-11-07 02:06:50.868558,0,,4.04166666666667,0,1,1
b4b649ce-eeab-46cf-9cca-4ed343dfad1e,2010-05-28-ogden-theater-denver-co,2010-05-28,6a113f67-1c38-4874-a465-80b7ae21d2f8,db7f2c5d-2727-41fd-bd6f-e91c74164f09,"",1266,2020-02-22 16:19:52.200407,2024-11-22 01:47:48.611125,0,https://relisten.net/disco-biscuits/2010/05/28,3.85714285714286,0,0,0
c1c22804-f754-4c04-875f-55046289b595,2003-08-18-visulite-theater-charlotte-nc,2003-08-18,18e05ce9-4e94-45fc-9dd0-dcbf50144919,db7f2c5d-2727-41fd-bd6f-e91c74164f09,"",779,2020-02-22 16:19:52.200407,2024-11-25 12:15:15.597302,0,https://relisten.net/disco-biscuits/2003/08/18,4.2,0,0,0
fc61a5fb-a736-4082-a63c-6d41b8c05921,1998-08-29-sunshine-daydream-festival-may-s-landing-nj,1998-08-29,7dcfeca0-b0d0-484f-9b72-4fbc6d5ed3c7,db7f2c5d-2727-41fd-bd6f-e91c74164f09,"",280,2020-02-22 16:19:52.200407,2020-02-23 00:37:40.793729,0,,0,0,0,0
f485980a-940f-4b82-9f9e-74432c43ab33,2019-12-11-house-of-blues-orlando-fl,2019-12-11,31f31998-23c0-45a5-a5cc-13cceba55e37,db7f2c5d-2727-41fd-bd6f-e91c74164f09,"",1608,2020-02-22 16:19:52.200407,2023-12-30 19:57:38.465777,0,,4.03703703703704,0,1,1
faf58f2e-d71d-4d6a-a03b-403e87f2f2e8,2006-05-03-the-rave-milwaukee-wi,2006-05-03,83c2ae5b-bf58-429d-81aa-4a2ecfe377c5,db7f2c5d-2727-41fd-bd6f-e91c74164f09,"",891,2020-02-22 16:19:52.200407,2023-02-03 10:22:29.508703,0,https://relisten.net/disco-biscuits/2006/05/03,3.19230769230769,0,0,1
4a29bbd4-bdf7-43fa-a92f-8485bebcf2c9,1996-08-14-grog-and-tankard-washington-dc,1996-08-14,548d3cee-4e64-49d8-876c-3a9d626bfa6b,db7f2c5d-2727-41fd-bd6f-e91c74164f09,"",19,2020-02-22 16:19:52.200407,2020-02-23 00:37:15.109239,0,,0,0,0,0
f623df1f-a1a8-409b-9f59-056539f05ec9,1999-04-24-curry-college-boston-ma,1999-04-24,5694ff5d-aaf9-4ef2-b004-0ede3fe8ef37,db7f2c5d-2727-41fd-bd6f-e91c74164f09,Opening for One Tribe and Run D.M.C.,723,2020-02-22 16:19:52.200407,2023-08-26 17:47:14.253082,0,https://relisten.net/disco-biscuits/1999/04/24,3.25,0,0,0
f9f409b2-ad55-419b-b303-fb25ea87b580,2010-03-16-theater-of-the-living-arts-philadelphia-pa,2010-03-16,8e6923c1-dafd-42cd-8e53-9758c53c3fb4,db7f2c5d-2727-41fd-bd6f-e91c74164f09,Planet Anthem CD Release Party,1241,2020-02-22 16:19:52.200407,2022-09-13 19:38:25.070548,0,,2.35714285714286,0,0,1
fb5dd067-ea42-4d6b-b19d-d4fbddc7ed7f,2008-04-23-mcalister-auditorium-new-orleans-la,2008-04-23,d656ff40-ff8a-4e8d-854b-cfb5a4e0d71b,db7f2c5d-2727-41fd-bd6f-e91c74164f09,Girl Talk opened,1087,2020-02-22 16:19:52.200407,2022-09-13 19:48:07.086187,0,,3.875,0,0,0
f7760bd0-99d0-4b59-adc9-5a7cc0d7fae8,2000-12-27-the-silo-reading-pa,2000-12-27,031d73d3-e8aa-4fca-b098-6d4f5581bd09,db7f2c5d-2727-41fd-bd6f-e91c74164f09,"",503,2020-02-22 16:19:52.200407,2024-02-18 13:07:08.239645,0,https://relisten.net/disco-biscuits/2000/12/27,4.65,0,0,0
f9a56a82-cf41-4721-8d76-ff27e02a72aa,2000-12-28-the-silo-reading-pa,2000-12-28,031d73d3-e8aa-4fca-b098-6d4f5581bd09,db7f2c5d-2727-41fd-bd6f-e91c74164f09,"",504,2020-02-22 16:19:52.200407,2024-01-05 16:37:32.331897,0,https://relisten.net/disco-biscuits/2000/12/28,4.5,0,0,0
edaaa022-7461-48f0-919b-6f2a5d27b6f2,1998-10-30-trocadero-philadelphia-pa,1998-10-30,feb271e4-61fc-4d66-ac24-ee9f39c76aad,db7f2c5d-2727-41fd-bd6f-e91c74164f09,Project/Object opened.,306,2020-02-22 16:19:52.200407,2023-06-21 19:04:05.152823,0,https://relisten.net/disco-biscuits/1998/10/30,4.16666666666667,0,0,0
f95678b3-ba27-46e0-ad5b-9ad407a914b0,1997-03-01-cafe-210-west-state-college-pa,1997-03-01,bb1ea85c-f87c-4a31-95b7-d33fcb04abbc,db7f2c5d-2727-41fd-bd6f-e91c74164f09,"",37,2020-02-22 16:19:52.200407,2023-07-31 19:25:44.566936,0,https://relisten.net/disco-biscuits/1997/03/01,4,0,0,0
f40f9b8b-588f-4cb2-84bd-a71b7771d3d1,1998-02-18-terrapin-station-college-park-md,1998-02-18,25605268-395b-47bf-9e9b-d11777d26fb9,db7f2c5d-2727-41fd-bd6f-e91c74164f09,Opening for Agents of Good Roots,175,2020-02-22 16:19:52.200407,2023-08-01 16:24:32.039726,0,,3.5,0,0,0
f9da12f0-0672-463a-89c7-07355fffd396,2009-02-27-the-new-higher-ground-south-burlington-vt,2009-02-27,8b5e79eb-f697-49c9-be07-5b8d816a4b0a,db7f2c5d-2727-41fd-bd6f-e91c74164f09,Break Science and Orchard Lounge opened,1137,2020-02-22 16:19:52.200407,2024-02-10 01:36:55.745289,0,https://relisten.net/disco-biscuits/2009/02/27,4.3,0,0,2
f0e0eb4d-31ee-4b27-8725-d18e395fe645,2000-11-18-odyssey-ithaca-ny,2000-11-18,2fbbe684-7206-4367-9cf0-dcc7b6ce6702,db7f2c5d-2727-41fd-bd6f-e91c74164f09,"",497,2020-02-22 16:19:52.200407,2023-08-26 17:53:21.641816,0,https://relisten.net/disco-biscuits/2000/11/18,4.33333333333333,0,0,1
f157259e-7309-4e44-afc5-33a3ecaac6af,2003-12-29-slipper-room-new-york-city-ny,2003-12-29,61942cc4-398c-4241-952a-d61457de277c,db7f2c5d-2727-41fd-bd6f-e91c74164f09,"",809,2020-02-22 16:19:52.200407,2023-08-27 11:31:49.203665,0,,1.88888888888889,0,0,0
d9ad0424-7d1c-42ca-84b6-e5d7cb66803c,2006-11-18-the-fillmore-auditorium-denver-co,2006-11-18,cc180824-653c-4b01-9e04-84ad849fec47,db7f2c5d-2727-41fd-bd6f-e91c74164f09,"",941,2020-02-22 16:19:52.200407,2023-08-27 11:41:56.508033,0,https://relisten.net/disco-biscuits/2006/11/18,3.92307692307692,0,0,0
f638ecb9-ad4c-466a-a06a-f4cd8df05ab4,2014-09-25-trocadero-philadelphia-pa,2014-09-25,feb271e4-61fc-4d66-ac24-ee9f39c76aad,db7f2c5d-2727-41fd-bd6f-e91c74164f09,"",1433,2020-02-22 16:19:52.200407,2024-02-27 03:23:01.109499,0,,3.56666666666667,0,0,0
fbbb4c2e-0dcd-4e7e-b06d-20257f11e8cb,2009-09-23-the-lyric-oxford-ms,2009-09-23,d43fadf2-63d8-4c49-a8ab-927afd064f67,db7f2c5d-2727-41fd-bd6f-e91c74164f09,"",1178,2020-02-22 16:19:52.200407,2023-08-27 11:52:36.487803,0,https://relisten.net/disco-biscuits/2009/09/23,3.9,0,0,0
fb5638ca-6bef-4802-a1ee-446cac8ca288,2002-10-15-twilight-tampa-fl,2002-10-15,e8be9f49-8266-41bd-9918-d8e93746d641,db7f2c5d-2727-41fd-bd6f-e91c74164f09,"",747,2020-02-22 16:19:52.200407,2024-05-29 22:25:06.711629,0,https://relisten.net/disco-biscuits/2002/10/15,3.71428571428571,16,0,0
e83995ae-aa30-409e-8387-3a87099b35ac,1997-03-22-valentine-s-albany-ny,1997-03-22,2975262b-4b83-4f7a-9b0d-1f5d75a841aa,db7f2c5d-2727-41fd-bd6f-e91c74164f09,"Opening for Conehead Buddha, setlist incomplete<br>",41,2020-02-22 16:19:52.200407,2024-05-08 10:20:13.675527,0,https://archive.org/details/discob1997-03-22,3,0,0,0
1d1d3bc9-d324-4308-85a2-909e9d9a51a1,2014-09-14-ogden-theater-denver-co,2014-09-14,6a113f67-1c38-4874-a465-80b7ae21d2f8,db7f2c5d-2727-41fd-bd6f-e91c74164f09,"",1432,2020-02-22 16:19:52.200407,2024-04-29 20:57:29.338425,0,,4.16666666666667,0,0,0
f831ddab-6d3f-43a1-a003-33cedffe44ab,2015-12-30-playstation-theater-new-york-ny,2015-12-30,7b00c23c-dc31-4e72-8633-820e8c228ff4,db7f2c5d-2727-41fd-bd6f-e91c74164f09,"Horizon Wireless Opened, Fan written setlists by Beef(1st) and Rich Steele (2nd)",1471,2020-02-22 16:19:52.200407,2024-02-18 12:49:06.269605,0,,4.19444444444444,2,0,0
f1895dd1-37e7-4132-83a4-7eda0a5793fe,2009-07-17-indian-lookout-country-club-mariaville-ny,2009-07-17,79422c08-e8d6-4753-80ae-5967d56d9892,db7f2c5d-2727-41fd-bd6f-e91c74164f09,"Camp Bisco 8 - Other acts include STS9, Nas & Damian ",1099,2020-02-22 16:19:52.200407,2024-04-08 02:25:04.834867,0,,4.21052631578947,0,0,0
f713294b-8c67-45b9-9255-3b1fd3a00481,1998-09-23-plum-street-pub-new-brunswick-nj,1998-09-23,498bb91e-7497-4cd0-b029-e4e92926c304,db7f2c5d-2727-41fd-bd6f-e91c74164f09,"Soundcheck: Who Knows, Jamillia",289,2020-02-22 16:19:52.200407,2024-04-27 20:10:59.132228,0,https://relisten.net/disco-biscuits/1998/09/23,4,0,0,0
eb504418-6106-49d8-be3f-90c07679df9c,1999-09-25-alligator-lounge-breckenridge-co,1999-09-25,922a1849-f219-485c-a18f-8eabee869bcb,db7f2c5d-2727-41fd-bd6f-e91c74164f09,"",427,2020-02-22 16:19:52.200407,2023-06-21 19:06:15.352321,0,,3.75,0,0,0
036294e0-023b-42f3-bbb7-5d68ccbd8821,1997-07-26-lion-s-den-new-york-ny,1997-07-26,16f045de-6e50-4eec-9687-5fc4a5777b27,db7f2c5d-2727-41fd-bd6f-e91c74164f09,"",95,2020-02-22 16:19:52.200407,2024-02-29 15:09:24.480715,0,https://relisten.net/disco-biscuits/1997/07/26,3.25,0,0,0
0755412b-d91e-4b79-b5b6-88dd89e1bdf5,2003-08-30-cervantes-masterpiece-ballroom-denver-co,2003-08-30,56c69667-d5bb-4397-bc0a-ca3cfb5f01af,db7f2c5d-2727-41fd-bd6f-e91c74164f09,"",784,2020-02-22 16:19:52.200407,2022-05-01 02:51:44.211655,0,https://relisten.net/disco-biscuits/2003/08/30,4,0,0,0
06da4229-1cee-4c8d-9ff2-6edb726b9806,1996-10-21-downtime-new-york-ny,1996-10-21,ef86c5c0-ec7b-4256-8a16-a075eaa332d5,db7f2c5d-2727-41fd-bd6f-e91c74164f09,"Post-Phish show, hosted by the Pharmer's Almanac. Two set show. Setlist incomplete.",23,2020-02-22 16:19:52.200407,2020-02-23 00:37:04.228880,0,,0,0,0,0
0a006985-646e-4ab8-ae17-f8ca7b143863,1997-10-05-cafe-210-west-state-college-pa,1997-10-05,bb1ea85c-f87c-4a31-95b7-d33fcb04abbc,db7f2c5d-2727-41fd-bd6f-e91c74164f09,"",117,2020-02-22 16:19:52.200407,2020-02-23 00:37:04.586281,0,,0,0,0,0
f2089187-0e01-468a-9240-f6cd32b8dcf5,2017-04-28-the-capitol-theater-port-chester-ny,2017-04-28,3dbcb903-ae38-48e8-aeef-c2ba426f6320,db7f2c5d-2727-41fd-bd6f-e91c74164f09,"",1514,2020-02-22 16:19:52.200407,2024-08-25 20:27:01.255212,0,https://relisten.net/disco-biscuits/2017/04/28,4.06818181818182,0,1,1
f41d39c0-adf0-4b5c-baf1-1fd7641ed581,2000-04-22-keene-state-college-keene-nh,2000-04-22,dc812291-e823-408a-8228-01ba428c93b1,db7f2c5d-2727-41fd-bd6f-e91c74164f09,SolarFest,460,2020-02-22 16:19:52.200407,2024-11-09 07:23:51.648723,0,https://relisten.net/disco-biscuits/2000/04/22,2.5,16,0,0
fa68193c-104d-406d-a3c0-95f8ec605664,2018-07-13-the-pavilion-at-montage-mountain-scranton-pa,2018-07-13,0287594a-b0f4-402c-b3e3-5c91b19095d9,db7f2c5d-2727-41fd-bd6f-e91c74164f09,Camp Bisco 16,1562,2020-02-22 16:19:52.200407,2024-08-25 20:33:29.226812,0,,4.01666666666667,0,2,1
f95b4edd-dccf-4f29-9d2b-797971c50c94,2018-05-26-ogden-theater-denver-co,2018-05-26,6a113f67-1c38-4874-a465-80b7ae21d2f8,db7f2c5d-2727-41fd-bd6f-e91c74164f09,Bisco Inferno,1558,2020-02-22 16:19:52.200407,2024-11-07 02:07:13.520947,0,,4.14,0,1,1
f423c141-817f-4fd3-9989-a08f4e05cd90,2002-04-09-higher-ground-s-burlington-vt,2002-04-09,a80851a9-f6e6-464e-8255-af00be69d62e,db7f2c5d-2727-41fd-bd6f-e91c74164f09,"",623,2020-02-22 16:19:52.200407,2024-11-25 12:17:16.894878,0,https://relisten.net/disco-biscuits/2002/04/09,4.42857142857143,7,0,1
0077499a-a454-4804-a787-949891597f77,1999-04-23-commercial-street-cafe-worcester-ma,1999-04-23,a90381ed-ea90-41ec-8a5f-eeaff43c082a,db7f2c5d-2727-41fd-bd6f-e91c74164f09,The Recipe opened.,376,2020-02-22 16:19:52.200407,2022-09-12 18:52:00.547735,0,https://relisten.net/disco-biscuits/1999/04/23,4.125,0,0,0
03343fea-6c62-4179-8986-c398cc9145e6,2009-07-01-murat-egyptian-room-indianapolis-in,2009-07-01,40174ab6-0762-4b7d-917c-833c698ba083,db7f2c5d-2727-41fd-bd6f-e91c74164f09,Future Rock and 2020 Soundsystem opened,1104,2020-02-22 16:19:52.200407,2023-01-23 01:51:58.112453,0,https://relisten.net/disco-biscuits/2009/07/01,4.52173913043478,0,0,1
fe5ded54-e1bb-4e76-bda8-c2b92068c228,2002-09-27-house-of-blues-west-hollywood-ca,2002-09-27,62362afd-e75f-44c4-930d-86c19d700322,db7f2c5d-2727-41fd-bd6f-e91c74164f09,"",667,2020-02-22 16:19:52.200407,2024-03-28 00:05:15.401477,0,https://relisten.net/disco-biscuits/2002/09/27,3.94444444444444,0,0,0
076312c0-1112-40ac-8467-1eb93997c0b7,2001-09-28-belly-up-tavern-solana-beach-ca,2001-09-28,a3887e0c-1314-4309-bd90-8fd95c62cbcc,db7f2c5d-2727-41fd-bd6f-e91c74164f09,"",582,2020-02-22 16:19:52.200407,2022-09-12 17:48:56.454978,0,https://relisten.net/disco-biscuits/2001/09/28,4.16666666666667,0,0,3
0630df38-f29e-443d-a0d6-d8f415e4a3d6,2008-03-13-king-tut-s-wah-wah-hut-glasgow-scotland,2008-03-13,b63d8e91-34cd-41ae-b289-a54ea7b6ec6d,db7f2c5d-2727-41fd-bd6f-e91c74164f09,The Bays Opened,1051,2020-02-22 16:19:52.200407,2022-09-13 19:46:14.741805,0,,4.42857142857143,0,0,1
d01915c4-6f06-4117-bb88-0dbef59ecdd2,2010-08-27-suwannee-music-park-live-oak-florida,2010-08-27,ef9892f3-7793-468f-84b0-1ff6c93515da,db7f2c5d-2727-41fd-bd6f-e91c74164f09,"Blackwater Music Festival - other acts include STS9, The Malah, Galactic, Particle, Tea Leaf Green and more",1286,2020-02-22 16:19:52.200407,2023-08-08 16:13:39.027886,0,https://relisten.net/disco-biscuits/2010/08/27,4,0,0,0
003142b6-397c-4736-aedc-6fa730de613c,2007-04-22-lincoln-park-zoo-chicago-il,2007-04-22,0bf58f81-c0f3-48d3-b8a7-a902c8675d48,db7f2c5d-2727-41fd-bd6f-e91c74164f09,"With Umphrey's McGee, Part of the Green Apple Music & Arts Festival 2007",968,2020-02-22 16:19:52.200407,2023-06-29 14:46:22.999182,0,https://relisten.net/disco-biscuits/2007/04/22,2.96666666666667,0,1,1
fc8143a1-d399-4472-aca4-abe2d0696035,2010-04-21-the-jefferson-theater-charlottesville-va,2010-04-21,9dbb083c-539a-4166-a6b6-d3a3af647fcc,db7f2c5d-2727-41fd-bd6f-e91c74164f09,"John Lee & the J.L.e opened, entire show with Tom Hamilton and Chris Michetti on guitar and Jon on MIDI.",1257,2020-02-22 16:19:52.200407,2024-02-04 12:54:05.879913,0,https://relisten.net/disco-biscuits/2010/04/21,3.08333333333333,0,0,0
036afc97-9098-479a-a9c6-63f7f19444c9,1999-02-04-j-j-cagney-s-savannah-ga,1999-02-04,39e32af0-efc6-4278-a45c-fba90f9e24ff,db7f2c5d-2727-41fd-bd6f-e91c74164f09,"
",331,2020-02-22 16:19:52.200407,2024-02-06 15:45:38.648457,0,https://relisten.net/disco-biscuits/1999/02/04,3.5,0,0,0
066a820c-28ca-412a-87eb-fa9df4c175c4,2009-10-07-the-new-higher-ground-south-burlington-vt,2009-10-07,8b5e79eb-f697-49c9-be07-5b8d816a4b0a,db7f2c5d-2727-41fd-bd6f-e91c74164f09,Kraak & Smaak (DJ Set) opened,1188,2020-02-22 16:19:52.200407,2024-02-10 01:38:12.127040,0,,4.125,0,0,0
055abd8c-d87c-491c-a63f-8d686aff0df5,2015-12-05-dominican-holidaze-breathless-punta-cana-resort-spa-carretera-uvero-alto-dominican-republic,2015-12-05,45b3785a-785e-48b1-ae2d-678266192853,db7f2c5d-2727-41fd-bd6f-e91c74164f09,"",1470,2020-02-22 16:19:52.200407,2023-08-03 14:17:51.929772,0,,4.54166666666667,0,0,5
0c782822-cf25-4322-af7e-89d14e64e4bf,2003-10-01-the-funk-box-baltimore-md,2003-10-01,61e368c8-be5a-43d3-b738-2a10e2238010,db7f2c5d-2727-41fd-bd6f-e91c74164f09,"",790,2020-02-22 16:19:52.200407,2023-08-27 11:31:15.987712,0,https://relisten.net/disco-biscuits/2003/10/01,4.5625,0,0,0
0c9a0530-0b96-49ec-b10c-870928f7b263,2002-04-26-memorial-gymnasium-university-of-virginia-charlottesville-va,2002-04-26,0712e5b5-85ca-4ba4-9834-c3519095a111,db7f2c5d-2727-41fd-bd6f-e91c74164f09,"",637,2020-02-22 16:19:52.200407,2024-05-29 22:19:16.637322,0,https://relisten.net/disco-biscuits/2002/04/26,4.14285714285714,0,0,0
ee2098a4-9d8e-4c03-becf-030606b10c18,1998-06-10-chameleon-club-atlanta-ga,1998-06-10,b8a52c08-20b1-43c4-8f20-ed85c44f5bba,db7f2c5d-2727-41fd-bd6f-e91c74164f09,"",235,2020-02-22 16:19:52.200407,2024-06-10 15:15:17.601279,0,https://relisten.net/disco-biscuits/1998/06/10,3.5,0,0,0
05a8e891-55d8-4547-bf8f-fa007dc439ac,2011-08-21-nikon-at-jones-beach-amphitheatre-wantagh-ny,2011-08-21,18b68d2a-5d8e-421a-972b-f0b73de5b623,db7f2c5d-2727-41fd-bd6f-e91c74164f09,"Identity Festival - Kaskade, Avicii, DJ Shadow, Booka Shade and more",1346,2020-02-22 16:19:52.200407,2024-03-27 23:57:21.890891,0,,4.36666666666667,0,0,0
018221cd-3cfb-43e8-b43d-d47a378c6838,2003-04-03-fox-theatre-boulder-co,2003-04-03,8f46585f-f736-4603-88c9-a45209757346,db7f2c5d-2727-41fd-bd6f-e91c74164f09,"",709,2020-02-22 16:19:52.200407,2024-02-16 12:29:16.505824,0,https://relisten.net/disco-biscuits/2003/04/03,4.125,0,0,0
06bfe0a6-058e-4602-ba93-41c7e510020a,2002-10-17-the-moon-tallahassee-fl,2002-10-17,41bc456b-ee2f-477c-93c6-49322d9324b4,db7f2c5d-2727-41fd-bd6f-e91c74164f09,Rudy opened.,681,2020-02-22 16:19:52.200407,2024-06-01 04:38:10.046330,0,https://relisten.net/disco-biscuits/2002/10/17,4.14285714285714,0,0,0
072aff15-a72a-491b-801c-ede13a8e22b5,1997-10-07-the-underground-brown-university-providence-ri,1997-10-07,f603a3e0-cf4a-4d84-bdcd-1dc5e5371cac,db7f2c5d-2727-41fd-bd6f-e91c74164f09,Setlist incomplete.,118,2020-02-22 16:19:52.200407,2024-04-10 20:12:41.417377,0,https://relisten.net/disco-biscuits/1997/10/07,0,0,0,0
0a34e4d8-5db0-4354-b07a-6409486b7fdb,2019-04-27-the-fillmore-new-orleans-louisiana,2019-04-27,113aac96-e0b3-4c46-a4fb-379c7adef729,db7f2c5d-2727-41fd-bd6f-e91c74164f09,"",1588,2020-02-22 16:19:52.200407,2024-04-16 20:34:26.316637,0,,2.7037037037037,0,2,0
0a768303-8785-4ab6-b316-b26a719c4934,1998-03-05-slade-hall-university-of-vermont-burlington-vt,1998-03-05,a5afd798-a404-4d0a-a340-2d54daba547d,db7f2c5d-2727-41fd-bd6f-e91c74164f09,"",184,2020-02-22 16:19:52.200407,2022-11-06 14:08:40.997662,0,https://relisten.net/disco-biscuits/1998/03/05,3.5,0,0,1
0cdc741e-cd3b-4a3c-b498-5ac9c3da51d3,1998-06-18-plantation-club-worcester-ma,1998-06-18,e4ac0628-e6cc-4f63-8c18-05db6455401e,db7f2c5d-2727-41fd-bd6f-e91c74164f09,"",241,2020-02-22 16:19:52.200407,2020-02-23 00:37:04.948856,0,,0,0,0,0
0e93c22d-748c-4b42-b724-8e6223de5ef7,1997-10-08-bull-and-bier-house-plymouth-nh,1997-10-08,2ce3366e-64c7-4d97-b9a6-5ddb1db3bbfb,db7f2c5d-2727-41fd-bd6f-e91c74164f09,"",119,2020-02-22 16:19:52.200407,2020-02-23 00:37:05.161076,0,,0,0,0,0
0e9c676d-207c-47f2-8c6b-2631b1508378,1998-06-14-the-oak-murrel-s-inlet-sc,1998-06-14,7432dd7e-4cd9-4054-ad9c-52ffb29f707e,db7f2c5d-2727-41fd-bd6f-e91c74164f09,"",239,2020-02-22 16:19:52.200407,2020-02-23 00:37:05.187291,0,,0,0,0,0
0f651d97-6979-4525-8a76-4b5200d619f9,1997-11-19-university-concert-hall-college-park-md,1997-11-19,3a81fd03-5f38-4570-b117-5a8faeaf5915,db7f2c5d-2727-41fd-bd6f-e91c74164f09,Opening for the Recipe,142,2020-02-22 16:19:52.200407,2020-02-23 00:37:05.343692,0,,0,0,0,0
13034fc3-7a79-4ec6-8721-586f43277008,1997-05-31-wetlands-preserve-new-york-ny,1997-05-31,81bb358f-2ed6-4358-80b5-fb740207d89a,db7f2c5d-2727-41fd-bd6f-e91c74164f09,Opening for Percy Hill,71,2020-02-22 16:19:52.200407,2022-11-06 14:04:58.302139,0,https://relisten.net/disco-biscuits/1997/05/31,3.75,0,0,0
0cbe929c-ae63-43bc-a190-1a7adf0c493f,2019-11-14-roxian-theater-mckees-rocks-pa,2019-11-14,22170769-717a-4f8b-87ab-9a3390112086,db7f2c5d-2727-41fd-bd6f-e91c74164f09,Goose Opened,1599,2020-02-22 16:19:52.200407,2024-01-05 03:00:58.266087,0,https://relisten.net/disco-biscuits/2019/11/14,3.36538461538462,0,0,2
fbc00253-5e8e-4ff2-9e52-fc0563fe57a4,2002-04-24-headliners-music-hall-louisville-ky,2002-04-24,0eb2440c-a19d-40cf-93de-d718d01e72a3,db7f2c5d-2727-41fd-bd6f-e91c74164f09,"",635,2020-02-22 16:19:52.200407,2024-11-25 12:16:18.350977,0,https://relisten.net/disco-biscuits/2002/04/24,3.91666666666667,0,0,0
00c63240-39f7-4be9-b110-69d720421f67,2017-11-16-fox-theatre-boulder-co,2017-11-16,8f46585f-f736-4603-88c9-a45209757346,db7f2c5d-2727-41fd-bd6f-e91c74164f09,"",1536,2020-02-22 16:19:52.200407,2024-08-25 20:28:59.274986,0,,4.30434782608696,0,1,1
01b3b55b-b072-4e7e-8f18-5162ee9451ee,2009-09-12-starland-ballroom-sayreville-nj,2009-09-12,d7bcd39a-04d3-46ae-913a-c950de7b6c5d,db7f2c5d-2727-41fd-bd6f-e91c74164f09,Set 3 performed Tractorbeam,1172,2020-02-22 16:19:52.200407,2024-11-26 00:01:29.427580,0,https://relisten.net/disco-biscuits/2009/09/12,4.17857142857143,81,0,0
003bbf86-07c5-4117-9f8b-a5982f83f0d4,2003-04-18-vic-theatre-chicago-il,2003-04-18,334afd15-e73f-4888-a89e-ea0a19932bde,db7f2c5d-2727-41fd-bd6f-e91c74164f09,Brothers Past opened.,739,2020-02-22 16:19:52.200407,2024-09-15 16:23:45.612247,0,https://relisten.net/disco-biscuits/2003/04/18,4.38461538461539,0,0,1
fce33915-5a14-4366-aef4-eb64f36de011,1999-10-29-irvine-auditorium-university-of-pennsylvania-philadelphia-pa,1999-10-29,bdc72d84-0110-4515-b4c0-87fe5327345b,db7f2c5d-2727-41fd-bd6f-e91c74164f09,"",450,2020-02-22 16:19:52.200407,2024-08-28 15:10:00.793841,0,https://relisten.net/disco-biscuits/1999/10/29,4.58823529411765,0,0,0
d9775b2f-f0b3-4194-841b-40ebb9fc6175,2007-05-21-mr-small-s-funhouse-pittsburgh-pa,2007-05-21,fe3ae2cc-2d4d-4a18-a68d-c41fc44a47db,db7f2c5d-2727-41fd-bd6f-e91c74164f09,"",976,2020-02-22 16:19:52.200407,2024-11-09 17:46:48.641156,0,https://relisten.net/disco-biscuits/2007/05/21,4.48484848484848,0,0,2
17726771-016f-4880-89ba-aac6c4f59d95,1997-03-07-grape-street-pub-philadelphia-pa,1997-03-07,a539c1a3-c74c-4c8e-ade4-362651ba1702,db7f2c5d-2727-41fd-bd6f-e91c74164f09,"",38,2020-02-22 16:19:52.200407,2020-02-23 00:37:06.711244,0,,0,0,0,0
180d6677-dfef-445b-b05d-5a2947c0191f,1997-04-11-the-levee-fairfield-university-fairfield-ct,1997-04-11,444306f1-a604-400c-b00b-8ad787a8b738,db7f2c5d-2727-41fd-bd6f-e91c74164f09,"",49,2020-02-22 16:19:52.200407,2020-02-23 00:37:06.818666,0,,0,0,0,0
1abf0917-8d3a-4d64-b2c1-74575f516ac0,1999-10-17-newby-s-memphis-tn,1999-10-17,d4acd32d-7969-4952-b168-4a4d1e92b0d5,db7f2c5d-2727-41fd-bd6f-e91c74164f09,-- CANCELED. --<br>Band injury.,441,2020-02-22 16:19:52.200407,2021-08-25 12:17:25.513907,0,,1,0,0,0
168baa38-1a06-42c6-b076-15e6a0652d04,2003-05-26-penn-s-landing-philadelphia-pa,2003-05-26,ab7d5ccd-9818-4416-b897-72397fb48d9e,db7f2c5d-2727-41fd-bd6f-e91c74164f09,Jam On The River.,755,2020-02-22 16:19:52.200407,2024-02-09 17:06:13.674117,0,https://relisten.net/disco-biscuits/2003/05/26,4.71875,0,0,1
0ea75a39-4e31-4f4f-98b9-5b3a462d5051,1999-09-08-higher-ground-s-burlington-vt,1999-09-08,a80851a9-f6e6-464e-8255-af00be69d62e,db7f2c5d-2727-41fd-bd6f-e91c74164f09,Opening for Deep Banana Blackout.,413,2020-02-22 16:19:52.200407,2024-02-21 18:10:38.461541,0,https://relisten.net/disco-biscuits/1999/09/08,4.2,13,0,0
0d7a846c-fd3f-462b-8287-8977e8557385,1998-03-17-blue-terrapin-elizabethtown-pa,1998-03-17,37174f51-d4c0-4e8d-a07c-64829a136521,db7f2c5d-2727-41fd-bd6f-e91c74164f09,"Soundcheck: Jam, Jamillia",187,2020-02-22 16:19:52.200407,2023-08-01 16:24:56.975198,0,,4,0,0,0
13685e93-820b-4e40-911b-f5c3e894827b,1998-03-26-the-bayou-washington-dc,1998-03-26,0aecae59-9a24-44f4-99da-96febae6f886,db7f2c5d-2727-41fd-bd6f-e91c74164f09,Opening for Ekoostik Hookah,192,2020-02-22 16:19:52.200407,2023-08-01 16:25:05.365679,0,,2.5,0,0,0
0a79af64-df21-4404-aef8-75a13d88c2fc,2008-12-28-nokia-theater-new-york-ny,2008-12-28,e66af935-c834-43cb-a7d2-2983b29408e4,db7f2c5d-2727-41fd-bd6f-e91c74164f09,OTT opened,1163,2020-02-22 16:19:52.200407,2024-04-23 15:00:39.416453,0,https://relisten.net/disco-biscuits/2008/12/28,4.4,0,0,2
12f8aeb8-bbd3-493a-8ef0-5efcb72bd59f,1999-12-07-chris-jazz-cafe-philadelphia-pa,1999-12-07,31117e05-5940-4f56-82e8-c079a941875b,db7f2c5d-2727-41fd-bd6f-e91c74164f09,Magner and Barber. Open mic night. Magner on baby grand piano Barber on electric guitar.,454,2020-02-22 16:19:52.200407,2023-08-26 17:50:58.086466,0,,4.375,0,0,0
0f0f20d5-e168-4547-815d-711d0410f52f,2003-10-29-zydeco-s-birmingham-al,2003-10-29,d4f07be9-deec-483d-a79b-298f1438c46b,db7f2c5d-2727-41fd-bd6f-e91c74164f09,"",800,2020-02-22 16:19:52.200407,2023-10-19 13:37:02.513539,0,https://relisten.net/disco-biscuits/2003/10/29,3.72222222222222,0,0,0
293db7cc-7f41-4437-b97f-3cb8cbaf1a36,2005-07-23-stone-pony-asbury-park-nj,2005-07-23,27a24000-3d93-4000-9d45-1474287e5af3,db7f2c5d-2727-41fd-bd6f-e91c74164f09,"",848,2020-02-22 16:19:52.200407,2023-08-27 11:35:51.517223,0,https://relisten.net/disco-biscuits/2005/07/23,4.6304347826087,0,0,0
0dd397de-b188-4dac-9b78-f47a4b4130dc,2009-01-25-canopy-club-urbana-il,2009-01-25,1be0ac9f-b003-4059-8d17-ed8e297e5821,db7f2c5d-2727-41fd-bd6f-e91c74164f09,Future Rock opened,1153,2020-02-22 16:19:52.200407,2024-02-15 17:19:55.934569,0,https://relisten.net/disco-biscuits/2009/01/25,4.34615384615385,0,0,2
0a0fea20-28f1-4158-89a3-12435f72a34a,2014-12-31-best-buy-theater-new-york-ny,2014-12-31,3c1485b6-a149-49d6-ae5d-7f2a65afe7d3,db7f2c5d-2727-41fd-bd6f-e91c74164f09,"",1447,2020-02-22 16:19:52.200407,2024-02-18 12:50:09.964146,0,https://relisten.net/disco-biscuits/2014/12/31,3.76470588235294,0,0,1
0de155e3-83d9-427d-9ef0-f88e4980776f,2001-09-08-webster-theater-hartford-ct,2001-09-08,78d9872d-f2e0-4156-9363-fc2fe55c64d8,db7f2c5d-2727-41fd-bd6f-e91c74164f09,"",566,2020-02-22 16:19:52.200407,2024-05-29 21:58:40.918945,0,https://relisten.net/disco-biscuits/2001/09/08,4.775,11,0,2
169e34dc-1184-4978-bca0-41ce337a4c55,2006-11-22-variety-playhouse-atlanta-ga,2006-11-22,0bcd1840-227c-43b7-b2fd-0daf43fc45cb,db7f2c5d-2727-41fd-bd6f-e91c74164f09,"",943,2020-02-22 16:19:52.200407,2024-02-18 12:32:01.649998,0,https://relisten.net/disco-biscuits/2006/11/22,4.5625,0,0,1
0a8a0bbf-f8fd-4a71-a935-b8a85cad7d7a,1998-07-01-higher-ground-s-burlington-vt,1998-07-01,a80851a9-f6e6-464e-8255-af00be69d62e,db7f2c5d-2727-41fd-bd6f-e91c74164f09,Opening for the Ominous Seapods,249,2020-02-22 16:19:52.200407,2024-02-21 18:12:15.057179,0,https://relisten.net/disco-biscuits/1998/07/01,4,0,0,0
0b4c16b5-ff8b-4289-88c8-98523d453250,1998-04-19-hub-lawn-penn-state-university-state-college-pa,1998-04-19,4ef61ea5-30ac-4800-b744-08802e3f1db2,db7f2c5d-2727-41fd-bd6f-e91c74164f09,With String Cheese Incident and One World Tribe,205,2020-02-22 16:19:52.200407,2024-04-22 21:48:12.154721,0,https://relisten.net/disco-biscuits/1998/04/19,3,0,0,0
1b123815-4e6f-4462-b34e-c7de59cbd8b5,1997-07-20-silk-city-diner-philadelphia-pa,1997-07-20,2955ad30-b9e6-44b4-bf3e-79b81ea4003c,db7f2c5d-2727-41fd-bd6f-e91c74164f09,"",91,2020-02-22 16:19:52.200407,2021-09-28 07:15:35.264508,0,https://relisten.net/disco-biscuits/1997/07/20,3.5,0,0,0
213035f0-697c-4246-af1b-8f53f06b23d9,1998-07-18-high-sierra-house-of-blues-mammouth-lakes-ca,1998-07-18,00bca257-cb1d-4af9-ba85-7781734dd952,db7f2c5d-2727-41fd-bd6f-e91c74164f09,"",258,2020-02-22 16:19:52.200407,2020-02-23 00:37:08.112909,0,,0,0,0,0
23bda939-a9c5-488b-b2e7-fd191a127408,2003-10-30-the-parish-new-orleans-la,2003-10-30,67cd6635-ccac-4b3d-857b-3d41556a9214,db7f2c5d-2727-41fd-bd6f-e91c74164f09,"",801,2020-02-22 16:19:52.200407,2022-02-19 20:28:21.764014,0,https://relisten.net/disco-biscuits/2003/10/30,4,0,0,0
2093d49a-ccef-49a6-9aff-42d0144eb46c,1998-05-02-solar-folklore-festival-tussey-mountain-amphitheater-boalsburg-pa,1998-05-02,088be96d-c754-4dc4-80cb-12482f343234,db7f2c5d-2727-41fd-bd6f-e91c74164f09,Soundcheck: Straight No Chaser,214,2020-02-22 16:19:52.200407,2022-11-06 14:09:49.318350,0,https://relisten.net/disco-biscuits/1998/05/02,3,0,0,0
1b021a0f-7e05-4256-9aae-8c0605644265,2002-12-26-tammany-hall-worcester-ma,2002-12-26,006f9b72-c8db-45dc-afad-b0fc65ab2a8e,db7f2c5d-2727-41fd-bd6f-e91c74164f09,"",703,2020-02-22 16:19:52.200407,2024-03-28 00:07:35.112227,0,https://relisten.net/disco-biscuits/2002/12/26,4.56666666666667,0,0,0
0d086fdf-5072-49e1-9907-b2b4a6bc492e,2001-09-07-saratoga-winners-cohoes-ny,2001-09-07,318c4e6b-d74c-45c2-8168-43c6d3c2f2ad,db7f2c5d-2727-41fd-bd6f-e91c74164f09,"",565,2020-02-22 16:19:52.200407,2024-09-30 02:45:07.140925,0,https://relisten.net/disco-biscuits/2001/09/07,4.34615384615385,34,0,2
1cd806c9-e97e-4e22-b889-da2e6283b9c4,1998-10-31-butterfield-dormitory-university-of-massachusetts-amherst-ma,1998-10-31,5e0fd19a-e450-4a60-9de4-c985249e2c9f,db7f2c5d-2727-41fd-bd6f-e91c74164f09,"Soundcheck: Poncho The Cat, Trooper McCue",307,2020-02-22 16:19:52.200407,2022-09-21 02:04:24.867723,0,https://relisten.net/disco-biscuits/1998/10/31,3.5,0,0,0
1b06daed-f18e-42e7-bc57-5bd50dd61f83,2003-10-24-the-hi-tone-cafe-memphis-tn,2003-10-24,6416ce72-4763-4a02-9c63-c850c4e706f6,db7f2c5d-2727-41fd-bd6f-e91c74164f09,"",797,2020-02-22 16:19:52.200407,2024-07-19 11:18:14.788861,0,https://relisten.net/disco-biscuits/2003/10/24,3.38461538461538,0,0,0
16ece173-f24f-411f-ba53-dec39d3f88ec,1999-07-03-wedding-of-charlz-and-heidi-franz-moose-lodge-claremont-nh,1999-07-03,eb4362f6-0dd5-4450-9965-6aa4dd988088,db7f2c5d-2727-41fd-bd6f-e91c74164f09,"",406,2020-02-22 16:19:52.200407,2024-07-03 17:52:30.969128,0,https://relisten.net/disco-biscuits/1999/07/03,4.41666666666667,3,0,0
15ae7f96-1c1e-4dfa-8a73-1ebcee37f81e,2017-12-29-playstation-theater-new-york-ny,2017-12-29,7b00c23c-dc31-4e72-8633-820e8c228ff4,db7f2c5d-2727-41fd-bd6f-e91c74164f09,"",1543,2020-02-22 16:19:52.200407,2024-08-25 20:30:44.818313,0,,4.1304347826087,0,1,1
18396c3a-a054-4b9a-a497-558a3df125bb,2018-11-02-brooklyn-bowl-las-vegas-las-vegas-nv,2018-11-02,e8d4237b-d3ed-4f6c-9fdb-cd50a294e0a6,db7f2c5d-2727-41fd-bd6f-e91c74164f09,"",1568,2020-02-22 16:19:52.200407,2024-08-25 20:34:04.038710,0,,3.79166666666667,0,1,2
e0ba1bea-0ad0-4fd8-b3ab-237a88e43403,2023-07-13-showbox-seattle-wa,2023-07-13,0cb52bc4-126b-4fb0-97ff-2578f5e9db2b,db7f2c5d-2727-41fd-bd6f-e91c74164f09,"",,2023-07-13 19:06:13.367361,2024-11-26 03:19:32.440929,0,"",3.57894736842105,0,0,0
1642b97c-d180-4cb0-8992-4557e42cb0ed,2016-07-14-montage-mountain-scranton-pa,2016-07-14,6b1fd49c-f558-476a-b1eb-8451b52652ff,db7f2c5d-2727-41fd-bd6f-e91c74164f09,Camp Bisco 14,1490,2020-02-22 16:19:52.200407,2024-08-29 20:02:12.173520,0,https://relisten.net/disco-biscuits/2016/07/14,4.43181818181818,0,1,0
15891004-319c-483b-8ccb-adbbe4dce8ec,2003-04-07-aggie-theatre-fort-collins-co,2003-04-07,26dec213-49f3-49a8-bedc-6898fbb6451c,db7f2c5d-2727-41fd-bd6f-e91c74164f09,"",713,2020-02-22 16:19:52.200407,2024-09-15 16:23:20.618998,0,https://relisten.net/disco-biscuits/2003/04/07,4.375,0,0,0
f35171d2-0b82-49e2-9c3a-d00785910811,2010-08-26-lincoln-theater-raleigh-nc,2010-08-26,301bb7dd-cb31-4f25-9eb5-efc8e6c5d193,db7f2c5d-2727-41fd-bd6f-e91c74164f09,MiM0SA opened,1285,2020-02-22 16:19:52.200407,2024-11-10 02:31:49.323649,0,https://relisten.net/disco-biscuits/2010/08/26,4.31818181818182,0,0,1
0d3d42ac-7c0c-4f72-b42f-15881643ccac,2002-04-11-somerville-theater-somerville-ma,2002-04-11,5b64e6bb-feb7-4e17-90f4-ab4e8ff59b15,db7f2c5d-2727-41fd-bd6f-e91c74164f09,Al Schnier opened.,624,2020-02-22 16:19:52.200407,2024-11-25 12:17:11.848259,0,https://relisten.net/disco-biscuits/2002/04/11,4.21875,23,0,0
1a9762c3-97c1-457a-a608-548bddee2464,1998-07-02-da-funky-phish-bay-shore-ny,1998-07-02,7ad2640c-a734-4200-97ec-757e31ac2b27,db7f2c5d-2727-41fd-bd6f-e91c74164f09,"",250,2020-02-22 16:19:52.200407,2022-11-06 14:12:36.559534,0,https://relisten.net/disco-biscuits/1998/07/02,3,0,0,0
2719ea45-0d9a-44c0-94b5-1f5b2736a420,2010-06-02-beaumont-club-kansas-city-mo,2010-06-02,7e0451a9-ff9e-477f-b642-d5fd1ab2e286,db7f2c5d-2727-41fd-bd6f-e91c74164f09,"",1269,2020-02-22 16:19:52.200407,2022-06-03 01:01:34.183784,0,,4,0,0,0
274dcbe7-838a-4b8d-beb8-a4022df16fab,2010-01-28-fox-theatre-boulder-co,2010-01-28,8f46585f-f736-4603-88c9-a45209757346,db7f2c5d-2727-41fd-bd6f-e91c74164f09,"",1217,2020-02-22 16:19:52.200407,2020-06-05 17:58:07.159961,0,https://relisten.net/disco-biscuits/2010/01/28,4,0,0,0
2b676648-ca5f-4039-81f2-0b7e039d9ba9,1998-07-10-blind-pig-ann-arbor-mi,1998-07-10,3799b75c-bd1a-4b1d-ba99-92629b8b9cea,db7f2c5d-2727-41fd-bd6f-e91c74164f09,"",254,2020-02-22 16:19:52.200407,2020-02-23 00:37:10.051324,0,,0,0,0,0
2cb38e1f-f147-467f-9ecb-2d4d588bb43a,1998-07-30-14-below-los-angeles-ca,1998-07-30,0f8ad509-6eab-4bc4-8e32-d5e60c6bfd9e,db7f2c5d-2727-41fd-bd6f-e91c74164f09,"",267,2020-02-22 16:19:52.200407,2020-02-23 00:37:10.365364,0,,0,0,0,0
1778b428-e8f6-48a0-8139-df67522cde17,2002-10-02-rialto-theater-tucson-az,2002-10-02,b1292aa0-b159-4ef9-8449-9db0c84a63b0,db7f2c5d-2727-41fd-bd6f-e91c74164f09,"",671,2020-02-22 16:19:52.200407,2024-02-18 13:01:00.116824,0,https://relisten.net/disco-biscuits/2002/10/02,4.16666666666667,0,0,1
1cd4e62f-cce1-4dac-a504-b55d3500c42b,2009-06-03-lupo-s-heartbreak-hotel-providence-ri,2009-06-03,30ea9f62-a7d5-4380-b33d-615cdd7ccfdd,db7f2c5d-2727-41fd-bd6f-e91c74164f09,5th performance of the Chemical Warfare Brigade rock opera,1114,2020-02-22 16:19:52.200407,2023-07-30 19:22:45.943702,0,https://relisten.net/disco-biscuits/2009/06/03,4.1875,0,0,1
1c3b55bd-6b43-4492-9a53-58b5ffa8933e,2010-05-27-pearl-street-mall-boulder-co,2010-05-27,521acb29-8a6d-470e-821e-e9511ef98bb5,db7f2c5d-2727-41fd-bd6f-e91c74164f09,Free impromptu acoustic performance outside of the Pearl Street Mall,1264,2020-02-22 16:19:52.200407,2023-08-27 11:58:46.535735,0,https://relisten.net/disco-biscuits/2010/05/27,3.22222222222222,0,0,0
27915051-a17b-453a-82fb-77f1881fc75d,1997-10-25-khyber-pass-philadelphia-pa,1997-10-25,8fb68427-a6bc-4d62-b072-a266744b4202,db7f2c5d-2727-41fd-bd6f-e91c74164f09,Incomplete,126,2020-02-22 16:19:52.200407,2024-02-29 15:10:43.728475,0,https://relisten.net/disco-biscuits/1997/10/25,3,0,0,0
1b01bbbb-3378-4135-9cba-db0d95456e46,2002-10-27-locust-club-philadelphia-pa,2002-10-27,f3f6306b-f7d2-4731-a28f-f83d53d0ef59,db7f2c5d-2727-41fd-bd6f-e91c74164f09,"",690,2020-02-22 16:19:52.200407,2024-03-28 00:06:42.508140,0,https://relisten.net/disco-biscuits/2002/10/27,4.54166666666667,0,0,1
276be1c7-0f0d-4f02-b531-b8c26240a4d0,1998-05-22-union-college-schenectady-ny,1998-05-22,d11505d7-64bc-48c1-8cd8-f038390057f4,db7f2c5d-2727-41fd-bd6f-e91c74164f09,Second set incomplete.,223,2020-02-22 16:19:52.200407,2024-04-24 08:32:29.708119,0,https://relisten.net/disco-biscuits/1998/05/22,0,0,0,0
1a8c55e0-e5c0-44a1-a255-6b1445044616,2004-11-26-starland-ballroom-sayreville-nj,2004-11-26,d7bcd39a-04d3-46ae-913a-c950de7b6c5d,db7f2c5d-2727-41fd-bd6f-e91c74164f09,"",832,2020-02-22 16:19:52.200407,2024-01-26 21:27:16.252990,0,https://relisten.net/disco-biscuits/2004/11/26,4.54347826086957,0,1,1
206ccf0a-b711-4449-a362-da15ea40472d,1997-02-05-club-metronome-burlington-vt,1997-02-05,15e445cb-8a55-4504-9011-ee5d4f054580,db7f2c5d-2727-41fd-bd6f-e91c74164f09,"",31,2020-02-22 16:19:52.200407,2024-02-29 15:05:36.694133,0,https://relisten.net/disco-biscuits/1997/02/05,3.5,0,0,0
1b94ee3a-220a-47f2-8b93-380d0c6cf445,2001-04-24-asheville-music-zone-asheville-nc,2001-04-24,a8726dcf-b162-4867-9f86-8eaa6e5436f7,db7f2c5d-2727-41fd-bd6f-e91c74164f09,"",535,2020-02-22 16:19:52.200407,2024-05-29 21:53:28.634572,0,https://relisten.net/disco-biscuits/2001/04/24,4,0,0,1
1971e883-6686-4920-a348-9eb71ac8a2e4,2004-05-28-the-conduit-trenton-nj,2004-05-28,08139a3b-d9fc-4613-8e1c-e39a9ec32288,db7f2c5d-2727-41fd-bd6f-e91c74164f09,Billed as 'The Perfume.',825,2020-02-22 16:19:52.200407,2023-08-27 11:34:03.171806,0,https://relisten.net/disco-biscuits/2004/05/28,4.57692307692308,0,0,0
212c8867-ed17-46e2-bdee-652e4bdcbd40,2005-09-13-spirit-new-york-ny,2005-09-13,cf59f9c8-2832-49a4-b8ba-15259deae765,db7f2c5d-2727-41fd-bd6f-e91c74164f09,Hurricane Katrina Relief Concert.,852,2020-02-22 16:19:52.200407,2023-08-27 11:36:15.593328,0,,3.54166666666667,0,0,0
23c32cc6-bb97-4e3a-8f4e-e152ed6b4ed9,2007-05-16-lupo-s-heartbreak-hotel-providence-ri,2007-05-16,30ea9f62-a7d5-4380-b33d-615cdd7ccfdd,db7f2c5d-2727-41fd-bd6f-e91c74164f09,"",971,2020-02-22 16:19:52.200407,2023-08-27 11:45:31.819744,0,https://relisten.net/disco-biscuits/2007/05/16,4.25,0,0,2
189c6619-9367-43cb-b37d-4e55e101e8a0,2013-12-27-best-buy-theater-new-york-ny,2013-12-27,3c1485b6-a149-49d6-ae5d-7f2a65afe7d3,db7f2c5d-2727-41fd-bd6f-e91c74164f09,"",1406,2020-02-22 16:19:52.200407,2023-09-05 13:00:34.991909,0,https://relisten.net/disco-biscuits/2013/12/27,3.97222222222222,0,2,1
1c696c21-4455-45d8-825a-54f4bd53742a,2005-05-27-sonar-lounge-baltimore-md,2005-05-27,aa42a681-6647-44e5-8fa0-cff643978119,db7f2c5d-2727-41fd-bd6f-e91c74164f09,"",845,2020-02-22 16:19:52.200407,2024-02-18 12:28:41.389852,0,https://relisten.net/disco-biscuits/2005/05/27,4.77083333333333,0,1,2
24ba5b54-84f0-4292-babe-5c0ceaa2802f,1999-09-15-graffiti-showcase-pittsburgh-pa,1999-09-15,77443886-181b-4835-870c-7a83400129cb,db7f2c5d-2727-41fd-bd6f-e91c74164f09,"",419,2020-02-22 16:19:52.200407,2024-02-10 05:24:38.210162,0,https://relisten.net/disco-biscuits/1999/09/15,4.33333333333333,0,0,0
2038be8c-9daf-4a85-bac8-cef73f5973ff,2002-10-10-engine-room-houston-tx,2002-10-10,531cc457-8f44-4653-92db-42adcfc22d2b,db7f2c5d-2727-41fd-bd6f-e91c74164f09,"",676,2020-02-22 16:19:52.200407,2024-03-28 00:05:45.161137,0,https://relisten.net/disco-biscuits/2002/10/10,3.7,0,0,0
c68a4910-6a45-4bc0-add4-34f2eda7682c,1997-09-19-the-quad-university-of-pennsylvania-philadelphia-pa,1997-09-19,2791453b-989d-4e89-8ae8-b56e2c24f176,db7f2c5d-2727-41fd-bd6f-e91c74164f09,"",717,2020-02-22 16:19:52.200407,2023-07-31 19:32:29.709129,0,https://archive.org/details/db1997-09-19.upenn.akg460.flac16,3.5,0,0,0
2eba8008-4816-453b-a9ea-52290fe3eed1,2006-06-10-the-lawn-white-river-state-park-indianapolis-in,2006-06-10,f8ecd138-e045-4fa8-b884-ace8fb215284,db7f2c5d-2727-41fd-bd6f-e91c74164f09,Opening for Umphrey's McGee,905,2020-02-22 16:19:52.200407,2022-09-01 18:28:57.431595,0,https://relisten.net/disco-biscuits/2006/06/10,3.81818181818182,0,0,1
2b1a91ff-8483-4858-bd51-481d11c3cdd7,2001-03-27-rialto-theater-tucson-az,2001-03-27,b1292aa0-b159-4ef9-8449-9db0c84a63b0,db7f2c5d-2727-41fd-bd6f-e91c74164f09,"",512,2020-02-22 16:19:52.200407,2024-01-20 19:37:10.667035,0,https://relisten.net/disco-biscuits/2001/03/27,2.83333333333333,0,0,1
2f07a93f-cb87-4eae-8865-ed3b919f1450,1999-08-11-wetlands-preserve-new-york-ny,1999-08-11,81bb358f-2ed6-4358-80b5-fb740207d89a,db7f2c5d-2727-41fd-bd6f-e91c74164f09,"",407,2020-02-22 16:19:52.200407,2023-11-14 03:28:50.329464,0,https://relisten.net/disco-biscuits/1999/08/11,4.46153846153846,0,0,0
26f7269d-d944-42bf-9a6e-1b0084c563c1,1999-03-05-mount-tabor-pub-portland-or,1999-03-05,a109effb-329b-41d2-afd0-6b5061afcb74,db7f2c5d-2727-41fd-bd6f-e91c74164f09,Soundcheck: Above The Waves.  Jive Talking Robots opened.,350,2020-02-22 16:19:52.200407,2022-09-13 21:13:48.050741,0,https://relisten.net/disco-biscuits/1999/03/05,3.83333333333333,0,0,0
2942be0c-f6ec-4880-ac92-b39f13143a4b,2015-12-04-dominican-holidaze-breathless-punta-cana-resort-spa-carretera-uvero-alto-dominican-republic,2015-12-04,45b3785a-785e-48b1-ae2d-678266192853,db7f2c5d-2727-41fd-bd6f-e91c74164f09,"",1469,2020-02-22 16:19:52.200407,2022-09-02 08:59:59.741274,0,,4.03846153846154,0,0,0
3761611e-8e67-422a-99b3-80be56069eda,1999-10-25-black-mountain-music-hall-black-mountain-nc,1999-10-25,6069cd9c-6bd3-40b0-b14e-1856c7418cb8,db7f2c5d-2727-41fd-bd6f-e91c74164f09,"",447,2020-02-22 16:19:52.200407,2023-06-21 18:45:05.911135,0,https://relisten.net/disco-biscuits/1999/10/25,3.5,0,0,0
2bde3f2c-9c80-4d08-a91c-c706affd5847,1998-08-01-legends-lounge-las-vegas-nv,1998-08-01,393a0db9-a5a0-494f-95d0-e917ee4c373b,db7f2c5d-2727-41fd-bd6f-e91c74164f09,"",269,2020-02-22 16:19:52.200407,2022-09-21 02:01:55.442871,0,https://relisten.net/disco-biscuits/1998/08/01,2.75,0,0,0
2f23583a-1103-49b8-b9d3-f29a1edc4ff3,1997-05-21-p-b-finnian-s-plattsburgh-ny,1997-05-21,90595224-0946-44c7-a487-4716d6445273,db7f2c5d-2727-41fd-bd6f-e91c74164f09,"",62,2020-02-22 16:19:52.200407,2020-02-23 00:37:10.750141,0,,0,0,0,0
27a586d3-7468-4bdd-9a12-f0b746564256,2003-04-22-recher-theatre-towson-md,2003-04-22,e478ad9b-42c9-4527-ba9b-cf0950b71100,db7f2c5d-2727-41fd-bd6f-e91c74164f09,"",740,2020-02-22 16:19:52.200407,2024-08-26 17:39:23.881227,0,https://relisten.net/disco-biscuits/2003/04/22,4,0,0,0
2c9146ca-36ee-444c-977e-6c9786edab92,2007-10-20-first-avenue-minneapolis-mn,2007-10-20,5e132862-c782-4d9a-ad9f-0b730f88f31d,db7f2c5d-2727-41fd-bd6f-e91c74164f09,"",1018,2020-02-22 16:19:52.200407,2024-07-21 02:25:19.280174,0,,3.6875,0,0,2
19bb0054-afbc-4273-88c5-5ef9020be996,2000-12-31-the-palladium-worcester-ma,2000-12-31,53cc7c67-4d8d-4663-8cea-5654d807867d,db7f2c5d-2727-41fd-bd6f-e91c74164f09,"",507,2020-02-22 16:19:52.200407,2024-11-21 16:29:55.487430,0,https://relisten.net/disco-biscuits/2000/12/31,4.09090909090909,0,0,0
1cff0939-2c4e-4863-baf8-70b780435a5a,2002-03-07-rio-theater-santa-cruz-ca,2002-03-07,9500bdcf-a27d-4723-aa59-2a71f7fb94ec,db7f2c5d-2727-41fd-bd6f-e91c74164f09,"",612,2020-02-22 16:19:52.200407,2024-11-25 12:18:23.130709,0,https://relisten.net/disco-biscuits/2002/03/07,4.05,39,2,1
388c5430-0dbd-4af7-b5eb-829ceb7a6bcd,1997-03-21-cabaloosa-new-paltz-ny,1997-03-21,8c3e9a81-d10e-46de-835a-67050a55bf40,db7f2c5d-2727-41fd-bd6f-e91c74164f09,"",40,2020-02-22 16:19:52.200407,2020-02-23 00:37:12.653258,0,,0,0,0,0
37cef19b-7118-4daa-b840-7b5e61ff0647,2001-09-11-water-street-music-hall-rochester-ny,2001-09-11,8beaf894-d987-4683-8c46-ea05cf0be1ce,db7f2c5d-2727-41fd-bd6f-e91c74164f09,-- CANCELED --<br>The show was cancelled due to the attacks on New York and Washington D.C..,568,2020-02-22 16:19:52.200407,2020-02-23 00:37:12.524538,0,,0,0,0,0
4a2b3200-b33e-40e6-9026-ba38754993f6,1996-12-27-new-music-cafe-new-york-ny,1996-12-27,d39d057d-4c8f-4a24-a820-d8f4967b1c7f,db7f2c5d-2727-41fd-bd6f-e91c74164f09,"",27,2020-02-22 16:19:52.200407,2020-02-23 00:37:15.131902,0,,0,0,0,0
2f4cff8e-2b49-4e11-ab94-7115b6684c68,1999-10-10-legends-lounge-las-vegas-nv,1999-10-10,393a0db9-a5a0-494f-95d0-e917ee4c373b,db7f2c5d-2727-41fd-bd6f-e91c74164f09,"",437,2020-02-22 16:19:52.200407,2023-06-21 19:06:40.934564,0,https://relisten.net/disco-biscuits/1999/10/10,4.125,2,0,1
29e9c4fa-2579-4df9-ae31-2bb32037c25d,1998-07-23-good-times-eugene-or,1998-07-23,22446ee9-979f-4a35-9aab-83dbfa56ccf5,db7f2c5d-2727-41fd-bd6f-e91c74164f09,Second set incomplete.,261,2020-02-22 16:19:52.200407,2024-05-08 10:23:18.485821,0,https://archive.org/details/db1998-07-23.ck61.flac16,3.5,0,0,0
38c6066c-67ca-434c-bdb8-badd47f0875b,1996-05-10-silk-city-diner-philadelphia-pa,1996-05-10,2955ad30-b9e6-44b4-bf3e-79b81ea4003c,db7f2c5d-2727-41fd-bd6f-e91c74164f09,"",1235,2020-02-22 16:19:52.200407,2024-02-29 15:14:35.955141,0,,3,0,0,0
2e069061-f997-4701-a66e-8ec4839088fb,2002-11-07-blind-pig-ann-arbor-mi,2002-11-07,3799b75c-bd1a-4b1d-ba99-92629b8b9cea,db7f2c5d-2727-41fd-bd6f-e91c74164f09,"",699,2020-02-22 16:19:52.200407,2024-03-28 00:07:20.755200,0,https://relisten.net/disco-biscuits/2002/11/07,3.95454545454545,0,0,0
2fedff13-be63-4067-bc94-93360cf6df45,2009-10-03-9-30-club-washington-dc,2009-10-03,07aef483-1f92-466a-8f3e-ee2d2ef9969c,db7f2c5d-2727-41fd-bd6f-e91c74164f09,Savoy opened,1186,2020-02-22 16:19:52.200407,2024-02-04 12:57:21.408675,0,https://relisten.net/disco-biscuits/2009/10/03,4.13636363636364,7,0,1
2969c60f-7983-4db0-893f-56fb4759b3f7,2000-11-16-higher-ground-s-burlington-vt,2000-11-16,a80851a9-f6e6-464e-8255-af00be69d62e,db7f2c5d-2727-41fd-bd6f-e91c74164f09,"",495,2020-02-22 16:19:52.200407,2024-02-26 20:06:29.597947,0,https://relisten.net/disco-biscuits/2000/11/16,4.20833333333333,0,0,0
341dab4f-3cc2-4098-a9a6-17aaf1d0831e,2005-11-19-the-music-box-at-the-borgata-hotel-and-casino-atlantic-city-nj,2005-11-19,138dba32-d10c-4db0-aa03-b6998487f00b,db7f2c5d-2727-41fd-bd6f-e91c74164f09,The Atlantic City Drum-Off,854,2020-02-22 16:19:52.200407,2023-08-27 11:36:25.103685,0,https://relisten.net/disco-biscuits/2005/11/19,4.53125,0,0,0
2a0066e2-b3bf-4823-b836-d318605a2176,2013-04-25-boulder-theater-boulder-co,2013-04-25,88fdfe2f-b85b-4aa0-ab05-613bd43f41cd,db7f2c5d-2727-41fd-bd6f-e91c74164f09,"",1389,2020-02-22 16:19:52.200407,2024-04-29 20:58:44.042355,0,https://relisten.net/disco-biscuits/2013/04/25,3.83333333333333,0,0,0
2c4b7225-8b57-4bce-82cc-57f79d23e0f0,2000-10-27-bluebird-bloomington-in,2000-10-27,e7a03124-b5a6-4756-976c-70728048511a,db7f2c5d-2727-41fd-bd6f-e91c74164f09,"",485,2020-02-22 16:19:52.200407,2024-05-29 21:46:15.983321,0,https://relisten.net/disco-biscuits/2000/10/27,4.58333333333333,0,0,1
29d14c72-3dfa-4488-bddd-5902e78a0474,1999-10-14-pounders-tuscaloosa-al,1999-10-14,435421fb-4211-4caf-8ea7-8ef685cd5992,db7f2c5d-2727-41fd-bd6f-e91c74164f09,"",438,2020-02-22 16:19:52.200407,2024-05-29 21:40:54.511663,0,https://relisten.net/disco-biscuits/1999/10/14,3.3,0,0,0
2894fac4-834f-4fc4-8b29-45fdbfcd729a,1998-04-02-crossroads-new-york-ny,1998-04-02,8be3bdcb-9f5a-4ef7-82e8-b4245b63fa78,db7f2c5d-2727-41fd-bd6f-e91c74164f09,"",196,2020-02-22 16:19:52.200407,2024-04-04 11:37:17.393419,0,https://relisten.net/disco-biscuits/1998/04/02,4,0,0,0
32bec236-a0b9-466b-b89f-b2d80cb610fb,2013-01-25-ogden-theater-denver-co,2013-01-25,6a113f67-1c38-4874-a465-80b7ae21d2f8,db7f2c5d-2727-41fd-bd6f-e91c74164f09,Future Rock opened,1386,2020-02-22 16:19:52.200407,2024-04-29 20:58:22.506435,0,https://relisten.net/disco-biscuits/2013/01/25,3.4,0,0,1
380419d5-04ac-4ee9-b93b-5d9b52c93937,2007-07-17-the-blue-note-columbia-mo,2007-07-17,62a496ff-cf04-4f0b-bc5d-5802a7013c13,db7f2c5d-2727-41fd-bd6f-e91c74164f09,"",996,2020-02-22 16:19:52.200407,2023-03-15 10:58:20.360799,0,,4.36666666666667,0,0,1
3954dabc-adc6-4913-bd7a-a690359f44ee,1998-04-20-theater-of-the-living-arts-philadelphia-pa,1998-04-20,8e6923c1-dafd-42cd-8e53-9758c53c3fb4,db7f2c5d-2727-41fd-bd6f-e91c74164f09,Opening for String Cheese Incident.,206,2020-02-22 16:19:52.200407,2022-11-06 14:09:31.466807,0,https://relisten.net/disco-biscuits/1998/04/20,3.25,0,0,0
40bce2e3-34b1-434f-a6c1-4159d8e4e461,1996-07-06-sam-adams-brewhouse-philadelphia-pa,1996-07-06,6f9f30d8-53f2-455a-8b41-85d1cd4dfbd4,db7f2c5d-2727-41fd-bd6f-e91c74164f09,"",793,2020-02-22 16:19:52.200407,2024-02-29 15:18:04.865343,0,,3.5,0,0,0
30d7299b-f8a5-49f9-8a5d-0ef8da91b253,2011-08-25-klipsch-amphitheatre-bayfront-park-miami-fl,2011-08-25,43d10dbf-a258-4072-a199-b959ffb07cbc,db7f2c5d-2727-41fd-bd6f-e91c74164f09,Identity Festival - Canceled due to Hurricane Irene,1349,2020-02-22 16:19:52.200407,2022-09-01 11:07:52.295106,0,,0.833333333333333,0,0,0
3c310de8-953e-4217-b41e-39edf7d0ef38,2012-12-29-best-buy-theater-new-york-ny,2012-12-29,3c1485b6-a149-49d6-ae5d-7f2a65afe7d3,db7f2c5d-2727-41fd-bd6f-e91c74164f09,Phutureprimitive opened,1383,2020-02-22 16:19:52.200407,2024-04-23 15:01:16.179410,0,,3.93478260869565,0,2,1
315db300-3c11-4528-ae0b-05efcd494421,1999-02-01-bessie-s-wilmington-nc,1999-02-01,f0e36ab9-9f1e-4ffb-b6e5-757b99bf051e,db7f2c5d-2727-41fd-bd6f-e91c74164f09,"",328,2020-02-22 16:19:52.200407,2022-09-13 21:10:42.233203,0,,3,0,0,0
4204bcfd-f059-45b3-b676-14b953253afe,1995-02-11-unknown-venue-philadelphia-pa,1995-02-11,8609ffe2-3534-42c5-80f3-766b917af218,db7f2c5d-2727-41fd-bd6f-e91c74164f09,Played as Zex Sea ,1226,2020-02-22 16:19:52.200407,2020-03-26 18:11:22.976022,0,,5,0,0,0
4dfaa8cc-4cf1-40be-9c69-e499b5bb9b8d,1997-02-04-slade-hall-university-of-vermont-burlington-vt,1997-02-04,a5afd798-a404-4d0a-a340-2d54daba547d,db7f2c5d-2727-41fd-bd6f-e91c74164f09,"",1193,2020-02-22 16:19:52.200407,2020-02-23 00:37:15.603609,0,,0,0,0,0
2e9e96f7-b849-44e2-887a-71f9c246ae72,2009-02-28-house-of-blues-boston-ma,2009-02-28,60b442bc-8f1d-431d-b5bd-ebc9f562d76d,db7f2c5d-2727-41fd-bd6f-e91c74164f09,Break Science and Orchard Lounge opened,1136,2020-02-22 16:19:52.200407,2024-06-30 06:06:47.409989,0,https://relisten.net/disco-biscuits/2009/02/28,4.41666666666667,0,0,3
377687c8-d909-41b7-b87d-9746f0b783b0,1999-03-27-graffiti-showcase-pittsburgh-pa,1999-03-27,77443886-181b-4835-870c-7a83400129cb,db7f2c5d-2727-41fd-bd6f-e91c74164f09,"",366,2020-02-22 16:19:52.200407,2024-07-23 18:14:17.149306,0,https://relisten.net/disco-biscuits/1999/03/27,4.60526315789474,0,0,1
304fe488-f466-4164-98b3-80c90f538f56,2018-03-09-state-theater-portland-me,2018-03-09,59354f25-12b2-41b5-976c-209c95c6517a,db7f2c5d-2727-41fd-bd6f-e91c74164f09,"",1549,2020-02-22 16:19:52.200407,2024-08-25 20:31:09.336472,0,,4,0,1,1
62272736-e11d-4335-b241-c8a1a628ca64,2002-11-01-orpheum-theater-boston-ma,2002-11-01,aed258ac-0ba0-4828-93e3-bf5ed0ba3c76,db7f2c5d-2727-41fd-bd6f-e91c74164f09,"Senor Boombox Album Release Party 
Moonraker opened",694,2020-02-22 16:19:52.200407,2024-08-11 11:28:43.882943,0,https://relisten.net/disco-biscuits/2002/11/01,4.76666666666667,0,0,1
2a9d8734-1960-4a87-bc0b-9bb8989e48d0,2018-05-18-salvage-station-asheville-nc,2018-05-18,0124d12d-ba1c-4720-85fe-0dfba18b1ca8,db7f2c5d-2727-41fd-bd6f-e91c74164f09,"",1554,2020-02-22 16:19:52.200407,2024-08-25 20:31:23.097799,0,,3.70833333333333,0,2,1
37a396b5-97af-4090-9a6f-5f4531cf7f5f,2008-03-21-magnet-club-berlin-germany,2008-03-21,dac57439-6839-484c-b26c-7ca0b94fa3cb,db7f2c5d-2727-41fd-bd6f-e91c74164f09,Microstar opened and spun between sets,1057,2020-02-22 16:19:52.200407,2024-11-26 03:39:07.054602,0,https://relisten.net/disco-biscuits/2008/03/21,4.6,20,0,3
31dcaf0f-10a2-4b60-b42a-760db3bad138,2003-04-30-howlin-wolf-new-orleans-la,2003-04-30,f1264dc5-79f3-4cec-a64f-158fb7814e02,db7f2c5d-2727-41fd-bd6f-e91c74164f09,"",749,2020-02-22 16:19:52.200407,2024-08-26 17:39:50.300974,0,https://relisten.net/disco-biscuits/2003/04/30,4.38888888888889,0,0,0
2f8d800b-93cb-464c-9cc8-5f0ace6392fa,2016-09-10-great-north-music-and-arts-fest-minot-me,2016-09-10,3643ff40-01b6-4844-8a92-10dbf38ea609,db7f2c5d-2727-41fd-bd6f-e91c74164f09,"",1499,2020-02-22 16:19:52.200407,2024-08-29 20:02:47.850753,0,,3.65625,0,2,0
3bc2da63-c20d-4f24-9bed-c417b662e314,2003-04-23-9-30-club-washington-dc,2003-04-23,07aef483-1f92-466a-8f3e-ee2d2ef9969c,db7f2c5d-2727-41fd-bd6f-e91c74164f09,"",742,2020-02-22 16:19:52.200407,2024-09-15 16:23:52.154221,0,https://relisten.net/disco-biscuits/2003/04/23,4.07142857142857,0,0,0
3ad8c05b-95ef-4b69-a14e-0d76d2767c9b,2009-06-05-house-of-blues-cleveland-oh,2009-06-05,e0df92ef-8699-4a39-b242-7b11194f67db,db7f2c5d-2727-41fd-bd6f-e91c74164f09,"",1112,2020-02-22 16:19:52.200407,2024-09-14 20:07:51.948667,0,,4.58620689655172,0,0,3
2df213da-5032-4462-b349-63ac6b44fd3e,2002-04-27-city-centerfest-charlotte-nc,2002-04-27,f25740dd-6844-4113-b84e-975fb6eb855c,db7f2c5d-2727-41fd-bd6f-e91c74164f09,"",638,2020-02-22 16:19:52.200407,2024-11-25 12:16:11.139644,0,https://relisten.net/disco-biscuits/2002/04/27,3.8,0,0,0
4e55cb2a-0d6f-42f8-970e-941db1ed0a7a,1999-05-22-all-good-music-festival-wilmer-s-park-brandywine-md,1999-05-22,f6375b63-2153-44d2-bd2b-c5ef0fa4053b,db7f2c5d-2727-41fd-bd6f-e91c74164f09,-- CANCELED -- <br>The lighting rig collapsed. Sets by the Disco Biscuits and Lake Trout were canceled.,391,2020-02-22 16:19:52.200407,2020-02-23 00:37:15.627378,0,,0,0,0,0
3bd185c4-ea00-4dce-82b5-458aa4524844,1999-02-02-peasant-s-cafe-greenville-nc,1999-02-02,4f5eb7af-7f85-47e8-b613-746648a1a774,db7f2c5d-2727-41fd-bd6f-e91c74164f09,"",329,2020-02-22 16:19:52.200407,2022-09-13 21:10:44.719998,0,https://relisten.net/disco-biscuits/1999/02/02,3.33333333333333,0,0,0
30fb8204-7cdc-4502-8e76-279c49db9d6e,2004-12-28-avalon-ballroom-boston-ma,2004-12-28,d436b14f-99d4-42db-abea-655e7c4b3e01,db7f2c5d-2727-41fd-bd6f-e91c74164f09,"",835,2020-02-22 16:19:52.200407,2024-03-10 00:01:30.629772,0,https://relisten.net/disco-biscuits/2004/12/28,4.71052631578947,0,0,1
30b797dd-70ff-407e-a0d4-3d2ec354bdfb,1999-01-28-orbit-s-fredricksburg-va,1999-01-28,2edd152e-6223-44c3-b189-0cd5574c4727,db7f2c5d-2727-41fd-bd6f-e91c74164f09,"",325,2020-02-22 16:19:52.200407,2023-08-26 17:45:51.494309,0,https://relisten.net/disco-biscuits/1999/01/28,3.125,0,0,0
306c5222-930a-4699-ba70-f3baa2a70cd9,2000-11-04-the-masquerade-atlanta-ga,2000-11-04,6909ebe7-1267-4375-be86-32bbf80d0c42,db7f2c5d-2727-41fd-bd6f-e91c74164f09,DJ Phoenix opened and spun between sets.,491,2020-02-22 16:19:52.200407,2024-05-29 21:46:53.398020,0,https://relisten.net/disco-biscuits/2000/11/04,3.72727272727273,0,0,0
ee04a2d8-b0e3-4280-a8d2-48927f1e7d0b,2014-12-30-best-buy-theater-new-york-ny,2014-12-30,3c1485b6-a149-49d6-ae5d-7f2a65afe7d3,db7f2c5d-2727-41fd-bd6f-e91c74164f09,"",1446,2020-02-22 16:19:52.200407,2024-04-23 15:01:21.273785,0,,3.61538461538462,0,0,1
42628b32-7389-47e2-9c91-4d580954ee94,1998-02-12-docksider-s-erie-pa,1998-02-12,984031ad-5a5b-4fb7-ae24-d1b7676f3f82,db7f2c5d-2727-41fd-bd6f-e91c74164f09,"",172,2020-02-22 16:19:52.200407,2024-04-26 13:23:48.472604,0,https://relisten.net/disco-biscuits/1998/02/12,3,0,0,0
3ad5f328-12ce-42ad-b75e-254ae88b6d08,1998-01-29-cafe-210-west-state-college-pa,1998-01-29,bb1ea85c-f87c-4a31-95b7-d33fcb04abbc,db7f2c5d-2727-41fd-bd6f-e91c74164f09,"",165,2020-02-22 16:19:52.200407,2024-04-17 16:55:04.735214,0,https://relisten.net/disco-biscuits/1998/01/29,4,0,0,0
37632915-dd61-4c9c-93c4-48f074175039,2002-10-30-state-theater-portland-me,2002-10-30,59354f25-12b2-41b5-976c-209c95c6517a,db7f2c5d-2727-41fd-bd6f-e91c74164f09,"",692,2020-02-22 16:19:52.200407,2024-02-18 13:08:34.330328,0,https://relisten.net/disco-biscuits/2002/10/30,4.73076923076923,0,0,0
34724e3c-7771-406c-a4a2-db69c352225f,2008-04-25-tipitina-s-new-orleans-la,2008-04-25,a7fabec1-5455-4e7e-a02f-e0352de24ffa,db7f2c5d-2727-41fd-bd6f-e91c74164f09,"",1089,2020-02-22 16:19:52.200407,2023-10-19 13:44:11.048620,0,,4.4,0,0,2
3885330b-0604-4faa-abd4-7cc55cfd04ee,2010-10-30-thomas-wolfe-auditorium-asheville-nc,2010-10-30,4edf3617-0217-449c-942b-87afacc9c08d,db7f2c5d-2727-41fd-bd6f-e91c74164f09,"Moogfest - other acts include Caribou, Bonobo, Big Boi, Devo, MiM0SA and more.",1306,2020-02-22 16:19:52.200407,2024-11-10 02:32:44.830906,0,,4.22727272727273,0,0,0
305d0b44-67b7-4df5-b508-1bf17f3e6d54,1999-10-23-ziggy-s-winston-salem-nc,1999-10-23,1e19b4b3-4616-480e-9b61-907d6f3d853e,db7f2c5d-2727-41fd-bd6f-e91c74164f09,The second set was the sixth complete performance of 'the Hot Air Balloon'.,446,2020-02-22 16:19:52.200407,2024-05-29 21:41:35.168161,0,https://relisten.net/disco-biscuits/1999/10/23,4,0,0,0
3b069b22-994f-4df7-825d-9f6410952f55,2006-04-17-tower-records-philadelphia-pa,2006-04-17,9f2020de-fa40-4083-bbf9-7caf0f0b6820,db7f2c5d-2727-41fd-bd6f-e91c74164f09,Free In-Store Performance in support of 'The Wind at Four to Fly' Release,881,2020-02-22 16:19:52.200407,2022-09-01 18:28:09.447000,0,,3.14285714285714,0,0,0
47723582-b784-4926-b4c1-145e33ed3242,1997-09-18-court-tavern-new-brunswick-nj,1997-09-18,cd7f1be8-77de-4907-aee7-10672f782231,db7f2c5d-2727-41fd-bd6f-e91c74164f09,"",111,2020-02-22 16:19:52.200407,2024-02-29 15:10:07.938844,0,https://relisten.net/disco-biscuits/1997/09/18,3,0,0,0
473fd911-6a04-4869-9e46-459639ca0465,2009-12-12-caribbean-holidaze-runaway-bay-jamaica,2009-12-12,a65f28c8-e63c-44ba-81de-5cbd64ba3017,db7f2c5d-2727-41fd-bd6f-e91c74164f09,"",1210,2020-02-22 16:19:52.200407,2024-02-15 17:21:01.851080,0,,4.05,0,0,0
42d5ca61-9db7-4a7d-87cf-4f82e6eb41af,1995-12-11-blarney-stone-philadelphia-pa,1995-12-11,4507c656-b5cc-4af9-8fd5-37a24679106e,db7f2c5d-2727-41fd-bd6f-e91c74164f09,Incomplete.,3,2020-02-22 16:19:52.200407,2020-02-23 00:37:13.930484,0,,0,0,0,0
44c21f4e-c1dc-4d7a-90f9-e1ccf3dde983,1997-06-27-khyber-pass-philadelphia-pa,1997-06-27,8fb68427-a6bc-4d62-b072-a266744b4202,db7f2c5d-2727-41fd-bd6f-e91c74164f09,"",77,2020-02-22 16:19:52.200407,2020-02-23 00:37:14.092182,0,,0,0,0,0
47d59379-3077-4125-9b13-7429914a18f1,1998-10-04-the-brewery-raleigh-nc,1998-10-04,7221ac0d-a914-422d-95cd-fc3c1f8fb07a,db7f2c5d-2727-41fd-bd6f-e91c74164f09,"",297,2020-02-22 16:19:52.200407,2020-02-23 00:37:14.663959,0,,0,0,0,0
482cacd0-3e00-43ce-85b8-989c011283ac,1996-04-20-alpha-delta-pi-university-of-pennsylvania-philadelphia-pa,1996-04-20,2dfd534d-b7f1-45e4-a7d7-a45b13dc06f0,db7f2c5d-2727-41fd-bd6f-e91c74164f09,"",13,2020-02-22 16:19:52.200407,2020-02-23 00:37:14.777013,0,,0,0,0,0
4ab5841e-348e-42f0-9e94-3f41d85f4aec,1999-04-25-college-green-brown-university-providence-ri,1999-04-25,f479d7ba-e37a-4dfa-880a-7cdf38278f13,db7f2c5d-2727-41fd-bd6f-e91c74164f09,"",377,2020-02-22 16:19:52.200407,2020-04-13 06:20:56.461618,0,https://relisten.net/disco-biscuits/1999/04/25,3,5,0,0
480e6f0f-6718-4397-9301-bfe9aded134d,1998-10-28-higher-ground-s-burlington-vt,1998-10-28,a80851a9-f6e6-464e-8255-af00be69d62e,db7f2c5d-2727-41fd-bd6f-e91c74164f09,"",304,2020-02-22 16:19:52.200407,2022-09-21 02:03:50.797441,0,https://relisten.net/disco-biscuits/1998/10/28,3,0,0,0
4a7c4b09-aa0b-4140-bbf9-2d3c5693c737,2015-10-30-the-f-shed-syracuse-ny,2015-10-30,57b63e8d-6189-4dc2-aa7c-d958464040dd,db7f2c5d-2727-41fd-bd6f-e91c74164f09,"",1466,2020-02-22 16:19:52.200407,2022-09-02 08:58:09.372308,0,,4.05263157894737,0,1,1
491e8510-9521-4725-b265-37c943b7dbd4,1999-02-11-jimmy-s-new-orleans-la,1999-02-11,5353016c-ebbc-433d-9520-34bf24f68f89,db7f2c5d-2727-41fd-bd6f-e91c74164f09,"",337,2020-02-22 16:19:52.200407,2022-09-13 21:10:57.080821,0,,3.75,0,0,0
4500c945-92a8-4808-8a63-6a087b4dc428,1999-09-13-crowbar-state-college-pa,1999-09-13,dfa0da88-6398-48e8-b0e5-6407e9c96f29,db7f2c5d-2727-41fd-bd6f-e91c74164f09,"",417,2020-02-22 16:19:52.200407,2023-06-21 19:05:49.760791,0,https://relisten.net/disco-biscuits/1999/09/13,4.6,0,0,0
418ecdb1-f47b-4c4e-9574-b4f87bd4cdd3,2001-06-27-lisa-klein-s-house-cherry-hill-nj,2001-06-27,1d312846-9631-429b-b3e3-1be2e229af7d,db7f2c5d-2727-41fd-bd6f-e91c74164f09,Unannounced gig. Brothers Past played before tDB.,548,2020-02-22 16:19:52.200407,2024-03-28 00:11:21.915146,0,,2.64285714285714,0,0,0
22bc2e14-9520-401b-8e77-aecb9d3be6f0,1997-09-20-equinox-festival-wilmer-s-park-brandywine-md,1997-09-20,f7872222-9a2f-49c2-b16e-d56fb906298b,db7f2c5d-2727-41fd-bd6f-e91c74164f09,"",719,2020-02-22 16:19:52.200407,2023-07-31 19:33:23.338532,0,https://relisten.net/disco-biscuits/1997/09/20,4,0,0,0
e91d3004-14bd-4f16-92b0-4017312a68d5,2023-07-18-sapphire-palace-at-blue-lake-casino-blue-lake-ca,2023-07-18,5419dc80-ad61-45aa-a9ef-1327401faa12,db7f2c5d-2727-41fd-bd6f-e91c74164f09,"",,2023-07-17 21:09:03.921416,2024-07-19 11:45:21.523808,0,"",2.82352941176471,0,0,0
496c7fc8-d3a8-4dda-bb8d-3c4dbd640702,2023-08-13-bottle-cork-dewey-beach-de,2023-08-13,2471d945-3cc3-41ad-a6f0-2f16a71342eb,db7f2c5d-2727-41fd-bd6f-e91c74164f09,"Soundcheck: Spaga’s Last Stand, Aceetobee",,2023-08-13 23:55:43.321203,2024-07-19 11:46:34.634107,0,"",3,0,0,2
3a162e69-8613-4c82-93e2-38d307ff05d4,2018-04-19-the-fillmore-philadelphia-pa,2018-04-19,772346af-6a44-47b2-980d-aba4db9f114f,db7f2c5d-2727-41fd-bd6f-e91c74164f09,"",1551,2020-02-22 16:19:52.200407,2024-08-25 20:31:15.020490,0,,3.60416666666667,0,1,1
3bb4dc58-38ac-419e-adf8-fe14d448cacd,2003-04-16-blind-pig-ann-arbor-mi,2003-04-16,3799b75c-bd1a-4b1d-ba99-92629b8b9cea,db7f2c5d-2727-41fd-bd6f-e91c74164f09,"",737,2020-02-22 16:19:52.200407,2024-09-15 16:23:39.380058,0,https://relisten.net/disco-biscuits/2003/04/16,3.75,0,0,0
36887346-7313-4470-941e-56bd20ac8356,1999-08-20-camp-bisco-tunetown-campgrounds-cherrytree-pa,1999-08-20,4209ae30-4f0c-4ca6-9380-0b17c018496a,db7f2c5d-2727-41fd-bd6f-e91c74164f09,"Sector 9, Deep Banana Blackout, and the Recipe opened.",410,2020-02-22 16:19:52.200407,2024-08-28 15:10:42.380930,0,https://relisten.net/disco-biscuits/1999/08/20,4.03846153846154,0,0,0
31b89470-2c04-453e-95cc-007b2877e026,2011-01-15-ogden-theater-denver-co,2011-01-15,6a113f67-1c38-4874-a465-80b7ae21d2f8,db7f2c5d-2727-41fd-bd6f-e91c74164f09,Raw Russ opened,1316,2020-02-22 16:19:52.200407,2024-11-22 01:49:44.753724,0,https://relisten.net/disco-biscuits/2011/01/15,3.85714285714286,2,0,0
766d66a6-b773-42ee-9a40-e1b0384fd966,2017-11-17-the-fillmore-auditorium-denver-co,2017-11-17,cc180824-653c-4b01-9e04-84ad849fec47,db7f2c5d-2727-41fd-bd6f-e91c74164f09,"",1537,2020-02-22 16:19:52.200407,2024-08-25 20:29:01.344351,0,,4.60606060606061,0,1,4
bde7685e-c680-4d8b-a2a4-73b659fc486a,2014-12-06-dominican-holidaze-breathless-punta-cana-resort-spa-carretera-uvero-alto-dominican-republic,2014-12-06,45b3785a-785e-48b1-ae2d-678266192853,db7f2c5d-2727-41fd-bd6f-e91c74164f09,"",1441,2020-02-22 16:19:52.200407,2024-12-07 22:14:15.125454,0,,3.55,0,0,1
f15b2d0e-bd9f-40d4-bead-7b30e921780c,2001-04-15-electric-factory-philadelphia-pa,2001-04-15,8ef35498-800d-42f7-82d1-d8ced42d0092,db7f2c5d-2727-41fd-bd6f-e91c74164f09,"",528,2020-02-22 16:19:52.200407,2024-12-09 05:41:11.419572,0,https://relisten.net/disco-biscuits/2001/04/15,3.875,8,0,1
4818f6f4-6bf6-454e-9bdb-2302e342bb08,1996-09-06-phi-sigma-delta-sigma-penn-state-state-college-pa,1996-09-06,9585318c-991b-4ac4-b9f4-688a068c1fc5,db7f2c5d-2727-41fd-bd6f-e91c74164f09,"",20,2020-02-22 16:19:52.200407,2024-02-29 15:17:33.885983,0,,3,0,0,0
49c4cd9e-a294-42b4-b025-c5db604ff62c,2009-01-31-the-tabernacle-atlanta-ga,2009-01-31,10e901aa-54aa-45d7-b25d-4675602972f5,db7f2c5d-2727-41fd-bd6f-e91c74164f09,"with Kill the Noise, Felix Cartal and Future Rock (live PA set)",1149,2020-02-22 16:19:52.200407,2024-04-17 15:03:27.494190,0,https://relisten.net/disco-biscuits/2009/01/31,3.97058823529412,0,0,1
6353842e-91dc-4bbf-94b1-fb0a239d2161,1999-03-20-rathskeller-student-union-university-of-wisconsin-madison-wi,1999-03-20,9ce104b0-a371-4734-bd71-41415648a093,db7f2c5d-2727-41fd-bd6f-e91c74164f09,"",361,2020-02-22 16:19:52.200407,2023-08-09 17:37:00.065370,0,https://relisten.net/disco-biscuits/1999/03/20,4.5,1,0,0
4ccc90f0-4823-4b56-ab9b-5d7875087da6,2006-03-20-the-max-amsterdam-holland,2006-03-20,4a85e92d-81f7-46e4-8432-6125b0ba026f,db7f2c5d-2727-41fd-bd6f-e91c74164f09,"Jam in the Dam '06. With Umphrey's McGee, STS9 and The Benevento/Russo Duo.",873,2020-02-22 16:19:52.200407,2023-08-27 11:38:02.722417,0,,4.18181818181818,0,0,0
3bd4c53a-0482-4450-acf4-912436c3222a,2010-12-31-tower-theater-upper-darby-pa,2010-12-31,ad81e6b5-f280-43c6-b001-36bbd482f784,db7f2c5d-2727-41fd-bd6f-e91c74164f09,Marty party opened and played both setbreaks. Sam Altman on drums unless noted otherwise.,1313,2020-02-22 16:19:52.200407,2023-08-27 12:00:19.243624,0,https://relisten.net/disco-biscuits/2010/12/31,3.78947368421053,0,1,0
3b70ba63-f2c3-4979-99ba-b06f7990fd97,2011-08-12-dte-energy-music-theatre-clarkston-mi,2011-08-12,8ecf2f9a-e78f-404b-99ab-95a7210a2249,db7f2c5d-2727-41fd-bd6f-e91c74164f09,"Identity Festival - Kaskade, Chuckie, Steve Aoki, DJ Shadow and more",1341,2020-02-22 16:19:52.200407,2024-03-27 23:57:37.379647,0,,3.33333333333333,0,0,0
3b3259f8-d59b-4fda-95ab-6d7f48888815,2013-12-18-mayan-holidaze-now-sapphire-resort-puerto-morelos-mexico,2013-12-18,72be8ba0-a1c5-4b23-8f60-b88a34053585,db7f2c5d-2727-41fd-bd6f-e91c74164f09,Mayan Holidaze - other acts include Umphrey's McGee and STS9,1401,2020-02-22 16:19:52.200407,2023-09-05 12:59:58.434396,0,,4.0625,0,0,0
3c01a27a-6656-4a2e-b0ea-e7b0169b54ba,2011-08-13-first-niagara-pavilion-burgettstown-pa,2011-08-13,35088b53-3d76-485c-a748-25fb66293b33,db7f2c5d-2727-41fd-bd6f-e91c74164f09,"Identity Festival - Kaskade, Rusko, Skrillex, DJ Shadow and more",1342,2020-02-22 16:19:52.200407,2024-03-27 23:57:33.886884,0,,3.35,0,0,0
492cc930-a91d-4290-8b54-c47334382543,2010-09-09-town-ballroom-buffalo-ny,2010-09-09,edf8b5e6-2040-4d55-bfc0-833f839ed87d,db7f2c5d-2727-41fd-bd6f-e91c74164f09,MiM0SA and The Glitch Mob opened,1298,2020-02-22 16:19:52.200407,2022-09-13 19:35:29.070974,0,,4.25,0,0,1
481ce78d-a8c3-4672-8b3b-8d2010e1d925,1998-07-15-cabooze-on-the-west-bank-minneapolis-mn,1998-07-15,aff16de4-6055-42ac-806e-9ab0447cd03a,db7f2c5d-2727-41fd-bd6f-e91c74164f09,"",256,2020-02-22 16:19:52.200407,2022-09-21 02:01:36.245439,0,https://relisten.net/disco-biscuits/1998/07/15,3,0,0,0
4880e0f8-04de-45cc-a589-c56ecef9778e,2007-07-13-fox-theatre-boulder-co,2007-07-13,8f46585f-f736-4603-88c9-a45209757346,db7f2c5d-2727-41fd-bd6f-e91c74164f09,Trancegression Pre-Party,993,2020-02-22 16:19:52.200407,2024-03-19 18:53:58.245257,0,https://relisten.net/disco-biscuits/2007/07/13,4.5625,0,0,2
478c7daf-7a89-4da6-97e3-d651f573c234,1998-10-29-middle-east-cambridge-ma,1998-10-29,8007d184-2caa-4fd4-8e3d-a8471494d146,db7f2c5d-2727-41fd-bd6f-e91c74164f09,"",305,2020-02-22 16:19:52.200407,2022-09-21 02:03:56.137020,0,https://relisten.net/disco-biscuits/1998/10/29,3.5,0,0,0
4ceee946-8b64-4c7e-858d-3353bb3833b5,1998-09-19-middle-east-cambridge-ma,1998-09-19,8007d184-2caa-4fd4-8e3d-a8471494d146,db7f2c5d-2727-41fd-bd6f-e91c74164f09,Bark Like A Dog and Bloque opened. Opening for One Fell Swoop,288,2020-02-22 16:19:52.200407,2020-02-23 00:37:15.436204,0,,0,0,0,0
4dccf020-938d-4105-84f4-8e22188c1e8e,1997-09-03-cabaloosa-new-paltz-ny,1997-09-03,8c3e9a81-d10e-46de-835a-67050a55bf40,db7f2c5d-2727-41fd-bd6f-e91c74164f09,"",100,2020-02-22 16:19:52.200407,2020-02-23 00:37:15.562917,0,,0,0,0,0
5109a36a-4550-400b-97f7-e494b75dc34b,1997-07-17-ocean-mist-matunick-ri,1997-07-17,1eee7b09-f4d8-4eb7-ac0e-b1f4572b40ec,db7f2c5d-2727-41fd-bd6f-e91c74164f09,"",89,2020-02-22 16:19:52.200407,2020-02-23 00:37:15.961477,0,,0,0,0,0
51c1ef1b-bfc8-4a01-96af-84de21a81564,1999-10-16-pi-kappa-alpha-oxford-ms,1999-10-16,8fde47ba-a13c-426a-99d2-18d9a5b27b57,db7f2c5d-2727-41fd-bd6f-e91c74164f09,-- CANCELED. --<br>Band injury.,440,2020-02-22 16:19:52.200407,2020-02-23 00:37:16.077542,0,,0,0,0,0
5501f164-06c3-4945-a6b0-f1296b60fece,1997-04-10-husky-blues-university-of-connecticut-hartford-ct,1997-04-10,6eb9d84a-aab3-40f5-9b72-92b80edaa86b,db7f2c5d-2727-41fd-bd6f-e91c74164f09,"",48,2020-02-22 16:19:52.200407,2020-02-23 00:37:16.675861,0,,0,0,0,0
49f7342a-555d-4d0b-b0be-49e6f04af2eb,2007-02-15-starland-ballroom-sayreville-nj,2007-02-15,d7bcd39a-04d3-46ae-913a-c950de7b6c5d,db7f2c5d-2727-41fd-bd6f-e91c74164f09,<i>Spinning the Wheel: Part Deux</i>,961,2020-02-22 16:19:52.200407,2023-11-28 19:51:45.255043,0,,4.22,0,0,1
47865ebf-c770-4617-aa8e-ac84f54f1957,1999-09-28-the-sonar-vancouver-british-columbia-canada,1999-09-28,066c7e2a-a5cd-40d4-9c93-1c4c84070dc5,db7f2c5d-2727-41fd-bd6f-e91c74164f09,"",428,2020-02-22 16:19:52.200407,2023-06-21 19:06:17.710837,0,https://relisten.net/disco-biscuits/1999/09/28,4.25,0,0,1
4df02af7-2bc7-4310-bc61-e90f324ed1f1,2004-01-10-imperial-majesty-regal-empress-the-open-seas-fl,2004-01-10,3767dade-6aae-477b-b97b-6ef380a67731,db7f2c5d-2727-41fd-bd6f-e91c74164f09,Jam Cruise I,1323,2020-02-22 16:19:52.200407,2022-08-27 18:06:14.113424,0,https://relisten.net/disco-biscuits/2004/01/10,3.8125,0,0,0
40fbde00-38ed-4768-8468-2e64fa756a24,2007-10-12-bouckaert-farm-fairburn-ga,2007-10-12,f33fc142-9455-447c-ab15-56bbb22f3494,db7f2c5d-2727-41fd-bd6f-e91c74164f09,"The Echo Project<br>With The Killers, Phil Lesh, Spoon, Clap Your Hands Say Yeah and many others",1012,2020-02-22 16:19:52.200407,2024-10-25 19:07:10.449200,0,https://relisten.net/disco-biscuits/2007/10/12,4.27777777777778,0,1,2
519d108f-7d8e-41b6-b2a2-9cb3dea672cd,1998-02-26-blue-terrapin-elizabethtown-pa,1998-02-26,37174f51-d4c0-4e8d-a07c-64829a136521,db7f2c5d-2727-41fd-bd6f-e91c74164f09,"Soundcheck: Little Shimmy In A Conga Line > Rainbow Song, I-Man",180,2020-02-22 16:19:52.200407,2024-02-25 20:25:51.647981,0,https://relisten.net/disco-biscuits/1998/02/26,4,0,0,0
4110fb07-c9ae-4054-8f06-e8c670918efd,1997-12-27-wetlands-preserve-new-york-ny,1997-12-27,81bb358f-2ed6-4358-80b5-fb740207d89a,db7f2c5d-2727-41fd-bd6f-e91c74164f09,Opening for the Ominous Seapods,152,2020-02-22 16:19:52.200407,2024-07-22 12:50:31.118910,0,https://relisten.net/disco-biscuits/1997/12/27,2.5,0,0,0
40c5c69b-f4c6-4a5c-8fb4-ffb4d0c85c00,2009-09-25-the-tabernacle-atlanta-ga,2009-09-25,10e901aa-54aa-45d7-b25d-4675602972f5,db7f2c5d-2727-41fd-bd6f-e91c74164f09,"",1180,2020-02-22 16:19:52.200407,2024-07-21 02:34:45.310111,0,https://relisten.net/disco-biscuits/2009/09/25,4.25,0,0,1
49d15be0-79ac-4bc9-a086-e01d84c31176,2016-03-05-suwannee-music-park-live-oak-florida,2016-03-05,ef9892f3-7793-468f-84b0-1ff6c93515da,db7f2c5d-2727-41fd-bd6f-e91c74164f09,Aura Music and Arts Festival,1479,2020-02-22 16:19:52.200407,2024-08-29 20:01:46.288102,0,,3.39285714285714,0,0,0
399eda1a-650b-496d-8b8c-79373dca2ec7,2006-08-25-hunter-mountain-ski-lodge-hunter-ny,2006-08-25,6271e4ac-4f38-485d-9025-180612948356,db7f2c5d-2727-41fd-bd6f-e91c74164f09,"Camp Bisco V: The Invocation<br>Featuring The Roots, Shpongle, Thievery Corporation, RJ-D2, Brothers Past, The Juan MacLean and many more.",919,2020-02-22 16:19:52.200407,2024-11-10 02:24:27.302575,0,https://relisten.net/disco-biscuits/2006/08/25,4.15384615384615,0,0,1
43301814-d1aa-4eb5-8625-61f153b0b2e1,2019-12-31-playstation-theater-new-york-ny,2019-12-31,7b00c23c-dc31-4e72-8633-820e8c228ff4,db7f2c5d-2727-41fd-bd6f-e91c74164f09,"",1615,2020-02-22 16:19:52.200407,2024-12-05 22:42:13.510822,0,,3.98809523809524,0,1,1
51f7c58a-148b-4d7a-8ada-1becc3d7029d,1999-05-31-a-live-one-chicago-il,1999-05-31,1040b8d0-7817-4cac-a298-d0936eca9d8d,db7f2c5d-2727-41fd-bd6f-e91c74164f09,Unannouced gig.,397,2020-02-22 16:19:52.200407,2024-12-07 00:34:12.175611,0,https://relisten.net/disco-biscuits/1999/05/31,4,0,0,0
4030f51f-e283-4e21-a3a2-6ccbcc794605,2015-05-14-merriweather-post-pavilion-columbia-md,2015-05-14,541ee836-1cc9-4170-8e3b-dfa5fe571878,db7f2c5d-2727-41fd-bd6f-e91c74164f09,"Dear Jerry: Celebrating the Music of Jerry Garcia<br>Other artists included Widespread Panic, Los Lobos, moe., Billy and the Kids, and more ",1459,2020-02-22 16:19:52.200407,2024-11-07 19:34:05.399454,0,,3.66666666666667,0,0,0
72d79396-532b-4a4a-94a8-3c6306e0c536,2024-01-27-the-fillmore-san-francisco-ca,2024-01-27,3f85da63-4a00-4cba-9e9f-837668d55284,db7f2c5d-2727-41fd-bd6f-e91c74164f09,"",,2024-01-28 04:50:47.413898,2024-11-08 23:18:25.069115,0,"",4.2741935483871,0,0,0
3ee4babe-c55e-416b-94cc-cdc0ab3bdefd,2012-12-28-best-buy-theater-new-york-ny,2012-12-28,3c1485b6-a149-49d6-ae5d-7f2a65afe7d3,db7f2c5d-2727-41fd-bd6f-e91c74164f09,Cinnamon Chasers opened,1382,2020-02-22 16:19:52.200407,2024-11-21 16:31:36.623598,0,,3.75,0,0,0
4469e41e-aa3d-4600-b154-ede826008b6b,1999-01-22-tammany-hall-worcester-ma,1999-01-22,006f9b72-c8db-45dc-afad-b0fc65ab2a8e,db7f2c5d-2727-41fd-bd6f-e91c74164f09,"",320,2020-02-22 16:19:52.200407,2023-08-26 17:45:06.684424,0,https://relisten.net/disco-biscuits/1999/01/22,3.5625,0,0,0
5610f408-4ba4-4427-aec2-bffe922e7caf,1998-10-03-jack-straw-s-charlotte-nc,1998-10-03,023caca8-36d3-42ef-adbe-dc5471812061,db7f2c5d-2727-41fd-bd6f-e91c74164f09,Soundcheck: Jamillia,296,2020-02-22 16:19:52.200407,2024-10-03 21:28:24.326523,0,,3.5,0,0,0
4da34262-b4b4-4c3b-bed7-582923fe89c2,1998-05-01-university-of-hartford-west-hartford-ct,1998-05-01,dabbbde2-cd93-4493-b4f6-d0a5eadc9509,db7f2c5d-2727-41fd-bd6f-e91c74164f09,"",213,2020-02-22 16:19:52.200407,2023-08-01 16:25:36.302806,0,,3.75,0,0,0
5316bb35-a2a2-4631-9a25-69acdfdb325e,1998-02-04-hungry-charlie-s-syracuse-ny,1998-02-04,0bb038f3-5d3f-4cbb-98ca-958f14a37275,db7f2c5d-2727-41fd-bd6f-e91c74164f09,"",168,2020-02-22 16:19:52.200407,2024-04-26 13:23:02.556512,0,https://relisten.net/disco-biscuits/1998/02/04,3.75,0,0,0
4471cf79-8ef1-410e-9fc2-2a1e61e198da,2001-05-01-fitzgerald-s-houston-tx,2001-05-01,9ecd3b58-013b-4b0f-8034-224a9cd428a6,db7f2c5d-2727-41fd-bd6f-e91c74164f09,"",540,2020-02-22 16:19:52.200407,2024-03-28 00:10:09.535214,0,https://relisten.net/disco-biscuits/2001/05/01,2.91666666666667,0,0,1
53c6352b-f8a0-41f4-b27c-be2c8b52499d,2003-11-26-avalon-ballroom-boston-ma,2003-11-26,d436b14f-99d4-42db-abea-655e7c4b3e01,db7f2c5d-2727-41fd-bd6f-e91c74164f09,The New Deal and T.E.R.A. opened.,804,2020-02-22 16:19:52.200407,2024-02-18 13:08:59.938902,0,https://relisten.net/disco-biscuits/2003/11/26,4.73529411764706,0,0,0
49ecf007-4717-449a-a021-18e863669a0d,2004-10-01-mcdonough-gymnasium-at-georgetown-university-washington-dc,2004-10-01,799eb198-00e2-4663-a390-e8b1486a7c40,db7f2c5d-2727-41fd-bd6f-e91c74164f09,Howie Day and Motive opened.,831,2020-02-22 16:19:52.200407,2023-08-27 11:34:25.385290,0,https://relisten.net/disco-biscuits/2004/10/01,3.55555555555556,0,0,0
4f10cfb3-56b0-4696-a7be-49f4d7694c61,1999-02-26-last-day-saloon-san-francisco-ca,1999-02-26,31518367-8655-4f1a-a55f-4541b38a8fec,db7f2c5d-2727-41fd-bd6f-e91c74164f09,Set II incomplete.,346,2020-02-22 16:19:52.200407,2024-02-26 18:13:29.801960,0,,2.5,10,0,0
4ff82267-ab20-451c-a99e-80a50f579454,2006-11-16-canopy-club-urbana-il,2006-11-16,1be0ac9f-b003-4059-8d17-ed8e297e5821,db7f2c5d-2727-41fd-bd6f-e91c74164f09,"",939,2020-02-22 16:19:52.200407,2023-08-27 11:41:48.775710,0,https://relisten.net/disco-biscuits/2006/11/16,4.07142857142857,0,0,1
540a1c55-936d-4ee7-8571-f0ceb8525e26,2005-08-26-skye-top-festival-grounds-van-etten-ny,2005-08-26,ef32b260-beba-4d2d-a7ab-c51ec968edb8,db7f2c5d-2727-41fd-bd6f-e91c74164f09,Camp Bisco IV: The Trance-Formation.,850,2020-02-22 16:19:52.200407,2024-02-18 12:45:23.095379,0,https://relisten.net/disco-biscuits/2005/08/26,4.64,0,0,0
15157a20-c145-4833-b5ea-737b8e85bff0,1997-03-28-7-willow-street-port-chester-ny,1997-03-28,8ed50fe7-b660-4363-aabc-912fa94c4f94,db7f2c5d-2727-41fd-bd6f-e91c74164f09,"",46,2020-02-22 16:19:52.200407,2024-02-29 15:06:31.145065,0,https://relisten.net/disco-biscuits/1997/03/28,3,0,0,0
4a120246-4c42-42b8-a154-0d157f81dc84,1997-04-12-iron-horse-music-hall-northampton-ma,1997-04-12,a3278d84-1826-4a05-a021-88fe99342ca5,db7f2c5d-2727-41fd-bd6f-e91c74164f09,Probably incomplete.,50,2020-02-22 16:19:52.200407,2024-03-13 16:25:11.337470,0,https://relisten.net/disco-biscuits/1997/04/12,3.25,0,0,0
47d56ebe-9991-4a52-aee1-a5deee0f5aff,1998-03-27-blue-terrapin-elizabethtown-pa,1998-03-27,37174f51-d4c0-4e8d-a07c-64829a136521,db7f2c5d-2727-41fd-bd6f-e91c74164f09,Soundcheck: Jam > M.E.M.P.H.I.S.,193,2020-02-22 16:19:52.200407,2024-03-27 16:35:01.841245,0,https://relisten.net/disco-biscuits/1998/03/27,4.5,0,0,0
51934620-4a7d-4f28-8242-2dd321603d55,2002-11-10-the-galaxy-st-louis-mo,2002-11-10,03afb864-ba0e-442f-bfa9-8f2f18a2f808,db7f2c5d-2727-41fd-bd6f-e91c74164f09,"",702,2020-02-22 16:19:52.200407,2024-03-28 00:07:29.167398,0,https://relisten.net/disco-biscuits/2002/11/10,4.15,0,0,0
4bc94c96-d7d6-4842-86fc-84497739e7bd,2001-05-02-gypsy-tea-room-dallas-tx,2001-05-02,db95d4fc-4388-40ad-a0e0-3aa2e09799a7,db7f2c5d-2727-41fd-bd6f-e91c74164f09,"",541,2020-02-22 16:19:52.200407,2024-03-28 00:10:12.601103,0,https://relisten.net/disco-biscuits/2001/05/02,3.3,0,0,1
671282c7-71bf-4202-8359-03a601ce57cd,2014-01-26-fox-theatre-boulder-co,2014-01-26,8f46585f-f736-4603-88c9-a45209757346,db7f2c5d-2727-41fd-bd6f-e91c74164f09,Billed as Tractorbeam,1415,2020-02-22 16:19:52.200407,2024-04-29 20:57:04.613534,0,,4.40625,0,0,1
4dc0fe49-66fb-4e20-b588-9affed250601,2007-07-01-pompano-beach-amphitheatre-pompano-beach-fl,2007-07-01,26347154-0d4c-4ace-8820-11aa5e1ce852,db7f2c5d-2727-41fd-bd6f-e91c74164f09,D.U.M.B. Southern Tour<br>Umphrey's McGee opened,988,2020-02-22 16:19:52.200407,2022-08-29 21:12:45.570231,0,https://relisten.net/disco-biscuits/2007/07/01,4.13636363636364,0,0,2
547293fe-98f0-4563-a176-b6fb3eb61e5f,2010-05-08-wellmont-theater-montclair-nj,2010-05-08,8dfeef2a-b9f9-4b71-8346-ebbd242f31af,db7f2c5d-2727-41fd-bd6f-e91c74164f09,"Dj Wyllys and Eclectic Method opened, with Tom Hamilton and Chris Michetti on guitar for whole show (except Spacebird>Spraypaint and Basis)",1263,2020-02-22 16:19:52.200407,2023-04-06 01:58:39.432402,0,https://relisten.net/disco-biscuits/2010/05/08,3.1875,0,0,0
4cded948-22b9-46a9-a875-db214035202c,1999-03-13-starlight-fort-collins-co,1999-03-13,e175614d-64c7-4397-92a0-e37d58113ec5,db7f2c5d-2727-41fd-bd6f-e91c74164f09,"",356,2020-02-22 16:19:52.200407,2022-09-13 21:14:15.841268,0,https://relisten.net/disco-biscuits/1999/03/13,4.75,0,0,0
55639a91-3135-4487-9925-91b5d783558c,1995-10-23-unknown-location,1995-10-23,4a80ff60-d21d-4cb1-ab7e-18a98719d31d,db7f2c5d-2727-41fd-bd6f-e91c74164f09,8 Track Sessions,1229,2020-02-22 16:19:52.200407,2020-02-23 00:37:16.767385,0,,0,0,0,0
56808c60-f009-4025-98a5-e1c87170d9ab,1998-09-06-wamboozy-festival-snowridge-amphitheater-turin-ny,1998-09-06,a2a72cf9-6d6e-42a9-b04d-ebccd4de674d,db7f2c5d-2727-41fd-bd6f-e91c74164f09,"",282,2020-02-22 16:19:52.200407,2020-02-23 00:37:16.857298,0,,0,0,0,0
5730deee-715c-438d-be5e-dd6184099344,1997-05-17-middle-east-philadelphia-pa,1997-05-17,3b54dccf-a525-48e5-9bec-d1cc10e06c22,db7f2c5d-2727-41fd-bd6f-e91c74164f09,All the songs. Order uncertain.,60,2020-02-22 16:19:52.200407,2020-02-23 00:37:16.904941,0,,0,0,0,0
58703577-fa4b-435d-b529-89d79ab57efa,1998-08-05-murphy-s-exchange-steamboat-springs-co,1998-08-05,0cd7b819-a5b5-432d-854f-6f55c35d624f,db7f2c5d-2727-41fd-bd6f-e91c74164f09,"",272,2020-02-22 16:19:52.200407,2020-02-23 00:37:17.006203,0,,0,0,0,0
5b6f31cd-726a-47ff-9f78-75e96fc13378,2009-04-10-house-of-blues-west-hollywood-ca,2009-04-10,62362afd-e75f-44c4-930d-86c19d700322,db7f2c5d-2727-41fd-bd6f-e91c74164f09,Canceled due to family emergency,1125,2020-02-22 16:19:52.200407,2020-02-23 00:37:17.393450,0,,0,0,0,0
5af00ffc-8ae6-459c-a4f8-56f28266e62a,1996-12-28-middle-east-philadelphia-pa,1996-12-28,3b54dccf-a525-48e5-9bec-d1cc10e06c22,db7f2c5d-2727-41fd-bd6f-e91c74164f09,"The Ominous Seapods opened. Post-Phish show, hosted by the Pharmer's Almanac.",28,2020-02-22 16:19:52.200407,2020-02-23 00:37:17.285626,0,,0,0,0,0
5b29924e-06da-49ed-a877-ec33efc5811a,1998-12-29-wetlands-preserve-new-york-ny,1998-12-29,81bb358f-2ed6-4358-80b5-fb740207d89a,db7f2c5d-2727-41fd-bd6f-e91c74164f09,Michael Ray and the Cosmic Krewe opened.,314,2020-02-22 16:19:52.200407,2024-02-05 16:02:36.900840,0,https://relisten.net/disco-biscuits/1998/12/29,4.7,0,0,0
554e79f7-d909-4d60-a458-7cba4b180c7e,2005-11-18-the-music-box-at-the-borgata-hotel-and-casino-atlantic-city-nj,2005-11-18,138dba32-d10c-4db0-aa03-b6998487f00b,db7f2c5d-2727-41fd-bd6f-e91c74164f09,The Atlantic City Drum-Off,853,2020-02-22 16:19:52.200407,2023-11-19 19:39:29.580114,0,https://relisten.net/disco-biscuits/2005/11/18,4.5625,0,0,0
5ad81349-2c7a-4886-a986-e236734981bc,1998-01-21-club-toast-burlington-vt,1998-01-21,8ae8f022-e61c-4729-af49-a8d573b81fda,db7f2c5d-2727-41fd-bd6f-e91c74164f09,Opening for Magic Pebble,161,2020-02-22 16:19:52.200407,2022-11-06 14:07:42.938992,0,https://relisten.net/disco-biscuits/1998/01/21,3.25,0,0,0
536e9aad-1d34-47da-bd7f-fce34bf26e17,1996-03-04-j-c-dobb-s-philadelphia-pa,1996-03-04,fb2dd761-c63a-47d3-988a-71c5ffc808f4,db7f2c5d-2727-41fd-bd6f-e91c74164f09,"",7,2020-02-22 16:19:52.200407,2024-02-29 15:18:37.818302,0,,3.5,0,0,0
5a8d5c1d-bfae-405b-a92a-bcd27c1a8e4b,2001-09-27-el-rey-theater-los-angeles-ca,2001-09-27,46c8891b-7b54-43b9-b2a0-57876f61f89a,db7f2c5d-2727-41fd-bd6f-e91c74164f09,"",581,2020-02-22 16:19:52.200407,2023-04-29 00:23:33.660359,0,https://relisten.net/disco-biscuits/2001/09/27,4.25,0,0,1
51a699eb-b962-4675-a151-104d5d29f94d,2003-08-19-marrz-theater-wilmington-nc,2003-08-19,a9dfe5b6-65c8-4085-aa6a-e0682ec1f58e,db7f2c5d-2727-41fd-bd6f-e91c74164f09,"",780,2020-02-22 16:19:52.200407,2024-11-25 12:15:11.430745,0,https://relisten.net/disco-biscuits/2003/08/19,3.85,0,0,0
4faf5e6c-2cf1-4a9f-81df-07344411eb8e,2018-10-19-the-palladium-worcester-ma,2018-10-19,53cc7c67-4d8d-4663-8cea-5654d807867d,db7f2c5d-2727-41fd-bd6f-e91c74164f09,"",1565,2020-02-22 16:19:52.200407,2024-08-25 20:33:55.610932,0,,4.125,0,1,1
5a2cf14e-df5e-4af1-b79e-302bcbd252d7,1998-04-16-8-x-10-club-baltimore-md,1998-04-16,60c4a1cd-a2c1-4fc1-bddb-cc6a0fe59488,db7f2c5d-2727-41fd-bd6f-e91c74164f09,Soundcheck: Magellan,202,2020-02-22 16:19:52.200407,2023-08-01 16:25:19.000488,0,,3,0,0,0
5d11c463-6909-4f95-a767-42d9d7eb4637,1997-02-13-r-t-s-oaklyn-nj,1997-02-13,4d3c9100-3435-4e59-8af1-c20bddd21eb9,db7f2c5d-2727-41fd-bd6f-e91c74164f09,"",33,2020-02-22 16:19:52.200407,2023-07-31 19:24:21.707439,0,https://relisten.net/disco-biscuits/1997/02/13,3.5,0,0,0
4cf4501c-c90f-4528-8e0f-9be293ea8d42,1999-10-15-sigma-nu-oxford-ms,1999-10-15,bf39bffa-60ca-4e5d-9592-80cecf642618,db7f2c5d-2727-41fd-bd6f-e91c74164f09,"",439,2020-02-22 16:19:52.200407,2024-05-29 21:40:59.190382,0,https://relisten.net/disco-biscuits/1999/10/15,4.36363636363636,0,0,1
552a0a60-040a-48e6-afca-d6c5ff698451,2004-12-27-palace-theater-albany-ny,2004-12-27,5f9e5538-df9b-4cd6-859f-3622d2731aa9,db7f2c5d-2727-41fd-bd6f-e91c74164f09,"",834,2020-02-22 16:19:52.200407,2023-08-27 11:34:35.315755,0,https://relisten.net/disco-biscuits/2004/12/27,4.75,2,0,0
5b34c3c7-3f7c-48a7-83fd-24e7a064c030,2011-09-10-the-gorge-george-wa,2011-09-10,579115b7-167e-408b-a573-591262f5bb76,db7f2c5d-2727-41fd-bd6f-e91c74164f09,"Identity Festival - Kaskade, Pretty Lights, Rusko, The Crystal Method and more",1358,2020-02-22 16:19:52.200407,2023-08-30 11:05:35.523034,0,,2.75,0,0,0
2e724869-02c8-40ce-8209-61cea1fb5e87,2016-06-03-ogden-theater-denver-co,2016-06-03,6a113f67-1c38-4874-a465-80b7ae21d2f8,db7f2c5d-2727-41fd-bd6f-e91c74164f09,"",1488,2020-02-22 16:19:52.200407,2024-04-29 20:53:59.157383,0,,4.24074074074074,0,1,1
4c269c28-bdb3-4bf4-8962-d823e5a3c077,2007-05-24-highline-ballroom-new-york-ny,2007-05-24,28b38b7c-d0a0-44d3-8930-bf8652044a2a,db7f2c5d-2727-41fd-bd6f-e91c74164f09,"",977,2020-02-22 16:19:52.200407,2024-05-24 11:14:44.118168,0,https://relisten.net/disco-biscuits/2007/05/24,4.04761904761905,0,0,1
4febd948-fe4d-45ef-834c-3e51da282db7,1998-09-26-autumn-equinox-festival-wilmer-s-park-brandywine-md,1998-09-26,ba48057d-0332-4fb6-90c0-f7efa4ea9f01,db7f2c5d-2727-41fd-bd6f-e91c74164f09,"",292,2020-02-22 16:19:52.200407,2024-04-27 20:11:44.048897,0,https://relisten.net/disco-biscuits/1998/09/26,4.75,0,1,1
5389f3c3-31ba-48a8-97e3-cf03483b5086,2009-09-17-george-s-majestic-fayetteville-ar,2009-09-17,36a05733-651a-4073-bde8-a066f865789d,db7f2c5d-2727-41fd-bd6f-e91c74164f09,Two Fresh opened,1174,2020-02-22 16:19:52.200407,2023-08-27 11:52:21.051336,0,,4.11111111111111,0,0,1
52bad540-99a4-42b6-930e-192fa013b116,1999-03-21-schuba-s-chicago-il,1999-03-21,db0383ff-841b-48e2-a5c9-d3e3fe6faff2,db7f2c5d-2727-41fd-bd6f-e91c74164f09,"",362,2020-02-22 16:19:52.200407,2024-03-20 10:02:02.189012,0,https://relisten.net/disco-biscuits/1999/03/21,4.58333333333333,0,1,0
ff67854c-6317-41e2-bfb8-32d4329f3165,2000-10-18-crystal-ballroom-portland-or,2000-10-18,8c483567-161f-448c-b652-d686ac1f6993,db7f2c5d-2727-41fd-bd6f-e91c74164f09,"",479,2020-02-22 16:19:52.200407,2023-10-18 14:59:33.681088,0,https://relisten.net/disco-biscuits/2000/10/18,4.16666666666667,0,0,0
53166f78-8018-4246-a4f8-2128a67e39b8,2014-12-29-best-buy-theater-new-york-ny,2014-12-29,3c1485b6-a149-49d6-ae5d-7f2a65afe7d3,db7f2c5d-2727-41fd-bd6f-e91c74164f09,"",1444,2020-02-22 16:19:52.200407,2024-04-23 15:01:19.201611,0,,3.26666666666667,0,0,1
55c03de8-c3ca-49fd-87fd-f2e68414640f,2010-08-29-the-tabernacle-atlanta-ga,2010-08-29,10e901aa-54aa-45d7-b25d-4675602972f5,db7f2c5d-2727-41fd-bd6f-e91c74164f09,Alex B and MiM0SA opened,1288,2020-02-22 16:19:52.200407,2024-11-10 02:32:08.560816,0,https://relisten.net/disco-biscuits/2010/08/29,3.72727272727273,0,0,0
5406fdfd-b82f-4b10-a274-21a2761bf394,1998-08-02-legends-lounge-las-vegas-nv,1998-08-02,393a0db9-a5a0-494f-95d0-e917ee4c373b,db7f2c5d-2727-41fd-bd6f-e91c74164f09,The gig was originally scheduled for Fly Me To The Moon Saloon in Telluride CO but the van broke down.,270,2020-02-22 16:19:52.200407,2022-09-21 02:01:59.048808,0,https://relisten.net/disco-biscuits/1998/08/02,3,0,0,0
5ab7b30c-e826-400d-92db-cb7d990a9438,2010-10-31-charlottesville-pavilion-charlottesville-pa,2010-10-31,28f23845-ec58-40fe-9100-be7f5f26cbcc,db7f2c5d-2727-41fd-bd6f-e91c74164f09,"Archnemisis opened, Bonobo set break",1307,2020-02-22 16:19:52.200407,2022-08-27 18:24:23.771273,0,https://relisten.net/disco-biscuits/2010/10/31,4.07692307692308,0,0,0
5497efb4-2ab0-4367-bfb6-16949f939da4,1999-02-19-legends-lounge-las-vegas-nv,1999-02-19,393a0db9-a5a0-494f-95d0-e917ee4c373b,db7f2c5d-2727-41fd-bd6f-e91c74164f09,"",342,2020-02-22 16:19:52.200407,2022-09-13 21:11:40.012337,0,https://relisten.net/disco-biscuits/1999/02/19,4.08333333333333,0,0,0
5cf536b6-1ecd-453e-bb86-71119652077c,1997-12-30-crossroads-new-york-ny,1997-12-30,8be3bdcb-9f5a-4ef7-82e8-b4245b63fa78,db7f2c5d-2727-41fd-bd6f-e91c74164f09,"",155,2020-02-22 16:19:52.200407,2020-02-23 00:37:17.639869,0,,0,0,0,0
669d5446-3580-4ea7-b854-5a570211fd67,1999-09-10-the-palladium-worcester-ma,1999-09-10,53cc7c67-4d8d-4663-8cea-5654d807867d,db7f2c5d-2727-41fd-bd6f-e91c74164f09,Deep Banana Blackout opened.,415,2020-02-22 16:19:52.200407,2020-04-02 04:14:47.522681,0,https://relisten.net/disco-biscuits/1999/09/10,4,0,0,0
6604b20c-3c58-483d-ab2b-383db65c749b,1998-07-24-3-19-club-chico-ca,1998-07-24,2c52099e-f5a0-44fc-8c5b-d87734942e73,db7f2c5d-2727-41fd-bd6f-e91c74164f09,"",262,2020-02-22 16:19:52.200407,2020-02-23 00:37:18.910837,0,,0,0,0,0
681ae228-5e57-47f4-8852-7a632959f0c7,1999-08-14-feelin-fine-festival-wilmer-s-park-brandywine-md,1999-08-14,5bbd10a4-2533-4649-a71e-cddc164e8d5e,db7f2c5d-2727-41fd-bd6f-e91c74164f09,-- CANCELED --<br>Rainstorm.,409,2020-02-22 16:19:52.200407,2022-02-11 20:04:01.645289,0,,4,0,0,0
5bde73ad-8770-4726-bd1b-a1c265c17e87,2000-06-27-the-roxy-new-york-ny,2000-06-27,1c8c39b4-a73e-43c0-a12a-57c2fea5cf35,db7f2c5d-2727-41fd-bd6f-e91c74164f09,Entire show with Jordan Crisman on bass and vocals.	,466,2020-02-22 16:19:52.200407,2024-05-29 21:45:09.211908,0,https://relisten.net/disco-biscuits/2000/06/27,4.1875,63,0,0
6a84b677-b3da-43a2-b305-fc2531a08f01,1996-03-02-sam-adams-brewhouse-philadelphia-pa,1996-03-02,6f9f30d8-53f2-455a-8b41-85d1cd4dfbd4,db7f2c5d-2727-41fd-bd6f-e91c74164f09,"",6,2020-02-22 16:19:52.200407,2020-02-23 00:37:19.832273,0,,0,0,0,0
5d27bc0b-37f6-477e-a256-5557cf11d5ac,1998-05-06-terrapin-station-college-park-md,1998-05-06,25605268-395b-47bf-9e9b-d11777d26fb9,db7f2c5d-2727-41fd-bd6f-e91c74164f09,- CANCELED -,216,2020-02-22 16:19:52.200407,2022-07-13 23:19:13.600502,0,,4.5,0,0,0
6f4a92aa-c9e1-4719-b2c5-b1f6f222e819,1997-04-25-wetlands-preserve-new-york-ny,1997-04-25,81bb358f-2ed6-4358-80b5-fb740207d89a,db7f2c5d-2727-41fd-bd6f-e91c74164f09,Opening for Merle Saunders,53,2020-02-22 16:19:52.200407,2024-02-29 15:07:06.483704,0,https://relisten.net/disco-biscuits/1997/04/25,3,0,0,0
6992699d-936b-4f63-9fcd-55c42cbee32a,2005-12-30-hammerstein-ballroom-new-york-ny,2005-12-30,f1fb1c6e-e92a-4484-86da-3f682ef18df8,db7f2c5d-2727-41fd-bd6f-e91c74164f09,Spin Doctors Opened; With Artist Alex Grey,857,2020-02-22 16:19:52.200407,2023-08-27 11:36:36.567703,0,https://relisten.net/disco-biscuits/2005/12/30,4.72222222222222,0,0,0
5d1f0ca6-6198-449d-adfb-3e7109a56faa,1997-05-13-fundos-del-mundos-washington-dc,1997-05-13,f409cd3c-782e-4678-a451-63802b92dec9,db7f2c5d-2727-41fd-bd6f-e91c74164f09,"",57,2020-02-22 16:19:52.200407,2022-11-06 14:04:47.482294,0,https://relisten.net/disco-biscuits/1997/05/13,4,0,0,0
6f2b89e4-1326-4903-85a3-d378964fb406,1999-09-20-pure-lounge-columbia-mo,1999-09-20,36e6a6b5-ba79-4c09-a09a-881aa5db3162,db7f2c5d-2727-41fd-bd6f-e91c74164f09,"",423,2020-02-22 16:19:52.200407,2022-09-12 18:56:49.804408,0,https://relisten.net/disco-biscuits/1999/09/20,3.66666666666667,0,0,0
6be0317b-2b26-49f5-9674-0d077f67fde1,2006-02-24-starland-ballroom-sayreville-nj,2006-02-24,d7bcd39a-04d3-46ae-913a-c950de7b6c5d,db7f2c5d-2727-41fd-bd6f-e91c74164f09,"",865,2020-02-22 16:19:52.200407,2023-08-27 11:37:23.762696,0,https://relisten.net/disco-biscuits/2006/02/24,4.22916666666667,0,0,1
67539d85-d6aa-4a51-9012-f54cb2337c2a,2001-04-14-roseland-ballroom-new-york-ny,2001-04-14,758c748a-e52e-4bc6-8e77-b56452998e00,db7f2c5d-2727-41fd-bd6f-e91c74164f09,"",527,2020-02-22 16:19:52.200407,2024-05-29 21:52:33.913815,0,https://relisten.net/disco-biscuits/2001/04/14,4.32352941176471,24,0,1
65d6c9c3-61b3-48dc-ba58-f0a4b706bd63,2000-11-10-irving-plaza-new-york-ny,2000-11-10,397149cc-e8d3-4557-9491-4d180be19e68,db7f2c5d-2727-41fd-bd6f-e91c74164f09,"",493,2020-02-22 16:19:52.200407,2024-05-29 21:46:58.904253,0,https://relisten.net/disco-biscuits/2000/11/10,4.38888888888889,0,0,0
54bdc837-6b29-4593-8e2e-1922902fa2ee,2016-08-20-ford-amphitheater-at-coney-island-boardwalk-brooklyn-new-york,2016-08-20,33c0c92d-9762-4deb-b72d-cdd058b3c3b5,db7f2c5d-2727-41fd-bd6f-e91c74164f09,"",1496,2020-02-22 16:19:52.200407,2024-08-29 20:02:33.666511,0,https://relisten.net/disco-biscuits/2016/08/20,4.4,0,1,1
6938fa35-45f9-4398-b720-d87226ec2638,2011-01-16-ogden-theater-denver-co,2011-01-16,6a113f67-1c38-4874-a465-80b7ae21d2f8,db7f2c5d-2727-41fd-bd6f-e91c74164f09,"",1317,2020-02-22 16:19:52.200407,2024-11-22 01:50:06.086237,0,https://relisten.net/disco-biscuits/2011/01/16,3.83333333333333,0,1,1
54ed9b5e-f749-4fd0-84ea-fda0cb238e9b,2002-04-08-pearl-street-northampton-ma,2002-04-08,4ad803c7-4c3d-4aa4-96df-7b0250f6b506,db7f2c5d-2727-41fd-bd6f-e91c74164f09,"",754,2020-02-22 16:19:52.200407,2024-11-25 12:17:21.573874,0,https://relisten.net/disco-biscuits/2002/04/08,4.38461538461539,8,0,0
54b6704d-3ec2-405d-a850-d6330d39f15e,2001-11-17-the-catalyst-santa-cruz-ca,2001-11-17,6e94df02-5066-4c62-bae7-ddd9ad31f0b8,db7f2c5d-2727-41fd-bd6f-e91c74164f09,"",591,2020-02-22 16:19:52.200407,2023-08-26 17:59:58.313583,0,https://relisten.net/disco-biscuits/2001/11/17,3.66666666666667,3,0,1
69d3efd1-6578-48d6-ac3d-2b59ce6b7c05,2004-12-30-electric-factory-philadelphia-pa,2004-12-30,8ef35498-800d-42f7-82d1-d8ced42d0092,db7f2c5d-2727-41fd-bd6f-e91c74164f09,"",837,2020-02-22 16:19:52.200407,2024-03-10 00:02:24.951213,0,https://relisten.net/disco-biscuits/2004/12/30,4.72,0,0,1
67f8c840-7341-459e-98ec-a534623d9f14,2006-12-08-the-independent-san-francisco-ca,2006-12-08,6e3e8680-6bdb-4a06-ab4e-5207bc13907c,db7f2c5d-2727-41fd-bd6f-e91c74164f09,"",950,2020-02-22 16:19:52.200407,2023-08-27 11:42:44.835706,0,https://relisten.net/disco-biscuits/2006/12/08,4.59375,0,0,1
6d9f1a59-ab48-4de5-9fd5-8ce417365ed6,2019-07-18-montage-mountain-scranton-pa-2,2019-07-18,6b1fd49c-f558-476a-b1eb-8451b52652ff,db7f2c5d-2727-41fd-bd6f-e91c74164f09,"Camp Bisco 17
<br> VIP Soundcheck",1592,2020-02-22 16:19:52.200407,2024-11-26 05:03:06.685298,0,https://relisten.net/disco-biscuits/2019/07/18,3.15909090909091,0,1,0
57b95b1d-227e-4bad-91bc-d6b29e347954,2002-09-29-house-of-blues-anaheim-ca,2002-09-29,c9cc4ef4-a270-4e2b-a3bd-0e48961d9205,db7f2c5d-2727-41fd-bd6f-e91c74164f09,"",669,2020-02-22 16:19:52.200407,2024-03-28 00:05:09.671536,0,https://relisten.net/disco-biscuits/2002/09/29,4.25,0,0,0
5960f2b0-48de-490e-9ee1-aa63b6f78882,2016-06-02-ogden-theater-denver-co,2016-06-02,6a113f67-1c38-4874-a465-80b7ae21d2f8,db7f2c5d-2727-41fd-bd6f-e91c74164f09,"",1487,2020-02-22 16:19:52.200407,2024-04-29 20:53:53.971121,0,,4.42592592592593,0,1,3
63676c16-1dd1-46f2-a8c0-63b5308b3050,1999-09-11-iron-horse-music-hall-northampton-ma,1999-09-11,a3278d84-1826-4a05-a021-88fe99342ca5,db7f2c5d-2727-41fd-bd6f-e91c74164f09,"",416,2020-02-22 16:19:52.200407,2023-06-21 18:47:13.812067,0,https://relisten.net/disco-biscuits/1999/09/11,4.5,0,0,0
6dc6f538-f98e-42aa-8da9-0cd8b0d47051,1996-02-08-sam-adams-brewhouse-philadelphia-pa,1996-02-08,6f9f30d8-53f2-455a-8b41-85d1cd4dfbd4,db7f2c5d-2727-41fd-bd6f-e91c74164f09,"",1234,2020-02-22 16:19:52.200407,2020-02-23 00:37:20.249186,0,,0,0,0,0
6eeeda19-6f44-4989-a333-425170418b1f,1998-07-22-color-box-seattle-wa,1998-07-22,306a267a-2db2-4438-a131-4adb995a4b57,db7f2c5d-2727-41fd-bd6f-e91c74164f09,"",260,2020-02-22 16:19:52.200407,2020-02-23 00:37:20.376811,0,,0,0,0,0
71c602fd-9d22-458a-ab98-07d8d22e2b4b,1998-08-06-quixote-s-true-blue-aurora-co,1998-08-06,072532b6-af1a-4ea0-932f-54c6ee0d4d63,db7f2c5d-2727-41fd-bd6f-e91c74164f09,Second set may be incomplete.,273,2020-02-22 16:19:52.200407,2020-02-23 00:37:21.099425,0,,0,0,0,0
6f7dcad5-e65d-466d-b4a8-fe819b1e230a,1999-03-08-tom-grainey-s-boise-id,1999-03-08,0f80cc94-430f-4665-96b7-1c95d16cb147,db7f2c5d-2727-41fd-bd6f-e91c74164f09,Soundcheck: Bernstein and Chasnoff,352,2020-02-22 16:19:52.200407,2022-09-13 21:13:55.633690,0,https://relisten.net/disco-biscuits/1999/03/08,3.75,0,0,0
6f65a141-3455-4763-8e87-cc6a45c11b02,2009-10-08-casino-ballroom-hampton-beach-nh,2009-10-08,24d7c768-ef64-4419-8788-5db0ffcfc6f3,db7f2c5d-2727-41fd-bd6f-e91c74164f09,"",1189,2020-02-22 16:19:52.200407,2022-09-13 23:09:00.897727,0,https://relisten.net/disco-biscuits/2009/10/08,3.75,0,0,0
6fe119bd-1a43-4099-a77b-77bd3ad21b8b,1998-02-28-rex-s-west-chester-pa,1998-02-28,ed82fce1-1c30-43ea-b596-a173fe7dc98d,db7f2c5d-2727-41fd-bd6f-e91c74164f09,"",182,2020-02-22 16:19:52.200407,2022-11-06 14:08:30.553929,0,https://relisten.net/disco-biscuits/1998/02/28,3,0,0,0
7203d3eb-3530-421a-a94e-7114335eff65,2010-04-25-webster-theater-hartford-ct,2010-04-25,78d9872d-f2e0-4156-9363-fc2fe55c64d8,db7f2c5d-2727-41fd-bd6f-e91c74164f09,"The Indobox opened, entire show with Tom Hamilton and Chris Michetti on guitar and Jon on MIDI.",1261,2020-02-22 16:19:52.200407,2022-09-13 19:39:32.506752,0,https://relisten.net/disco-biscuits/2010/04/25,3,0,0,0
713052d8-fe62-4d56-8422-791705967de6,2006-05-05-vic-theatre-chicago-il,2006-05-05,334afd15-e73f-4888-a89e-ea0a19932bde,db7f2c5d-2727-41fd-bd6f-e91c74164f09,The Friday Night Freak-Out,893,2020-02-22 16:19:52.200407,2023-02-03 10:22:33.974931,0,https://relisten.net/disco-biscuits/2006/05/05,3.92857142857143,0,0,1
757a1958-c48f-436c-b7e3-1e8ae32af0f9,2003-05-04-the-riverboat-cajun-queen-new-orleans-la,2003-05-04,d76f7b9b-dfb0-47e2-a1c4-c5047ae30ee9,db7f2c5d-2727-41fd-bd6f-e91c74164f09,"",753,2020-02-22 16:19:52.200407,2023-01-23 01:40:00.768544,0,https://relisten.net/disco-biscuits/2003/05/04,3.92857142857143,0,0,0
74cf754a-2143-40b6-949e-cbac85a2202f,2005-07-24-exit2-nightclub-new-york-ny,2005-07-24,29b38ed8-03e1-466e-8295-ac940892ed9f,db7f2c5d-2727-41fd-bd6f-e91c74164f09,Zen II.,849,2020-02-22 16:19:52.200407,2023-11-23 10:59:30.377141,0,,3.04166666666667,0,0,0
6c8183ce-3d9a-4121-9c0b-5f4a44ad3f96,2001-10-14-asagiri-arena-asagiri-japan,2001-10-14,51d73a95-1aae-4091-b678-74cef9c32c46,db7f2c5d-2727-41fd-bd6f-e91c74164f09,"Asagiri Music Festival.  With Galactic, Ozomatli, Kemuri, and Gocoo.",586,2020-02-22 16:19:52.200407,2022-09-12 17:49:08.282385,0,https://relisten.net/disco-biscuits/2001/10/14,3.3,5,0,1
7558d6ed-6185-4e0c-9aba-40001bb0bb02,1999-04-16-friar-tuck-s-norfolk-va,1999-04-16,0a48143c-39c0-4eb7-aea5-ed2109915e56,db7f2c5d-2727-41fd-bd6f-e91c74164f09,"",371,2020-02-22 16:19:52.200407,2023-08-26 17:46:49.172078,0,https://relisten.net/disco-biscuits/1999/04/16,4.35714285714286,0,0,0
6507b482-ce50-4e41-945f-44a4d944e6e7,2014-12-05-dominican-holidaze-breathless-punta-cana-resort-spa-carretera-uvero-alto-dominican-republic,2014-12-05,45b3785a-785e-48b1-ae2d-678266192853,db7f2c5d-2727-41fd-bd6f-e91c74164f09,"",1440,2020-02-22 16:19:52.200407,2024-04-29 20:57:47.344881,0,,3.3,0,0,1
759ba692-4293-4cff-9c7a-54fc5ac86597,1999-06-05-wetlands-preserve-new-york-ny,1999-06-05,81bb358f-2ed6-4358-80b5-fb740207d89a,db7f2c5d-2727-41fd-bd6f-e91c74164f09,"JamBands.com show - Juggling Suns, Jiggle the Handle, Uncle Sammy, Percy Hill, Moon Boot Lover, Lake Trout and the Miracle Orchestra opened.",399,2020-02-22 16:19:52.200407,2023-08-26 17:48:57.294973,0,https://relisten.net/disco-biscuits/1999/06/05,3.55,1,1,0
73b34127-e01f-4ed3-9d84-384c08677801,2002-08-02-park-west-chicago-il,2002-08-02,c0faf987-2fc5-4112-ba87-cfaf4f00296f,db7f2c5d-2727-41fd-bd6f-e91c74164f09,"",651,2020-02-22 16:19:52.200407,2024-03-28 00:03:49.937056,0,https://relisten.net/disco-biscuits/2002/08/02,3.27272727272727,0,0,0
766c8b78-f187-4719-aa7b-005a9c46f66a,2003-08-11-tussey-mountain-amphitheater-boalsburg-pa,2003-08-11,b71677d4-71b7-49d7-a5f2-822f40b47ff4,db7f2c5d-2727-41fd-bd6f-e91c74164f09,Nittany 500. Astralyte and Keller Williams opened.,774,2020-02-22 16:19:52.200407,2023-08-27 11:30:13.801821,0,https://relisten.net/disco-biscuits/2003/08/11,4.5,0,0,1
6c65cfbb-c83d-41c4-a32d-62cc6249ea87,2014-06-13-irving-plaza-new-york-ny,2014-06-13,397149cc-e8d3-4557-9491-4d180be19e68,db7f2c5d-2727-41fd-bd6f-e91c74164f09,"",1424,2020-02-22 16:19:52.200407,2024-04-02 06:38:41.463655,0,,4.23076923076923,0,0,3
71b7083a-2f37-485c-b72a-9f691d9d396b,2018-04-21-the-fillmore-philadelphia-pa,2018-04-21,772346af-6a44-47b2-980d-aba4db9f114f,db7f2c5d-2727-41fd-bd6f-e91c74164f09,"",1553,2020-02-22 16:19:52.200407,2024-08-25 20:31:20.514436,0,,3.88461538461538,0,1,1
5b386df2-3866-4bd9-a0d6-f5081984c5fe,2018-09-21-legend-valley-thornville-oh,2018-09-21,a0dfc7f0-1742-4cae-a003-2acd4ac75c10,db7f2c5d-2727-41fd-bd6f-e91c74164f09,Resonance Music & Arts Festival,1564,2020-02-22 16:19:52.200407,2024-08-25 20:33:46.660743,0,https://relisten.net/disco-biscuits/2018/09/21,3.56666666666667,0,0,1
5f2acfc0-2413-4446-af88-334d07f58bbb,2007-05-20-town-ballroom-buffalo-ny,2007-05-20,edf8b5e6-2040-4d55-bfc0-833f839ed87d,db7f2c5d-2727-41fd-bd6f-e91c74164f09,"",975,2020-02-22 16:19:52.200407,2024-11-09 07:08:41.121003,0,https://relisten.net/disco-biscuits/2007/05/20,4.29545454545455,0,0,1
6dee499e-6000-4ace-a219-eff9780cf250,2003-04-10-revolution-hall-troy-ny,2003-04-10,0cee4f62-951d-43a3-9061-dc02cfb95215,db7f2c5d-2727-41fd-bd6f-e91c74164f09,"",714,2020-02-22 16:19:52.200407,2024-11-12 14:27:50.710704,0,https://relisten.net/disco-biscuits/2003/04/10,4.03333333333333,0,0,0
756de93d-8fc1-42d3-9509-19e359f60a6f,2007-10-11-the-moon-tallahassee-fl,2007-10-11,41bc456b-ee2f-477c-93c6-49322d9324b4,db7f2c5d-2727-41fd-bd6f-e91c74164f09,Tea Leaf Green Opened,1011,2020-02-22 16:19:52.200407,2024-11-22 01:26:34.500925,0,https://relisten.net/disco-biscuits/2007/10/11,4.33333333333333,0,0,1
67223723-ba35-4579-b52c-94f138b51012,2011-07-09-indian-lookout-country-club-mariaville-ny,2011-07-09,79422c08-e8d6-4753-80ae-5967d56d9892,db7f2c5d-2727-41fd-bd6f-e91c74164f09,Camp Bisco 10,1338,2020-02-22 16:19:52.200407,2024-11-21 16:31:34.150799,0,https://relisten.net/disco-biscuits/2011/07/09,4.20689655172414,0,0,1
74664727-1c77-4bf9-bd00-8b5494793369,2003-11-28-webster-theater-hartford-ct,2003-11-28,78d9872d-f2e0-4156-9363-fc2fe55c64d8,db7f2c5d-2727-41fd-bd6f-e91c74164f09,T.E.R.A. opened. The first set was the Disco Biscuits' fourth complete performance of 'The Chemical Warfare Brigade.',805,2020-02-22 16:19:52.200407,2023-08-27 11:31:36.816624,0,https://relisten.net/disco-biscuits/2003/11/28,4.65625,0,0,0
7650ad08-909d-4750-a772-a976ed185957,2001-04-19-metropol-pittsburgh-pa,2001-04-19,848ca312-6246-45eb-bf9c-7b6ad360b490,db7f2c5d-2727-41fd-bd6f-e91c74164f09,"",531,2020-02-22 16:19:52.200407,2024-05-29 21:52:59.687319,0,https://relisten.net/disco-biscuits/2001/04/19,3.55,0,0,1
766311df-ebd9-4b44-a4f8-65237d3bd67e,2005-12-28-tower-theater-upper-darby-pa,2005-12-28,ad81e6b5-f280-43c6-b001-36bbd482f784,db7f2c5d-2727-41fd-bd6f-e91c74164f09,The Brakes Opened,855,2020-02-22 16:19:52.200407,2023-08-27 11:36:28.402392,0,https://relisten.net/disco-biscuits/2005/12/28,4.28947368421053,0,0,0
8600ad6e-3d48-4917-a74c-0317a8c03896,1997-06-25-the-funnel-baltimore-md,1997-06-25,5031c346-2b44-4681-adb5-7c58983e15be,db7f2c5d-2727-41fd-bd6f-e91c74164f09,Opening for Grinch,76,2020-02-22 16:19:52.200407,2024-02-29 15:08:00.608862,0,https://relisten.net/disco-biscuits/1997/06/25,3,0,0,0
64783238-e87f-46f3-8caa-99703bc299e5,2010-04-18-norva-theater-norfolk-va,2010-04-18,34daf77d-8b69-4d05-9e79-e5d2850216f8,db7f2c5d-2727-41fd-bd6f-e91c74164f09,"Entire show with Tom Hamilton and Chris Michetti on guitar and Jon on MIDI.

",1255,2020-02-22 16:19:52.200407,2024-02-04 12:53:57.723829,0,,3.25,0,0,0
65db9fed-07be-435a-a742-570956f6ba09,2000-11-02-music-farm-charleston-sc,2000-11-02,8f9fe89b-78f7-46a5-a5b4-cd53967c8ed2,db7f2c5d-2727-41fd-bd6f-e91c74164f09,"",489,2020-02-22 16:19:52.200407,2024-05-29 21:46:38.974244,0,https://relisten.net/disco-biscuits/2000/11/02,4.53571428571429,0,2,0
7252a8b2-6c80-4966-aaa2-97229968ca0a,2001-12-27-recher-theatre-towson-md,2001-12-27,e478ad9b-42c9-4527-ba9b-cf0950b71100,db7f2c5d-2727-41fd-bd6f-e91c74164f09,"",604,2020-02-22 16:19:52.200407,2024-05-29 22:02:04.547427,0,https://relisten.net/disco-biscuits/2001/12/27,4.53571428571429,0,0,1
7783431f-e53d-4976-a0de-da74893008a1,2003-04-06-gothic-theater-englewood-co,2003-04-06,a4e17f2c-5141-4ca4-a0ed-410e801ef267,db7f2c5d-2727-41fd-bd6f-e91c74164f09,"",712,2020-02-22 16:19:52.200407,2024-02-16 12:29:02.879718,0,https://relisten.net/disco-biscuits/2003/04/06,4,0,0,1
6964e6fd-e08a-467b-a5fa-454b9bd7d743,2006-11-24-hammerstein-ballroom-new-york-ny,2006-11-24,f1fb1c6e-e92a-4484-86da-3f682ef18df8,db7f2c5d-2727-41fd-bd6f-e91c74164f09,"",945,2020-02-22 16:19:52.200407,2024-04-04 20:25:39.398841,0,https://relisten.net/disco-biscuits/2006/11/24,4.27083333333333,0,0,1
744967ad-2678-4543-98fd-6d08fabf62fc,2002-10-16-palace-theater-gainesville-fl,2002-10-16,c0f8a14f-2227-4c8c-94fe-658c51638c45,db7f2c5d-2727-41fd-bd6f-e91c74164f09,Rudy opened.,680,2020-02-22 16:19:52.200407,2024-05-29 22:25:13.169418,0,https://relisten.net/disco-biscuits/2002/10/16,3.41666666666667,0,0,0
6e844f54-1984-42d8-8b64-fd31a48992c8,1997-09-12-phi-kappa-alpha-penn-state-state-college-pa,1997-09-12,93ec9bc3-964c-41c5-a8e4-b944398581ef,db7f2c5d-2727-41fd-bd6f-e91c74164f09,"",108,2020-02-22 16:19:52.200407,2024-04-10 20:15:19.908419,0,https://relisten.net/disco-biscuits/1997/09/12,3.5,0,0,0
80c94445-4023-4d92-8d06-84d7808914d9,2008-05-24-electric-factory-philadelphia-pa,2008-05-24,8ef35498-800d-42f7-82d1-d8ced42d0092,db7f2c5d-2727-41fd-bd6f-e91c74164f09,Late Night Jam on the River Show,1067,2020-02-22 16:19:52.200407,2024-04-04 20:30:04.568863,0,https://relisten.net/disco-biscuits/2008/05/24,3.83333333333333,0,0,1
6fd4a1d9-c6ab-47ea-bd2f-e3a55fc2910e,1998-03-21-tammany-hall-worcester-ma,1998-03-21,006f9b72-c8db-45dc-afad-b0fc65ab2a8e,db7f2c5d-2727-41fd-bd6f-e91c74164f09,"",191,2020-02-22 16:19:52.200407,2022-11-06 14:08:58.942764,0,https://relisten.net/disco-biscuits/1998/03/21,4,6,0,0
78758b46-5f5c-4ed3-81b1-cc6308899893,1997-09-26-cafe-210-west-state-college-pa,1997-09-26,bb1ea85c-f87c-4a31-95b7-d33fcb04abbc,db7f2c5d-2727-41fd-bd6f-e91c74164f09,-- CANCELED --,113,2020-02-22 16:19:52.200407,2020-02-23 00:37:21.947178,0,,0,0,0,0
79c44bb6-d85b-493c-9eb3-0e0a16099bb1,1998-04-17-cliffside-inn-harper-s-ferry-wv,1998-04-17,07c55ada-566a-488f-87eb-6aa6b5f1acd2,db7f2c5d-2727-41fd-bd6f-e91c74164f09,- CANCELED -,203,2020-02-22 16:19:52.200407,2020-02-23 00:37:22.347870,0,,0,0,0,0
7d7c3512-2d29-4c68-8d61-e162d053adf0,1996-07-04-doc-watson-s-philadelphia-pa,1996-07-04,da0f565c-93b5-4eae-b7bf-9de71c506404,db7f2c5d-2727-41fd-bd6f-e91c74164f09,"",16,2020-02-22 16:19:52.200407,2024-02-29 15:18:11.707708,0,,4,0,0,0
7e1ad190-0458-409e-b2d0-d186ee6d1ce5,2003-07-05-plumas-country-fairgrounds-quincy-ca,2003-07-05,def90e2e-cd00-4659-a848-241097bde1bf,db7f2c5d-2727-41fd-bd6f-e91c74164f09,"",760,2020-02-22 16:19:52.200407,2022-02-19 09:28:15.720064,0,https://relisten.net/disco-biscuits/2003/07/05,3,0,0,0
7ee5b03b-075a-4941-87fb-763f7d556328,1997-05-21-metronome-burlington-vt,1997-05-21,31d9d95c-1142-448c-bdda-72d848dcb209,db7f2c5d-2727-41fd-bd6f-e91c74164f09,"",1239,2020-02-22 16:19:52.200407,2020-02-23 00:37:23.065336,0,,0,0,0,0
7f0656aa-a2b0-4851-bae8-ccb5f7a83978,1998-04-03-new-cheers-club-binghamton-ny,1998-04-03,52983930-a7ae-45fb-bc1c-078a4749017e,db7f2c5d-2727-41fd-bd6f-e91c74164f09,- CANCELED -,197,2020-02-22 16:19:52.200407,2020-02-23 00:37:23.085420,0,,0,0,0,0
8026a7a3-41b0-4293-a775-949841d68028,1998-08-08-fox-theatre-boulder-co,1998-08-08,8f46585f-f736-4603-88c9-a45209757346,db7f2c5d-2727-41fd-bd6f-e91c74164f09,"",275,2020-02-22 16:19:52.200407,2020-02-23 00:37:23.202721,0,,0,0,0,0
7cb2b393-72b5-4799-b5ae-8c60d3b1a956,2010-03-21-brooklyn-bowl-brooklyn-ny,2010-03-21,88649a0a-afe0-4ed9-a901-9e1f37e3215a,db7f2c5d-2727-41fd-bd6f-e91c74164f09,Bisco Power Mission,1245,2020-02-22 16:19:52.200407,2022-09-13 19:38:48.367354,0,https://relisten.net/disco-biscuits/2010/03/21,3.0625,0,0,0
7cd1ed7f-dcfa-49d2-8350-018fe97379ce,2009-09-18-palladium-ballroom-dallas-tx,2009-09-18,65fa473a-b208-4704-bd59-77eb51b775b1,db7f2c5d-2727-41fd-bd6f-e91c74164f09,Bonobo (DJ Set) and Two Fresh opened,1175,2020-02-22 16:19:52.200407,2022-09-13 23:08:23.833515,0,https://relisten.net/disco-biscuits/2009/09/18,4.45,0,0,1
77d972ad-913b-45e5-ac41-70e65c7e98f5,2008-07-25-dfest-tulsa-ok,2008-07-25,577c9413-ceff-4d01-bd61-4b5c21178c84,db7f2c5d-2727-41fd-bd6f-e91c74164f09,"DFEST<br>Other acts included Ghostland Observatory, The Roots, Apples in Stereo, Paramore and more",1094,2020-02-22 16:19:52.200407,2022-08-06 17:29:24.142569,0,,4,0,0,1
7c0fafd9-2093-4754-b069-a6454b533974,1998-12-09-the-roost-dennison-university-granville-oh,1998-12-09,8c8894ba-1a8b-4d9c-a5ed-73a8ad442e70,db7f2c5d-2727-41fd-bd6f-e91c74164f09,"",313,2020-02-22 16:19:52.200407,2022-09-21 02:06:40.318751,0,https://relisten.net/disco-biscuits/1998/12/09,3,0,0,0
7ca39a57-075b-45df-a975-5b490f8e31f3,2009-10-29-wisconsin-union-theater-madison-wi,2009-10-29,6fcf795c-d879-4249-ac64-7113e9d96f27,db7f2c5d-2727-41fd-bd6f-e91c74164f09,Ott and Orchard Lounge opened,1196,2020-02-22 16:19:52.200407,2022-09-13 23:09:21.360485,0,https://relisten.net/disco-biscuits/2009/10/29,3.78571428571429,0,0,0
79a114cd-567c-49c9-8c12-e5819faa5b24,2006-03-21-the-old-hall-amsterdam-holland,2006-03-21,030309d0-3b82-4cbf-9dd0-5bc174cddf50,db7f2c5d-2727-41fd-bd6f-e91c74164f09,"Jam in the Dam '06. With Umphrey's McGee, STS9 and The Benevento/Russo Duo.",874,2020-02-22 16:19:52.200407,2023-08-27 11:38:06.501803,0,,3.86363636363636,0,0,0
7b25e0cc-10c0-4f8e-9cb7-b7f3924f06a7,2010-01-31-fox-theatre-boulder-co,2010-01-31,8f46585f-f736-4603-88c9-a45209757346,db7f2c5d-2727-41fd-bd6f-e91c74164f09,"",1220,2020-02-22 16:19:52.200407,2023-07-30 16:53:25.015122,0,https://relisten.net/disco-biscuits/2010/01/31,4.45,0,0,2
7ea621a7-33fa-436d-8758-2c44cdc3e5a2,1998-05-21-wetlands-preserve-new-york-ny,1998-05-21,81bb358f-2ed6-4358-80b5-fb740207d89a,db7f2c5d-2727-41fd-bd6f-e91c74164f09,CD release party for 'Uncivilized Area',222,2020-02-22 16:19:52.200407,2023-08-26 17:42:51.162255,0,https://relisten.net/disco-biscuits/1998/05/21,4.33333333333333,0,1,0
7ac12b0a-d78c-42d7-aab6-455da34065ee,2002-10-04-haymaker-festival-spotsylvania-va,2002-10-04,f080f188-e22d-4c8c-be68-396ba305af0b,db7f2c5d-2727-41fd-bd6f-e91c74164f09,"",672,2020-02-22 16:19:52.200407,2024-02-18 13:01:05.700957,0,https://relisten.net/disco-biscuits/2002/10/04,4.58695652173913,0,0,0
76b94936-9541-47da-87a2-e9cbabc0f8c9,2011-04-16-sherman-theater-stroudsburg-pa,2011-04-16,8e0ae038-cc9c-410a-a7c0-e7818d2ded5a,db7f2c5d-2727-41fd-bd6f-e91c74164f09,"",1328,2020-02-22 16:19:52.200407,2024-03-27 23:56:42.531032,0,,4.6,0,0,0
79c03e14-d8a8-4936-bf14-d91288dfd35b,2006-11-15-the-blue-note-columbia-mo,2006-11-15,62a496ff-cf04-4f0b-bc5d-5802a7013c13,db7f2c5d-2727-41fd-bd6f-e91c74164f09,"",938,2020-02-22 16:19:52.200407,2023-08-27 11:41:44.347677,0,https://relisten.net/disco-biscuits/2006/11/15,4.07142857142857,0,0,1
303e9a04-8741-4dcb-a5d7-b07f90acddf3,2003-07-06-plumas-country-fairgrounds-quincy-ca,2003-07-06,def90e2e-cd00-4659-a848-241097bde1bf,db7f2c5d-2727-41fd-bd6f-e91c74164f09,"",762,2020-02-22 16:19:52.200407,2024-11-03 20:50:54.419702,0,https://relisten.net/disco-biscuits/2003/07/06,4.20833333333333,0,1,0
78c4d119-5135-4ceb-b5af-f1e4d309ed57,2006-10-31-orpheum-theater-boston-ma,2006-10-31,aed258ac-0ba0-4828-93e3-bf5ed0ba3c76,db7f2c5d-2727-41fd-bd6f-e91c74164f09,All Hallows Eve Masquerade Ball<br>With Shawn Hennessey on percussion and backup guitar,925,2020-02-22 16:19:52.200407,2024-11-21 16:30:31.710752,0,https://relisten.net/disco-biscuits/2006/10/31,4.125,0,0,1
711be646-7525-40a8-9cd7-877b6c4ccac5,1997-06-28-e-stage-further-festival-sony-entertainment-center-camden-nj,1997-06-28,d0b9a010-cfb1-49bc-a2d6-ca9eda77154c,db7f2c5d-2727-41fd-bd6f-e91c74164f09,Opening for Juggling Suns . Whole show with Johnny Zula on percussion,78,2020-02-22 16:19:52.200407,2024-02-29 15:08:10.204364,0,https://relisten.net/disco-biscuits/1997/06/28,3.5,0,0,0
7b9ef8ad-02c0-405d-87fb-5780963397e2,2006-12-04-house-of-blues-san-diego-ca,2006-12-04,1f82ec87-0d56-48c1-8532-8a9d29848fce,db7f2c5d-2727-41fd-bd6f-e91c74164f09,"",947,2020-02-22 16:19:52.200407,2023-08-27 11:42:30.479055,0,https://relisten.net/disco-biscuits/2006/12/04,4.2,0,0,1
78114346-8491-4d95-be82-58e46573996f,2009-02-04-the-lyric-oxford-ms,2009-02-04,d43fadf2-63d8-4c49-a8ab-927afd064f67,db7f2c5d-2727-41fd-bd6f-e91c74164f09,Telepath opened,1147,2020-02-22 16:19:52.200407,2024-02-15 17:19:33.382950,0,,3.81818181818182,0,0,1
79353142-18d3-47c6-a846-0eb49a59fcb1,1999-10-21-variety-playhouse-atlanta-ga,1999-10-21,0bcd1840-227c-43b7-b2fd-0daf43fc45cb,db7f2c5d-2727-41fd-bd6f-e91c74164f09,Sector 9 opened.,444,2020-02-22 16:19:52.200407,2024-05-29 21:41:19.309356,0,https://relisten.net/disco-biscuits/1999/10/21,4.125,0,0,0
78c4a756-969b-4ef3-a56a-19ee2fbead04,2002-07-28-double-diamond-aspen-co,2002-07-28,cb9b65a0-12c0-4828-8ad5-143c2bddc0b8,db7f2c5d-2727-41fd-bd6f-e91c74164f09,DJ Sean Helman spun before the show and at setbreak.,648,2020-02-22 16:19:52.200407,2024-03-28 00:03:39.706472,0,https://relisten.net/disco-biscuits/2002/07/28,4.04545454545455,0,0,0
7533e7a7-1001-42ba-8119-b0149dd26af0,2009-01-16-the-calvin-northampton-ma,2009-01-16,d4947160-f660-4ad3-9f5b-9a33becb14bf,db7f2c5d-2727-41fd-bd6f-e91c74164f09,"",1160,2020-02-22 16:19:52.200407,2024-02-15 17:20:22.103802,0,https://relisten.net/disco-biscuits/2009/01/16,3.975,0,0,2
788704c5-2544-4056-b3ab-c8467fe0d976,2001-05-07-wild-duck-music-hall-eugene-or,2001-05-07,0e2229d3-4452-4d14-8f49-0497be2c67c5,db7f2c5d-2727-41fd-bd6f-e91c74164f09,"",544,2020-02-22 16:19:52.200407,2024-03-28 00:10:21.955258,0,,4.14285714285714,0,0,2
8593f27c-c6d8-4653-bc48-bcb9a3303264,1999-10-01-woodmen-of-the-world-hall-eugene-or,1999-10-01,66010b7b-ba64-4075-aedb-d4e7f0b9f5c5,db7f2c5d-2727-41fd-bd6f-e91c74164f09,"",431,2020-02-22 16:19:52.200407,2024-10-01 13:27:12.290916,0,https://relisten.net/disco-biscuits/1999/10/01,4.5,3,0,0
7f1d9138-11fb-4331-b531-7614279e4f6e,2002-05-01-legends-boone-nc,2002-05-01,eddb10ff-c9f6-4203-8cfb-29bb1bdadaf2,db7f2c5d-2727-41fd-bd6f-e91c74164f09,"",640,2020-02-22 16:19:52.200407,2024-05-29 22:17:07.440601,0,https://relisten.net/disco-biscuits/2002/05/01,4.4,0,0,0
839c18ce-f610-4b2b-b543-168dc3812af2,1997-02-21-middle-east-philadelphia-pa,1997-02-21,3b54dccf-a525-48e5-9bec-d1cc10e06c22,db7f2c5d-2727-41fd-bd6f-e91c74164f09,Songs uncertain. Elliot Levin on saxophone.,34,2020-02-22 16:19:52.200407,2020-02-23 00:37:23.789833,0,,0,0,0,0
841edc30-b029-4efa-8d69-99e52528d960,2009-04-09-house-of-blues-san-diego-ca,2009-04-09,1f82ec87-0d56-48c1-8532-8a9d29848fce,db7f2c5d-2727-41fd-bd6f-e91c74164f09,Canceled due to family emergency,1126,2020-02-22 16:19:52.200407,2020-02-23 00:37:23.868326,0,,0,0,0,0
8786be37-d7c4-42d5-8dba-eeb4a250f70d,1998-01-23-student-center-washington-college-chesterton-md,1998-01-23,95b0947e-2d65-435c-9e85-78e700825e9d,db7f2c5d-2727-41fd-bd6f-e91c74164f09,"",162,2020-02-22 16:19:52.200407,2020-02-23 00:37:24.650113,0,,0,0,0,0
8745be59-1d89-452f-834c-d218d5a4c68a,2009-03-08,2009-03-08,7f9f918f-e8e7-449a-bb12-20d7419c069c,db7f2c5d-2727-41fd-bd6f-e91c74164f09,Langerado - Canceled due to poor ticket sales.,1131,2020-02-22 16:19:52.200407,2022-08-10 00:57:30.257559,0,,2.25,0,0,0
8b60b527-0bc2-451b-ad4d-d6ae2e99b6cb,2010-09-02-house-of-blues-cleveland-oh,2010-09-02,54bb845d-e205-4bd8-962b-de47fbf87e39,db7f2c5d-2727-41fd-bd6f-e91c74164f09,Papadosio opened,1292,2020-02-22 16:19:52.200407,2022-09-13 19:34:19.226853,0,,4.1,0,0,1
813c9144-0791-402d-8ec8-17a0b5f46392,1997-03-29-cavanaugh-s-philadelphia-pa,1997-03-29,00833218-d2bb-4d3b-876f-2e019f3b626b,db7f2c5d-2727-41fd-bd6f-e91c74164f09,"",47,2020-02-22 16:19:52.200407,2022-11-06 14:04:27.863670,0,https://relisten.net/disco-biscuits/1997/03/29,4,0,0,0
899a4908-caeb-48b1-8829-38389bfc8818,2009-02-25-port-city-music-hall-portland-me,2009-02-25,8e29ea01-7273-4911-9e57-9d43b93cbbfd,db7f2c5d-2727-41fd-bd6f-e91c74164f09,"",1139,2020-02-22 16:19:52.200407,2022-07-14 11:40:36.013993,0,https://relisten.net/disco-biscuits/2009/02/25,4.5,0,0,1
46e10018-baac-4864-adc6-0d867a14a75e,1997-09-08-p-b-finnian-s-plattsburgh-ny,1997-09-08,90595224-0946-44c7-a487-4716d6445273,db7f2c5d-2727-41fd-bd6f-e91c74164f09,"",104,2020-02-22 16:19:52.200407,2024-02-29 15:09:43.502613,0,https://relisten.net/disco-biscuits/1997/09/08,3,0,0,0
8419c2b8-761d-494e-b855-da419f6d02e7,2007-12-13-caribbean-holidaze-runaway-bay-jamaica,2007-12-13,a65f28c8-e63c-44ba-81de-5cbd64ba3017,db7f2c5d-2727-41fd-bd6f-e91c74164f09,Caribbean Holidaze<br>Co-headlining with Umphrey's McGee,1031,2020-02-22 16:19:52.200407,2022-08-30 18:13:59.419213,0,https://relisten.net/disco-biscuits/2007/12/13,4.0625,0,0,1
8604278a-ba0f-4382-b4a7-4ba097d3cef4,2009-10-09-the-calvin-northampton-ma,2009-10-09,d4947160-f660-4ad3-9f5b-9a33becb14bf,db7f2c5d-2727-41fd-bd6f-e91c74164f09,Kraak & Smaak (DJ Set) opened,1190,2020-02-22 16:19:52.200407,2022-09-13 23:09:06.472220,0,,4.0625,0,0,0
8b24c6a2-12b9-472f-9c88-c97121adf372,1999-09-23-aggie-theatre-fort-collins-co,1999-09-23,26dec213-49f3-49a8-bedc-6898fbb6451c,db7f2c5d-2727-41fd-bd6f-e91c74164f09,"",425,2020-02-22 16:19:52.200407,2023-06-21 19:06:09.867195,0,https://relisten.net/disco-biscuits/1999/09/23,4.1,0,0,0
7a4ec951-1534-4481-bcc9-b26be448e127,1999-01-18-crowbar-state-college-pa,1999-01-18,dfa0da88-6398-48e8-b0e5-6407e9c96f29,db7f2c5d-2727-41fd-bd6f-e91c74164f09,"",317,2020-02-22 16:19:52.200407,2023-08-26 17:44:44.747400,0,https://relisten.net/disco-biscuits/1999/01/18,3.9,0,0,0
8404d83a-0e3b-4f61-a8c4-e2d2a09e380d,2004-05-07-palace-theater-albany-ny,2004-05-07,5f9e5538-df9b-4cd6-859f-3622d2731aa9,db7f2c5d-2727-41fd-bd6f-e91c74164f09,"",821,2020-02-22 16:19:52.200407,2023-08-27 11:33:43.703720,0,https://relisten.net/disco-biscuits/2004/05/07,4.71052631578947,0,0,1
868d121a-8b6e-4653-bbaa-3678c4cbc3f5,1999-04-27-milestones-rochester-ny,1999-04-27,8fc506fe-2d39-4329-a8c5-c66b8ade4cf7,db7f2c5d-2727-41fd-bd6f-e91c74164f09,Fairwood Circle opened.,378,2020-02-22 16:19:52.200407,2023-08-26 17:47:20.362469,0,https://relisten.net/disco-biscuits/1999/04/27,3.75,0,0,0
81095195-c6b4-47ae-8395-4ad78a98fc39,1997-07-11-blue-terrapin-elizabethtown-pa,1997-07-11,37174f51-d4c0-4e8d-a07c-64829a136521,db7f2c5d-2727-41fd-bd6f-e91c74164f09,"",85,2020-02-22 16:19:52.200407,2024-02-29 15:09:04.197083,0,https://relisten.net/disco-biscuits/1997/07/11,3.75,0,0,0
860b10c2-7f17-43a6-a342-82932bf8a7cc,2009-12-28-highline-ballroom-new-york-ny,2009-12-28,28b38b7c-d0a0-44d3-8930-bf8652044a2a,db7f2c5d-2727-41fd-bd6f-e91c74164f09,"Surprise Tractorbeam show along with M80 Dubstation, Conspirator and Dr. Fameus",1216,2020-02-22 16:19:52.200407,2023-08-27 11:54:09.690227,0,,3.08333333333333,0,0,0
8b276e21-0484-4e1b-a094-2e20657afa6f,2011-12-31-auditorium-theater-chicago-il,2011-12-31,cad59108-a680-437e-aec6-e0f66dac6f8d,db7f2c5d-2727-41fd-bd6f-e91c74164f09,Alpha Data and Future Rock opened,1364,2020-02-22 16:19:52.200407,2024-03-27 23:58:53.755557,0,https://relisten.net/disco-biscuits/2011/12/31,3.6,0,0,0
8627c5b0-5974-416a-816d-428d65b6f5fa,2001-09-15-vic-theatre-chicago-il,2001-09-15,334afd15-e73f-4888-a89e-ea0a19932bde,db7f2c5d-2727-41fd-bd6f-e91c74164f09,"",572,2020-02-22 16:19:52.200407,2024-12-07 00:35:06.645795,0,https://relisten.net/disco-biscuits/2001/09/15,4.44117647058824,0,0,2
86068aab-bc80-4f13-970a-7cec7423ab82,2018-01-12-9-30-club-washington-dc,2018-01-12,07aef483-1f92-466a-8f3e-ee2d2ef9969c,db7f2c5d-2727-41fd-bd6f-e91c74164f09,"",1546,2020-02-22 16:19:52.200407,2024-08-25 20:30:57.740801,0,,4.10344827586207,0,1,1
7e46471e-7d90-4d04-bff6-4a13e017842e,2007-10-10-state-theatre-st-petersburg-fl,2007-10-10,f3b0d78a-271f-42ca-8882-305f07f7d272,db7f2c5d-2727-41fd-bd6f-e91c74164f09,"",1010,2020-02-22 16:19:52.200407,2024-09-05 01:56:28.644467,0,https://relisten.net/disco-biscuits/2007/10/10,4.52941176470588,0,0,3
8700f409-e1c9-482d-8167-828c85778a65,2007-11-03-house-of-blues-cleveland-oh,2007-11-03,54bb845d-e205-4bd8-962b-de47fbf87e39,db7f2c5d-2727-41fd-bd6f-e91c74164f09,"",1028,2020-02-22 16:19:52.200407,2024-10-17 02:57:59.379623,0,https://relisten.net/disco-biscuits/2007/11/03,4.28571428571429,0,0,1
7c5915bd-edb2-435c-a745-152499f9ea63,2001-03-29-the-paramount-santa-fe-nm,2001-03-29,13f03f27-784c-4843-88f0-919e2c87ca3a,db7f2c5d-2727-41fd-bd6f-e91c74164f09,"",514,2020-02-22 16:19:52.200407,2024-12-02 20:42:05.490996,0,https://relisten.net/disco-biscuits/2001/03/29,2.3,0,0,1
85249c2e-0606-4023-8aa6-59d44edebd38,2002-04-23-canopy-club-urbana-il,2002-04-23,1be0ac9f-b003-4059-8d17-ed8e297e5821,db7f2c5d-2727-41fd-bd6f-e91c74164f09,"",634,2020-02-22 16:19:52.200407,2024-11-25 12:16:21.745033,0,https://relisten.net/disco-biscuits/2002/04/23,3.92857142857143,0,0,0
7ebab776-49a6-4f44-a77d-270daac1aa7e,2002-03-04-fox-theatre-boulder-co,2002-03-04,8f46585f-f736-4603-88c9-a45209757346,db7f2c5d-2727-41fd-bd6f-e91c74164f09,"",609,2020-02-22 16:19:52.200407,2024-11-25 12:18:34.725141,0,https://relisten.net/disco-biscuits/2002/03/04,3.57142857142857,0,0,0
83875cd8-3c13-4b9b-83e5-b41a804d5b3c,2010-09-03-congress-theater-chicago-il,2010-09-03,b6f91bc4-e090-4a6b-a9b8-38ea507bd11c,db7f2c5d-2727-41fd-bd6f-e91c74164f09,Orchard Lounge and Jay Electronica opened,1293,2020-02-22 16:19:52.200407,2023-09-25 14:39:49.753839,0,https://relisten.net/disco-biscuits/2010/09/03,3.68181818181818,0,0,0
8726592e-4ea5-4928-8d40-f55587dba439,2000-10-28-michigan-theater-ann-arbor-mi,2000-10-28,b05e466d-faa9-4738-a0bf-153efae64e22,db7f2c5d-2727-41fd-bd6f-e91c74164f09,"",486,2020-02-22 16:19:52.200407,2024-05-29 21:46:21.355442,0,https://relisten.net/disco-biscuits/2000/10/28,3.64285714285714,0,0,0
81034298-7c77-4a57-9eea-eed428f94224,2003-04-04-fox-theatre-boulder-co,2003-04-04,8f46585f-f736-4603-88c9-a45209757346,db7f2c5d-2727-41fd-bd6f-e91c74164f09,"",710,2020-02-22 16:19:52.200407,2024-02-16 12:29:12.137868,0,https://relisten.net/disco-biscuits/2003/04/04,4.25,0,0,1
84cbb9e3-adc7-4354-8d10-2584e87e6a73,2002-10-18-the-roxy-atlanta-ga,2002-10-18,e1ba20c1-7785-45ab-8b27-b225fc50a092,db7f2c5d-2727-41fd-bd6f-e91c74164f09,SkyDog opened.,682,2020-02-22 16:19:52.200407,2024-02-18 13:01:15.831305,0,https://relisten.net/disco-biscuits/2002/10/18,4.60526315789474,0,0,1
8b6345b8-7112-457b-bfe5-4fd594fc59b1,1996-12-14-lion-s-den-new-york-ny,1996-12-14,16f045de-6e50-4eec-9687-5fc4a5777b27,db7f2c5d-2727-41fd-bd6f-e91c74164f09,Fathead opened.,26,2020-02-22 16:19:52.200407,2024-02-29 15:17:43.730476,0,,3.5,0,0,0
8a7fbdb8-f2d4-4233-9b1e-2c1d0265b851,1996-09-21-middle-east-philadelphia-pa,1996-09-21,3b54dccf-a525-48e5-9bec-d1cc10e06c22,db7f2c5d-2727-41fd-bd6f-e91c74164f09,"",22,2020-02-22 16:19:52.200407,2024-02-29 15:17:51.668666,0,,3,0,0,0
818eac58-2570-4835-a5ad-5d3e4836c22e,1996-03-21-trocadero-philadelphia-pa,1996-03-21,feb271e4-61fc-4d66-ac24-ee9f39c76aad,db7f2c5d-2727-41fd-bd6f-e91c74164f09,"",8,2020-02-22 16:19:52.200407,2024-02-29 15:18:39.920615,0,,3.5,0,0,0
868ae238-eb4a-4991-9f7a-ccdb03a6256a,2002-08-13-club-laga-pittsburgh-pa,2002-08-13,b5f18ada-2a4a-4f67-b6cf-07bc2e83c5af,db7f2c5d-2727-41fd-bd6f-e91c74164f09,"",658,2020-02-22 16:19:52.200407,2024-03-28 00:04:25.175955,0,https://relisten.net/disco-biscuits/2002/08/13,4.23076923076923,2,0,0
8ad1a504-8869-487e-8fe2-b198f17e0aa0,1997-02-08-the-middle-east-boston-ma,1997-02-08,9b109c63-4315-473b-b1f8-81753cf017c5,db7f2c5d-2727-41fd-bd6f-e91c74164f09,opening for Moon Boot Lover,1194,2020-02-22 16:19:52.200407,2020-02-23 00:37:25.163690,0,,0,0,0,0
8c550f23-e8b6-41cb-8fc8-6e9c053dea14,1997-08-07-hot-tin-roof-martha-s-vineyard-ma,1997-08-07,fc2c8d92-57dc-44cc-8122-80fba45945ca,db7f2c5d-2727-41fd-bd6f-e91c74164f09,Opening for Merle Saunders,98,2020-02-22 16:19:52.200407,2020-02-23 00:37:25.434795,0,,0,0,0,0
8de78bc9-23b8-46ef-88ac-77bf05233c75,1998-05-31-summer-sun-music-festival-mears-mi,1998-05-31,4e723732-8804-4a0b-bc12-c352a178b351,db7f2c5d-2727-41fd-bd6f-e91c74164f09,"",228,2020-02-22 16:19:52.200407,2020-02-23 00:37:25.726087,0,,0,0,0,0
917360eb-1859-4fd0-8e9b-ec6bd1b0adf9,1998-12-05-washington-college-chestertown-md,1998-12-05,759a5916-a7e2-4098-ad6f-af42cd1c099c,db7f2c5d-2727-41fd-bd6f-e91c74164f09,Opening for Fighting Gravity,312,2020-02-22 16:19:52.200407,2020-02-23 00:37:26.260475,0,,0,0,0,0
925d24c3-ceb2-4425-b9e5-27e78b2a5c2b,1997-07-05-15-north-westchester-pa,1997-07-05,ca8f21d0-59b8-467f-9535-0d03a8e78b43,db7f2c5d-2727-41fd-bd6f-e91c74164f09,"",81,2020-02-22 16:19:52.200407,2020-02-23 00:37:26.385608,0,,0,0,0,0
91583564-e6dc-482d-a727-4ff311a49ecf,1998-09-15-the-call-providence-ri,1998-09-15,7620b274-1eff-4666-9aa9-dfb6f98363de,db7f2c5d-2727-41fd-bd6f-e91c74164f09,Soundcheck: Once The Fiddler Paid,284,2020-02-22 16:19:52.200407,2020-12-02 18:04:09.338004,0,,4,0,0,0
90a88d9e-864b-4029-a59e-f88972c340ef,1998-03-04-club-toast-burlington-vt,1998-03-04,8ae8f022-e61c-4729-af49-a8d573b81fda,db7f2c5d-2727-41fd-bd6f-e91c74164f09,Opening for Freefall,183,2020-02-22 16:19:52.200407,2022-11-06 14:08:33.036467,0,https://relisten.net/disco-biscuits/1998/03/04,2.5,0,0,0
8aa735c6-a4f0-4ded-8143-fa7c60f879da,2009-02-08-house-of-blues-dallas-tx,2009-02-08,07702f5c-a3b7-4613-8cd7-5d8ff143ba13,db7f2c5d-2727-41fd-bd6f-e91c74164f09,Opened for Gov't Mule,1143,2020-02-22 16:19:52.200407,2024-02-15 17:19:19.484369,0,https://relisten.net/disco-biscuits/2009/02/08,3.83333333333333,0,0,1
913f9fb7-c217-49cf-9e27-7def6eb304e1,1998-08-13-the-mercury-austin-tx,1998-08-13,9adde2d6-b0f4-4137-ab92-934f28070019,db7f2c5d-2727-41fd-bd6f-e91c74164f09,"",276,2020-02-22 16:19:52.200407,2022-09-21 02:02:13.757334,0,https://relisten.net/disco-biscuits/1998/08/13,3.5,0,0,0
90a70176-ded8-4a4f-9cec-8fa610714266,2015-12-03-dominican-holidaze-breathless-punta-cana-resort-spa-carretera-uvero-alto-dominican-republic,2015-12-03,45b3785a-785e-48b1-ae2d-678266192853,db7f2c5d-2727-41fd-bd6f-e91c74164f09,"",1468,2020-02-22 16:19:52.200407,2022-09-02 08:59:20.871346,0,,3.92857142857143,0,0,0
8998be79-6524-4724-b4f9-a2c62c8d7b22,1999-05-27-little-brother-s-columbus-oh,1999-05-27,f52ef5e4-b086-49be-be81-57fdcfca856c,db7f2c5d-2727-41fd-bd6f-e91c74164f09,"",393,2020-02-22 16:19:52.200407,2022-09-12 18:54:40.782459,0,https://relisten.net/disco-biscuits/1999/05/27,4,1,0,0
9420260f-11ca-4b19-bf29-8b971bbdecd5,1997-05-28-muddy-river-steakhouse-portsmouth-nh,1997-05-28,c12eb2f6-c17b-44a4-baf9-dcf76d181cbc,db7f2c5d-2727-41fd-bd6f-e91c74164f09,"",68,2020-02-22 16:19:52.200407,2020-02-23 00:37:26.584109,0,,0,0,0,0
96abc7ea-efc9-4de3-ac59-4d14da9c037c,1998-09-05-sigma-chi-house-colgate-university-hamilton-ny,1998-09-05,2a83dbc7-61aa-475f-b08a-584e41f84ea6,db7f2c5d-2727-41fd-bd6f-e91c74164f09,"",281,2020-02-22 16:19:52.200407,2020-02-23 00:37:27.043873,0,,0,0,0,0
8b1f44a4-6db9-4a6a-ac35-dd7c54c7e491,2008-04-11-nokia-theater-new-york-ny,2008-04-11,e66af935-c834-43cb-a7d2-2983b29408e4,db7f2c5d-2727-41fd-bd6f-e91c74164f09,Shpongle opened,1079,2020-02-22 16:19:52.200407,2023-06-21 19:07:36.332507,0,,4.55,19,0,2
9207ee72-3de1-4912-9cad-104db9111b6f,2002-08-11-brown-s-island-richmond-va,2002-08-11,c598bcab-3b1f-4db0-9676-c267050b1ea3,db7f2c5d-2727-41fd-bd6f-e91c74164f09,"",657,2020-02-22 16:19:52.200407,2024-03-20 10:11:29.544735,0,https://relisten.net/disco-biscuits/2002/08/11,4.4375,0,0,1
8ad2b794-ec0f-4200-800a-7dd46231f65f,2001-11-29-georgia-theater-athens-ga,2001-11-29,b9399fba-a918-42a9-a1b3-aca290673d1a,db7f2c5d-2727-41fd-bd6f-e91c74164f09,"",594,2020-02-22 16:19:52.200407,2024-05-29 21:59:23.850715,0,https://relisten.net/disco-biscuits/2001/11/29,4.15,0,0,2
8bc2e46a-4d44-4a6a-b94d-3cfcd81ee616,1997-07-13-sturtz-court-reading-pa,1997-07-13,f71a823b-7cf6-4798-a523-f40542eefb3e,db7f2c5d-2727-41fd-bd6f-e91c74164f09,Soundcheck: Rainbow Song,87,2020-02-22 16:19:52.200407,2023-07-31 19:51:07.293273,0,https://relisten.net/disco-biscuits/1997/07/13,3.5,0,0,0
97498dfd-49e0-4350-9c2b-2214b9d164bb,1997-11-15-ocean-mist-matunick-ri,1997-11-15,1eee7b09-f4d8-4eb7-ac0e-b1f4572b40ec,db7f2c5d-2727-41fd-bd6f-e91c74164f09,Opening for Foxtrot Zulu,139,2020-02-22 16:19:52.200407,2023-07-31 20:44:28.923454,0,https://relisten.net/disco-biscuits/1997/11/15,3,0,0,0
8f211ece-a242-444d-bc66-f249083dd1bf,2016-03-26-the-capitol-theater-port-chester-ny,2016-03-26,3dbcb903-ae38-48e8-aeef-c2ba426f6320,db7f2c5d-2727-41fd-bd6f-e91c74164f09,The New Deal opened,1481,2020-02-22 16:19:52.200407,2024-01-02 22:23:21.243436,0,https://relisten.net/disco-biscuits/2016/03/26,4.5,0,0,2
9231a7ac-2f42-4227-a1ae-defe2631bf73,2004-01-08-imperial-majesty-regal-empress-the-open-seas-fl,2004-01-08,3767dade-6aae-477b-b97b-6ef380a67731,db7f2c5d-2727-41fd-bd6f-e91c74164f09,JamCruise I.,815,2020-02-22 16:19:52.200407,2024-01-15 11:45:13.264766,0,https://relisten.net/disco-biscuits/2004/01/08,3.88888888888889,0,0,0
927ec5fc-d892-491c-a66e-e75fc259d6e0,2002-05-02-rhythm-and-brews-chattanooga-tn,2002-05-02,9ea3d36a-811e-4186-bce6-f408dd3653cf,db7f2c5d-2727-41fd-bd6f-e91c74164f09,"",641,2020-02-22 16:19:52.200407,2024-05-29 22:17:11.608492,0,https://relisten.net/disco-biscuits/2002/05/02,3.8,0,0,0
8f28545a-4f1a-497a-8449-1d4042de5fb3,2007-05-19-the-calvin-northampton-ma,2007-05-19,d4947160-f660-4ad3-9f5b-9a33becb14bf,db7f2c5d-2727-41fd-bd6f-e91c74164f09,"",974,2020-02-22 16:19:52.200407,2023-08-27 11:45:48.759678,0,,4.38235294117647,0,0,1
914183d4-9d24-4579-8bf4-a14ae0f504a2,2007-07-21-greek-theater-berkeley-ca,2007-07-21,ca6c986c-9e2d-45d3-ab59-c2ada21e71bd,db7f2c5d-2727-41fd-bd6f-e91c74164f09,Opening for The String Cheese Incident; with Sound Tribe Sector 9,999,2020-02-22 16:19:52.200407,2023-08-27 11:47:20.748020,0,https://relisten.net/disco-biscuits/2007/07/21,4.71875,0,0,1
8b63c2d3-885e-493c-99de-9bf6e57b1386,2010-12-28-terminal-5-new-york-ny,2010-12-28,7a6fdba6-bb89-4e71-9a32-0458cfd21632,db7f2c5d-2727-41fd-bd6f-e91c74164f09,Holy Ghost opened,1310,2020-02-22 16:19:52.200407,2023-08-27 11:59:51.617015,0,,4.40909090909091,0,0,0
04e3fd01-662c-429b-8f74-73e73c565219,2022-08-27-seatgeek-stadium-campus-bridgeview-il,2022-08-27,276f4ec9-4878-43b1-99c6-11f1e58a70d9,db7f2c5d-2727-41fd-bd6f-e91c74164f09,Sacred Rose Festival,,2022-08-27 23:40:56.439115,2024-07-18 20:27:57.540410,0,"",3.48,0,0,0
b1aded24-ffcd-4cc3-bc59-7886b117afc4,2018-11-01-brooklyn-bowl-las-vegas-las-vegas-nv,2018-11-01,e8d4237b-d3ed-4f6c-9fdb-cd50a294e0a6,db7f2c5d-2727-41fd-bd6f-e91c74164f09,"",1567,2020-02-22 16:19:52.200407,2024-08-25 20:34:00.987943,0,,4.02173913043478,0,0,1
93131b3f-5edf-4a72-834c-853bcb4c9d8f,2007-06-30-masquerade-music-park-atlanta-ga,2007-06-30,7bf7645d-f6df-4970-9881-6cf29b8b8b28,db7f2c5d-2727-41fd-bd6f-e91c74164f09,D.U.M.B. Southern Tour<br>Opened for Umphrey's McGee,987,2020-02-22 16:19:52.200407,2024-02-18 12:33:01.469658,0,https://relisten.net/disco-biscuits/2007/06/30,4,0,0,1
91fb7c91-89c3-4c72-b55c-357861da49b6,2019-12-28-playstation-theater-new-york-ny,2019-12-28,7b00c23c-dc31-4e72-8633-820e8c228ff4,db7f2c5d-2727-41fd-bd6f-e91c74164f09,"",1613,2020-02-22 16:19:52.200407,2023-08-30 10:48:30.270171,0,,4.58510638297872,0,1,2
8e929458-5edb-4341-a8f7-4c21b28e54fa,2013-08-31-concord-music-hall-chicago-il,2013-08-31,dc7a23f8-1077-4acb-baa9-1a8053232655,db7f2c5d-2727-41fd-bd6f-e91c74164f09,"",1396,2020-02-22 16:19:52.200407,2023-08-31 19:26:20.853758,0,,3.90909090909091,0,0,0
92e5ee6d-b25f-4fde-b838-9db98150cd1c,2013-12-19-mayan-holidaze-now-sapphire-resort-puerto-morelos-mexico,2013-12-19,72be8ba0-a1c5-4b23-8f60-b88a34053585,db7f2c5d-2727-41fd-bd6f-e91c74164f09,Mayan Holidaze - other acts include Umphrey's McGee and STS9,1402,2020-02-22 16:19:52.200407,2023-09-05 13:00:09.727463,0,,3.8125,0,0,0
93181221-d01b-4168-96df-609055cdae96,1998-06-30-higher-ground-s-burlington-vt,1998-06-30,a80851a9-f6e6-464e-8255-af00be69d62e,db7f2c5d-2727-41fd-bd6f-e91c74164f09,Opening for the Ominous Seapods,248,2020-02-22 16:19:52.200407,2024-02-16 16:14:41.460701,0,https://relisten.net/disco-biscuits/1998/06/30,4,0,0,0
898723ff-bff9-4b0f-a515-9c4fd33b4c20,2019-11-21-higher-ground-s-burlington-vt,2019-11-21,a80851a9-f6e6-464e-8255-af00be69d62e,db7f2c5d-2727-41fd-bd6f-e91c74164f09,"",1604,2020-02-22 16:19:52.200407,2024-02-18 04:29:55.249673,0,,4.39705882352941,0,1,2
6bc3df7b-5508-4cc0-abc9-e6893c0dd366,2004-11-27-starland-ballroom-sayreville-nj,2004-11-27,d7bcd39a-04d3-46ae-913a-c950de7b6c5d,db7f2c5d-2727-41fd-bd6f-e91c74164f09,"",833,2020-02-22 16:19:52.200407,2024-02-18 13:08:05.290996,0,https://relisten.net/disco-biscuits/2004/11/27,4.71739130434783,0,0,2
90ba447a-1528-4351-892c-0f1d189f35fd,2002-10-11-house-of-blues-new-orleans-la,2002-10-11,9fd9778d-1f96-4331-9e77-ec151e298e4c,db7f2c5d-2727-41fd-bd6f-e91c74164f09,"",677,2020-02-22 16:19:52.200407,2024-03-28 00:05:49.400491,0,https://relisten.net/disco-biscuits/2002/10/11,3.9,0,0,0
9513487a-16cf-42d4-9d2e-8e57f39d675b,2015-10-29-orpheum-theater-boston-ma,2015-10-29,aed258ac-0ba0-4828-93e3-bf5ed0ba3c76,db7f2c5d-2727-41fd-bd6f-e91c74164f09,"",1465,2020-02-22 16:19:52.200407,2024-11-25 15:46:22.255815,0,,3.39473684210526,0,0,1
9837cd89-43c5-4211-9a7a-325e77c13446,2009-01-28-headliners-music-hall-louisville-ky,2009-01-28,0eb2440c-a19d-40cf-93de-d718d01e72a3,db7f2c5d-2727-41fd-bd6f-e91c74164f09,Canceled due to weather,1152,2020-02-22 16:19:52.200407,2020-02-23 00:37:27.468348,0,,0,0,0,0
9915a4fa-7388-49c6-96f7-4414dc1029d0,1998-10-02-bessie-s-wilmington-nc,1998-10-02,f0e36ab9-9f1e-4ffb-b6e5-757b99bf051e,db7f2c5d-2727-41fd-bd6f-e91c74164f09,"",295,2020-02-22 16:19:52.200407,2020-02-23 00:37:27.604080,0,,0,0,0,0
9ba40ef9-9707-4326-99e7-6c3ec5cae640,2003-10-28-the-library-oxford-ms,2003-10-28,fa22e01c-66cf-4fec-a196-b58266a7e63b,db7f2c5d-2727-41fd-bd6f-e91c74164f09,"",799,2020-02-22 16:19:52.200407,2022-09-01 18:23:51.260620,0,https://relisten.net/disco-biscuits/2003/10/28,3.5625,0,0,0
979ac701-e8bd-42e7-adce-58ef1b29a3a5,2001-09-22-fox-theatre-boulder-co,2001-09-22,8f46585f-f736-4603-88c9-a45209757346,db7f2c5d-2727-41fd-bd6f-e91c74164f09,"",577,2020-02-22 16:19:52.200407,2022-09-12 17:48:41.329820,0,https://relisten.net/disco-biscuits/2001/09/22,4.45833333333333,0,0,3
9b5bbc95-35ec-4aca-ade9-046a5fa2a728,1998-06-28-jimmy-jam-adamstown-pa,1998-06-28,ba36926e-8175-4e61-98fd-bdf48085465a,db7f2c5d-2727-41fd-bd6f-e91c74164f09,"",247,2020-02-22 16:19:52.200407,2020-02-23 00:37:27.833596,0,,0,0,0,0
a0ffca4a-deea-4610-9b9b-e781540c816e,1997-06-21-hempsplash-modena-ny,1997-06-21,ae07af44-eb2e-421b-aff8-f83ee995bda7,db7f2c5d-2727-41fd-bd6f-e91c74164f09,"",75,2020-02-22 16:19:52.200407,2020-02-23 00:37:28.486817,0,,0,0,0,0
9aa76ea3-1f4b-4c33-8b38-077ee6e33571,2007-10-17-bogart-s-cincinnati-oh,2007-10-17,7383247d-7ae8-423a-a934-6af88d971278,db7f2c5d-2727-41fd-bd6f-e91c74164f09,"",1015,2020-02-22 16:19:52.200407,2024-10-24 13:03:27.234775,0,https://relisten.net/disco-biscuits/2007/10/17,4.23333333333333,0,0,2
979c7eda-cddc-4c93-a8c8-0372247c5b07,1999-09-18-barrymore-theater-madison-wi,1999-09-18,34d157ac-ef3f-4078-bffc-fc1a0446bf0c,db7f2c5d-2727-41fd-bd6f-e91c74164f09,"",422,2020-02-22 16:19:52.200407,2024-05-29 21:40:33.296775,0,https://relisten.net/disco-biscuits/1999/09/18,4.55555555555556,0,0,0
9922cdd6-376b-4e90-af04-93997ccfa668,1997-10-11-gold-rush-new-york-ny,1997-10-11,64703930-5399-4371-9338-0391ebcf30a0,db7f2c5d-2727-41fd-bd6f-e91c74164f09,Post Junction opened.,120,2020-02-22 16:19:52.200407,2024-02-29 15:10:26.052458,0,https://relisten.net/disco-biscuits/1997/10/11,3.75,0,0,0
97169ed1-324c-437e-ba87-039554e35986,2002-10-24-the-nation-washington-dc,2002-10-24,c4711b86-3dd2-4a75-8073-b04e4ed7beae,db7f2c5d-2727-41fd-bd6f-e91c74164f09,"",687,2020-02-22 16:19:52.200407,2024-03-28 00:06:23.455616,0,,4.72727272727273,0,0,1
9d909e77-8cd0-4cd2-a550-9caf0c317119,2001-04-20-9-30-club-washington-dc,2001-04-20,07aef483-1f92-466a-8f3e-ee2d2ef9969c,db7f2c5d-2727-41fd-bd6f-e91c74164f09,"",532,2020-02-22 16:19:52.200407,2024-05-29 21:53:04.611271,0,https://relisten.net/disco-biscuits/2001/04/20,4.53125,0,0,1
a398b3b4-5f97-4415-9dc3-436b31c296b6,1997-11-11-p-b-finnian-s-plattsburgh-ny,1997-11-11,90595224-0946-44c7-a487-4716d6445273,db7f2c5d-2727-41fd-bd6f-e91c74164f09,"",135,2020-02-22 16:19:52.200407,2024-02-29 15:11:07.892684,0,https://relisten.net/disco-biscuits/1997/11/11,3.5,0,0,0
9e672081-1bc7-4885-9d23-f62b4bcc8a51,1996-09-12-fraternity-house-penn-state-state-college-pa,1996-09-12,52b999d8-7f7f-4bff-a5bc-027c48187f84,db7f2c5d-2727-41fd-bd6f-e91c74164f09,"",21,2020-02-22 16:19:52.200407,2024-02-29 15:17:36.747387,0,,3,0,0,0
9cf23d08-b5f4-4fe8-b8d3-e7cc412df67e,1999-01-30-ziggy-s-winston-salem-nc,1999-01-30,1e19b4b3-4616-480e-9b61-907d6f3d853e,db7f2c5d-2727-41fd-bd6f-e91c74164f09,Opening for Bloodkin.,327,2020-02-22 16:19:52.200407,2023-08-26 17:45:59.182088,0,https://relisten.net/disco-biscuits/1999/01/30,2.125,0,0,0
9bd49126-9ab8-4bc5-8aec-e231a765d7e3,2008-04-03-higher-ground-s-burlington-vt,2008-04-03,a80851a9-f6e6-464e-8255-af00be69d62e,db7f2c5d-2727-41fd-bd6f-e91c74164f09,"",1076,2020-02-22 16:19:52.200407,2024-02-10 01:33:24.653721,0,https://relisten.net/disco-biscuits/2008/04/03,4.25,0,0,2
9c3a04f3-f72a-45b0-bad2-8b904bffe240,2016-10-28-brooklyn-bowl-las-vegas-las-vegas-nv,2016-10-28,e8d4237b-d3ed-4f6c-9fdb-cd50a294e0a6,db7f2c5d-2727-41fd-bd6f-e91c74164f09,"",1501,2020-02-22 16:19:52.200407,2024-01-02 22:23:41.161632,0,,3.81578947368421,0,0,0
9ca6f384-8a4d-4913-bc44-95bd3574ba79,2006-04-14-higher-ground-s-burlington-vt,2006-04-14,a80851a9-f6e6-464e-8255-af00be69d62e,db7f2c5d-2727-41fd-bd6f-e91c74164f09,The Northern 'Wind at Four to Fly' CD Release Party,877,2020-02-22 16:19:52.200407,2024-02-10 01:20:10.496723,0,https://relisten.net/disco-biscuits/2006/04/14,4.52631578947368,0,0,2
9ce5ec0a-6638-4aae-abac-f5c8c97f1609,2006-11-19-fox-theatre-boulder-co,2006-11-19,8f46585f-f736-4603-88c9-a45209757346,db7f2c5d-2727-41fd-bd6f-e91c74164f09,"",942,2020-02-22 16:19:52.200407,2023-08-27 11:42:00.859482,0,https://relisten.net/disco-biscuits/2006/11/19,4.17647058823529,0,0,2
95c533e4-b0e3-447d-9946-6a727f562776,2007-02-17-starland-ballroom-sayreville-nj,2007-02-17,d7bcd39a-04d3-46ae-913a-c950de7b6c5d,db7f2c5d-2727-41fd-bd6f-e91c74164f09,"",963,2020-02-22 16:19:52.200407,2023-08-27 11:45:06.206939,0,https://relisten.net/disco-biscuits/2007/02/17,4.54878048780488,0,0,2
96cf0421-567d-43f7-9f96-76dccb21c462,2012-12-27-best-buy-theater-new-york-ny,2012-12-27,3c1485b6-a149-49d6-ae5d-7f2a65afe7d3,db7f2c5d-2727-41fd-bd6f-e91c74164f09,Ott opened,1381,2020-02-22 16:19:52.200407,2024-04-23 15:01:07.695665,0,,4.23333333333333,0,0,0
9a82244c-ad4e-4cdc-bbc9-0bc663d8d951,2003-04-26-charlotte-city-fest-charlotte-nc,2003-04-26,6248598b-8e78-40b2-87cf-c408f964f80e,db7f2c5d-2727-41fd-bd6f-e91c74164f09,unfinished,745,2020-02-22 16:19:52.200407,2024-08-26 17:39:38.520534,0,https://relisten.net/disco-biscuits/2003/04/26,3.71428571428571,0,0,0
99cd8bb2-fce6-47f4-a55d-bc524b2731f1,2003-08-31-cervantes-masterpiece-ballroom-denver-co,2003-08-31,56c69667-d5bb-4397-bc0a-ca3cfb5f01af,db7f2c5d-2727-41fd-bd6f-e91c74164f09,"",785,2020-02-22 16:19:52.200407,2024-11-25 12:15:02.581028,0,https://relisten.net/disco-biscuits/2003/08/31,4.125,0,0,0
b785b63f-20b6-4cf0-8002-459d4c742600,2024-11-24-town-ballroom-buffalo-ny,2024-11-24,edf8b5e6-2040-4d55-bfc0-833f839ed87d,db7f2c5d-2727-41fd-bd6f-e91c74164f09,"Soundcheck: Park Ave -> Running, Confrontation",,2024-11-25 00:05:08.714509,2024-12-08 04:54:18.876552,0,"",3.28,0,0,18
96040550-4b7e-4e73-975b-54dc4ff41763,2003-04-11-state-theater-ithaca-ny,2003-04-11,0c4e3630-a46c-4faf-b1e2-c440316fd14f,db7f2c5d-2727-41fd-bd6f-e91c74164f09,"",715,2020-02-22 16:19:52.200407,2024-11-12 14:27:45.955275,0,https://relisten.net/disco-biscuits/2003/04/11,4.33333333333333,0,0,2
9b5f5305-2e45-47c6-8d06-49ac73cd61d9,2008-01-18-the-fillmore-auditorium-denver-co,2008-01-18,cc180824-653c-4b01-9e04-84ad849fec47,db7f2c5d-2727-41fd-bd6f-e91c74164f09,Perpetual Groove Opened<br>With Pnuma P.A. Set at Setbreak,1041,2020-02-22 16:19:52.200407,2023-10-19 13:42:32.423019,0,https://relisten.net/disco-biscuits/2008/01/18,4.16666666666667,0,0,2
98293590-71db-4e32-8039-88e231a87e35,2002-10-22-visulite-theater-charlotte-nc,2002-10-22,18e05ce9-4e94-45fc-9dd0-dcbf50144919,db7f2c5d-2727-41fd-bd6f-e91c74164f09,"",685,2020-02-22 16:19:52.200407,2024-03-28 00:06:14.341992,0,https://relisten.net/disco-biscuits/2002/10/22,4.125,0,0,0
973dced3-f115-4f03-8449-cac7c95d94b7,1999-09-09-northern-lights-clifton-park-ny,1999-09-09,633e5dc8-28b9-4664-8d7d-c5b681b8f3cf,db7f2c5d-2727-41fd-bd6f-e91c74164f09,"Opening for Deep Banana Blackout.<br>Soundcheck: Little Shimmy In A Conga Line, Plan B beginning",414,2020-02-22 16:19:52.200407,2024-02-21 18:11:13.400852,0,https://relisten.net/disco-biscuits/1999/09/09,3.625,0,0,0
98c6afb1-e524-4941-93cd-c179cecab528,2002-10-05-haymaker-festival-spotsylvania-va,2002-10-05,f080f188-e22d-4c8c-be68-396ba305af0b,db7f2c5d-2727-41fd-bd6f-e91c74164f09,"",673,2020-02-22 16:19:52.200407,2024-03-28 00:05:29.164682,0,https://relisten.net/disco-biscuits/2002/10/05,4.75806451612903,0,1,1
985b87f1-832e-47cc-b09d-8100db7436da,1998-10-21-the-haunt-ithaca-ny,1998-10-21,643378cc-358f-4082-b83a-5240a4c1fd22,db7f2c5d-2727-41fd-bd6f-e91c74164f09,"",301,2020-02-22 16:19:52.200407,2024-04-27 10:06:39.544247,0,https://relisten.net/disco-biscuits/1998/10/21,4,0,0,0
981cdeac-8c2f-4d0f-bb47-e910c939bf3d,1998-10-22-savannah-s-albany-ny,1998-10-22,7d25da40-b829-4028-8ead-eb6826e719a2,db7f2c5d-2727-41fd-bd6f-e91c74164f09,"",302,2020-02-22 16:19:52.200407,2024-04-30 23:45:24.452167,0,https://relisten.net/disco-biscuits/1998/10/22,4,0,0,0
a1c83ab0-07f9-4ba3-a291-60aed811c958,1997-07-12-wetlands-preserve-new-york-ny,1997-07-12,81bb358f-2ed6-4358-80b5-fb740207d89a,db7f2c5d-2727-41fd-bd6f-e91c74164f09,"",86,2020-02-22 16:19:52.200407,2020-02-23 00:37:28.592998,0,,0,0,0,0
a46de363-2afc-4f54-a292-e8793f8936a4,1998-05-30-spring-fling-northwestern-university-evanston-il,1998-05-30,49156064-4152-4717-960e-2980e9780857,db7f2c5d-2727-41fd-bd6f-e91c74164f09,"",227,2020-02-22 16:19:52.200407,2020-02-23 00:37:28.806584,0,,0,0,0,0
a62df7a2-1e49-4367-bb38-344f6a6e235e,1997-07-09-cafe-210-west-state-college-pa,1997-07-09,bb1ea85c-f87c-4a31-95b7-d33fcb04abbc,db7f2c5d-2727-41fd-bd6f-e91c74164f09,"",83,2020-02-22 16:19:52.200407,2020-02-23 00:37:29.112355,0,,0,0,0,0
a4ec2039-0cba-4df1-85c4-77d878c7d0e7,1997-05-09-cafe-210-west-state-college-pa,1997-05-09,bb1ea85c-f87c-4a31-95b7-d33fcb04abbc,db7f2c5d-2727-41fd-bd6f-e91c74164f09,"",55,2020-02-22 16:19:52.200407,2020-02-23 00:37:28.872334,0,,0,0,0,0
a112ed28-2ac3-4ab0-a852-289f05bb120a,1999-09-21-finnegan-s-pub-kansas-city-mo,1999-09-21,05f5533a-5314-48c4-bc20-d2007b9d91b8,db7f2c5d-2727-41fd-bd6f-e91c74164f09,"",424,2020-02-22 16:19:52.200407,2023-06-21 19:06:07.418855,0,https://relisten.net/disco-biscuits/1999/09/21,3.75,0,0,0
9e80e8c2-6308-479c-8972-a4147638743a,2008-03-01-starland-ballroom-sayreville-nj,2008-03-01,d7bcd39a-04d3-46ae-913a-c950de7b6c5d,db7f2c5d-2727-41fd-bd6f-e91c74164f09,RJ-D2 Opened,1049,2020-02-22 16:19:52.200407,2022-09-13 19:45:51.496173,0,https://relisten.net/disco-biscuits/2008/03/01,4.44117647058824,0,2,1
a9aae613-cc9e-44bc-a383-857f06e83ed7,1995-11-09-unknown-location,1995-11-09,4a80ff60-d21d-4cb1-ab7e-18a98719d31d,db7f2c5d-2727-41fd-bd6f-e91c74164f09,"",1230,2020-02-22 16:19:52.200407,2020-02-23 00:37:29.517126,0,,0,0,0,0
abca23ba-1b9c-40d2-abe9-22de39cf6040,1998-02-20-university-of-maryland-college-park-md,1998-02-20,1a4fa94f-340c-4210-b916-5f281f1122e8,db7f2c5d-2727-41fd-bd6f-e91c74164f09,-- CANCELED --,177,2020-02-22 16:19:52.200407,2020-02-23 00:37:29.720082,0,,0,0,0,0
ac3fa84f-38c0-4e9c-a95e-1ad586f55e14,1997-05-25-peir-patio-club-old-orchard-beach-me,1997-05-25,1399b9c9-5272-4c4f-b52b-a08d34c11b20,db7f2c5d-2727-41fd-bd6f-e91c74164f09,"",66,2020-02-22 16:19:52.200407,2020-02-23 00:37:29.875098,0,,0,0,0,0
8ef213bb-2563-4690-8cbf-4f2559d623fb,2019-11-15-roxian-theater-mckees-rocks-pa,2019-11-15,22170769-717a-4f8b-87ab-9a3390112086,db7f2c5d-2727-41fd-bd6f-e91c74164f09,"",1600,2020-02-22 16:19:52.200407,2024-02-02 09:25:05.159873,0,https://relisten.net/disco-biscuits/2019/11/15,3.90740740740741,0,1,1
ad8d6108-026c-4eb1-83dc-4f20e015cc4b,1997-09-19-khyber-pass-philadelphia-pa,1997-09-19,8fb68427-a6bc-4d62-b072-a266744b4202,db7f2c5d-2727-41fd-bd6f-e91c74164f09,"",718,2020-02-22 16:19:52.200407,2023-07-31 19:27:49.123154,0,https://relisten.net/disco-biscuits/1997/09/19,3.5,0,0,0
a28f948f-28ab-4cfe-bb3d-29a54789d49a,2006-04-13-higher-ground-s-burlington-vt,2006-04-13,a80851a9-f6e6-464e-8255-af00be69d62e,db7f2c5d-2727-41fd-bd6f-e91c74164f09,The Northern 'Wind at Four to Fly' CD Release Party,876,2020-02-22 16:19:52.200407,2024-02-10 01:20:00.158272,0,https://relisten.net/disco-biscuits/2006/04/13,4.28947368421053,0,0,2
150e0a39-46d3-4275-a394-7ea0bcd3e96a,1997-10-02-blue-terrapin-elizabethtown-pa,1997-10-02,37174f51-d4c0-4e8d-a07c-64829a136521,db7f2c5d-2727-41fd-bd6f-e91c74164f09,"",115,2020-02-22 16:19:52.200407,2023-07-31 19:58:04.719775,0,https://relisten.net/disco-biscuits/1997/10/02,4.25,0,0,0
9dfe39b9-d4dd-485b-a317-55d5caa420cd,1998-05-08-deer-park-tavern-newark-de,1998-05-08,d06d9b3a-7e36-46f1-b123-29f7fe695ee8,db7f2c5d-2727-41fd-bd6f-e91c74164f09,"",218,2020-02-22 16:19:52.200407,2023-08-26 17:41:49.476664,0,https://relisten.net/disco-biscuits/1998/05/08,4.16666666666667,0,0,0
a17f514d-3f3c-4d2b-94c2-0b4a9d8804a1,2002-08-15-kahunaville-wilmington-de,2002-08-15,98c87556-60cf-4ce3-92a8-4e576992c9f3,db7f2c5d-2727-41fd-bd6f-e91c74164f09,"",660,2020-02-22 16:19:52.200407,2024-03-28 00:04:33.689343,0,https://relisten.net/disco-biscuits/2002/08/15,4.5,2,0,0
a2894072-4287-4444-bf52-397ba52a0111,2003-07-25-mishawaka-amphitheater-bellvue-co,2003-07-25,0e289e2c-7798-403b-aba8-e0533a6e8039,db7f2c5d-2727-41fd-bd6f-e91c74164f09,Bisco Inferno III. DJ Harry opened.,767,2020-02-22 16:19:52.200407,2023-08-27 11:29:48.323713,0,https://relisten.net/disco-biscuits/2003/07/25,4.42307692307692,0,0,1
9b3122d5-a490-4865-bc80-79a7a5fe4c80,2004-05-06-the-hook-brooklyn-ny,2004-05-06,2f8c7dc4-47de-4ca7-accc-8d4b9c5059f1,db7f2c5d-2727-41fd-bd6f-e91c74164f09,Private party.,823,2020-02-22 16:19:52.200407,2023-08-27 11:33:40.139654,0,https://relisten.net/disco-biscuits/2004/05/06,3.91666666666667,0,0,0
a47ea64a-c25b-4fc4-b6c3-e353b82d3287,1999-05-14-stoned-monkey-huntington-wv,1999-05-14,71a2238d-f977-4606-88ca-8d44bfa230f8,db7f2c5d-2727-41fd-bd6f-e91c74164f09,"",389,2020-02-22 16:19:52.200407,2023-09-20 17:23:35.584472,0,https://relisten.net/disco-biscuits/1999/05/14,3.875,0,0,1
9c0e8b7d-591b-4ef9-b9ae-3e5964fdccbb,2009-07-05-plumas-country-fairgrounds-quincy-ca,2009-07-05,def90e2e-cd00-4659-a848-241097bde1bf,db7f2c5d-2727-41fd-bd6f-e91c74164f09,"High Sierra Music Festival - Other acts include Umphrey's McGee, Ani DiFranco, Galactic, Dr. Dog and The Marco Benevento Trio",1101,2020-02-22 16:19:52.200407,2023-10-17 12:44:00.994148,0,https://relisten.net/disco-biscuits/2009/07/05,4.07142857142857,0,0,1
a2f5d5fe-9e37-49aa-a5f3-bcead40b41a3,2006-06-08-wakarusa-festival-lawrence-ks,2006-06-08,15873bdd-79e6-4842-887a-2334022ba74e,db7f2c5d-2727-41fd-bd6f-e91c74164f09,"The Revival Tent at Wakarusa.With The Flaming Lips, Bela Fleck and the Flecktones, Les Claypool, The Duo and others.<br><br>Late Night Set<br><br> ",904,2020-02-22 16:19:52.200407,2023-08-27 11:39:19.367659,0,https://relisten.net/disco-biscuits/2006/06/08,3.875,0,0,1
a0ec9859-3861-49b1-9198-d69594ad4478,2019-12-14-revolution-live-ft-lauderdale-fl,2019-12-14,22a3fe67-520b-41e8-80f1-59fd619ab12d,db7f2c5d-2727-41fd-bd6f-e91c74164f09,"",1611,2020-02-22 16:19:52.200407,2023-08-30 10:47:31.134056,0,https://relisten.net/disco-biscuits/2019/12/14,3.875,0,1,1
a546d2a8-463a-4716-b6da-4568ef59259e,2011-08-27-cynthia-woods-mitchell-pavilion-the-woodlands-tx,2011-08-27,13d7433c-a30c-4228-8889-36bb5347fb00,db7f2c5d-2727-41fd-bd6f-e91c74164f09,"Identity Festival - Pretty Lights, Rusko, DJ Shadow, Steve Aoki and more",1350,2020-02-22 16:19:52.200407,2023-08-30 11:04:56.761266,0,,2.375,0,0,1
a0e6e83c-3f1d-4ab4-81c3-665f7f161233,2003-04-12-webster-theater-hartford-ct,2003-04-12,78d9872d-f2e0-4156-9363-fc2fe55c64d8,db7f2c5d-2727-41fd-bd6f-e91c74164f09,"",716,2020-02-22 16:19:52.200407,2023-10-19 17:06:41.715881,0,https://relisten.net/disco-biscuits/2003/04/12,4.64705882352941,0,0,0
aeb37365-6060-4f26-95b6-9b3c25862601,1997-09-07-johnson-state-college-johnson-vt,1997-09-07,2bc3960f-d7b5-4a51-9733-f5e9dba42f43,db7f2c5d-2727-41fd-bd6f-e91c74164f09,"",103,2020-02-22 16:19:52.200407,2023-09-07 14:56:29.854117,0,https://relisten.net/disco-biscuits/1997/09/07,4.33333333333333,0,0,0
9db21abe-8256-49f3-b139-74e6ebee4a35,2016-01-01-playstation-theater-new-york-ny,2016-01-01,7b00c23c-dc31-4e72-8633-820e8c228ff4,db7f2c5d-2727-41fd-bd6f-e91c74164f09,Spin The Wheel Show,1474,2020-02-22 16:19:52.200407,2024-08-29 20:01:26.035260,0,,3.875,0,0,2
97cfdc70-df59-4c2c-b70c-071f4f95f2f5,2016-12-04-dominican-holidaze-breathless-punta-cana-resort-spa-carretera-uvero-alto-dominican-republic,2016-12-04,45b3785a-785e-48b1-ae2d-678266192853,db7f2c5d-2727-41fd-bd6f-e91c74164f09,"",1505,2020-02-22 16:19:52.200407,2024-08-29 20:02:57.814971,0,,3.3125,0,0,0
a3def9e8-18b5-4ead-a310-99ae2a224bf7,2001-12-08-9-30-club-washington-dc,2001-12-08,07aef483-1f92-466a-8f3e-ee2d2ef9969c,db7f2c5d-2727-41fd-bd6f-e91c74164f09,"",603,2020-02-22 16:19:52.200407,2024-12-07 22:03:41.501400,0,,4.08823529411765,22,0,1
a3f801ce-a183-4ac7-998c-0759b830d91f,2016-04-21-terminal-west-atlanta-georgia,2016-04-21,54c563c7-a506-42a1-a6f5-ab77a4501175,db7f2c5d-2727-41fd-bd6f-e91c74164f09,"",1482,2020-02-22 16:19:52.200407,2024-04-16 13:04:49.767172,0,https://relisten.net/disco-biscuits/2016/04/21,3.68421052631579,0,0,2
a2430320-29cd-4b38-a3ed-508c2e8d2dad,1998-07-14-second-story-madison-wi,1998-07-14,f8e55419-97dd-43c5-a566-96cda219bdf3,db7f2c5d-2727-41fd-bd6f-e91c74164f09,Opening for the Ominous Seapods,255,2020-02-22 16:19:52.200407,2024-04-24 08:34:54.757986,0,https://relisten.net/disco-biscuits/1998/07/14,0,0,0,0
a15c3787-87d2-4d18-bd15-1c726cda59e5,2001-05-05-zephyr-club-salt-lake-city-ut,2001-05-05,aad03138-eebb-43d1-acc0-3b91a1e1e821,db7f2c5d-2727-41fd-bd6f-e91c74164f09,"",543,2020-02-22 16:19:52.200407,2024-03-28 00:10:18.934671,0,,2.83333333333333,0,0,0
8689d1f3-89b7-4f88-ad8f-9ae43d522c48,2021-10-29-brooklyn-bowl-brooklyn-ny,2021-10-29,e8d4237b-d3ed-4f6c-9fdb-cd50a294e0a6,db7f2c5d-2727-41fd-bd6f-e91c74164f09,"",,2021-10-30 08:36:31.808752,2024-03-29 02:45:31.427044,0,https://relisten.net/disco-biscuits/2021/10/29,3.95454545454545,0,0,2
9ccc3aaf-a429-4206-bf9a-efc0124f6dc8,1999-02-10-ivory-tusk-tuscaloosa-al,1999-02-10,57681d66-b300-4087-94ea-dd061561556c,db7f2c5d-2727-41fd-bd6f-e91c74164f09,"",336,2020-02-22 16:19:52.200407,2024-05-29 22:26:53.890869,0,https://relisten.net/disco-biscuits/1999/02/10,4.5,0,0,0
ad3c2c36-16e6-4117-8956-32324fec7958,1998-07-20-cafe-tomo-arcata-ca,1998-07-20,3750cd4c-f0d3-40c3-a1a3-344b219b49b2,db7f2c5d-2727-41fd-bd6f-e91c74164f09,"",259,2020-02-22 16:19:52.200407,2024-05-08 10:23:05.428730,0,https://relisten.net/disco-biscuits/1998/07/20,3.5,0,0,0
f554293d-7305-49a3-9486-61a7c8cb0e2f,1999-05-26-peddie-school-hightstown-nj,1999-05-26,a93782a4-06a9-4b29-80ae-d4c703268cdb,db7f2c5d-2727-41fd-bd6f-e91c74164f09,"",392,2020-02-22 16:19:52.200407,2023-08-26 17:48:36.288544,0,,3.25,4,0,0
a68fb83f-0366-4260-8baa-65c95ef34ddb,2010-03-19-house-of-blues-boston-ma,2010-03-19,60b442bc-8f1d-431d-b5bd-ebc9f562d76d,db7f2c5d-2727-41fd-bd6f-e91c74164f09,"The Indobox opened, first show without Jon Gutwillig due to wrist injury. Show cut short due to 'technical difficulties that would not let them continue the show'.",1244,2020-02-22 16:19:52.200407,2022-09-13 19:38:41.653265,0,https://relisten.net/disco-biscuits/2010/03/19,2.05555555555556,0,0,0
a96915ae-f859-4d06-9dd1-04cce3b89fa7,1999-03-26-blind-pig-ann-arbor-mi,1999-03-26,3799b75c-bd1a-4b1d-ba99-92629b8b9cea,db7f2c5d-2727-41fd-bd6f-e91c74164f09,"",365,2020-02-22 16:19:52.200407,2022-08-31 11:12:21.060319,0,https://relisten.net/disco-biscuits/1999/03/26,4.16666666666667,0,0,0
a5bdc375-f143-4d52-8880-9351723b4b3c,2007-12-14-caribbean-holidaze-runaway-bay-jamaica,2007-12-14,a65f28c8-e63c-44ba-81de-5cbd64ba3017,db7f2c5d-2727-41fd-bd6f-e91c74164f09,Caribbean Holidaze<br>Co-headlining with Umphrey's McGee,1032,2020-02-22 16:19:52.200407,2022-09-13 19:44:13.554205,0,https://relisten.net/disco-biscuits/2007/12/14,4.07142857142857,0,0,1
aeb6add9-d08b-4098-a5e8-59ef45990b89,2003-10-25-3rd-and-lindsley-nashville-tn,2003-10-25,1c086e1e-1102-4e53-b810-98ffb10108a7,db7f2c5d-2727-41fd-bd6f-e91c74164f09,"",798,2020-02-22 16:19:52.200407,2023-01-23 01:41:48.542864,0,https://relisten.net/disco-biscuits/2003/10/25,3.38888888888889,0,0,0
ad661754-0131-4264-926e-8a56a7c779d3,1998-10-17-fastlane-s-asbury-park-nj,1998-10-17,e1095672-b1c8-4b3f-9f4c-5e3cfc36a982,db7f2c5d-2727-41fd-bd6f-e91c74164f09,Opening for Vince Welnick and the Missing Man Formation.,300,2020-02-22 16:19:52.200407,2020-02-23 00:37:29.991454,0,,0,0,0,0
ae198bce-7c17-4d5e-b6fa-63eca5a9bbd2,1997-07-04-independence-day-festival-manicore-field-doylestown-pa,1997-07-04,99ef1414-b8ef-4a88-97ef-b105a7d2f8c4,db7f2c5d-2727-41fd-bd6f-e91c74164f09,Opening for Fathead.,80,2020-02-22 16:19:52.200407,2020-02-23 00:37:30.179052,0,,0,0,0,0
b9d83d24-fb40-4296-a6c3-ec9dbaa8f80a,2016-10-29-brooklyn-bowl-las-vegas-las-vegas-nv,2016-10-29,e8d4237b-d3ed-4f6c-9fdb-cd50a294e0a6,db7f2c5d-2727-41fd-bd6f-e91c74164f09,"",1502,2020-02-22 16:19:52.200407,2022-08-27 18:15:21.824139,0,,3.72222222222222,0,0,0
ae67134b-a2ce-4c37-85d6-c5312898e73f,1999-10-09-legends-lounge-las-vegas-nv,1999-10-09,393a0db9-a5a0-494f-95d0-e917ee4c373b,db7f2c5d-2727-41fd-bd6f-e91c74164f09,"",436,2020-02-22 16:19:52.200407,2023-06-21 19:06:38.519935,0,https://relisten.net/disco-biscuits/1999/10/09,4.3,0,0,0
abad103d-4854-40ed-98b4-a3ad0651974f,2014-06-12-irving-plaza-new-york-ny,2014-06-12,397149cc-e8d3-4557-9491-4d180be19e68,db7f2c5d-2727-41fd-bd6f-e91c74164f09,"",1423,2020-02-22 16:19:52.200407,2023-09-25 19:58:23.129904,0,,4.13636363636364,0,2,3
a55ea4d8-9ca5-4c0c-8860-d56c5e259845,2001-11-24-the-fillmore-san-francisco-ca,2001-11-24,3f85da63-4a00-4cba-9e9f-837668d55284,db7f2c5d-2727-41fd-bd6f-e91c74164f09,Kooken and Hoomen opened.,593,2020-02-22 16:19:52.200407,2023-08-26 18:00:03.649124,0,https://relisten.net/disco-biscuits/2001/11/24,3.64285714285714,38,0,2
844132d5-ae65-47ff-8c2f-66fcbde9b805,2021-06-18-columbia-speedway-entertainment-center-cayce-sc,2021-06-18,7931579a-b2bc-48bb-82dd-df3f05a32d65,db7f2c5d-2727-41fd-bd6f-e91c74164f09,"",,2021-06-19 00:51:16.998817,2024-04-29 20:48:14.250375,0,https://relisten.net/disco-biscuits/2021/06/18,3.80952380952381,0,0,0
abcc101e-f4e5-4ace-9200-2068f9d9b927,2016-06-23-electric-forest-rothbury-mi,2016-06-23,db9459ba-5909-4a1b-9d3f-57ab7b9da1d5,db7f2c5d-2727-41fd-bd6f-e91c74164f09,Electric Forest Festival,1493,2020-02-22 16:19:52.200407,2023-10-17 05:27:20.477280,0,,4.27777777777778,0,0,1
aa4d91c2-1158-400f-a122-9b401bb96607,2000-12-29-the-vanderbilt-plainview-ny,2000-12-29,31dac481-4c72-4213-9bac-16f5502ce517,db7f2c5d-2727-41fd-bd6f-e91c74164f09,"",505,2020-02-22 16:19:52.200407,2023-08-26 17:54:11.604207,0,https://relisten.net/disco-biscuits/2000/12/29,4.16666666666667,0,0,0
abb8f32f-589a-4d89-8888-e621b244f745,2002-10-01-bash-on-ash-tempe-az,2002-10-01,d908ea87-e39d-4ee0-b986-0442c2d37ccb,db7f2c5d-2727-41fd-bd6f-e91c74164f09,"",670,2020-02-22 16:19:52.200407,2024-03-28 00:05:21.333416,0,https://relisten.net/disco-biscuits/2002/10/01,4.18181818181818,0,0,0
ba7a475d-f5e6-474c-b212-a10e6666017d,2009-10-31-auditorium-theater-chicago-il,2009-10-31,cad59108-a680-437e-aec6-e0f66dac6f8d,db7f2c5d-2727-41fd-bd6f-e91c74164f09,"with The Glitch Mob, Holy Fuck and Orchard Lounge",1198,2020-02-22 16:19:52.200407,2023-10-23 07:21:56.915928,0,https://relisten.net/disco-biscuits/2009/10/31,3.93333333333333,0,0,1
ad2624fd-f61a-4b9c-af9d-833d935716b3,2006-11-10-bogart-s-cincinnati-oh,2006-11-10,7383247d-7ae8-423a-a934-6af88d971278,db7f2c5d-2727-41fd-bd6f-e91c74164f09,"",934,2020-02-22 16:19:52.200407,2023-08-27 11:41:24.471651,0,https://relisten.net/disco-biscuits/2006/11/10,4.36666666666667,0,0,1
aeae80d5-fbf4-43e2-9358-42b44f7d865d,2006-11-14-bluebird-bloomington-in,2006-11-14,e7a03124-b5a6-4756-976c-70728048511a,db7f2c5d-2727-41fd-bd6f-e91c74164f09,"",937,2020-02-22 16:19:52.200407,2023-08-27 11:41:39.943688,0,https://relisten.net/disco-biscuits/2006/11/14,3.85714285714286,0,0,2
a63211c1-a03d-4895-b70a-9d2e994ca1a9,2002-08-06-tussey-mountain-amphitheater-boalsburg-pa,2002-08-06,b71677d4-71b7-49d7-a5f2-822f40b47ff4,db7f2c5d-2727-41fd-bd6f-e91c74164f09,Bisco Nights. Brothers Past opened.,654,2020-02-22 16:19:52.200407,2024-03-28 00:04:00.814347,0,https://relisten.net/disco-biscuits/2002/08/06,4.25,0,0,0
b9dd639b-b615-486a-930d-e661bb273db9,2009-01-22-majestic-theater-madison-wi,2009-01-22,54e3f55d-9e73-49a0-99cb-56c185b5cc32,db7f2c5d-2727-41fd-bd6f-e91c74164f09,Future Rock opened,1156,2020-02-22 16:19:52.200407,2024-02-15 17:20:07.218649,0,https://relisten.net/disco-biscuits/2009/01/22,4.25,0,0,1
a608f1b7-dbd3-43c9-be63-ea2300dd4cdf,2009-01-24-congress-theater-chicago-il,2009-01-24,b6f91bc4-e090-4a6b-a9b8-38ea507bd11c,db7f2c5d-2727-41fd-bd6f-e91c74164f09,Prefuse 73 and RJD2 opened,1154,2020-02-22 16:19:52.200407,2024-02-15 17:20:00.289793,0,https://relisten.net/disco-biscuits/2009/01/24,3.5,0,0,1
a5cc22e1-4194-4b3e-b582-7c5ad022644b,2009-01-21-newport-music-hall-columbus-oh,2009-01-21,04aa905a-f64f-428b-ac41-0bae402258fd,db7f2c5d-2727-41fd-bd6f-e91c74164f09,"",1157,2020-02-22 16:19:52.200407,2024-02-15 17:20:10.423942,0,https://relisten.net/disco-biscuits/2009/01/21,3.3,0,0,1
b841a687-33d4-46d1-8fbc-1df8875ab6b3,2009-11-27-electric-factory-philadelphia-pa,2009-11-27,8ef35498-800d-42f7-82d1-d8ced42d0092,db7f2c5d-2727-41fd-bd6f-e91c74164f09,SOJA opened,1206,2020-02-22 16:19:52.200407,2024-02-15 17:20:50.021762,0,https://relisten.net/disco-biscuits/2009/11/27,2.84090909090909,20,0,0
a5279336-508a-456f-a3be-96606dd6ef0c,2017-05-31-ogden-theater-denver-co,2017-05-31,6a113f67-1c38-4874-a465-80b7ae21d2f8,db7f2c5d-2727-41fd-bd6f-e91c74164f09,Bisco Inferno 2017,1519,2020-02-22 16:19:52.200407,2024-11-07 02:06:02.650883,0,,4.01923076923077,0,1,1
adbf31d9-42bf-4fe2-b431-319131798e33,2013-12-28-best-buy-theater-new-york-ny,2013-12-28,3c1485b6-a149-49d6-ae5d-7f2a65afe7d3,db7f2c5d-2727-41fd-bd6f-e91c74164f09,"",1405,2020-02-22 16:19:52.200407,2024-08-02 13:33:35.757071,0,,4.04761904761905,0,2,1
a63f4ee7-348c-4a3b-8bda-3833945e2a72,2017-07-12-montage-mountain-scranton-pa,2017-07-12,6b1fd49c-f558-476a-b1eb-8451b52652ff,db7f2c5d-2727-41fd-bd6f-e91c74164f09,"Camp Bisco 15
<br>VIP Souncheck",1523,2020-02-22 16:19:52.200407,2024-08-25 20:28:05.520001,0,,3.66666666666667,0,0,0
0822b537-2ee3-4f5c-a0cd-8d193e657e66,1999-09-17-park-west-chicago-il,1999-09-17,c0faf987-2fc5-4112-ba87-cfaf4f00296f,db7f2c5d-2727-41fd-bd6f-e91c74164f09,"",421,2020-02-22 16:19:52.200407,2024-12-07 00:34:30.420830,0,https://relisten.net/disco-biscuits/1999/09/17,3.6,0,0,0
b2540443-6648-4926-8b9e-035ec11c218a,2003-04-28-ziggy-s-winston-salem-nc,2003-04-28,1e19b4b3-4616-480e-9b61-907d6f3d853e,db7f2c5d-2727-41fd-bd6f-e91c74164f09,"",748,2020-02-22 16:19:52.200407,2024-08-26 17:39:46.358559,0,https://relisten.net/disco-biscuits/2003/04/28,3.125,0,0,0
abd35acb-7402-40ff-bac5-33611ea06cc2,2001-05-11-the-fillmore-san-francisco-ca,2001-05-11,3f85da63-4a00-4cba-9e9f-837668d55284,db7f2c5d-2727-41fd-bd6f-e91c74164f09,"",546,2020-02-22 16:19:52.200407,2024-03-28 00:11:06.287073,0,https://relisten.net/disco-biscuits/2001/05/11,3.9375,6,0,1
a571df06-f24f-4291-8897-bb6aa05f0984,1999-05-29-martyr-s-chicago-il,1999-05-29,24bb62cd-33bf-4f0b-b754-2157bddd0436,db7f2c5d-2727-41fd-bd6f-e91c74164f09,"",395,2020-02-22 16:19:52.200407,2024-05-29 21:39:36.480861,0,https://relisten.net/disco-biscuits/1999/05/29,4.5,0,0,0
b5f14272-57aa-4bf5-bb16-d7197297fc80,2002-10-14-culture-room-fort-lauderdale-fl,2002-10-14,b3841de4-5e57-4f2d-914f-81bc474fba8e,db7f2c5d-2727-41fd-bd6f-e91c74164f09,Rudy opened.,678,2020-02-22 16:19:52.200407,2024-05-29 22:25:03.453635,0,https://relisten.net/disco-biscuits/2002/10/14,4.41666666666667,11,1,0
ba9c7840-1c1a-4255-a34a-b6b4ab9fede5,2003-07-26-mishawaka-amphitheater-bellvue-co,2003-07-26,0e289e2c-7798-403b-aba8-e0533a6e8039,db7f2c5d-2727-41fd-bd6f-e91c74164f09,Bisco Inferno III.  With Science Knowledge.,768,2020-02-22 16:19:52.200407,2023-08-27 11:29:44.599952,0,https://relisten.net/disco-biscuits/2003/07/26,4.53333333333333,0,0,0
b24fef20-8f62-4617-ae36-133b651686ef,1997-03-25-p-b-finnian-s-plattsburgh-ny,1997-03-25,90595224-0946-44c7-a487-4716d6445273,db7f2c5d-2727-41fd-bd6f-e91c74164f09,"",43,2020-02-22 16:19:52.200407,2022-11-06 14:04:14.996422,0,https://relisten.net/disco-biscuits/1997/03/25,4.5,0,0,0
b900e4df-b411-44dc-8f3c-efeda754e1c8,1999-03-22-cicero-s-st-louis-mo,1999-03-22,6d3d9cc2-731f-41ea-a286-130e36f6e58f,db7f2c5d-2727-41fd-bd6f-e91c74164f09,"",363,2020-02-22 16:19:52.200407,2022-08-31 11:12:07.817299,0,https://relisten.net/disco-biscuits/1999/03/22,4.5,0,0,0
afe26aab-5935-4af7-88f7-cca826d933aa,2006-05-04-barrymore-theater-madison-wi,2006-05-04,34d157ac-ef3f-4078-bffc-fc1a0446bf0c,db7f2c5d-2727-41fd-bd6f-e91c74164f09,"",892,2020-02-22 16:19:52.200407,2023-02-03 10:22:31.677746,0,https://relisten.net/disco-biscuits/2006/05/04,4.14285714285714,0,0,1
b25a0aad-8e11-45d5-931e-f04827938ec7,1998-06-11-island-rock-cafe-st-simon-s-island-ga,1998-06-11,f6cee43c-93cd-409e-9e52-ba0d1b36646e,db7f2c5d-2727-41fd-bd6f-e91c74164f09,"",236,2020-02-22 16:19:52.200407,2022-11-06 14:12:05.375907,0,https://relisten.net/disco-biscuits/1998/06/11,3,0,0,0
aea7d7cd-8a5a-4326-812d-704e670e2e69,1998-06-12-j-j-cagney-s-savannah-ga,1998-06-12,39e32af0-efc6-4278-a45c-fba90f9e24ff,db7f2c5d-2727-41fd-bd6f-e91c74164f09,"",237,2020-02-22 16:19:52.200407,2022-11-06 14:12:08.981594,0,https://relisten.net/disco-biscuits/1998/06/12,3,0,0,0
bdb16248-0072-4776-8c38-61071768a35d,1997-05-22-metronome-burlington-vt,1997-05-22,31d9d95c-1142-448c-bdda-72d848dcb209,db7f2c5d-2727-41fd-bd6f-e91c74164f09,"",63,2020-02-22 16:19:52.200407,2020-02-23 00:37:32.516917,0,,0,0,0,0
beb728d9-38d9-48fc-b11a-273b390bd755,1997-05-29-harper-s-ferry-cambridge-ma,1997-05-29,8a3ee14a-a3fb-4551-a021-cfcc32cf596a,db7f2c5d-2727-41fd-bd6f-e91c74164f09,Opening for the Gibb Droll Band and Moon Boot Lover,69,2020-02-22 16:19:52.200407,2020-02-23 00:37:32.639785,0,,0,0,0,0
c1043a08-c8e6-480b-8a0a-be95315fb5ee,1997-06-07-cafe-210-west-state-college-pa,1997-06-07,bb1ea85c-f87c-4a31-95b7-d33fcb04abbc,db7f2c5d-2727-41fd-bd6f-e91c74164f09,Possibly incomplete.,73,2020-02-22 16:19:52.200407,2020-02-23 00:37:32.994999,0,,0,0,0,0
c2a55622-e545-4bd1-a164-27c6fa6e409d,1999-03-11-unknown-venue-larmie-wy,1999-03-11,7ba51842-d217-4d28-843a-5657c3ee5e68,db7f2c5d-2727-41fd-bd6f-e91c74164f09,-- CANCELED --,354,2020-02-22 16:19:52.200407,2020-02-23 00:37:33.260283,0,,0,0,0,0
b7cfe410-0795-48c5-adaf-6211d554d7db,1999-05-11-blue-terrapin-elizabethtown-pa,1999-05-11,37174f51-d4c0-4e8d-a07c-64829a136521,db7f2c5d-2727-41fd-bd6f-e91c74164f09,"Minus Three Wishes, the second set and encore was the fourth complete performance of 'the Hot Air Balloon'.",387,2020-02-22 16:19:52.200407,2023-08-26 17:48:07.442531,0,https://relisten.net/disco-biscuits/1999/05/11,4.63636363636364,0,1,0
b0cf14b7-7ebe-4d8c-aee7-8c786187c5e4,1999-09-14-wilbert-s-cleveland-oh,1999-09-14,c8b5851a-763e-41be-99a3-bbcc0d9a9886,db7f2c5d-2727-41fd-bd6f-e91c74164f09,"",418,2020-02-22 16:19:52.200407,2023-06-21 19:05:52.552936,0,https://relisten.net/disco-biscuits/1999/09/14,4.1,0,0,0
bb9945b5-2091-442f-9caa-3405d28b1408,2001-09-30-the-galaxy-theatre-santa-ana-ca,2001-09-30,470f10b7-71b1-4965-82c2-11eda1c8cb0c,db7f2c5d-2727-41fd-bd6f-e91c74164f09,"",584,2020-02-22 16:19:52.200407,2023-06-28 15:47:57.736251,0,https://relisten.net/disco-biscuits/2001/09/30,4.0625,0,0,1
b4e36ede-528e-45a7-a3bf-e08b8e066286,1999-10-22-georgia-theater-athens-ga,1999-10-22,b9399fba-a918-42a9-a1b3-aca290673d1a,db7f2c5d-2727-41fd-bd6f-e91c74164f09,"",445,2020-02-22 16:19:52.200407,2024-05-29 21:41:28.435467,0,https://relisten.net/disco-biscuits/1999/10/22,4.56666666666667,0,0,0
ae915d2d-8dcf-4c7f-830b-ef2b66c5ec8d,2015-12-31-playstation-theater-new-york-ny,2015-12-31,7b00c23c-dc31-4e72-8633-820e8c228ff4,db7f2c5d-2727-41fd-bd6f-e91c74164f09,Consider the Source opened,1472,2020-02-22 16:19:52.200407,2024-02-18 12:48:59.344246,0,,4.38888888888889,0,0,2
bc0781d7-d168-47d6-9e59-14aed1b13211,1997-07-15-hard-rock-cafe-taj-mahal-atlantic-city-nj,1997-07-15,381932e1-483c-4a29-bd20-4561ba47192b,db7f2c5d-2727-41fd-bd6f-e91c74164f09,"",88,2020-02-22 16:19:52.200407,2024-02-29 15:09:13.854554,0,https://relisten.net/disco-biscuits/1997/07/15,3.5,0,0,0
c1070493-cda8-4943-87f3-29eab79611eb,1998-04-30-the-haunt-ithaca-ny,1998-04-30,643378cc-358f-4082-b83a-5240a4c1fd22,db7f2c5d-2727-41fd-bd6f-e91c74164f09,Opening for Plastic Nebraska,212,2020-02-22 16:19:52.200407,2024-04-22 21:51:25.113740,0,https://relisten.net/disco-biscuits/1998/04/30,2.5,0,0,0
bae4249b-3145-412a-9613-53b51077f7a7,1999-04-10-recher-theatre-towson-md,1999-04-10,e478ad9b-42c9-4527-ba9b-cf0950b71100,db7f2c5d-2727-41fd-bd6f-e91c74164f09,Formerly the Rec Room,370,2020-02-22 16:19:52.200407,2024-05-22 04:57:44.422061,0,https://relisten.net/disco-biscuits/1999/04/10,4.61764705882353,6,0,0
ae48e4d6-0c0d-4514-931d-d7d937543a6b,2008-04-02-higher-ground-s-burlington-vt,2008-04-02,a80851a9-f6e6-464e-8255-af00be69d62e,db7f2c5d-2727-41fd-bd6f-e91c74164f09,Future Rock opened,1075,2020-02-22 16:19:52.200407,2024-02-10 01:33:17.912037,0,https://relisten.net/disco-biscuits/2008/04/02,4.25,0,0,2
bafd9be7-5da3-46bf-b83a-1661c5b8e073,1998-05-03-campus-courtyard-suny-plattsburgh-plattsburgh-ny,1998-05-03,f57068f7-a42d-4470-a75e-5bbc9f302e29,db7f2c5d-2727-41fd-bd6f-e91c74164f09,Soundcheck: I-Man,215,2020-02-22 16:19:52.200407,2023-08-01 16:25:42.728900,0,,4,9,0,0
bbb2feb5-dbca-4fde-98ce-09a858f0f591,2011-04-14-best-buy-theater-new-york-ny,2011-04-14,3c1485b6-a149-49d6-ae5d-7f2a65afe7d3,db7f2c5d-2727-41fd-bd6f-e91c74164f09,Ski Beatz and McKenzie Eddy opened,1326,2020-02-22 16:19:52.200407,2024-03-27 23:56:31.039133,0,,4.13636363636364,0,0,1
b4e36652-1616-4d5c-bcfc-572598d60424,1998-06-25-8-x-10-club-baltimore-md,1998-06-25,60c4a1cd-a2c1-4fc1-bddb-cc6a0fe59488,db7f2c5d-2727-41fd-bd6f-e91c74164f09,"",244,2020-02-22 16:19:52.200407,2023-08-26 17:43:49.199615,0,https://relisten.net/disco-biscuits/1998/06/25,4.33333333333333,0,0,0
bbc7c510-1fbf-4e08-9fa6-2b902381838c,2004-09-05-webster-theater-hartford-ct,2004-09-05,78d9872d-f2e0-4156-9363-fc2fe55c64d8,db7f2c5d-2727-41fd-bd6f-e91c74164f09,DJ Seishi opened.,830,2020-02-22 16:19:52.200407,2023-08-27 11:34:20.644367,0,https://relisten.net/disco-biscuits/2004/09/05,4.67647058823529,0,0,0
bebb546c-3c4e-423c-81ec-902ee4bb3324,1998-02-21-east-end-cafe-newark-de,1998-02-21,cfc1f3e7-06d2-41ae-bfde-d8d156125df3,db7f2c5d-2727-41fd-bd6f-e91c74164f09,"Soundcheck: Road Song, Mindless Dribble, Bernstein and Chasnoff",178,2020-02-22 16:19:52.200407,2024-04-17 16:55:54.137372,0,https://relisten.net/disco-biscuits/1998/02/21,3.5,0,0,0
3735cfa8-685d-4de4-88a2-d4e10a4ab924,2000-10-26-metro-chicago-il,2000-10-26,a88ca7fb-6172-4240-af3f-d69b62973f7a,db7f2c5d-2727-41fd-bd6f-e91c74164f09,"",484,2020-02-22 16:19:52.200407,2024-12-07 00:34:35.960919,0,https://relisten.net/disco-biscuits/2000/10/26,4.66666666666667,0,0,0
bc5ee2d0-abd7-499a-a720-725678b7530e,1999-12-30-theater-of-the-living-arts-philadelphia-pa,1999-12-30,8e6923c1-dafd-42cd-8e53-9758c53c3fb4,db7f2c5d-2727-41fd-bd6f-e91c74164f09,"",455,2020-02-22 16:19:52.200407,2024-07-19 11:22:59.104414,0,https://relisten.net/disco-biscuits/1999/12/30,4.71153846153846,0,0,1
bb0badea-80b0-4c12-bd41-5a9ceaf2e493,2009-11-18-4th-b-san-diego-ca,2009-11-18,caa62dab-0f17-40c6-bbfa-1eb94e41f808,db7f2c5d-2727-41fd-bd6f-e91c74164f09,BLVD opened,1201,2020-02-22 16:19:52.200407,2024-06-30 06:09:49.590073,0,https://relisten.net/disco-biscuits/2009/11/18,4.3125,0,0,0
7acc1f56-acb5-4a3a-924a-f137d9075a03,2023-12-31-franklin-music-hall-philadelphia-pa,2023-12-31,2bbe3765-c8b8-4bff-989d-2a522ece714f,db7f2c5d-2727-41fd-bd6f-e91c74164f09,"Soundcheck: The Deal, Munchkin Invasion, Caterpillar

Formerly Electric Factory (Set 2 was Electricity themed)",,2024-01-01 02:10:12.850914,2024-11-29 02:02:43.831605,0,https://relisten.net/disco-biscuits/2023/12/31,4.51388888888889,0,0,1
b1c91193-b56d-4268-ba14-3b51f43b4958,2006-04-29-georgia-theater-athens-ga,2006-04-29,b9399fba-a918-42a9-a1b3-aca290673d1a,db7f2c5d-2727-41fd-bd6f-e91c74164f09,The Southern 'Wind at Four to Fly' CD Release Party,889,2020-02-22 16:19:52.200407,2024-11-10 02:23:27.682704,0,https://relisten.net/disco-biscuits/2006/04/29,4.13333333333333,0,1,1
ba8bf04d-feb6-4eaf-aaee-4d20fdad3028,2008-03-08-seminole-indian-reservation-big-cypress-fl,2008-03-08,82d8dbc7-78fb-4aff-9c7c-38642edd8cf8,db7f2c5d-2727-41fd-bd6f-e91c74164f09,"Langerado 2008<br>Other acts included The Beastie Boys, R.E.M., Phil Lesh, Phix and more",1050,2020-02-22 16:19:52.200407,2024-11-22 01:41:26.372675,0,https://relisten.net/disco-biscuits/2008/03/08,4.09090909090909,0,1,1
b029f955-bfff-4196-8144-cda3988352f6,2011-01-22-mayan-holidaze-now-sapphire-resort-puerto-morelos-mexico,2011-01-22,72be8ba0-a1c5-4b23-8f60-b88a34053585,db7f2c5d-2727-41fd-bd6f-e91c74164f09,Mayan Holidaze,1319,2020-02-22 16:19:52.200407,2024-03-27 23:58:05.522185,0,https://relisten.net/disco-biscuits/2011/01/22,3.88888888888889,0,0,0
b392780d-7426-4c83-b2ef-33ba55356a66,2007-08-15-mccarren-park-pool-williamsburg-ny,2007-08-15,9ab46a1c-d349-4e5f-a281-bb3d3afb578f,db7f2c5d-2727-41fd-bd6f-e91c74164f09,Camp Bisco VI Pre-Party<br>Umphrey's McGee opened,1002,2020-02-22 16:19:52.200407,2024-04-04 20:27:00.644136,0,https://relisten.net/disco-biscuits/2007/08/15,3.53571428571429,0,0,1
c3367563-6acc-4cc2-9985-49fed2baf16b,2009-06-30-newport-music-hall-columbus-oh,2009-06-30,04aa905a-f64f-428b-ac41-0bae402258fd,db7f2c5d-2727-41fd-bd6f-e91c74164f09,EOTO and Future Rock opened,1105,2020-02-22 16:19:52.200407,2022-10-27 18:21:48.459190,0,https://relisten.net/disco-biscuits/2009/06/30,4,0,0,1
ba705b5a-fa92-4a4c-be04-cefa61d08542,1998-01-16-student-center-washington-college-chesterton-md,1998-01-16,95b0947e-2d65-435c-9e85-78e700825e9d,db7f2c5d-2727-41fd-bd6f-e91c74164f09,"",159,2020-02-22 16:19:52.200407,2022-11-06 14:07:39.105572,0,https://relisten.net/disco-biscuits/1998/01/16,3.25,0,0,0
c4104c8e-8def-4cd7-a62a-d7ce33c75940,1996-04-19-zeta-psi-university-of-pennsylvania-philadelphia-pa,1996-04-19,c6c7725a-6e5f-45c3-8b22-f73c05b270db,db7f2c5d-2727-41fd-bd6f-e91c74164f09,"",12,2020-02-22 16:19:52.200407,2020-02-23 00:37:33.399659,0,,0,0,0,0
c450845e-1bce-42ce-a74d-b438ba0424b0,1997-07-25-hard-hat-dalton-ma,1997-07-25,4c010573-28ac-40d5-954f-536a04af0723,db7f2c5d-2727-41fd-bd6f-e91c74164f09,"",94,2020-02-22 16:19:52.200407,2020-02-23 00:37:33.464164,0,,0,0,0,0
c5d051df-d316-4eeb-bd86-f640b6ad125c,1997-05-18-grassroots-festival-woodbury-ski-and-racquet-club-woodbury-ct,1997-05-18,4092f69c-4b81-4536-8005-99dc68dfc0ee,db7f2c5d-2727-41fd-bd6f-e91c74164f09,Opening for Colonel Bruce Hampton and Friends,61,2020-02-22 16:19:52.200407,2020-02-23 00:37:33.681832,0,,0,0,0,0
cb1a2795-f1e1-4a0d-996e-c28082fbda0f,1997-05-26-stone-coast-laconia-nh,1997-05-26,4a6fcffc-5801-4830-a69b-adb31d7d1aa9,db7f2c5d-2727-41fd-bd6f-e91c74164f09,"",67,2020-02-22 16:19:52.200407,2020-02-23 00:37:34.439017,0,,0,0,0,0
cd952903-310f-45c8-beae-a0bef9e3ed1f,1996-11-26-wetlands-preserve-new-york-ny,1996-11-26,81bb358f-2ed6-4358-80b5-fb740207d89a,db7f2c5d-2727-41fd-bd6f-e91c74164f09,Incomplete,24,2020-02-22 16:19:52.200407,2020-02-23 00:37:34.721574,0,,0,0,0,0
cb12e874-e565-4cd4-aa85-bfe537b2b848,2009-02-05-cain-s-ballroom-tulsa-ok,2009-02-05,4e83e983-df17-45af-a624-f204845a9312,db7f2c5d-2727-41fd-bd6f-e91c74164f09,"",1146,2020-02-22 16:19:52.200407,2024-02-15 17:19:29.204231,0,,3.13636363636364,0,0,1
71e10061-6f09-4b6d-88d1-156e365f28ce,1997-10-13-new-deal-roadhouse-deal-nj,1997-10-13,2fe4a1a0-4a5b-4f11-b363-e5371d99e0c1,db7f2c5d-2727-41fd-bd6f-e91c74164f09,"",121,2020-02-22 16:19:52.200407,2023-07-31 20:00:47.873749,0,https://relisten.net/disco-biscuits/1997/10/13,3.5,0,0,0
ceab4343-4033-42a7-bdca-07850909483d,2009-04-25-thomas-wolfe-auditorium-asheville-nc,2009-04-25,4edf3617-0217-449c-942b-87afacc9c08d,db7f2c5d-2727-41fd-bd6f-e91c74164f09,"",1117,2020-02-22 16:19:52.200407,2023-08-03 03:22:18.446860,0,,4.18181818181818,20,0,2
c452670b-bf1b-4135-95de-3e0abcee9340,2009-01-23-first-avenue-minneapolis-mn,2009-01-23,5e132862-c782-4d9a-ad9f-0b730f88f31d,db7f2c5d-2727-41fd-bd6f-e91c74164f09,Future Rock opened,1155,2020-02-22 16:19:52.200407,2024-02-15 17:20:03.218548,0,https://relisten.net/disco-biscuits/2009/01/23,3.77272727272727,0,0,1
c26f9067-6409-4bb2-8328-bea914c83d35,2019-11-17-the-national-richmond-va,2019-11-17,42021528-811e-4168-8125-91ed90c5e5ba,db7f2c5d-2727-41fd-bd6f-e91c74164f09,"",1602,2020-02-22 16:19:52.200407,2023-08-30 10:42:47.219115,0,,4.20967741935484,0,1,2
c9039ee0-22d1-4e8e-b97d-761e624d3d32,2003-04-05-8150-vail-co,2003-04-05,4c331f74-ca41-4b00-ad9b-735927de0c6b,db7f2c5d-2727-41fd-bd6f-e91c74164f09,"",711,2020-02-22 16:19:52.200407,2024-02-16 12:29:07.485167,0,https://relisten.net/disco-biscuits/2003/04/05,3.83333333333333,0,0,0
ca8187c0-c2ac-4685-acf6-611220d88221,2019-07-19-montage-mountain-scranton-pa,2019-07-19,6b1fd49c-f558-476a-b1eb-8451b52652ff,db7f2c5d-2727-41fd-bd6f-e91c74164f09,Camp Bisco 17,1594,2020-02-22 16:19:52.200407,2024-11-25 15:45:42.037196,0,https://relisten.net/disco-biscuits/2019/07/19,4.01612903225806,0,2,2
c47b3eda-8757-4033-ae6f-50b892c6cb73,2017-10-27-the-palladium-worcester-ma,2017-10-27,53cc7c67-4d8d-4663-8cea-5654d807867d,db7f2c5d-2727-41fd-bd6f-e91c74164f09,"",1533,2020-02-22 16:19:52.200407,2024-11-25 15:46:02.955163,0,,4.68965517241379,0,1,4
ba74bc50-099c-439b-9972-081dd8e1f268,1998-05-09-spring-jam-wilmer-s-park-brandywine-md,1998-05-09,861ec3a8-7883-4474-84ad-60d3bc5df979,db7f2c5d-2727-41fd-bd6f-e91c74164f09,"",721,2020-02-22 16:19:52.200407,2023-08-26 17:41:53.565210,0,,4,0,0,0
c323283d-f4a7-46de-b431-d93c1dd57570,2006-11-02-water-street-music-hall-rochester-ny,2006-11-02,8beaf894-d987-4683-8c46-ea05cf0be1ce,db7f2c5d-2727-41fd-bd6f-e91c74164f09,With Shawn Hennessey on percussion,927,2020-02-22 16:19:52.200407,2023-08-25 17:44:08.996788,0,https://relisten.net/disco-biscuits/2006/11/02,4,0,0,1
be31d872-49ca-4242-ba3e-d58bf038f2b1,2006-03-19-the-max-amsterdam-holland,2006-03-19,4a85e92d-81f7-46e4-8432-6125b0ba026f,db7f2c5d-2727-41fd-bd6f-e91c74164f09,"Jam in the Dam '06. With Umphrey's McGee, STS9, and The Benevento/Russo Duo.",872,2020-02-22 16:19:52.200407,2023-08-27 11:37:57.611873,0,,4.18181818181818,0,0,0
bfded36a-9fb3-401e-a3c1-1b00e3099ace,2006-12-09-the-independent-san-francisco-ca,2006-12-09,6e3e8680-6bdb-4a06-ab4e-5207bc13907c,db7f2c5d-2727-41fd-bd6f-e91c74164f09,"",951,2020-02-22 16:19:52.200407,2023-08-27 11:42:56.102751,0,https://relisten.net/disco-biscuits/2006/12/09,4.65789473684211,0,0,2
c0ebf6bd-599f-4901-b8da-0486aee3fb35,2009-06-24-bottle-cork-dewey-beach-de,2009-06-24,2471d945-3cc3-41ad-a6f0-2f16a71342eb,db7f2c5d-2727-41fd-bd6f-e91c74164f09,"",1110,2020-02-22 16:19:52.200407,2023-08-27 11:50:55.495675,0,,4.27272727272727,0,0,2
ca12c8a0-237d-4699-8017-12a5152d57d5,2001-04-12-pearl-street-northampton-ma,2001-04-12,4ad803c7-4c3d-4aa4-96df-7b0250f6b506,db7f2c5d-2727-41fd-bd6f-e91c74164f09,"",525,2020-02-22 16:19:52.200407,2024-03-28 00:09:06.733576,0,https://relisten.net/disco-biscuits/2001/04/12,4.38888888888889,0,0,2
c066f3b6-1a92-43c8-9c93-4fe970c0fdce,2010-10-28-norva-theater-norfolk-va,2010-10-28,34daf77d-8b69-4d05-9e79-e5d2850216f8,db7f2c5d-2727-41fd-bd6f-e91c74164f09,Senseis opened,1304,2020-02-22 16:19:52.200407,2023-09-01 20:18:05.852874,0,,4.4375,0,0,2
c431fa27-3220-44a6-a90d-8883dc07b16b,1997-09-20-bucknell-university-bucknell-pa,1997-09-20,7d939bae-23b4-414f-aa16-502c79203e44,db7f2c5d-2727-41fd-bd6f-e91c74164f09,"",720,2020-02-22 16:19:52.200407,2024-04-10 20:16:29.970320,0,https://relisten.net/disco-biscuits/1997/09/20,0,0,0,0
c0b385f9-6052-4363-b5c3-e99d42cee73a,2009-03-01-rams-head-live-baltimore-md,2009-03-01,f6f5a9f7-9caf-4df0-8000-1b56c9b0156e,db7f2c5d-2727-41fd-bd6f-e91c74164f09,Break Science and Orchard Lounge opened,1135,2020-02-22 16:19:52.200407,2024-04-23 15:00:42.839466,0,https://relisten.net/disco-biscuits/2009/03/01,3.61538461538462,0,0,1
c3df864d-ca9a-4e93-a599-14951f5349bb,2016-04-22-centennial-olympic-park-atlanta-ga,2016-04-22,aefa140e-c893-43c5-b487-558915159646,db7f2c5d-2727-41fd-bd6f-e91c74164f09,Sweetwater 420 Fest,1484,2020-02-22 16:19:52.200407,2024-08-29 20:01:59.013298,0,,3.76666666666667,0,0,1
bc307869-b637-4a04-9169-a42a82682c11,2006-11-03-the-calvin-northampton-ma,2006-11-03,d4947160-f660-4ad3-9f5b-9a33becb14bf,db7f2c5d-2727-41fd-bd6f-e91c74164f09,With Shawn Hennessey on percussion and backup guitar,928,2020-02-22 16:19:52.200407,2024-07-29 09:08:01.452579,0,https://relisten.net/disco-biscuits/2006/11/03,4.23333333333333,0,0,1
cc766caa-fc77-4b38-a165-3af3c1ac8c36,2018-12-28-the-fillmore-philadelphia-pa,2018-12-28,772346af-6a44-47b2-980d-aba4db9f114f,db7f2c5d-2727-41fd-bd6f-e91c74164f09,"",1578,2020-02-22 16:19:52.200407,2024-08-25 20:34:49.760782,0,,4.33333333333333,0,1,1
cab2798c-9514-43ae-ac61-cfca66a48f9e,2011-01-14-boulder-theater-boulder-co,2011-01-14,88fdfe2f-b85b-4aa0-ab05-613bd43f41cd,db7f2c5d-2727-41fd-bd6f-e91c74164f09,Frequent-C opened,1315,2020-02-22 16:19:52.200407,2024-08-29 19:21:57.082671,0,https://relisten.net/disco-biscuits/2011/01/14,4.13888888888889,0,2,2
478aabec-989a-4187-aa78-8aa262044dab,2023-03-25-the-capitol-theater-port-chester-ny,2023-03-25,3dbcb903-ae38-48e8-aeef-c2ba426f6320,db7f2c5d-2727-41fd-bd6f-e91c74164f09,Eggy Opened,,2023-03-26 01:50:38.720916,2024-11-26 00:00:47.937477,0,"",4.44736842105263,0,0,1
cabb2966-8efe-4996-b1cd-ff6e12c1ad17,2007-06-29-lincoln-theatre-street-stage-raleigh-nc,2007-06-29,301bb7dd-cb31-4f25-9eb5-efc8e6c5d193,db7f2c5d-2727-41fd-bd6f-e91c74164f09,D.U.M.B. Southern Tour<br>Umphrey's McGee opened,986,2020-02-22 16:19:52.200407,2024-11-10 02:27:43.372245,0,https://relisten.net/disco-biscuits/2007/06/29,4.39285714285714,0,1,1
bf5b0c66-7135-4948-90bc-983f4a333709,2001-03-17-waterloo-park-south-by-southwest-austin-tx,2001-03-17,b94899bb-a40f-4028-b6fc-598e788e71a1,db7f2c5d-2727-41fd-bd6f-e91c74164f09,"",508,2020-02-22 16:19:52.200407,2024-11-25 11:49:34.959294,0,https://relisten.net/disco-biscuits/2001/03/17,2.125,36,0,1
c32ee2a4-6c2e-427b-a2cd-a16227c8628b,1997-03-27-ocean-mist-matunick-ri,1997-03-27,1eee7b09-f4d8-4eb7-ac0e-b1f4572b40ec,db7f2c5d-2727-41fd-bd6f-e91c74164f09,"",45,2020-02-22 16:19:52.200407,2022-11-06 14:04:21.024614,0,https://relisten.net/disco-biscuits/1997/03/27,3.5,0,0,0
c591c820-0748-4cd5-8797-632df328c27d,1998-09-16-tammany-hall-worcester-ma,1998-09-16,006f9b72-c8db-45dc-afad-b0fc65ab2a8e,db7f2c5d-2727-41fd-bd6f-e91c74164f09,"",285,2020-02-22 16:19:52.200407,2022-09-21 02:02:39.124107,0,https://relisten.net/disco-biscuits/1998/09/16,3.25,0,0,0
caa62af7-1ee4-447e-8360-3f51559ee5af,2015-04-15-ogden-theater-denver-co,2015-04-15,6a113f67-1c38-4874-a465-80b7ae21d2f8,db7f2c5d-2727-41fd-bd6f-e91c74164f09,"",1452,2020-02-22 16:19:52.200407,2024-04-29 20:54:48.351226,0,,3.85714285714286,0,0,0
cfbe5b88-6336-4be2-836f-ba0071630dbf,1999-03-17-saddle-creek-bar-omaha-ne,1999-03-17,d1f2104e-9fac-47d3-9f4e-2e2ca358fd8a,db7f2c5d-2727-41fd-bd6f-e91c74164f09,"",358,2020-02-22 16:19:52.200407,2022-09-13 21:14:28.111501,0,https://relisten.net/disco-biscuits/1999/03/17,4,0,2,0
c43e1b00-992b-431c-b1fa-36957a0ebc43,1998-10-16-8-x-10-club-baltimore-md,1998-10-16,60c4a1cd-a2c1-4fc1-bddb-cc6a0fe59488,db7f2c5d-2727-41fd-bd6f-e91c74164f09,"",299,2020-02-22 16:19:52.200407,2022-09-21 02:03:36.666917,0,https://relisten.net/disco-biscuits/1998/10/16,3,0,0,0
ca4be042-aed0-44df-a8be-9ab48a2e1b08,2007-10-16-cannery-ballroom-nashville-tn,2007-10-16,ddd0dd10-b935-4c9c-856d-4a6ea2b0ddc6,db7f2c5d-2727-41fd-bd6f-e91c74164f09,ALO Opened,1014,2020-02-22 16:19:52.200407,2023-01-23 01:45:18.494480,0,https://relisten.net/disco-biscuits/2007/10/16,4.07692307692308,0,0,1
cf7095a5-cb4f-4a97-bf9c-de6cb13e2d00,1995-12-02-blarney-stone-philadelphia-pa,1995-12-02,4507c656-b5cc-4af9-8fd5-37a24679106e,db7f2c5d-2727-41fd-bd6f-e91c74164f09,"",2,2020-02-22 16:19:52.200407,2021-08-01 18:11:10.553151,0,,4,0,0,0
cfd9a01d-88ec-4736-904b-8a3b22f6e7e1,1995-04-01-unknown-venue-philadelphia-pa,1995-04-01,8609ffe2-3534-42c5-80f3-766b917af218,db7f2c5d-2727-41fd-bd6f-e91c74164f09,Played as Zex Sea ,1227,2020-02-22 16:19:52.200407,2020-02-23 00:37:35.070342,0,,0,0,0,0
cb8675f2-0ed1-4902-b681-78ff3e1bf7e7,2009-03-06-music-farm-charleston-sc,2009-03-06,8f9fe89b-78f7-46a5-a5b4-cd53967c8ed2,db7f2c5d-2727-41fd-bd6f-e91c74164f09,"DJ Piper opened, M.O. Theory at set break",1132,2020-02-22 16:19:52.200407,2024-03-06 12:52:08.203137,0,https://relisten.net/disco-biscuits/2009/03/06,3.88461538461538,0,0,2
d29e3707-2ce2-499c-8d46-dd635f071ede,1997-11-14-cabaloosa-new-paltz-ny,1997-11-14,8c3e9a81-d10e-46de-835a-67050a55bf40,db7f2c5d-2727-41fd-bd6f-e91c74164f09,Opening for Schleigho,138,2020-02-22 16:19:52.200407,2020-02-23 00:37:35.375708,0,,0,0,0,0
d6600462-6cf2-43d2-899c-b12fd372eafc,2007-10-18-vic-theatre-chicago-il,2007-10-18,334afd15-e73f-4888-a89e-ea0a19932bde,db7f2c5d-2727-41fd-bd6f-e91c74164f09,"",1016,2020-02-22 16:19:52.200407,2022-09-13 19:43:14.090100,0,https://relisten.net/disco-biscuits/2007/10/18,3.78571428571429,0,0,1
c58e789f-029c-4eba-bb69-28cf8b0c4fa1,2004-01-06-imperial-majesty-regal-empress-the-open-seas-fl,2004-01-06,3767dade-6aae-477b-b97b-6ef380a67731,db7f2c5d-2727-41fd-bd6f-e91c74164f09,"",814,2020-02-22 16:19:52.200407,2023-08-02 19:26:22.905597,0,,4.22222222222222,0,0,0
ce18a8c5-dca5-4897-b419-2c71e96019c9,1997-03-20-lion-s-den-new-york-ny,1997-03-20,16f045de-6e50-4eec-9687-5fc4a5777b27,db7f2c5d-2727-41fd-bd6f-e91c74164f09,"",39,2020-02-22 16:19:52.200407,2023-07-31 19:34:47.057450,0,https://relisten.net/disco-biscuits/1997/03/20,3.5,0,0,0
ced7accc-ddea-48d3-976a-0b8f07d383f1,1997-10-04-denison-university-denison-oh,1997-10-04,8b892a42-70a5-49c6-8c87-a1c106200aa1,db7f2c5d-2727-41fd-bd6f-e91c74164f09,"",116,2020-02-22 16:19:52.200407,2023-07-31 19:59:00.530477,0,https://relisten.net/disco-biscuits/1997/10/04,3.75,0,0,0
d13a9b87-7c43-40f3-8499-d3189baf7082,2009-12-27-nokia-theater-new-york-ny,2009-12-27,e66af935-c834-43cb-a7d2-2983b29408e4,db7f2c5d-2727-41fd-bd6f-e91c74164f09,Bonobo opened,1212,2020-02-22 16:19:52.200407,2024-02-18 12:36:42.502393,0,,3.88888888888889,0,0,0
cde6a4ed-cd62-4809-8f52-98fb34b3b9d5,1999-04-24-ocean-mist-matunick-ri,1999-04-24,1eee7b09-f4d8-4eb7-ac0e-b1f4572b40ec,db7f2c5d-2727-41fd-bd6f-e91c74164f09,Uncle Sammy opened.,724,2020-02-22 16:19:52.200407,2023-08-26 17:47:10.108524,0,https://relisten.net/disco-biscuits/1999/04/24,4.3,0,0,0
1807301e-477b-4220-aeac-a8a2c7503b48,2001-04-05-house-of-blues-chicago-il,2001-04-05,f2bb6043-a499-4361-a881-5f9e728db092,db7f2c5d-2727-41fd-bd6f-e91c74164f09,"",520,2020-02-22 16:19:52.200407,2024-12-07 00:34:52.962932,0,https://relisten.net/disco-biscuits/2001/04/05,3.95454545454545,0,0,1
c5e80d2c-02a4-454a-87a4-64b14294507b,2000-04-15-recher-theatre-towson-md,2000-04-15,e478ad9b-42c9-4527-ba9b-cf0950b71100,db7f2c5d-2727-41fd-bd6f-e91c74164f09,DJ Mauricio opened.,458,2020-02-22 16:19:52.200407,2024-05-29 21:44:19.429174,0,https://relisten.net/disco-biscuits/2000/04/15,4,17,2,0
cff8baae-837f-43d3-92db-11ecbe1af622,2001-11-01-wett-bar-vancouver-bc,2001-11-01,dd74e4f7-26f1-41d8-a6ca-35f2711e31c0,db7f2c5d-2727-41fd-bd6f-e91c74164f09,"",588,2020-02-22 16:19:52.200407,2023-08-26 17:59:47.503743,0,https://relisten.net/disco-biscuits/2001/11/01,4.35,36,0,2
cf0dee5f-c066-4359-b8d5-37c777cc3331,2002-11-03-pearl-street-northampton-ma,2002-11-03,4ad803c7-4c3d-4aa4-96df-7b0250f6b506,db7f2c5d-2727-41fd-bd6f-e91c74164f09,"",696,2020-02-22 16:19:52.200407,2023-08-26 18:06:14.423849,0,https://relisten.net/disco-biscuits/2002/11/03,4.63636363636364,0,0,0
d00702a4-450c-4521-8a8d-77c126f0158b,2006-02-25-starland-ballroom-sayreville-nj,2006-02-25,d7bcd39a-04d3-46ae-913a-c950de7b6c5d,db7f2c5d-2727-41fd-bd6f-e91c74164f09,"",866,2020-02-22 16:19:52.200407,2023-08-27 11:37:27.200136,0,https://relisten.net/disco-biscuits/2006/02/25,4.11538461538461,0,0,1
cb53a2b0-757e-4e8f-851b-8c61d180b250,2007-07-07-plumas-country-fairgrounds-quincy-ca,2007-07-07,def90e2e-cd00-4659-a848-241097bde1bf,db7f2c5d-2727-41fd-bd6f-e91c74164f09,High Sierra Music Festival 2007<br>Late night set at the Funk'n Jam House,989,2020-02-22 16:19:52.200407,2023-08-27 11:46:50.249984,0,https://relisten.net/disco-biscuits/2007/07/07,4.2,0,0,2
c9536b7f-3b7f-4854-9afa-2defbac475e9,2002-03-08-whisky-a-go-go-los-angeles-ca,2002-03-08,dd74a22b-db64-42e9-b49b-27663ea87d48,db7f2c5d-2727-41fd-bd6f-e91c74164f09,"",613,2020-02-22 16:19:52.200407,2024-04-19 04:09:16.665215,0,https://relisten.net/disco-biscuits/2002/03/08,4.5,16,0,1
cfad4b0c-b328-4ea7-895c-581a0a2d55f3,1999-05-28-cicero-s-st-louis-mo,1999-05-28,6d3d9cc2-731f-41ea-a286-130e36f6e58f,db7f2c5d-2727-41fd-bd6f-e91c74164f09,"",394,2020-02-22 16:19:52.200407,2024-06-02 01:15:31.696123,0,https://relisten.net/disco-biscuits/1999/05/28,4.25,0,0,0
c80a193d-2996-4971-a22d-24c1bd57913a,2001-03-23-house-of-blues-west-hollywood-ca,2001-03-23,62362afd-e75f-44c4-930d-86c19d700322,db7f2c5d-2727-41fd-bd6f-e91c74164f09,"",510,2020-02-22 16:19:52.200407,2024-05-29 21:52:14.655235,0,https://relisten.net/disco-biscuits/2001/03/23,3.375,29,0,1
d2d8bced-1987-476c-a46c-72a488d850b3,2002-08-17-webster-theater-hartford-ct,2002-08-17,78d9872d-f2e0-4156-9363-fc2fe55c64d8,db7f2c5d-2727-41fd-bd6f-e91c74164f09,"",662,2020-02-22 16:19:52.200407,2024-11-21 16:30:20.107965,0,https://relisten.net/disco-biscuits/2002/08/17,4.67857142857143,0,0,0
757cb6ac-023e-476d-9d9d-3b9a5ea39f99,2014-01-24-ogden-theater-denver-co,2014-01-24,6a113f67-1c38-4874-a465-80b7ae21d2f8,db7f2c5d-2727-41fd-bd6f-e91c74164f09,"",1413,2020-02-22 16:19:52.200407,2024-08-25 20:24:09.148606,0,,3.66666666666667,0,0,2
ce94ad03-8a07-464e-95b2-57a5e073b467,2006-08-24-hunter-mountain-ski-lodge-hunter-ny,2006-08-24,6271e4ac-4f38-485d-9025-180612948356,db7f2c5d-2727-41fd-bd6f-e91c74164f09,"<i>Late Night Soundcheck, Post Moshi Moshi</i><br>Camp Bisco V: The Invocation<br>Featuring The Roots, Shpongle, Thievery Corporation, RJ-D2, Brothers Past, The Juan MacLean and many more.<br><br>  ",922,2020-02-22 16:19:52.200407,2024-11-10 02:24:23.574462,0,,3.76470588235294,0,0,0
cdc1dbd5-f95d-493f-9c37-4e8955a5b82b,2006-12-29-theater-of-the-living-arts-philadelphia-pa,2006-12-29,8e6923c1-dafd-42cd-8e53-9758c53c3fb4,db7f2c5d-2727-41fd-bd6f-e91c74164f09,"",954,2020-02-22 16:19:52.200407,2024-11-10 02:26:04.346270,0,https://relisten.net/disco-biscuits/2006/12/29,4.58928571428571,0,0,1
d32ccc42-c59b-4e28-b37a-5dd21e43d1ca,2008-04-05-the-palladium-worcester-ma,2008-04-05,53cc7c67-4d8d-4663-8cea-5654d807867d,db7f2c5d-2727-41fd-bd6f-e91c74164f09,Future Rock opened,1078,2020-02-22 16:19:52.200407,2024-11-22 01:27:45.218654,0,https://relisten.net/disco-biscuits/2008/04/05,4.59090909090909,0,0,2
c4af3748-e6de-4c5a-9082-ea410038aa17,2002-04-17-newport-music-hall-columbus-oh,2002-04-17,04aa905a-f64f-428b-ac41-0bae402258fd,db7f2c5d-2727-41fd-bd6f-e91c74164f09,"",629,2020-02-22 16:19:52.200407,2024-11-25 12:16:38.879091,0,https://relisten.net/disco-biscuits/2002/04/17,4.05555555555556,0,0,0
941e6095-146c-4858-b2e3-addde7a437ee,2023-08-11-blackthorne-resort-east-durham-ny,2023-08-11,0aa18b5a-984e-44d1-abaf-3b7a8a9c0169,db7f2c5d-2727-41fd-bd6f-e91c74164f09,Catskill Mountain Jubilee,,2023-08-12 01:07:18.088123,2024-11-17 10:03:07.331635,0,https://relisten.net/disco-biscuits/2023/08/11,4.3125,0,0,0
cf808643-0b98-4c4a-830b-97905870f9da,2010-09-18-mishawaka-amphitheater-bellvue-co,2010-09-18,0e289e2c-7798-403b-aba8-e0533a6e8039,db7f2c5d-2727-41fd-bd6f-e91c74164f09,"Re:Creation - Billed as Tractorbeam, other acts include Conspirator, M80 Dubstation, Ginger Kids (Lane + Ben of Pnuma Trio) and Raw Russ",1301,2020-02-22 16:19:52.200407,2022-09-12 20:42:10.018023,0,https://relisten.net/disco-biscuits/2010/09/18,3.91666666666667,0,0,0
e7879e63-6222-4429-b3c4-93fe6042f9a6,2007-07-18-the-rave-milwaukee-wi,2007-07-18,83c2ae5b-bf58-429d-81aa-4a2ecfe377c5,db7f2c5d-2727-41fd-bd6f-e91c74164f09,"",997,2020-02-22 16:19:52.200407,2024-03-16 05:08:25.734417,0,https://relisten.net/disco-biscuits/2007/07/18,4.35294117647059,0,0,2
ce61d842-6f68-478e-a378-943e14c400f4,2009-10-11-brooklyn-bowl-brooklyn-ny,2009-10-11,88649a0a-afe0-4ed9-a901-9e1f37e3215a,db7f2c5d-2727-41fd-bd6f-e91c74164f09,"",1192,2020-02-22 16:19:52.200407,2022-11-29 21:25:20.012454,0,,3.55,0,0,0
da51a232-eea9-42ad-ba05-6620171cd044,1996-12-06-irvine-auditorium-university-of-pennsylvania-philadelphia-pa,1996-12-06,bdc72d84-0110-4515-b4c0-87fe5327345b,db7f2c5d-2727-41fd-bd6f-e91c74164f09,Incomplete,25,2020-02-22 16:19:52.200407,2020-02-23 00:37:36.170834,0,,0,0,0,0
daa3e390-a553-404b-b14c-cd6a6ddb181c,2010-04-22-the-klein-memorial-auditorium-bridgeport-ct,2010-04-22,71706d2c-da31-439d-ae39-c597f52d6ae8,db7f2c5d-2727-41fd-bd6f-e91c74164f09,Entire show with Tom Hamilton and Chris Michetti on guitar and Jon on MIDI.,1258,2020-02-22 16:19:52.200407,2022-02-25 20:09:06.763736,0,https://relisten.net/disco-biscuits/2010/04/22,3,0,0,0
de22f87b-6fd2-4fa0-b837-75ac25ff780d,1998-01-10-valentine-s-albany-ny,1998-01-10,2975262b-4b83-4f7a-9b0d-1f5d75a841aa,db7f2c5d-2727-41fd-bd6f-e91c74164f09,Opening for Mr. Ferguson Band,157,2020-02-22 16:19:52.200407,2020-02-23 00:37:36.572419,0,,0,0,0,0
df19ecbd-d244-4404-8d29-c62a31736cad,1997-11-12-hungry-charlie-s-syracuse-ny,1997-11-12,0bb038f3-5d3f-4cbb-98ca-958f14a37275,db7f2c5d-2727-41fd-bd6f-e91c74164f09,-- CANCELLED --,136,2020-02-22 16:19:52.200407,2020-02-23 00:37:36.676155,0,,0,0,0,0
de5092e3-5829-4f2b-ba23-dc23da92aaf8,2004-01-12-imperial-majesty-regal-empress-the-open-seas-fl,2004-01-12,3767dade-6aae-477b-b97b-6ef380a67731,db7f2c5d-2727-41fd-bd6f-e91c74164f09,JamCruise I,816,2020-02-22 16:19:52.200407,2022-08-27 18:06:12.167793,0,,3.72222222222222,0,0,0
dd0fcc22-f960-45e4-81ea-f60120e6402a,1999-05-30-big-wu-family-reunion-minneapolis-mn,1999-05-30,1b0707f3-4510-4fcf-96c0-145a07619a8c,db7f2c5d-2727-41fd-bd6f-e91c74164f09,"Late night jam after the show:Barber with various musicians (see below): Eyes of the World, In Memory Of Elizabeth Reed, Pretty Peggy-O, Funk Jam, The Days Between, Ripple'Eyes of the World' and 'In The Memory Of Elizabeth Reed': Barber Stu Allen of the",396,2020-02-22 16:19:52.200407,2022-09-12 18:55:08.800649,0,https://relisten.net/disco-biscuits/1999/05/30,2.25,0,0,0
dc30b828-6f98-46a8-b296-6f97813aafb4,2008-03-17-the-max-amsterdam-holland,2008-03-17,4a85e92d-81f7-46e4-8432-6125b0ba026f,db7f2c5d-2727-41fd-bd6f-e91c74164f09,"Jam in the Dam 2008<br>Other acts include Umphrey's McGee, Tea Leaf Green, Lotus, Dark Star Orchestra and Perpetual Groove",1054,2020-02-22 16:19:52.200407,2022-09-13 19:46:24.748191,0,https://relisten.net/disco-biscuits/2008/03/17,4.14285714285714,0,0,1
df4f07c8-a15d-491c-b786-948b9de7e17b,2009-05-29-ogden-theater-denver-co,2009-05-29,6a113f67-1c38-4874-a465-80b7ae21d2f8,db7f2c5d-2727-41fd-bd6f-e91c74164f09,Orchard Lounge opened,1116,2020-02-22 16:19:52.200407,2022-08-27 17:30:30.527139,0,https://relisten.net/disco-biscuits/2009/05/29,4.5,0,0,2
dcaf17a5-829d-4a8a-8634-70c4f3934f0e,1999-02-06-chameleon-club-atlanta-ga,1999-02-06,b8a52c08-20b1-43c4-8f20-ed85c44f5bba,db7f2c5d-2727-41fd-bd6f-e91c74164f09,"",333,2020-02-22 16:19:52.200407,2022-08-31 11:10:55.768584,0,https://relisten.net/disco-biscuits/1999/02/06,3.25,0,0,0
dc2862d4-bb8b-4314-908c-244df3050672,2006-12-07-the-roxy-hollywood-ca,2006-12-07,f14def51-b4ea-4ed8-9aad-347848c90c32,db7f2c5d-2727-41fd-bd6f-e91c74164f09,"",949,2020-02-22 16:19:52.200407,2023-08-27 11:42:38.816190,0,,4.3,0,0,1
678d8131-c941-49ee-9235-047df34c387d,1997-10-20-new-deal-roadhouse-deal-nj,1997-10-20,2fe4a1a0-4a5b-4f11-b363-e5371d99e0c1,db7f2c5d-2727-41fd-bd6f-e91c74164f09,"",124,2020-02-22 16:19:52.200407,2023-07-31 20:01:22.565776,0,https://relisten.net/disco-biscuits/1997/10/20,4.25,0,0,0
dae25a0b-0ce8-4a97-88a8-030ecd4b7b89,2009-02-06-stubb-s-bar-b-q-austin-tx,2009-02-06,d251c7cf-e1ef-43c0-a4c9-13b9dab31fb2,db7f2c5d-2727-41fd-bd6f-e91c74164f09,Opened for Gov't Mule,1145,2020-02-22 16:19:52.200407,2024-02-15 17:19:25.085096,0,https://relisten.net/disco-biscuits/2009/02/06,3.6875,0,1,1
da93bb91-4ec8-4731-9276-9c9e75a0ee18,1998-04-25-delta-upsilon-bucknell-university-lewisburg-pa,1998-04-25,8ca70cf6-52a4-4407-9090-f33d945f5ae9,db7f2c5d-2727-41fd-bd6f-e91c74164f09,Soundcheck: Little Shimmy In A Conga Line,210,2020-02-22 16:19:52.200407,2024-04-22 21:50:59.607361,0,https://relisten.net/disco-biscuits/1998/04/25,3.5,0,0,0
dd396b63-30a8-49fd-b757-eba24b6bef1a,2010-12-29-terminal-5-new-york-ny,2010-12-29,7a6fdba6-bb89-4e71-9a32-0458cfd21632,db7f2c5d-2727-41fd-bd6f-e91c74164f09,"The Crystal Method opened, Sam Altman on drums for both sets.",1311,2020-02-22 16:19:52.200407,2023-08-27 12:00:02.712220,0,,4.36842105263158,0,0,0
d6ca75a9-1ef4-4bc6-88fb-b43b18f7fdd6,2019-12-27-playstation-theater-new-york-ny,2019-12-27,7b00c23c-dc31-4e72-8633-820e8c228ff4,db7f2c5d-2727-41fd-bd6f-e91c74164f09,"",1612,2020-02-22 16:19:52.200407,2023-08-30 10:47:47.388140,0,,4.20967741935484,0,1,2
d1d22cba-e3c1-49f7-8d8b-75a05bf538a4,2007-10-15-new-daisy-theatre-memphis-tn,2007-10-15,5e84fea0-40e4-4805-8f95-4c1b41930f54,db7f2c5d-2727-41fd-bd6f-e91c74164f09,"",1322,2020-02-22 16:19:52.200407,2024-10-22 14:22:23.678441,0,,4.15625,0,0,2
d148696e-f181-41e4-b29a-fe92466e3946,2011-12-26-best-buy-theater-new-york-ny,2011-12-26,3c1485b6-a149-49d6-ae5d-7f2a65afe7d3,db7f2c5d-2727-41fd-bd6f-e91c74164f09,Mord Fustang opened,1359,2020-02-22 16:19:52.200407,2024-03-27 23:58:27.765100,0,,3.86111111111111,0,0,0
dbfa99a1-9bdc-45b2-829e-224062f1fdac,1999-02-03-the-brewery-raleigh-nc,1999-02-03,7221ac0d-a914-422d-95cd-fc3c1f8fb07a,db7f2c5d-2727-41fd-bd6f-e91c74164f09,The middle part of the set (from 'Bazaar Escape' through 'Hot Air Balloon') was a performance of the second act of 'Hot Air Balloon' (third ever first time second act only).,330,2020-02-22 16:19:52.200407,2022-08-31 11:11:08.274005,0,https://relisten.net/disco-biscuits/1999/02/03,4.4,0,0,0
d32b0727-17f9-43cb-890d-fd47220a0924,2006-11-21-the-new-daisy-theater-memphis-tn,2006-11-21,7668bf03-b0f4-46c8-a3c7-80b25817e668,db7f2c5d-2727-41fd-bd6f-e91c74164f09,"",944,2020-02-22 16:19:52.200407,2024-07-19 11:18:39.347585,0,,4.11111111111111,0,0,2
e71f936a-aef8-4825-b6a6-5b32f9246eaf,2018-01-13-anthem-washington-d-c,2018-01-13,f7f3563e-da6a-40c9-9893-a3a701e4c2f9,db7f2c5d-2727-41fd-bd6f-e91c74164f09,"",1547,2020-02-22 16:19:52.200407,2024-08-25 20:31:01.490909,0,,3.60714285714286,0,2,2
dda6b11c-343b-49f1-b83f-c9719de5174e,2023-07-15-roseland-theater-portland-oregon,2023-07-15,82e59120-3ca9-424c-bcee-6999b6eede96,db7f2c5d-2727-41fd-bd6f-e91c74164f09,"",,2023-07-16 03:58:13.024436,2024-07-19 11:45:07.466562,0,"",4.05263157894737,0,0,2
d23570c8-da66-4a52-9222-8a02dea91230,2008-06-08-lincoln-theatre-street-stage-raleigh-nc,2008-06-08,301bb7dd-cb31-4f25-9eb5-efc8e6c5d193,db7f2c5d-2727-41fd-bd6f-e91c74164f09,"",1071,2020-02-22 16:19:52.200407,2024-11-10 02:35:28.080712,0,https://relisten.net/disco-biscuits/2008/06/08,4.47058823529412,0,0,2
df02aee3-9d34-4b76-b6ec-e9217b2f8aaf,2007-10-26-rams-head-live-baltimore-md,2007-10-26,f6f5a9f7-9caf-4df0-8000-1b56c9b0156e,db7f2c5d-2727-41fd-bd6f-e91c74164f09,"",1022,2020-02-22 16:19:52.200407,2024-08-26 00:47:25.280686,0,https://relisten.net/disco-biscuits/2007/10/26,4.5625,0,0,2
d0ed1c64-2c5f-43a1-9ba0-532bdd3938b3,2018-11-03-brooklyn-bowl-las-vegas-las-vegas-nv,2018-11-03,e8d4237b-d3ed-4f6c-9fdb-cd50a294e0a6,db7f2c5d-2727-41fd-bd6f-e91c74164f09,"",1569,2020-02-22 16:19:52.200407,2024-08-25 20:34:08.492735,0,,4.2,0,0,1
d10e0378-b503-4194-bb88-ac686a6e42ee,2019-11-23-si-hall-syracuse-ny,2019-11-23,b21b7f6c-f550-4add-b02d-0fab75ce44b1,db7f2c5d-2727-41fd-bd6f-e91c74164f09,"",1607,2020-02-22 16:19:52.200407,2024-12-05 22:51:49.547318,0,https://relisten.net/disco-biscuits/2019/11/23,3.9375,0,1,1
031714e0-3771-49ec-ba28-127018d60faa,2023-01-18-house-of-blues-cleveland-oh,2023-01-18,54bb845d-e205-4bd8-962b-de47fbf87e39,db7f2c5d-2727-41fd-bd6f-e91c74164f09,Karina Rykman opened,,2023-01-19 02:03:33.288258,2024-11-27 17:54:24.010945,0,"",3.26,0,0,0
d7a7b845-60d7-4335-8140-5b2091aca0a4,2013-09-26-baltimore-soundstage-baltimore-md,2013-09-26,7251e41b-5fee-4eb6-a51b-a38c8118a5bd,db7f2c5d-2727-41fd-bd6f-e91c74164f09,"",1397,2020-02-22 16:19:52.200407,2023-09-05 12:59:18.518237,0,,3.91666666666667,0,0,1
db50ae5e-a61a-499f-ac80-e35aceb35e4d,1998-08-15-chester-s-place-fayetteville-ar,1998-08-15,68d61b99-15da-49a5-8e41-2b71345e54e2,db7f2c5d-2727-41fd-bd6f-e91c74164f09,"Soundcheck: Ida Fith, ???",278,2020-02-22 16:19:52.200407,2022-09-21 02:02:20.929085,0,https://relisten.net/disco-biscuits/1998/08/15,3.5,1,0,0
dc823d02-22aa-42c1-a12f-c9caed2c20a7,2008-02-29-starland-ballroom-sayreville-nj,2008-02-29,d7bcd39a-04d3-46ae-913a-c950de7b6c5d,db7f2c5d-2727-41fd-bd6f-e91c74164f09,Friday Night Leap Year Costume Party with Orchard Lounge,1048,2020-02-22 16:19:52.200407,2022-09-13 19:45:48.952100,0,,3.96875,0,1,1
e2b1eb46-60f0-43be-a25f-bb992a57c177,1998-07-17-high-sierra-house-of-blues-mammouth-lakes-ca,1998-07-17,00bca257-cb1d-4af9-ba85-7781734dd952,db7f2c5d-2727-41fd-bd6f-e91c74164f09,"",257,2020-02-22 16:19:52.200407,2020-02-23 00:37:37.181366,0,,0,0,0,0
e5db13e1-dbbc-422e-ab6c-0bca04a194c3,1998-06-19-gathering-of-the-vibes-plattsburgh-ny,1998-06-19,189a5fdf-4d8d-4ee0-b9a6-bf54ecd885b2,db7f2c5d-2727-41fd-bd6f-e91c74164f09,"",242,2020-02-22 16:19:52.200407,2020-02-23 00:37:37.537713,0,,0,0,0,0
e4eed750-25f0-4259-b4bb-fe3769e5b862,1997-02-01-cabaloosa-new-paltz-ny,1997-02-01,8c3e9a81-d10e-46de-835a-67050a55bf40,db7f2c5d-2727-41fd-bd6f-e91c74164f09,"",1195,2020-02-22 16:19:52.200407,2020-02-23 00:37:37.364342,0,,0,0,0,0
e69e4cbf-d9ab-4ae5-8b7e-33a5e3b7ffed,1998-06-21-water-street-music-hall-rochester-ny,1998-06-21,8beaf894-d987-4683-8c46-ea05cf0be1ce,db7f2c5d-2727-41fd-bd6f-e91c74164f09,"",243,2020-02-22 16:19:52.200407,2020-02-23 00:37:37.703599,0,,0,0,0,0
e683b29b-05ca-4165-b1ae-1306006f2430,1998-03-20-hungry-charlie-s-syracuse-ny,1998-03-20,0bb038f3-5d3f-4cbb-98ca-958f14a37275,db7f2c5d-2727-41fd-bd6f-e91c74164f09,"",190,2020-02-22 16:19:52.200407,2022-11-06 14:08:55.482874,0,https://relisten.net/disco-biscuits/1998/03/20,3,0,0,0
e60ffa91-2f37-4f94-9711-35cd1996564c,1998-09-18-the-monopole-plattsburgh-ny,1998-09-18,de33ee26-4527-44c8-9d0c-73d47dede878,db7f2c5d-2727-41fd-bd6f-e91c74164f09,Soundcheck: parts of Little Shimmy In A Conga Line,287,2020-02-22 16:19:52.200407,2022-09-21 02:02:50.423318,0,,3.75,0,0,1
e13abde7-dc06-4cb5-a3f9-fe2f7d97c0e3,2015-07-17-montage-mountain-scranton-pa,2015-07-17,6b1fd49c-f558-476a-b1eb-8451b52652ff,db7f2c5d-2727-41fd-bd6f-e91c74164f09,Camp Bisco 13 ,1461,2020-02-22 16:19:52.200407,2024-02-18 12:49:32.898895,0,,4.07407407407407,0,2,2
db29eaea-e8bf-4ab1-b2bb-af84c36a6155,2007-10-30-chevrolet-theatre-wallingford-ct,2007-10-30,426b0278-b209-457f-964b-98356f58284d,db7f2c5d-2727-41fd-bd6f-e91c74164f09,"",1024,2020-02-22 16:19:52.200407,2023-10-31 12:15:52.885536,0,https://relisten.net/disco-biscuits/2007/10/30,3.78947368421053,0,0,1
e198d736-9407-42d1-8497-2d807abfbccc,2002-10-08-la-zona-rosa-austin-tx,2002-10-08,773b83fc-5947-444b-9069-86139764ea37,db7f2c5d-2727-41fd-bd6f-e91c74164f09,"",674,2020-02-22 16:19:52.200407,2024-03-28 00:05:35.562602,0,https://relisten.net/disco-biscuits/2002/10/08,3.71428571428571,0,0,0
e52995b8-a568-42ed-9255-6e8243f82531,2009-12-10-caribbean-holidaze-runaway-bay-jamaica,2009-12-10,a65f28c8-e63c-44ba-81de-5cbd64ba3017,db7f2c5d-2727-41fd-bd6f-e91c74164f09,"",1208,2020-02-22 16:19:52.200407,2024-02-15 17:20:56.418309,0,,4.05,0,0,0
e49a9fd8-a079-450b-ae94-06b481a70ec4,1997-06-05-grog-and-tankard-washington-dc,1997-06-05,548d3cee-4e64-49d8-876c-3a9d626bfa6b,db7f2c5d-2727-41fd-bd6f-e91c74164f09,"",72,2020-02-22 16:19:52.200407,2023-07-31 19:48:44.702796,0,https://relisten.net/disco-biscuits/1997/06/05,0,0,0,0
e9927d26-8544-41db-a8d5-9d0dcb715fa6,2019-11-16-the-national-richmond-va,2019-11-16,42021528-811e-4168-8125-91ed90c5e5ba,db7f2c5d-2727-41fd-bd6f-e91c74164f09,"",1601,2020-02-22 16:19:52.200407,2023-08-30 10:42:44.309818,0,,4.12068965517241,0,1,1
e231626e-910e-4277-ba03-fbf331c7d167,1997-09-06-westfield-state-college-westfield-ma,1997-09-06,57bcfaa2-77b8-4df8-89d1-d49da481ae62,db7f2c5d-2727-41fd-bd6f-e91c74164f09,"",102,2020-02-22 16:19:52.200407,2023-07-31 19:53:33.907890,0,https://relisten.net/disco-biscuits/1997/09/06,3.75,0,0,0
e8521025-590e-4e49-b334-fe37403180bf,1998-04-01-terrapin-station-college-park-md,1998-04-01,25605268-395b-47bf-9e9b-d11777d26fb9,db7f2c5d-2727-41fd-bd6f-e91c74164f09,"",195,2020-02-22 16:19:52.200407,2023-08-01 16:25:10.898951,0,,3,0,0,0
99f16f52-47a7-4c85-8ddc-f32227b013a6,2022-03-03-the-palladium-worcester-ma,2022-03-03,53cc7c67-4d8d-4663-8cea-5654d807867d,db7f2c5d-2727-41fd-bd6f-e91c74164f09,"",,2022-03-04 14:14:05.419222,2024-11-25 15:43:41.783063,0,https://relisten.net/disco-biscuits/2022/03/03,3.89655172413793,0,0,1
6ef90afd-a386-40bd-8b28-9f661a258368,2022-06-09-hartford-healthcare-amphitheater-bridgeport-ct,2022-06-09,6ed9f2d2-324f-4303-9729-e4fb4296ab8c,db7f2c5d-2727-41fd-bd6f-e91c74164f09,Umphrey's McGee opened ,,2022-06-10 22:12:12.218633,2024-06-13 18:17:06.717917,0,"",3.3,0,0,0
e5da69e5-8eb8-4404-ae65-187e34a2f785,1999-06-10-ziggy-s-by-the-sea-atlantic-beach-nc,1999-06-10,82cdc15c-3083-41c2-bde0-66049c265312,db7f2c5d-2727-41fd-bd6f-e91c74164f09,"",401,2020-02-22 16:19:52.200407,2024-06-10 15:14:48.744098,0,https://relisten.net/disco-biscuits/1999/06/10,3.08333333333333,0,0,0
dbea9e6b-7e97-4ea4-a53b-47a49a773a51,2007-11-01-the-palace-theatre-albany-ny,2007-11-01,5f9e5538-df9b-4cd6-859f-3622d2731aa9,db7f2c5d-2727-41fd-bd6f-e91c74164f09,"",1026,2020-02-22 16:19:52.200407,2024-02-18 12:33:36.109826,0,https://relisten.net/disco-biscuits/2007/11/01,4.58571428571429,0,0,2
dec0f3cc-60a4-4ffa-9e47-40a1dfe12cf0,2011-09-02-cricket-wireless-amphitheatre-chula-vista-ca,2011-09-02,5d282213-d291-4303-ac7d-c84a7019ad61,db7f2c5d-2727-41fd-bd6f-e91c74164f09,"Identity Festival - Kaskade, Pretty Lights, Afrojack, Nero and more",1354,2020-02-22 16:19:52.200407,2023-08-30 11:05:10.999085,0,https://relisten.net/disco-biscuits/2011/09/02,2.94444444444444,0,0,0
f7d4ffce-4591-48e3-b9d0-75a8d9835527,2012-07-05-9-30-club-washington-dc,2012-07-05,07aef483-1f92-466a-8f3e-ee2d2ef9969c,db7f2c5d-2727-41fd-bd6f-e91c74164f09,"",1368,2020-02-22 16:19:52.200407,2023-08-30 11:07:43.634578,0,,3.46666666666667,0,0,0
e3b50c1a-44f5-4ee8-a3e0-9bc610a59478,1997-09-09-warren-ballroom-suny-plattsburgh-plattsburgh-ny,1997-09-09,e26e417f-25fb-461c-847e-4855241519dd,db7f2c5d-2727-41fd-bd6f-e91c74164f09,"",105,2020-02-22 16:19:52.200407,2023-09-09 19:23:41.213736,0,,3,0,0,0
e3845a4a-13c2-4453-997a-2faa6add1154,2013-12-27-sirius-satellite-studios-new-york-city-ny,2013-12-27,5f501a2f-6a35-479f-8b2a-d075734600ca,db7f2c5d-2727-41fd-bd6f-e91c74164f09,"",1404,2020-02-22 16:19:52.200407,2023-09-05 13:00:26.745943,0,https://relisten.net/disco-biscuits/2013/12/27,3.625,0,2,0
e63ed3c2-9238-4eba-a05d-746763751d99,2000-10-07-the-sanctuary-las-vegas-nv,2000-10-07,9d964d89-7636-40aa-a1b0-a48237f1bc97,db7f2c5d-2727-41fd-bd6f-e91c74164f09,"Soundcheck: Kamaole Sands, Hope",472,2020-02-22 16:19:52.200407,2023-09-23 16:14:06.954256,0,https://relisten.net/disco-biscuits/2000/10/07,4.1875,0,0,0
e580c573-6090-4dca-9444-947e12268d67,2002-08-10-tcc-reading-park-norfolk-va,2002-08-10,f301c8e6-e528-41da-9b44-57e5c3a17cf6,db7f2c5d-2727-41fd-bd6f-e91c74164f09,"",733,2020-02-22 16:19:52.200407,2024-05-29 22:22:56.480564,0,https://relisten.net/disco-biscuits/2002/08/10,3.88461538461538,0,0,0
e9737327-c71a-4091-bf03-1d84ab785ee5,1998-09-17-higher-ground-s-burlington-vt,1998-09-17,a80851a9-f6e6-464e-8255-af00be69d62e,db7f2c5d-2727-41fd-bd6f-e91c74164f09,Miracle Orchestra opened.,286,2020-02-22 16:19:52.200407,2022-09-21 02:02:46.566472,0,https://relisten.net/disco-biscuits/1998/09/17,3.5,0,0,1
e5e50cd9-ab57-4775-8070-1efed911ee47,1998-11-06-college-of-new-jersey-trenton-nj,1998-11-06,46a957e7-34ba-4b24-b5f7-4cb8b3fbca84,db7f2c5d-2727-41fd-bd6f-e91c74164f09,"",308,2020-02-22 16:19:52.200407,2022-09-21 02:04:38.045193,0,https://relisten.net/disco-biscuits/1998/11/06,3,0,0,0
e5a2fc39-facf-4d3a-9bca-9db41c764758,2004-01-15-twilight-tampa-fl,2004-01-15,e8be9f49-8266-41bd-9918-d8e93746d641,db7f2c5d-2727-41fd-bd6f-e91c74164f09,With Mike Greenfield on drums.,817,2020-02-22 16:19:52.200407,2022-09-27 14:28:18.771866,0,https://relisten.net/disco-biscuits/2004/01/15,4.22727272727273,0,0,0
e0f1bce0-6488-43d9-92d8-30cf35fa8748,1998-02-19-wetlands-preserve-new-york-ny,1998-02-19,81bb358f-2ed6-4358-80b5-fb740207d89a,db7f2c5d-2727-41fd-bd6f-e91c74164f09,"",176,2020-02-22 16:19:52.200407,2022-11-06 14:08:12.626588,0,https://relisten.net/disco-biscuits/1998/02/19,3.5,0,0,0
e3c67336-8609-42aa-a0ef-dad4d82f1c46,2017-12-30-playstation-theater-new-york-ny,2017-12-30,7b00c23c-dc31-4e72-8633-820e8c228ff4,db7f2c5d-2727-41fd-bd6f-e91c74164f09,"",1544,2020-02-22 16:19:52.200407,2024-08-25 20:30:41.928196,0,,4.13461538461539,0,1,1
e6c2fd41-785a-42a4-92a7-a2ea375dd33b,2016-09-09-great-north-music-and-arts-fest-minot-me,2016-09-09,3643ff40-01b6-4844-8a92-10dbf38ea609,db7f2c5d-2727-41fd-bd6f-e91c74164f09,First set played as Tractorbeam,1498,2020-02-22 16:19:52.200407,2024-08-29 20:02:45.223861,0,,3.9,0,2,1
cf091e42-0696-44c8-a2a2-598506f97afe,2001-05-09-showbox-seattle-wa,2001-05-09,0cb52bc4-126b-4fb0-97ff-2578f5e9db2b,db7f2c5d-2727-41fd-bd6f-e91c74164f09,"",545,2020-02-22 16:19:52.200407,2024-11-08 23:15:47.445311,0,,4.05,0,0,2
e16464fa-363a-45e9-8312-16dfdaf1d4ad,2008-04-04-lupo-s-heartbreak-hotel-providence-ri,2008-04-04,30ea9f62-a7d5-4380-b33d-615cdd7ccfdd,db7f2c5d-2727-41fd-bd6f-e91c74164f09,"",1077,2020-02-22 16:19:52.200407,2024-11-21 16:30:40.241055,0,https://relisten.net/disco-biscuits/2008/04/04,4.15,0,0,2
ee6ec433-1621-4a54-904f-f25eae0dee15,1997-10-31-phi-sigma-kappa-university-of-pennsylvania-philadelphia-pa,1997-10-31,02d4b85c-209f-4d00-84d6-f57b3a562633,db7f2c5d-2727-41fd-bd6f-e91c74164f09,"",128,2020-02-22 16:19:52.200407,2021-09-28 07:03:40.937726,0,https://relisten.net/disco-biscuits/1997/10/31,3.5,0,0,0
eecd0e61-7fce-4430-8860-5ae02018e626,1998-07-29-coach-house-san-juan-capistrano-ca,1998-07-29,35074fc4-a70b-4ee7-823a-aa6e0f0a2892,db7f2c5d-2727-41fd-bd6f-e91c74164f09,"",266,2020-02-22 16:19:52.200407,2020-02-23 00:37:38.838750,0,,0,0,0,0
eb7ba269-0940-43ae-b5a2-4fabf9fb4f74,2001-06-30-greek-theater-berkeley-ca,2001-06-30,ca6c986c-9e2d-45d3-ab59-c2ada21e71bd,db7f2c5d-2727-41fd-bd6f-e91c74164f09,Opening for Phil Lesh and Friends.,551,2020-02-22 16:19:52.200407,2024-03-28 00:11:34.980052,0,https://relisten.net/disco-biscuits/2001/06/30,3.14285714285714,0,0,1
eeaf6205-7b46-4b9f-b209-b7a059b32756,1998-09-09-crowbar-state-college-pa,1998-09-09,dfa0da88-6398-48e8-b0e5-6407e9c96f29,db7f2c5d-2727-41fd-bd6f-e91c74164f09,Blend opened.,283,2020-02-22 16:19:52.200407,2022-09-21 02:02:35.421726,0,https://relisten.net/disco-biscuits/1998/09/09,3.75,0,0,1
ecc5572a-13a6-4547-93f9-580afbe85be9,2004-03-16-the-theater-at-madison-square-garden-new-york-ny,2004-03-16,dbc2c080-14c4-4fe3-9955-93925cfa99dd,db7f2c5d-2727-41fd-bd6f-e91c74164f09,"The Jammys.  With String Cheese Incident, Soulive, Derek Trucks Band, and others.  Entire set with Mike Greenfield on drums.",820,2020-02-22 16:19:52.200407,2022-09-01 11:12:11.030891,0,https://relisten.net/disco-biscuits/2004/03/16,2.125,0,0,0
f321066f-fcf1-4fd1-947a-baffbbe49cc7,1997-07-10-havana-s-new-hope-pa,1997-07-10,28108d89-53f7-44ac-a223-297b8f1f2db3,db7f2c5d-2727-41fd-bd6f-e91c74164f09,"",84,2020-02-22 16:19:52.200407,2024-02-29 15:08:55.179476,0,,4,0,0,1
b8d53685-6872-4bf3-add8-dc9695947007,2018-05-27-red-rocks-amphitheater-morrison-co,2018-05-27,25062d21-ff23-484b-8220-4b03ff26bbae,db7f2c5d-2727-41fd-bd6f-e91c74164f09,Bisco Inferno,1559,2020-02-22 16:19:52.200407,2024-11-07 02:10:07.550859,0,,4.09615384615385,0,1,1
e6664280-c9d6-4f86-bd10-75e41d5deb74,2014-02-20-electric-factory-philadelphia-pa,2014-02-20,8ef35498-800d-42f7-82d1-d8ced42d0092,db7f2c5d-2727-41fd-bd6f-e91c74164f09,Ichisan opened,1416,2020-02-22 16:19:52.200407,2023-09-17 00:13:04.353555,0,,3.61764705882353,0,0,0
f5b8a78c-9531-46d6-9318-49f52d9fe520,2002-04-25-canal-club-richmond-va,2002-04-25,ca27696f-76e4-4c95-9b44-f8aa0b490fdc,db7f2c5d-2727-41fd-bd6f-e91c74164f09,"",636,2020-02-22 16:19:52.200407,2024-05-29 22:19:13.233588,0,https://relisten.net/disco-biscuits/2002/04/25,4.3125,0,0,0
ebd9d966-9c61-4660-8710-903c3de92348,2002-08-09-marrz-theater-wilmington-nc,2002-08-09,a9dfe5b6-65c8-4085-aa6a-e0682ec1f58e,db7f2c5d-2727-41fd-bd6f-e91c74164f09,"",656,2020-02-22 16:19:52.200407,2024-03-28 00:04:12.714082,0,https://relisten.net/disco-biscuits/2002/08/09,4,0,0,1
e25e2e81-9f9b-4c9a-9a2f-ae9549ba8d57,2008-05-24-penn-s-landing-philadelphia-pa,2008-05-24,ab7d5ccd-9818-4416-b897-72397fb48d9e,db7f2c5d-2727-41fd-bd6f-e91c74164f09,"Jam on the River 2008<br>Other acts included The Flaming Lips, Lotus, RJD2 and many others",1059,2020-02-22 16:19:52.200407,2024-04-04 20:30:19.530945,0,https://relisten.net/disco-biscuits/2008/05/24,3.82352941176471,0,0,1
ef4d749a-9f45-4325-a502-918edc67d469,1999-08-13-ski-lodge-berkshire-mountain-music-festival-butternut-ski-basin-great-barrington-ma,1999-08-13,7044e7dc-0627-4570-8da0-43e1c2a600e3,db7f2c5d-2727-41fd-bd6f-e91c74164f09,"Soundcheck: House Dog Party Favor, Plan B",408,2020-02-22 16:19:52.200407,2023-08-26 17:49:38.168404,0,https://relisten.net/disco-biscuits/1999/08/13,3.75,0,0,0
f4aaee92-d678-4255-9c1b-6876b5060c63,2006-06-22-stone-pony-asbury-park-nj,2006-06-22,27a24000-3d93-4000-9d45-1474287e5af3,db7f2c5d-2727-41fd-bd6f-e91c74164f09,"",909,2020-02-22 16:19:52.200407,2024-04-04 20:25:08.024604,0,https://relisten.net/disco-biscuits/2006/06/22,4.60526315789474,0,0,3
ef94a663-ca0f-4d3e-b884-75907fcd6496,1997-04-26-electric-factory-philadelphia-pa,1997-04-26,8ef35498-800d-42f7-82d1-d8ced42d0092,db7f2c5d-2727-41fd-bd6f-e91c74164f09,Opening for the JGB Band,54,2020-02-22 16:19:52.200407,2024-02-29 15:07:20.451327,0,https://relisten.net/disco-biscuits/1997/04/26,3.75,0,0,0
f39d2171-08b1-414d-94dc-6c3ba6c860b9,2003-09-29-club-tinks-scranton-pa,2003-09-29,aa1e85e3-402a-49b8-85e9-d73a6cc69a3c,db7f2c5d-2727-41fd-bd6f-e91c74164f09,"",788,2020-02-22 16:19:52.200407,2023-08-27 11:31:09.413469,0,https://relisten.net/disco-biscuits/2003/09/29,4.64705882352941,0,0,1
e961b925-5028-4777-bff6-9e41a73dd6f4,2003-04-24-norva-theater-norfolk-va,2003-04-24,34daf77d-8b69-4d05-9e79-e5d2850216f8,db7f2c5d-2727-41fd-bd6f-e91c74164f09,"",743,2020-02-22 16:19:52.200407,2023-08-26 18:08:41.829121,0,https://relisten.net/disco-biscuits/2003/04/24,4.375,0,0,0
f37b5463-4642-4f7a-9e71-f8b6fa7abd0e,2006-08-16-100-1-wdst-radio-woodstock-studio-woodstock-ny,2006-08-16,be07079c-4359-416f-937c-6d423be7aa8c,db7f2c5d-2727-41fd-bd6f-e91c74164f09,"",917,2020-02-22 16:19:52.200407,2023-08-27 11:40:20.083691,0,https://relisten.net/disco-biscuits/2006/08/16,3.59090909090909,0,0,1
e0e1ebad-eeb5-475a-a061-315304c282b9,2012-01-29-mayan-holidaze-now-sapphire-resort-puerto-morelos-mexico,2012-01-29,72be8ba0-a1c5-4b23-8f60-b88a34053585,db7f2c5d-2727-41fd-bd6f-e91c74164f09,Mayan Holidaze,1367,2020-02-22 16:19:52.200407,2023-08-30 11:07:29.642473,0,,3.63333333333333,0,0,1
f5a0d66c-b71b-42e2-86b6-bbab480b467c,2014-01-23-ogden-theater-denver-co,2014-01-23,6a113f67-1c38-4874-a465-80b7ae21d2f8,db7f2c5d-2727-41fd-bd6f-e91c74164f09,"",1412,2020-02-22 16:19:52.200407,2024-04-29 20:56:43.135894,0,,3.60714285714286,0,0,2
171cf19b-6252-433a-b841-24a4061322ea,1997-11-08-tinker-street-cafe-woodstock-ny,1997-11-08,396ffc7a-a6d5-4b6e-8b23-a1a1fa8ac9ee,db7f2c5d-2727-41fd-bd6f-e91c74164f09,"",134,2020-02-22 16:19:52.200407,2024-02-29 15:11:02.723308,0,https://relisten.net/disco-biscuits/1997/11/08,3,0,0,0
e9158695-441e-471f-b2f9-a0900b66b6ff,2007-04-22-vic-theatre-chicago-il,2007-04-22,334afd15-e73f-4888-a89e-ea0a19932bde,db7f2c5d-2727-41fd-bd6f-e91c74164f09,Green Apple Music & Arts Festival 2007,969,2020-02-22 16:19:52.200407,2023-09-21 21:44:37.825761,0,https://relisten.net/disco-biscuits/2007/04/22,3.71875,0,1,2
e5867526-4741-44d7-9af8-5a14bb52c935,2000-11-03-georgia-theater-athens-ga,2000-11-03,b9399fba-a918-42a9-a1b3-aca290673d1a,db7f2c5d-2727-41fd-bd6f-e91c74164f09,Ozric Tentacles opened.,490,2020-02-22 16:19:52.200407,2024-05-29 21:46:48.906758,0,https://relisten.net/disco-biscuits/2000/11/03,4.375,0,0,1
8dab59e8-4c58-4b85-897e-dd1d441ae018,1997-12-12-bogie-s-albany-ny,1997-12-12,87473764-e465-46a5-8bd4-bd165ddaa59a,db7f2c5d-2727-41fd-bd6f-e91c74164f09,Opening for the Ominous Seapods,151,2020-02-22 16:19:52.200407,2024-02-29 15:12:17.913232,0,https://relisten.net/disco-biscuits/1997/12/12,3,0,0,0
f3dacf22-3dcb-4536-a4a5-94a90ba96ac0,2001-04-09-lee-s-palace-toronto-ontario-canada,2001-04-09,e947a38b-6728-4f2f-8930-78d9982d5b70,db7f2c5d-2727-41fd-bd6f-e91c74164f09,"",523,2020-02-22 16:19:52.200407,2024-03-28 00:08:58.251881,0,https://relisten.net/disco-biscuits/2001/04/09,4.16666666666667,0,0,2
ebdd4b07-140e-4157-a6c6-ca27a29ea8c7,1998-11-14-delta-upsilon-carnegie-mellon-university-pittsburgh-pa,1998-11-14,37823821-40b3-48e1-902f-e46aaa06fce3,db7f2c5d-2727-41fd-bd6f-e91c74164f09,"",309,2020-02-22 16:19:52.200407,2022-09-21 02:06:31.423071,0,https://relisten.net/disco-biscuits/1998/11/14,2.83333333333333,0,0,0
e8bd319d-5a84-49d6-b928-692b156235fc,1997-12-28-university-concert-hall-college-park-md,1997-12-28,3a81fd03-5f38-4570-b117-5a8faeaf5915,db7f2c5d-2727-41fd-bd6f-e91c74164f09,"",153,2020-02-22 16:19:52.200407,2022-11-06 14:07:05.546723,0,https://relisten.net/disco-biscuits/1997/12/28,3.5,0,0,0
ec17dfcf-a971-4670-948a-5aab2e6c8692,1998-01-31-taft-school-watertown-ct,1998-01-31,ea81e117-94ec-47b7-b150-7463ea71e8c4,db7f2c5d-2727-41fd-bd6f-e91c74164f09,"Soundcheck: I-Man, Jamillia and others",167,2020-02-22 16:19:52.200407,2022-11-06 14:07:52.113148,0,https://relisten.net/disco-biscuits/1998/01/31,3,0,0,0
e9385a05-649f-4a70-a673-2310fbeef8ae,1998-06-08-the-pit-kill-devil-hills-nc,1998-06-08,ea460adf-d0be-452a-8729-d5dc203b4f34,db7f2c5d-2727-41fd-bd6f-e91c74164f09,Second set may be incomplete.,233,2020-02-22 16:19:52.200407,2022-11-06 14:11:59.130584,0,https://relisten.net/disco-biscuits/1998/06/08,3,0,0,0
f844594a-e812-4bba-b555-ce8cd15baf91,1995-12-31-sam-adams-brewhouse-philadelphia-pa,1995-12-31,6f9f30d8-53f2-455a-8b41-85d1cd4dfbd4,db7f2c5d-2727-41fd-bd6f-e91c74164f09,"",4,2020-02-22 16:19:52.200407,2020-02-23 00:37:40.052383,0,,0,0,0,0
fd6d80db-8ea0-4060-8014-9322db0b02c0,1998-04-15-wetlands-preserve-new-york-ny,1998-04-15,81bb358f-2ed6-4358-80b5-fb740207d89a,db7f2c5d-2727-41fd-bd6f-e91c74164f09,"",201,2020-02-22 16:19:52.200407,2020-02-23 00:37:40.945586,0,,0,0,0,0
fd7bddd7-c1ba-430a-b43c-389af992d5b8,1997-08-09-mountain-top-jamboree-unknown-ny,1997-08-09,7d72d056-6eb0-4e62-90cb-fbeff9f4c154,db7f2c5d-2727-41fd-bd6f-e91c74164f09,"",99,2020-02-22 16:19:52.200407,2020-02-23 00:37:40.987737,0,,0,0,0,0
fdd91e54-3b12-4c6d-9a33-39b453f62688,1998-06-17-cumberland-charleston-sc,1998-06-17,a4bf888f-15c1-4cfc-8cae-2b51777b6079,db7f2c5d-2727-41fd-bd6f-e91c74164f09,"",240,2020-02-22 16:19:52.200407,2020-02-23 00:37:41.080952,0,,0,0,0,0
e56fa5f7-3a8e-4884-9ff6-90803bdfe604,2018-11-24-palace-theater-albany-ny,2018-11-24,5f9e5538-df9b-4cd6-859f-3622d2731aa9,db7f2c5d-2727-41fd-bd6f-e91c74164f09,"",1571,2020-02-22 16:19:52.200407,2024-08-25 20:34:26.367021,0,,4.17391304347826,0,1,1
fe1ca4cc-71f8-4692-8e1f-fa32804d5d33,1997-08-02-summerwinds-copiague-ny,1997-08-02,eb42dead-1707-4fc7-b454-6cd6c13639d9,db7f2c5d-2727-41fd-bd6f-e91c74164f09,Setlist incomplete and out of order. They also played 'other jazz stuff'.,97,2020-02-22 16:19:52.200407,2020-02-23 00:37:41.104117,0,,0,0,0,0
16293774-c938-4bd0-ae52-7d8c263e3358,1997-10-29-deer-park-tavern-newark-de,1997-10-29,d06d9b3a-7e36-46f1-b123-29f7fe695ee8,db7f2c5d-2727-41fd-bd6f-e91c74164f09,"",127,2020-02-22 16:19:52.200407,2022-03-08 21:55:09.734413,0,https://relisten.net/disco-biscuits/1997/10/29,4.5,0,0,1
f4fd66f9-309f-4eb4-a0a7-f56d5e81a618,1999-04-07-crowbar-state-college-pa,1999-04-07,dfa0da88-6398-48e8-b0e5-6407e9c96f29,db7f2c5d-2727-41fd-bd6f-e91c74164f09,"",367,2020-02-22 16:19:52.200407,2023-10-31 12:26:06.715723,0,https://relisten.net/disco-biscuits/1999/04/07,4.57142857142857,0,0,0
fdd56e80-adf1-4e6a-8d5b-9c703e7210aa,2009-04-18-electric-factory-philadelphia-pa,2009-04-18,8ef35498-800d-42f7-82d1-d8ced42d0092,db7f2c5d-2727-41fd-bd6f-e91c74164f09,"",1122,2020-02-22 16:19:52.200407,2024-04-23 15:00:48.846195,0,https://relisten.net/disco-biscuits/2009/04/18,4.35416666666667,0,0,4
fb76e6ae-185b-421b-95dd-3d5a72311bac,2010-06-09-the-windjammer-isle-of-palms-sc,2010-06-09,2157f86f-a193-42bb-b441-a3787ea1d4f9,db7f2c5d-2727-41fd-bd6f-e91c74164f09,"",1275,2020-02-22 16:19:52.200407,2024-02-04 12:54:29.623110,0,https://relisten.net/disco-biscuits/2010/06/09,4.22222222222222,0,0,0
fc0bab55-5d50-4a6c-a026-6cff45b2c93e,2003-05-27-b-b-king-s-blues-club-new-york-ny,2003-05-27,39705356-e4fa-485b-be63-67ab457520ce,db7f2c5d-2727-41fd-bd6f-e91c74164f09,"",756,2020-02-22 16:19:52.200407,2024-02-09 17:07:00.442719,0,https://relisten.net/disco-biscuits/2003/05/27,3.82142857142857,0,0,0
eeb90525-569e-4056-af13-508c6485c48e,1998-06-26-summer-sun-music-festival-state-college-pa,1998-06-26,5abac0db-fb79-4bcb-86bd-45c2dbceef10,db7f2c5d-2727-41fd-bd6f-e91c74164f09,"",245,2020-02-22 16:19:52.200407,2023-08-26 17:43:58.707041,0,https://relisten.net/disco-biscuits/1998/06/26,2.75,0,0,0
fb303a7c-95f3-45b2-9c2f-b122e19bbe63,1996-04-18-penn-rocks-univerisity-of-pennsylvania-philadelphia-pa,1996-04-18,dd718937-5746-4cdc-b36c-037f8e7ce585,db7f2c5d-2727-41fd-bd6f-e91c74164f09,Opening for Dr. Ketchup Jazz Hole and others.,11,2020-02-22 16:19:52.200407,2024-02-29 15:18:25.769552,0,,3.5,0,0,0
f8e396fa-b916-418e-aac8-8b4cb160de26,1997-03-26-club-toast-burlington-vt,1997-03-26,8ae8f022-e61c-4729-af49-a8d573b81fda,db7f2c5d-2727-41fd-bd6f-e91c74164f09,"",44,2020-02-22 16:19:52.200407,2023-07-31 19:44:33.717858,0,https://relisten.net/disco-biscuits/1997/03/26,3.5,0,0,0
fdb83e36-233d-46bb-b25a-1609ea184b31,1998-01-24-tammany-hall-worcester-ma,1998-01-24,006f9b72-c8db-45dc-afad-b0fc65ab2a8e,db7f2c5d-2727-41fd-bd6f-e91c74164f09,Possibly incomplete.,163,2020-02-22 16:19:52.200407,2023-08-01 16:24:01.076421,0,,3,0,0,0
919700ee-e816-4f8c-834c-32b32b05fbd6,2002-12-28-roseland-ballroom-new-york-ny,2002-12-28,758c748a-e52e-4bc6-8e77-b56452998e00,db7f2c5d-2727-41fd-bd6f-e91c74164f09,"",705,2020-02-22 16:19:52.200407,2023-08-26 18:06:45.701474,0,https://relisten.net/disco-biscuits/2002/12/28,4.5,0,0,1
f947a53b-876d-4f22-b2c0-da1bf4affd35,2000-11-17-toad-s-place-new-haven-ct,2000-11-17,b62ae962-8516-4f35-b15b-49bbe0b76d2c,db7f2c5d-2727-41fd-bd6f-e91c74164f09,"",496,2020-02-22 16:19:52.200407,2024-02-18 12:41:55.814349,0,https://relisten.net/disco-biscuits/2000/11/17,4.42307692307692,0,0,1
39ddf8d2-1c6d-411b-a970-e9b9a42cbb08,2006-07-01-plumas-country-fairgrounds-quincy-ca,2006-07-01,def90e2e-cd00-4659-a848-241097bde1bf,db7f2c5d-2727-41fd-bd6f-e91c74164f09,"High Sierra Music Festival 2006. Other acts include Bela Fleck and the Flecktones, Umphrey's McGee, Garage a Trois, The Slip and others.",913,2020-02-22 16:19:52.200407,2023-08-27 11:40:03.571799,0,https://relisten.net/disco-biscuits/2006/07/01,3.60714285714286,0,0,1
fd4f1490-7d90-442b-bf28-b799b7945c68,2009-12-29-nokia-theater-new-york-ny,2009-12-29,e66af935-c834-43cb-a7d2-2983b29408e4,db7f2c5d-2727-41fd-bd6f-e91c74164f09,Daelelus opened,1213,2020-02-22 16:19:52.200407,2023-08-27 11:54:22.091535,0,,3.89473684210526,0,0,0
aadacaac-2368-45da-8091-f9c9f93fdd8f,2008-12-31-nokia-theater-new-york-ny,2008-12-31,e66af935-c834-43cb-a7d2-2983b29408e4,db7f2c5d-2727-41fd-bd6f-e91c74164f09,"",1161,2020-02-22 16:19:52.200407,2023-09-13 16:23:54.107891,0,https://relisten.net/disco-biscuits/2008/12/31,4.02941176470588,0,0,2
fd757d78-c15b-4ffc-8bbc-7f0821d8e10c,2010-12-27-terminal-5-new-york-ny,2010-12-27,7a6fdba6-bb89-4e71-9a32-0458cfd21632,db7f2c5d-2727-41fd-bd6f-e91c74164f09,Raekwon setbreak with Mike Greenfield on drums for both sets.,1309,2020-02-22 16:19:52.200407,2023-08-27 11:59:47.611773,0,,4.19230769230769,0,0,1
caa85aef-eabc-408b-8a9b-83143b0ceeba,2013-12-31-the-theater-at-madison-square-garden-new-york-ny,2013-12-31,dbc2c080-14c4-4fe3-9955-93925cfa99dd,db7f2c5d-2727-41fd-bd6f-e91c74164f09,"",1408,2020-02-22 16:19:52.200407,2023-09-05 13:00:51.163085,0,,3.77777777777778,0,0,1
fca99917-ffc2-4a91-a150-93a7c114b351,2009-10-02-9-30-club-washington-dc,2009-10-02,07aef483-1f92-466a-8f3e-ee2d2ef9969c,db7f2c5d-2727-41fd-bd6f-e91c74164f09,Segway and Big Gigantic opened,1185,2020-02-22 16:19:52.200407,2024-02-04 12:57:08.461127,0,https://relisten.net/disco-biscuits/2009/10/02,3.92307692307692,11,0,0
ec8b5557-f86d-4549-8bef-0d434eadbfb4,2009-04-17-electric-factory-philadelphia-pa,2009-04-17,8ef35498-800d-42f7-82d1-d8ced42d0092,db7f2c5d-2727-41fd-bd6f-e91c74164f09,"",1123,2020-02-22 16:19:52.200407,2024-04-23 15:00:46.279317,0,,4.525,0,0,2
f7dabacd-2333-4f9a-9947-4192404c2012,1999-10-20-zydeco-s-birmingham-al,1999-10-20,d4f07be9-deec-483d-a79b-298f1438c46b,db7f2c5d-2727-41fd-bd6f-e91c74164f09,"",443,2020-02-22 16:19:52.200407,2024-05-29 21:41:12.177987,0,https://relisten.net/disco-biscuits/1999/10/20,4.25,0,0,0
d9e2d8da-abbb-42f8-9e0e-c0b1b5fd26c6,2007-01-04-the-open-seas-msc-opera-ft-lauderdale-fl,2007-01-04,955562f2-7eb7-4f9f-9d4c-ee71f016b29f,db7f2c5d-2727-41fd-bd6f-e91c74164f09,"Jamcruise 5<br> Other acts include Umphrey's McGee, Perpetual Groove, Galactic, Burning Spear, Los Amigos Invisables and many others",958,2020-02-22 16:19:52.200407,2022-08-29 21:10:58.947812,0,https://relisten.net/disco-biscuits/2007/01/04,4.11538461538461,0,0,1
5541dc57-b73d-430f-9422-b2838d1ba6a0,2008-01-16-aggie-theatre-fort-collins-co,2008-01-16,26dec213-49f3-49a8-bedc-6898fbb6451c,db7f2c5d-2727-41fd-bd6f-e91c74164f09,"",1030,2020-02-22 16:19:52.200407,2022-09-13 19:45:23.383136,0,https://relisten.net/disco-biscuits/2008/01/16,4.5,0,0,2
e223d3fe-b926-4089-8471-2b614cae7a98,2010-09-08-town-ballroom-buffalo-ny,2010-09-08,edf8b5e6-2040-4d55-bfc0-833f839ed87d,db7f2c5d-2727-41fd-bd6f-e91c74164f09,The Glitch Mob and MiM0SA opened,1297,2020-02-22 16:19:52.200407,2022-11-05 19:56:44.737740,0,,3.85,0,0,1
fcdc7626-3fd0-4977-9373-28d56c862eff,2017-06-03-red-rocks-amphitheater-morrison-co,2017-06-03,25062d21-ff23-484b-8220-4b03ff26bbae,db7f2c5d-2727-41fd-bd6f-e91c74164f09,Bisco Inferno 2017,1522,2020-02-22 16:19:52.200407,2024-11-07 02:10:19.771258,0,,4.33928571428571,0,1,1
b51d165f-27bd-42c3-bbbb-c4b70929a515,2003-07-23-fox-theatre-boulder-co,2003-07-23,8f46585f-f736-4603-88c9-a45209757346,db7f2c5d-2727-41fd-bd6f-e91c74164f09,"",765,2020-02-22 16:19:52.200407,2023-02-12 18:21:33.527531,0,https://relisten.net/disco-biscuits/2003/07/23,4.4,0,0,1
c82b847c-47ce-422e-8bb4-57fceb920414,2008-03-23-debaser-malmo-sweden,2008-03-23,a6db8480-f71c-4025-be8d-b4fd0a419100,db7f2c5d-2727-41fd-bd6f-e91c74164f09,"",1074,2020-02-22 16:19:52.200407,2022-09-13 19:46:50.787760,0,https://relisten.net/disco-biscuits/2008/03/23,4.1875,20,0,1
5be17c93-7c94-4b82-b96c-1b95781d99a4,2004-01-02-electric-factory-philadelphia-pa,2004-01-02,8ef35498-800d-42f7-82d1-d8ced42d0092,db7f2c5d-2727-41fd-bd6f-e91c74164f09,The New Deal opened,903,2020-02-22 16:19:52.200407,2024-03-10 00:06:37.716741,0,https://relisten.net/disco-biscuits/2004/01/02,4.64285714285714,2,0,1
f8080403-d7a2-4f95-9fcf-765d115147b8,2006-05-12-the-f-m-kirby-center-wilkes-barre-pa,2006-05-12,3cfb5ccc-d5f5-4370-a671-1d2a369d687a,db7f2c5d-2727-41fd-bd6f-e91c74164f09,"",896,2020-02-22 16:19:52.200407,2023-08-27 11:38:44.807766,0,https://relisten.net/disco-biscuits/2006/05/12,3.675,0,0,1
679c60b5-1ce6-43ea-9c2f-defc42ad3b7a,2022-04-02-the-capitol-theater-port-chester-ny,2022-04-02,3dbcb903-ae38-48e8-aeef-c2ba426f6320,db7f2c5d-2727-41fd-bd6f-e91c74164f09,"",,2022-04-03 01:14:01.681900,2024-07-19 11:50:11.205636,0,"",4.36666666666667,0,0,1
fdb1b6cf-4ee2-44ed-b93d-a04a084940ab,2009-05-30-red-rocks-amphitheater-morrison-co,2009-05-30,25062d21-ff23-484b-8220-4b03ff26bbae,db7f2c5d-2727-41fd-bd6f-e91c74164f09,"Bisco Inferno - with Paul Oakenfold, Z-Trip, RJD2, The New Deal, Orchard Lounge and Lotus",1115,2020-02-22 16:19:52.200407,2024-08-21 03:29:13.139308,0,https://relisten.net/disco-biscuits/2009/05/30,4.19444444444444,0,0,1
05157308-985c-4341-915d-3003d5dd6f8d,2017-02-04-the-fillmore-philadelphia-pa,2017-02-04,772346af-6a44-47b2-980d-aba4db9f114f,db7f2c5d-2727-41fd-bd6f-e91c74164f09,"",1511,2020-02-22 16:19:52.200407,2024-08-29 19:59:45.330749,0,,4.16666666666667,0,1,1
f905cce7-df51-4c36-833e-c16108954c9b,2017-10-28-suwannee-music-park-live-oak-florida,2017-10-28,ef9892f3-7793-468f-84b0-1ff6c93515da,db7f2c5d-2727-41fd-bd6f-e91c74164f09,Hulaween ,1534,2020-02-22 16:19:52.200407,2024-08-29 20:00:38.071437,0,https://relisten.net/disco-biscuits/2017/10/28,3.86666666666667,0,0,1
584e2dd4-fe77-4a13-a4a8-a07b9207ab72,2023-05-22-harpa-concert-hall-reykjavik-iceland,2023-05-22,524c6aa2-6248-414b-a626-fe73589b8a7f,db7f2c5d-2727-41fd-bd6f-e91c74164f09,"Trance Atlantic —   

Karina Rykman opened   

Set 1 was for VIP ticket holders 
",,2023-05-22 17:49:47.759240,2024-11-07 02:11:45.496830,0,"",4.12903225806452,0,0,2
f5c959c3-03cf-4dbb-afc3-df73c7fdf610,2000-04-29-trocadero-philadelphia-pa,2000-04-29,feb271e4-61fc-4d66-ac24-ee9f39c76aad,db7f2c5d-2727-41fd-bd6f-e91c74164f09,Brothers Past opened.  DJ Mauricio spun in between sets.,461,2020-02-22 16:19:52.200407,2024-05-29 21:44:25.235028,0,https://relisten.net/disco-biscuits/2000/04/29,4.22222222222222,24,0,0
698a2a40-9130-4d23-9aae-e3ed9b1293b6,2007-01-06-the-open-seas-msc-opera-ft-lauderdale-fl,2007-01-06,955562f2-7eb7-4f9f-9d4c-ee71f016b29f,db7f2c5d-2727-41fd-bd6f-e91c74164f09,"Jamcruise 5<br>Other acts include Umphrey's McGee, Perpetual Groove, Galactic, Burning Spear, Los Amigos Invisibles and many others",959,2020-02-22 16:19:52.200407,2023-08-19 16:23:32.889907,0,https://relisten.net/disco-biscuits/2007/01/06,3.70833333333333,0,0,1
20c21acb-73fe-4a0f-ab76-3ce4d5fde3d2,2022-06-10-pier-six-pavilion-baltimore-md,2022-06-10,3dbc0082-85bf-4a8f-b1a8-a7f3cdd07c79,db7f2c5d-2727-41fd-bd6f-e91c74164f09,Umphrey's McGee opened,,2022-06-11 02:13:09.123540,2024-06-13 18:17:58.687811,0,"",4.27941176470588,0,0,1
ffd3c0b1-d4ec-44db-9491-13c8c73a99b7,2014-09-13-ogden-theater-denver-co,2014-09-13,6a113f67-1c38-4874-a465-80b7ae21d2f8,db7f2c5d-2727-41fd-bd6f-e91c74164f09,"",1431,2020-02-22 16:19:52.200407,2024-04-29 20:57:23.977668,0,,3.95833333333333,0,0,0
67533f7f-be55-458d-baac-7c297ae94e5b,1999-02-25-brookdale-lodge-brookdale-ca,1999-02-25,4e4af6b6-2224-4333-af10-219d3aafb7a9,db7f2c5d-2727-41fd-bd6f-e91c74164f09,"",345,2020-02-22 16:19:52.200407,2024-03-12 03:50:21.793664,0,https://relisten.net/disco-biscuits/1999/02/25,4.3,0,0,3
597a81d5-8e9f-4327-9f92-162ef5c1eab9,2020-06-23-citizens-bank-park-philadelphia-pa,2020-06-23,d2d64faf-28f3-435f-800e-bfaf98b0f13e,db7f2c5d-2727-41fd-bd6f-e91c74164f09,"The Disco Biscuits Take You Out to the Ball Game: In support of the PLUS1 For Black Lives Fund<br>
Streamed Live on Youtube<br>
No Fans in attendance
",,2020-06-23 18:07:02.397448,2024-02-02 12:13:34.197972,0,"",3.86538461538462,0,0,0
885e4501-5536-4a4e-ba54-9e24a655df52,2022-04-08-mission-ballroom-denver-co,2022-04-08,bc8784db-5a3b-413b-89da-d999985501b7,db7f2c5d-2727-41fd-bd6f-e91c74164f09,"",,2022-04-09 02:52:00.450559,2024-11-07 02:08:09.710791,0,"",3.8780487804878,0,0,0
26ca072b-b69f-42e6-a63f-38478252f1d6,2000-08-26-saw-mill-ski-area-morris-pa,2000-08-26,8b93d36f-8282-44eb-8621-b1f5bcc64a11,db7f2c5d-2727-41fd-bd6f-e91c74164f09,"Camp Bisco. With Wally and Soulslinger, UV Ray, Dr. Didg, Ominous Seapods, Ulu, Brothers Past, Del Mar, and DJEW. DJ Mauricio spun in between sets.",470,2020-02-22 16:19:52.200407,2024-05-29 21:45:44.426080,0,https://relisten.net/disco-biscuits/2000/08/26,4.5625,41,1,0
868d3e8a-41a6-4407-9421-59926a2f2258,2009-02-26-the-new-higher-ground-south-burlington-vt,2009-02-26,a80851a9-f6e6-464e-8255-af00be69d62e,db7f2c5d-2727-41fd-bd6f-e91c74164f09,Break Science and Orchard Lounge opened,1138,2020-02-22 16:19:52.200407,2024-02-10 01:36:23.455529,0,https://relisten.net/disco-biscuits/2009/02/26,4.27777777777778,0,0,2
40af0b84-2029-48f1-b0e9-eff26778a82d,2000-08-19-croton-point-park-croton-on-hudson-ny,2000-08-19,bbce733f-7112-4bce-bab4-fd6b231bbea7,db7f2c5d-2727-41fd-bd6f-e91c74164f09,"Bayou Music Festival. With Gov't Mule, Strangefolk, Ominous Seapods, and others.",729,2020-02-22 16:19:52.200407,2024-05-29 21:45:28.226107,0,https://relisten.net/disco-biscuits/2000/08/19,2.83333333333333,0,1,0
faab1741-31c3-4abf-9022-888b6cfb3f95,2001-05-08-crystal-ballroom-portland-or,2001-05-08,8c483567-161f-448c-b652-d686ac1f6993,db7f2c5d-2727-41fd-bd6f-e91c74164f09,DJ Mauricio opened and spun between sets.,732,2020-02-22 16:19:52.200407,2024-03-28 00:10:36.515432,0,https://relisten.net/disco-biscuits/2001/05/08,3.75,0,0,1
a6590fe4-15f4-4bd4-9923-39d4080f9441,2007-01-07-culture-room-fort-lauderdale-fl,2007-01-07,b3841de4-5e57-4f2d-914f-81bc474fba8e,db7f2c5d-2727-41fd-bd6f-e91c74164f09,Jamcruise 5 Post-Cruise Show,960,2020-02-22 16:19:52.200407,2023-08-27 11:44:52.577971,0,,4.59523809523809,0,0,2
88edfd8a-f417-4471-9220-2accfe00434b,2009-04-23-headliners-music-hall-louisville-ky,2009-04-23,0eb2440c-a19d-40cf-93de-d718d01e72a3,db7f2c5d-2727-41fd-bd6f-e91c74164f09,"",1119,2020-02-22 16:19:52.200407,2023-10-17 12:43:41.862047,0,https://relisten.net/disco-biscuits/2009/04/23,4.38888888888889,0,0,3
225e4bf6-4c14-4563-80fe-d07b270be9a9,2007-06-26-chameleon-club-lancaster-pa,2007-06-26,2e412cc5-ea82-4215-b606-0762014dd53b,db7f2c5d-2727-41fd-bd6f-e91c74164f09,Billed as TractorBeam,983,2020-02-22 16:19:52.200407,2024-04-11 15:38:45.495050,0,https://relisten.net/disco-biscuits/2007/06/26,4.58064516129032,0,0,2
2024db79-7313-4e64-95fc-10921f6b89df,2008-07-03-rothbury-music-festival-rothbury-mi,2008-07-03,a758b47b-b3d1-4fd1-9e99-e48e503f1df2,db7f2c5d-2727-41fd-bd6f-e91c74164f09,"Rothbury Festival<br>Other Acts Included The Dave Mathews Band, Primus, Trey Anastasio, Lotus and many, many others",1090,2020-02-22 16:19:52.200407,2022-09-13 19:48:56.563684,0,https://relisten.net/disco-biscuits/2008/07/03,4.1,0,1,1
94efa5b3-6c08-4af5-8154-7b72d41bd354,2000-10-20-fox-theatre-boulder-co,2000-10-20,8f46585f-f736-4603-88c9-a45209757346,db7f2c5d-2727-41fd-bd6f-e91c74164f09,"",480,2020-02-22 16:19:52.200407,2022-09-12 20:09:20.491767,0,https://relisten.net/disco-biscuits/2000/10/20,4.1,0,0,0
75d9d74f-0240-42c9-81e7-855f14315536,2006-04-26-workplay-theatre-birmingham-al,2006-04-26,2e532134-a7f4-435a-9c0b-d7f6f7710d94,db7f2c5d-2727-41fd-bd6f-e91c74164f09,"",886,2020-02-22 16:19:52.200407,2023-02-03 10:22:08.712131,0,https://relisten.net/disco-biscuits/2006/04/26,4.16666666666667,0,0,1
738f306d-d144-4fd7-8986-d9952c061c06,2007-12-20-sirius-satellite-studios-new-york-city-ny,2007-12-20,5f501a2f-6a35-479f-8b2a-d075734600ca,db7f2c5d-2727-41fd-bd6f-e91c74164f09,"Special in-studio performance to celebrate the launch of Marc's new weekly show Jamtronica, on the Sirius Jam ON channel. Hosted by Jonathan Schwartz.",1034,2020-02-22 16:19:52.200407,2022-09-13 19:44:21.563228,0,https://relisten.net/disco-biscuits/2007/12/20,3.44444444444444,0,0,1
d7ee6e6f-3ab8-4501-b39f-80675a75d0ca,2007-07-08-plumas-country-fairgrounds-quincy-ca,2007-07-08,def90e2e-cd00-4659-a848-241097bde1bf,db7f2c5d-2727-41fd-bd6f-e91c74164f09,"High Sierra Music Festival 2007<br>Day set on the Big Meadow Stage; other acts include Yonder Mountain String Band, Leftover Salmon, Les Claypool, Galactic and Tea Leaf Green",990,2020-02-22 16:19:52.200407,2022-09-24 18:24:47.075305,0,https://relisten.net/disco-biscuits/2007/07/08,4.5,0,0,3
722144d9-5964-4477-90a3-1ccc9a05e7c1,2000-11-09-terrace-club-princeton-university-princeton-nj,2000-11-09,e82d7d27-927f-42a4-b284-4b846622c772,db7f2c5d-2727-41fd-bd6f-e91c74164f09,Unannounced show. Private show for Princeton University Dinner Club. Soundcheck: Confrontation,492,2020-02-22 16:19:52.200407,2024-02-26 20:06:23.970270,0,https://relisten.net/disco-biscuits/2000/11/09,4.20833333333333,0,0,0
36f63409-3ed7-4d43-a072-4e29cbf38abb,2009-02-15-liberty-hall-lawrence-ks,2009-02-15,25d3b95d-24b1-45e4-87b0-4c1ea4693944,db7f2c5d-2727-41fd-bd6f-e91c74164f09,"Pretty Lights opened, Pnuma PA set at set break",1140,2020-02-22 16:19:52.200407,2024-06-30 06:06:27.304958,0,https://relisten.net/disco-biscuits/2009/02/15,4.54,0,0,2
689c61ad-f1f1-4bbe-8834-b5b60726334b,2002-04-29-meatcamp-boone-nc,2002-04-29,f1ed9daf-cea6-4f32-a6d7-999ee14885af,db7f2c5d-2727-41fd-bd6f-e91c74164f09,Surprise show at Jon Fordin's house.,639,2020-02-22 16:19:52.200407,2024-07-21 02:09:10.562880,0,https://relisten.net/disco-biscuits/2002/04/29,4.71875,0,0,1
d66add5e-de48-4696-a81e-23a0224dd251,2023-02-04-anthem-washington-d-c,2023-02-04,f7f3563e-da6a-40c9-9893-a3a701e4c2f9,db7f2c5d-2727-41fd-bd6f-e91c74164f09,Snacktime opened,,2023-02-05 02:33:47.119713,2024-07-19 11:39:12.214877,0,https://relisten.net/disco-biscuits/2023/02/04,4.44642857142857,0,0,1
ef6938a7-cb6c-4f43-b05a-f7d93bd06dbf,2018-07-11-the-pavilion-at-montage-mountain-scranton-pa,2018-07-11,0287594a-b0f4-402c-b3e3-5c91b19095d9,db7f2c5d-2727-41fd-bd6f-e91c74164f09,"Camp Bisco 16
<br>VIP Set/Soundcheck",1560,2020-02-22 16:19:52.200407,2024-08-25 20:33:17.837946,0,,4.26470588235294,0,0,0
ff77f649-f1d6-482b-88b7-9b3580c61d6d,2022-08-26-the-intersection-grand-rapids-mi,2022-08-26,ad0cca14-b5a9-4b2c-bf19-88db39426fc4,db7f2c5d-2727-41fd-bd6f-e91c74164f09,"",,2022-08-27 12:59:33.041685,2024-07-26 17:50:58.534380,0,"",3.56521739130435,0,0,0
37e84d07-41ab-42b0-bba3-367d9db1f1f8,2001-11-03-king-cat-theatre-seattle-wa,2001-11-03,1c6b2094-7169-41e5-b759-0ac478aa438b,db7f2c5d-2727-41fd-bd6f-e91c74164f09,"",590,2020-02-22 16:19:52.200407,2024-11-08 23:17:10.416310,0,https://relisten.net/disco-biscuits/2001/11/03,4.45454545454545,11,0,1
f2ae26a3-e126-47c6-9a3b-7d45ea63d511,2002-04-19-royal-oak-theater-detroit-mi,2002-04-19,eecf6207-e4db-4937-9127-a808c8df5404,db7f2c5d-2727-41fd-bd6f-e91c74164f09,"",631,2020-02-22 16:19:52.200407,2024-11-25 12:16:31.712833,0,https://relisten.net/disco-biscuits/2002/04/19,3.83333333333333,0,0,0
2e080d11-cc1c-4fac-bdf6-ab312658b775,2002-04-03-water-street-music-hall-rochester-ny,2002-04-03,8beaf894-d987-4683-8c46-ea05cf0be1ce,db7f2c5d-2727-41fd-bd6f-e91c74164f09,"",618,2020-02-22 16:19:52.200407,2024-11-25 12:17:43.502013,0,https://relisten.net/disco-biscuits/2002/04/03,3.75,0,0,0
d462658d-acf6-4126-afc2-deef8c9f2a82,2000-11-11-irving-plaza-new-york-ny,2000-11-11,397149cc-e8d3-4557-9491-4d180be19e68,db7f2c5d-2727-41fd-bd6f-e91c74164f09,"",494,2020-02-22 16:19:52.200407,2024-05-29 21:47:02.281208,0,https://relisten.net/disco-biscuits/2000/11/11,4.3125,0,0,2
e6743349-3ec4-4fd1-a11e-66c47f9e38f5,2007-07-11-house-of-blues-san-diego-ca,2007-07-11,1f82ec87-0d56-48c1-8532-8a9d29848fce,db7f2c5d-2727-41fd-bd6f-e91c74164f09,"",992,2020-02-22 16:19:52.200407,2023-08-27 11:47:06.800381,0,https://relisten.net/disco-biscuits/2007/07/11,4.52272727272727,0,0,2
7c9bd58c-81a9-4d6e-b73c-30501ba59e47,2003-05-28-the-conduit-trenton-nj,2003-05-28,08139a3b-d9fc-4613-8e1c-e39a9ec32288,db7f2c5d-2727-41fd-bd6f-e91c74164f09,Billed as 'The Perfume.',757,2020-02-22 16:19:52.200407,2024-02-18 12:43:23.822253,0,https://relisten.net/disco-biscuits/2003/05/28,4.23333333333333,0,0,0
064fc34b-f084-48aa-b20c-bb2a507bd085,1997-12-08-cafe-210-west-state-college-pa,1997-12-08,bb1ea85c-f87c-4a31-95b7-d33fcb04abbc,db7f2c5d-2727-41fd-bd6f-e91c74164f09,"",149,2020-02-22 16:19:52.200407,2023-07-31 20:47:17.232001,0,https://relisten.net/disco-biscuits/1997/12/08,3.83333333333333,0,0,0
50a465cc-8931-4dc6-982b-0d5853341dba,2010-06-05-ft-armistead-park-baltimore-md,2010-06-05,24e0f3fb-8829-4f84-bfd4-69e568b424ae,db7f2c5d-2727-41fd-bd6f-e91c74164f09,"Starscape Music Festival, other acts include The New Deal, Pretty Lights, Orchard Lounge, Excision, Boregore, Wolfgang Gartner and more",1272,2020-02-22 16:19:52.200407,2024-09-21 23:01:19.140893,0,,4.18181818181818,0,0,0
33d831a5-bc78-4867-b0b7-d5f45235ed8f,2000-11-22-9-30-club-washington-dc,2000-11-22,07aef483-1f92-466a-8f3e-ee2d2ef9969c,db7f2c5d-2727-41fd-bd6f-e91c74164f09,"",498,2020-02-22 16:19:52.200407,2024-05-29 21:51:30.444834,0,https://relisten.net/disco-biscuits/2000/11/22,4.16666666666667,0,0,2
ad066a6a-209d-42d9-a459-e5bb48b2994a,2015-04-17-red-rocks-amphitheater-morrison-co,2015-04-17,25062d21-ff23-484b-8220-4b03ff26bbae,db7f2c5d-2727-41fd-bd6f-e91c74164f09,"Bisco Inferno- <br>Entire 2nd Set featured Bill Kreutzman (drums), Mickey Hart (percussion), and Tom Hamilton (guitar) ",1454,2020-02-22 16:19:52.200407,2024-04-29 20:54:58.966624,0,https://relisten.net/disco-biscuits/2015/04/17,3.53333333333333,0,0,1
3b0bdd22-e488-4d6f-87b3-2b8cdd7a4002,2022-09-10-southside-stage-xl-live-harrisburg-pa,2022-09-10,e9a9e76a-b8c7-49ed-901e-723b7ee229bb,db7f2c5d-2727-41fd-bd6f-e91c74164f09,Yam Yam opened,,2022-09-11 00:36:29.945348,2024-05-27 06:41:34.458667,0,"",4.39583333333333,0,0,2
da158eb1-c932-43b0-982d-c929bfd83afe,2002-08-05-vogue-theater-indianapolis-in,2002-08-05,78cc0a80-887a-466c-b46e-505578d8de29,db7f2c5d-2727-41fd-bd6f-e91c74164f09,"",653,2020-02-22 16:19:52.200407,2024-03-28 00:03:56.306865,0,https://relisten.net/disco-biscuits/2002/08/05,4.04166666666667,0,0,1
8b4a0243-a5cb-4a60-8ceb-1d94fa436be3,1998-05-16-khyber-pass-philadelphia-pa,1998-05-16,8fb68427-a6bc-4d62-b072-a266744b4202,db7f2c5d-2727-41fd-bd6f-e91c74164f09,"Soundcheck: possible new tune, Trooper McCue",219,2020-02-22 16:19:52.200407,2023-08-26 17:42:25.053540,0,https://relisten.net/disco-biscuits/1998/05/16,4,0,0,0
a51f3f03-1e2d-4dfb-825d-b558a102475d,2001-09-09-state-theater-new-brunswick-nj,2001-09-09,c63d548e-59a3-4a47-89c8-cbff7f242d38,db7f2c5d-2727-41fd-bd6f-e91c74164f09,"",567,2020-02-22 16:19:52.200407,2024-03-28 00:12:50.579760,0,https://relisten.net/disco-biscuits/2001/09/09,4.64285714285714,69,0,1
acff54f9-add5-41ea-b1df-ddf6f1a01512,2023-05-20-harpa-concert-hall-reykjavik,2023-05-20,524c6aa2-6248-414b-a626-fe73589b8a7f,db7f2c5d-2727-41fd-bd6f-e91c74164f09,"Trance Atlantic —

Cloudchord opened",,2023-05-20 20:45:50.709876,2024-11-07 02:11:25.106921,0,"",3.75,0,0,1
5d80a87f-c15b-4ed7-b7f8-38dacfcf2a43,2001-03-28-cajun-house-scottsdale-az,2001-03-28,b7567682-cd24-482c-a48d-9cf6d2e65f09,db7f2c5d-2727-41fd-bd6f-e91c74164f09,"",513,2020-02-22 16:19:52.200407,2024-03-28 00:08:07.783872,0,https://relisten.net/disco-biscuits/2001/03/28,2.83333333333333,0,0,1
e3465c50-4302-4e05-8218-4e789252bb10,2001-09-04-toad-s-place-new-haven-ct,2001-09-04,b62ae962-8516-4f35-b15b-49bbe0b76d2c,db7f2c5d-2727-41fd-bd6f-e91c74164f09,"",562,2020-02-22 16:19:52.200407,2024-05-29 21:58:14.324219,0,https://relisten.net/disco-biscuits/2001/09/04,4.21428571428571,0,0,1
d45df1d0-66a4-478a-abe2-782a4b9df631,2013-08-30-union-park-chicago-il,2013-08-30,f5340b3f-e2ef-4ca4-9a9d-a10d1c81bd5d,db7f2c5d-2727-41fd-bd6f-e91c74164f09,"North Coast Music Festival - other acts include Passion Pit, Wu Tang, Big Gigantic, Afrojack, Lotus and more",1395,2020-02-22 16:19:52.200407,2023-10-17 12:34:08.769154,0,,3.86363636363636,0,0,0
b87d1938-ad09-4654-980e-92c40dca6d1f,2014-03-29-margaret-t-hance-park-phoenix-arizona,2014-03-29,8bef54d2-5047-4a02-a5c1-5f85d1c97f36,db7f2c5d-2727-41fd-bd6f-e91c74164f09,McDowell Mountain Music Festival,1422,2020-02-22 16:19:52.200407,2023-09-13 10:58:50.171669,0,https://relisten.net/disco-biscuits/2014/03/29,3.95454545454545,0,0,1
f9eb4735-1d93-419a-8b8c-0e96f8506ac7,2022-10-28-salvage-station-asheville-nc,2022-10-28,0124d12d-ba1c-4720-85fe-0dfba18b1ca8,db7f2c5d-2727-41fd-bd6f-e91c74164f09,"",,2022-10-29 03:08:52.540078,2023-12-30 19:50:22.869542,0,https://relisten.net/disco-biscuits/2022/10/28,3.80434782608696,0,0,2
03f9e498-0ed5-4807-89b1-9cd02dd795f2,2010-10-29-hampton-coliseum-hampton-va,2010-10-29,0b36c149-b1d1-4acf-b3c4-f4f0d55e9469,db7f2c5d-2727-41fd-bd6f-e91c74164f09,Hulaween - Opening up for String Cheese Incident,1305,2020-02-22 16:19:52.200407,2022-09-12 20:43:01.774977,0,https://relisten.net/disco-biscuits/2010/10/29,4.0625,0,1,0
4668d304-28d4-45de-81de-f881e2878edc,2007-12-15-caribbean-holidaze-runaway-bay-jamaica,2007-12-15,a65f28c8-e63c-44ba-81de-5cbd64ba3017,db7f2c5d-2727-41fd-bd6f-e91c74164f09,Caribbean Holidaze<br>Co-headlining with Umphrey's McGee,1033,2020-02-22 16:19:52.200407,2022-09-13 19:44:17.980060,0,https://relisten.net/disco-biscuits/2007/12/15,3.92857142857143,0,0,1
3f4d01eb-d3fa-4e28-8732-eb85dd12adf6,2009-07-04-plumas-country-fairgrounds-quincy-ca,2009-07-04,def90e2e-cd00-4659-a848-241097bde1bf,db7f2c5d-2727-41fd-bd6f-e91c74164f09,"High Sierra Music Festival - Other acts include Umphrey's McGee, Ani DiFranco, Galactic, Dr. Dog and The Marco Benevento Trio",1102,2020-02-22 16:19:52.200407,2023-10-17 12:43:56.231307,0,https://relisten.net/disco-biscuits/2009/07/04,4.26923076923077,0,0,0
011aca18-76ab-4a09-bda2-6fc2beb528a1,2000-10-06-the-sanctuary-las-vegas-nv,2000-10-06,9d964d89-7636-40aa-a1b0-a48237f1bc97,db7f2c5d-2727-41fd-bd6f-e91c74164f09,"Soundcheck: Hope, Grass Is Green, Story Of The World (parts), Bad Moon Rising (parts), The Unspoken Rhyme",471,2020-02-22 16:19:52.200407,2024-11-26 12:24:49.146232,0,https://relisten.net/disco-biscuits/2000/10/06,3.72727272727273,0,0,1
16ab059c-7549-40d7-b0c9-b04665f554e0,2001-07-22-saratoga-performing-arts-center-saratoga-springs-ny,2001-07-22,e8cc5ed2-2806-485e-84c4-08790fe62cbc,db7f2c5d-2727-41fd-bd6f-e91c74164f09,Opening for Phil Lesh and Friends and Ratdog.,556,2020-02-22 16:19:52.200407,2024-05-29 21:54:24.410608,0,https://relisten.net/disco-biscuits/2001/07/22,3.53333333333333,0,0,1
6b2e0ed6-d1ee-4cb0-b60d-51dfd701ce0a,2001-09-06-higher-ground-s-burlington-vt,2001-09-06,a80851a9-f6e6-464e-8255-af00be69d62e,db7f2c5d-2727-41fd-bd6f-e91c74164f09,"",564,2020-02-22 16:19:52.200407,2024-08-07 03:26:53.933928,0,https://relisten.net/disco-biscuits/2001/09/06,4.46666666666667,0,0,3
f07c94c7-549c-4768-96f5-d9dea9c402a2,2000-10-13-great-american-music-hall-san-francisco-ca,2000-10-13,4c44ebe4-9778-4cb8-97be-6ab5af04cf4b,db7f2c5d-2727-41fd-bd6f-e91c74164f09,"Soundcheck: Basis For A Day, Once The Fiddler Paid",476,2020-02-22 16:19:52.200407,2024-09-16 23:35:38.034746,0,https://relisten.net/disco-biscuits/2000/10/13,4.61111111111111,0,1,1
e0972b98-0b33-4e82-af33-19aae327fc5b,2012-10-05-mann-center-for-the-performing-arts-philadelphia-pa,2012-10-05,2b839f0d-5ce0-402a-a7ae-aee8968dc3e9,db7f2c5d-2727-41fd-bd6f-e91c74164f09,"City Bisco - other acts include The Manhattan Project, RJD2, Diplo, Cinnamon Chasers, Wyllys and Aeroplane",1375,2020-02-22 16:19:52.200407,2024-11-07 02:13:38.598161,0,,3.8695652173913,0,0,1
6eae11db-f0a6-4c31-a1ca-ad3ecd729123,2022-11-18-the-eastern-atlanta-ga,2022-11-18,3aa1271f-4cc2-462f-92d4-1b7d1ac0ae22,db7f2c5d-2727-41fd-bd6f-e91c74164f09,"",,2022-11-19 02:55:54.130989,2024-11-10 02:21:51.340327,0,https://relisten.net/disco-biscuits/2022/11/18,3.66176470588235,0,0,1
067c458b-f4f1-4860-b9db-bb7529e18b8e,2002-04-20-barrymore-theater-madison-wi,2002-04-20,34d157ac-ef3f-4078-bffc-fc1a0446bf0c,db7f2c5d-2727-41fd-bd6f-e91c74164f09,"",632,2020-02-22 16:19:52.200407,2024-11-25 12:16:28.664678,0,https://relisten.net/disco-biscuits/2002/04/20,4.04166666666667,1,0,0
6964cf33-1c54-4394-9556-a5ce52871d7a,2012-12-18-dreams-tulum-resort-spa-tulum-mexico,2012-12-18,3aade034-926f-4d9d-9f45-f9889fd37a91,db7f2c5d-2727-41fd-bd6f-e91c74164f09,"Mayan Holidaze - Other acts include Umphrey's McGee, STS9 and Brothers Past, Up Until Now, Lionze and Break Science",1378,2020-02-22 16:19:52.200407,2023-08-30 11:08:29.696204,0,,3.9,0,0,0
52b1efdf-8ab1-4db0-adfd-534ed50f662d,2023-01-21-penn-s-peak-jim-thorpe-pa,2023-01-21,c21f72f6-9665-45c7-abb5-fb954e640d67,db7f2c5d-2727-41fd-bd6f-e91c74164f09,2nd Set was 'Spin the Wheel',,2023-01-22 16:05:43.449572,2024-11-25 15:39:42.286003,0,https://relisten.net/disco-biscuits/2023/01/21,4.36666666666667,0,0,0
109b328b-707c-4b0b-8c0e-9ba53523e71c,2001-08-08-the-boom-boom-room-san-francisco-ca,2001-08-08,c00ba74e-0366-47a4-b2a6-96456341c642,db7f2c5d-2727-41fd-bd6f-e91c74164f09,"Unannounced show, presented by JamBase.com.",557,2020-02-22 16:19:52.200407,2024-03-28 00:12:03.633048,0,https://relisten.net/disco-biscuits/2001/08/08,4.09090909090909,0,0,1
4401d395-db9d-481f-a25b-a45c0f643541,1998-01-28-8-x-10-club-baltimore-md,1998-01-28,60c4a1cd-a2c1-4fc1-bddb-cc6a0fe59488,db7f2c5d-2727-41fd-bd6f-e91c74164f09,Soundcheck: Jamillia,164,2020-02-22 16:19:52.200407,2023-08-01 16:24:08.802900,0,,4,0,0,0
645caace-6672-4662-9894-4131d7665103,1998-02-06-middle-east-cambridge-ma,1998-02-06,8007d184-2caa-4fd4-8e3d-a8471494d146,db7f2c5d-2727-41fd-bd6f-e91c74164f09,Opening for Schleigho,170,2020-02-22 16:19:52.200407,2023-08-01 16:24:21.923694,0,,3,0,0,0
b002e0cb-e8ee-4509-8b01-d79e712c647b,2009-07-02-rothbury-music-festival-rothbury-mi,2009-07-02,a758b47b-b3d1-4fd1-9e99-e48e503f1df2,db7f2c5d-2727-41fd-bd6f-e91c74164f09,"Rothbury Festival - Other acts include The Dead, Bob Dylan and His Band, Broken Social Scene, 2020 Soundsystem and Future Rock",1103,2020-02-22 16:19:52.200407,2024-02-04 12:56:30.722539,0,,4.06666666666667,0,0,0
309dad00-ea41-4827-b594-0053304384aa,2001-04-01-fox-theatre-boulder-co,2001-04-01,8f46585f-f736-4603-88c9-a45209757346,db7f2c5d-2727-41fd-bd6f-e91c74164f09,"",517,2020-02-22 16:19:52.200407,2024-03-28 00:08:34.941756,0,https://relisten.net/disco-biscuits/2001/04/01,4.125,23,0,2
6136ba5f-d17c-49ee-8d99-7832d8d26482,2003-05-31-moose-river-amphitheatre-lyonsdale-ny,2003-05-31,5d912950-5bf1-45a9-a65a-4f0a761de0fa,db7f2c5d-2727-41fd-bd6f-e91c74164f09,Adirondack Mountain Music Festival.,758,2020-02-22 16:19:52.200407,2023-08-27 11:29:03.612645,0,https://relisten.net/disco-biscuits/2003/05/31,3.78125,0,0,0
d5bb56b0-3846-42b9-bd54-0cad17ae0454,2022-08-14-blackthorne-resort-east-durham-ny,2022-08-14,0aa18b5a-984e-44d1-abaf-3b7a8a9c0169,db7f2c5d-2727-41fd-bd6f-e91c74164f09,Catskill Mountain Jubilee ,,2022-08-14 22:44:35.955123,2024-11-25 15:43:06.105698,0,"",3.26086956521739,0,0,1
9ac2847b-7af9-47b3-b2eb-5d84ff98c56a,2002-08-18-lupo-s-heartbreak-hotel-providence-ri,2002-08-18,30ea9f62-a7d5-4380-b33d-615cdd7ccfdd,db7f2c5d-2727-41fd-bd6f-e91c74164f09,"",663,2020-02-22 16:19:52.200407,2024-03-20 10:12:01.011630,0,https://relisten.net/disco-biscuits/2002/08/18,4.46875,0,0,1
c8891a95-56bc-4ca7-b34d-0150da39ddfe,2012-12-20-dreams-tulum-resort-spa-tulum-mexico,2012-12-20,3aade034-926f-4d9d-9f45-f9889fd37a91,db7f2c5d-2727-41fd-bd6f-e91c74164f09,"Mayan Holidaze - Other acts include Umphrey's McGee, Brothers Past, STS9, Digital Tape Machine and Lionize",1379,2020-02-22 16:19:52.200407,2023-08-30 11:08:33.256730,0,,3.83333333333333,0,0,0
4d30370a-00e2-424a-8087-21431b25e0d9,2022-06-12-lake-champlain-exposition-essex-junction-vt-2,2022-06-18,2b839f0d-5ce0-402a-a7ae-aee8968dc3e9,db7f2c5d-2727-41fd-bd6f-e91c74164f09,City Bisco,,2022-06-13 13:00:23.837593,2024-11-25 15:43:22.200826,0,https://relisten.net/disco-biscuits/2022/06/18,4.15,0,0,1
6667fc19-bcfb-4def-a33c-f75a845c382b,2001-09-23-fox-theatre-boulder-co,2001-09-23,8f46585f-f736-4603-88c9-a45209757346,db7f2c5d-2727-41fd-bd6f-e91c74164f09,"",578,2020-02-22 16:19:52.200407,2023-09-26 19:37:33.042389,0,https://relisten.net/disco-biscuits/2001/09/23,4.38888888888889,0,0,2
d6a8ada7-91e5-4330-8f93-7a9a87fde7d0,2007-07-14-trancegression-copper-mountain-co,2007-07-14,749c66c2-4fbd-443f-9b2b-d25685ff0731,db7f2c5d-2727-41fd-bd6f-e91c74164f09,"Trancegression<br>With Umphrey's McGee, Lotus, Zilla, The Pharcyde and many others",994,2020-02-22 16:19:52.200407,2023-09-27 17:31:40.154906,0,https://relisten.net/disco-biscuits/2007/07/14,4.09375,0,0,3
d9bcd659-a445-4aed-bd62-562e27e28fdd,2001-04-03-mississippi-nights-st-louis-mo,2001-04-03,ac2c3809-efda-431b-899f-217b3d31eda2,db7f2c5d-2727-41fd-bd6f-e91c74164f09,"",518,2020-02-22 16:19:52.200407,2024-03-28 00:08:38.137688,0,https://relisten.net/disco-biscuits/2001/04/03,2.83333333333333,0,0,1
d0c2bfee-49cf-456f-a67d-242d907e3699,2001-12-29-roseland-ballroom-new-york-ny,2001-12-29,758c748a-e52e-4bc6-8e77-b56452998e00,db7f2c5d-2727-41fd-bd6f-e91c74164f09,"",606,2020-02-22 16:19:52.200407,2024-05-29 22:02:15.189584,0,https://relisten.net/disco-biscuits/2001/12/29,4.575,99,0,1
301c7b1d-d3a4-440c-8828-03839851ed8b,2001-09-19-union-bar-iowa-city-ia,2001-09-19,5e4fd5a5-5a89-4fcd-974f-d1b58f599366,db7f2c5d-2727-41fd-bd6f-e91c74164f09,"",575,2020-02-22 16:19:52.200407,2023-04-29 00:22:24.942954,0,https://relisten.net/disco-biscuits/2001/09/19,4.09090909090909,0,0,2
8cc27bbe-a5f0-499d-b61c-6248bda0a863,2001-09-14-the-rave-milwaukee-wi,2001-09-14,83c2ae5b-bf58-429d-81aa-4a2ecfe377c5,db7f2c5d-2727-41fd-bd6f-e91c74164f09,"",571,2020-02-22 16:19:52.200407,2023-04-29 00:21:28.180717,0,https://relisten.net/disco-biscuits/2001/09/14,4,7,0,1
71dcdea9-743b-4a1b-a000-bd6a0f1a1c27,2006-07-02-plumas-country-fairgrounds-quincy-ca,2006-07-02,def90e2e-cd00-4659-a848-241097bde1bf,db7f2c5d-2727-41fd-bd6f-e91c74164f09,"High Sierra Music Festival 2006. Other acts include Bela Fleck and the Flecktones, Umphrey's McGee, Garage a Trois, The Slip and others.",914,2020-02-22 16:19:52.200407,2023-08-27 11:40:05.971724,0,https://relisten.net/disco-biscuits/2006/07/02,4.23529411764706,0,0,1
e1eab28b-efc0-4390-a846-bb91ccdd03a2,2001-04-26-the-roxy-atlanta-ga,2001-04-26,e1ba20c1-7785-45ab-8b27-b225fc50a092,db7f2c5d-2727-41fd-bd6f-e91c74164f09,Set II was the Disco Biscuits' second complete performance of 'the Chemical Warfare Brigade'.,537,2020-02-22 16:19:52.200407,2024-05-29 21:53:41.606039,0,https://relisten.net/disco-biscuits/2001/04/26,4.31818181818182,0,0,2
f6eee273-648e-47a6-87a2-0ec1b9949d83,2001-09-13-the-majestic-detroit-mi,2001-09-13,bb49a7de-c975-414b-afa0-14890a0413c5,db7f2c5d-2727-41fd-bd6f-e91c74164f09,"",570,2020-02-22 16:19:52.200407,2024-03-28 00:14:22.589160,0,https://relisten.net/disco-biscuits/2001/09/13,4.04545454545455,20,0,3
490226d1-140e-4ce2-8c17-6d051ac6ca75,2021-11-19-the-caverns-pelham-tn,2021-11-19,635a06a6-4313-445d-a0f0-732e88045297,db7f2c5d-2727-41fd-bd6f-e91c74164f09,"",,2021-11-20 02:58:14.022202,2024-11-07 02:12:48.611074,0,https://relisten.net/disco-biscuits/2021/11/19,4.46551724137931,0,0,0
6aad6c22-b303-48da-9b7d-248994f5d6bd,2022-09-08-grand-opera-house-wilmington-de,2022-09-08,f40c7c85-e788-4692-8d4f-5d317996f953,db7f2c5d-2727-41fd-bd6f-e91c74164f09,"",,2022-09-09 00:26:22.821096,2023-08-26 17:32:19.287392,0,https://relisten.net/disco-biscuits/2022/09/08,4.42307692307692,0,0,1
799c2fc8-4482-43c5-9edc-6112bd3313f0,1999-06-26-melstock-melham-s-farm-mechanicsburg-pa,1999-06-26,b089f152-986c-4ebd-bb0d-3207437eb51c,db7f2c5d-2727-41fd-bd6f-e91c74164f09,"Hexbelt, Into The Woods, Juggling Suns, and the Slip opened.",405,2020-02-22 16:19:52.200407,2023-08-26 17:49:23.880875,0,https://relisten.net/disco-biscuits/1999/06/26,4.72727272727273,2,1,0
81a182c1-2549-4854-a75a-dfb7bf15efb6,1998-02-14-the-roost-dennison-university-granville-oh,1998-02-14,8c8894ba-1a8b-4d9c-a5ed-73a8ad442e70,db7f2c5d-2727-41fd-bd6f-e91c74164f09,"Soundcheck: Jam, Shem-Rah Boo Jam, M.E.M.P.H.I.S. Jam, Pat and Dex, Jam, Wet, Bernstein and Chasnoff",174,2020-02-22 16:19:52.200407,2023-08-01 16:24:29.742177,0,,3.5,0,0,0
9519ee24-a559-4482-85ca-d8c34e7a4439,2001-07-21-hartford-meadows-music-theater-hartford-ct,2001-07-21,89bca320-089e-418a-a882-c01179d0419a,db7f2c5d-2727-41fd-bd6f-e91c74164f09,Opening for Phil Lesh and Friends and Ratdog.,555,2020-02-22 16:19:52.200407,2024-05-29 21:54:30.885431,0,https://relisten.net/disco-biscuits/2001/07/21,3.57692307692308,0,0,1
c63f0131-2c17-4623-bc2f-4c236c22aae2,2024-02-05-belly-up-aspen-aspen-co,2024-02-05,415843ea-2c38-444a-88be-f2b3cbc5e9ec,db7f2c5d-2727-41fd-bd6f-e91c74164f09,"",,2024-02-05 13:22:47.954192,2024-11-26 03:20:20.296326,0,"",4.28571428571429,0,0,2
e935a4cf-92ee-44a7-a96d-e652e507bfde,2008-06-13-bonnaroo-music-festival-manchester-tn,2008-06-13,1f6d9f30-4c62-4883-8d34-51a0ace794db,db7f2c5d-2727-41fd-bd6f-e91c74164f09,"Bonnaroo Music & Arts Festival 2008<br>Other acts included Pearl Jam, Metallica, Chris Rock, Widespread Panic, Kanye West and many, many others",1073,2020-02-22 16:19:52.200407,2024-11-25 23:57:00.616210,0,,4.53571428571429,0,0,2
d243bb74-5b7a-4a2d-87dc-198ba14faa76,2019-05-24-ogden-theater-denver-co,2019-05-24,6a113f67-1c38-4874-a465-80b7ae21d2f8,db7f2c5d-2727-41fd-bd6f-e91c74164f09,"",1590,2020-02-22 16:19:52.200407,2024-11-26 03:30:26.160799,0,,4.22413793103448,0,1,2
f703cb8e-b37e-4fa0-be9f-d020590ad55d,2019-05-25-red-rocks-amphitheater-morrison-co,2019-05-25,25062d21-ff23-484b-8220-4b03ff26bbae,db7f2c5d-2727-41fd-bd6f-e91c74164f09,Bisco Inferno<br>,1591,2020-02-22 16:19:52.200407,2024-11-26 03:30:36.789133,0,,4.12820512820513,0,1,1
f01bfe29-35f6-4f21-9bcf-6e994d442d7e,2019-10-05-breckenridge-brewery-littleton-colorado,2019-10-05,235c171b-5462-4d70-8027-36f22caa2f87,db7f2c5d-2727-41fd-bd6f-e91c74164f09,Breckenridge Brewery Hootenany<br>Openers: Mandolin Orange and The Jauntee,1598,2020-02-22 16:19:52.200407,2024-11-26 03:31:02.930968,0,,4.01785714285714,0,1,1
8a904229-6af8-44b6-82c0-da64c604a187,2001-06-28-roseland-ballroom-new-york-ny,2001-06-28,758c748a-e52e-4bc6-8e77-b56452998e00,db7f2c5d-2727-41fd-bd6f-e91c74164f09,"The 2nd annual Jammy Awards.  Entire set with John Popper of Blues Traveler on harmonica, Stanley Jordan on guitar, and DJ Logic on turntables.",549,2020-02-22 16:19:52.200407,2024-03-28 00:11:25.067422,0,https://relisten.net/disco-biscuits/2001/06/28,1.4375,0,0,1
d43d8801-52cc-49d8-a6e7-8fb3ed2a6d45,2001-11-23-the-fillmore-san-francisco-ca,2001-11-23,3f85da63-4a00-4cba-9e9f-837668d55284,db7f2c5d-2727-41fd-bd6f-e91c74164f09,"",592,2020-02-22 16:19:52.200407,2023-08-26 18:00:01.243083,0,https://relisten.net/disco-biscuits/2001/11/23,3.57142857142857,77,0,1
adf51339-31b9-4be8-93e3-5525c864a177,1998-04-09-next-decade-oakland-pa,1998-04-09,e27b3a5b-b34e-48f6-877c-721844ad0391,db7f2c5d-2727-41fd-bd6f-e91c74164f09,Foxtrot Zulu opened.,200,2020-02-22 16:19:52.200407,2024-04-22 21:49:22.274168,0,https://relisten.net/disco-biscuits/1998/04/09,3,0,0,0
fb038cae-9eb5-499f-88c6-70900c5bbd1a,2002-07-26-mishawaka-amphitheater-bellvue-co,2002-07-26,0e289e2c-7798-403b-aba8-e0533a6e8039,db7f2c5d-2727-41fd-bd6f-e91c74164f09,Bisco Inferno,646,2020-02-22 16:19:52.200407,2024-03-28 00:03:31.891990,0,https://relisten.net/disco-biscuits/2002/07/26,4.52272727272727,0,0,0
979e969c-2497-45f1-a6d5-b6c62d09f370,2002-07-27-mishawaka-amphitheater-bellvue-co,2002-07-27,0e289e2c-7798-403b-aba8-e0533a6e8039,db7f2c5d-2727-41fd-bd6f-e91c74164f09,Bisco Inferno,647,2020-02-22 16:19:52.200407,2024-03-28 00:03:35.938515,0,https://relisten.net/disco-biscuits/2002/07/27,4.46666666666667,0,0,1
d3a3f625-5234-49cd-ae72-55d7900e8efb,2001-09-18-cabooze-minneapolis-mn,2001-09-18,7af17156-09d6-4518-8c34-c55b6e251a88,db7f2c5d-2727-41fd-bd6f-e91c74164f09,"",574,2020-02-22 16:19:52.200407,2024-03-28 00:14:40.542685,0,https://relisten.net/disco-biscuits/2001/09/18,3.5,0,0,1
86dd82a2-1da1-4a44-8ab2-469a36490a23,2019-10-03-10-mile-music-hall-frisco-colorado,2019-10-03,865d3aaa-390f-42ae-a261-aa9abe4fc753,db7f2c5d-2727-41fd-bd6f-e91c74164f09,"Show billed as Tractorbeam<br>

New Tractorbeam format debuted. This iteration focuses on playing live versions of house and disco songs like Delorean Dynamite/Strandbar (Todd Terje), White Rabbit (Solomun), Fly Away (Crackazat). All four band members use laptops and are synced up through Ableton Live.",1596,2020-02-22 16:19:52.200407,2023-10-30 08:54:45.597566,0,,3.94444444444444,0,1,0
2932619c-9fe7-48d0-bdb4-40790ae00679,2022-08-28-riverfront-live-cincinnati-oh,2022-08-28,5242af55-99c6-462d-9371-691be445b985,db7f2c5d-2727-41fd-bd6f-e91c74164f09,Andy Frasco & The U.N. opened,,2022-08-29 17:28:13.852122,2024-03-10 12:08:08.610345,0,https://relisten.net/disco-biscuits/2022/08/28,3.325,0,0,0
2ad2d4fd-0418-4ed7-bd8d-cc4afd0f147c,2022-10-03-stony-creek-beer-branford-ct,2022-10-03,7d6bcf78-f800-4c6e-80b0-4adf0974ab76,db7f2c5d-2727-41fd-bd6f-e91c74164f09,"",,2022-10-04 02:20:32.262301,2024-10-18 23:00:45.860766,0,"",4.3,0,0,0
e6e05aa4-d685-4b6c-a9f1-8c91745b0873,2022-10-30-jefferson-theater-charlottesville-va,2022-10-30,b53f3141-16d9-48b8-b6cd-3d2ba00b5290,db7f2c5d-2727-41fd-bd6f-e91c74164f09,"",,2022-11-02 01:01:06.418273,2024-03-06 13:08:26.212623,0,"",3.36363636363636,0,0,1
8d67e533-d6bf-45e6-8696-50c29c5f8cc2,2022-10-29-norva-theater-norfolk-va,2022-10-29,34daf77d-8b69-4d05-9e79-e5d2850216f8,db7f2c5d-2727-41fd-bd6f-e91c74164f09,"",,2022-10-31 00:45:37.187174,2024-04-28 23:31:09.353060,0,"",3.97727272727273,0,0,2
867c69ea-2bcb-4986-8bd7-9e4880db1e5c,2001-12-03-tremont-music-hall-charlotte-nc,2001-12-03,c4453112-afd3-4c8b-89bb-f097f2a13288,db7f2c5d-2727-41fd-bd6f-e91c74164f09,"",598,2020-02-22 16:19:52.200407,2024-12-09 05:39:43.318971,0,https://relisten.net/disco-biscuits/2001/12/03,3.27777777777778,0,0,1
cabb5ef0-8358-442b-8d49-e4667c79fb70,2022-06-11-thompson-s-point-portland-me,2022-06-11,ba4c138f-7ba5-4385-a20a-5c82e9ded0cb,db7f2c5d-2727-41fd-bd6f-e91c74164f09,Opened for Umphrey's McGee,,2022-06-12 13:26:21.232888,2024-06-13 18:18:24.498561,0,"",3.02,0,0,1
84d8eaa6-d3ad-4138-8063-37f4b0e6fdc7,2007-06-09-ft-armistead-park-baltimore-md,2007-06-09,24e0f3fb-8829-4f84-bfd4-69e568b424ae,db7f2c5d-2727-41fd-bd6f-e91c74164f09,"Starscape Festival 2007<br>With RJD2, The Benevento/Russo Duo, Brothers Past, Ed Rush & Optical and Many More",982,2020-02-22 16:19:52.200407,2024-01-12 12:45:10.132370,0,https://relisten.net/disco-biscuits/2007/06/09,4.58333333333333,0,0,3
e652f8f0-061c-4bbe-81d5-ca821830cc3a,2022-08-19-saint-louis-music-park-maryland-heights-mo,2022-08-19,5292820c-8ad4-4bc1-8bd8-43bb4464d497,db7f2c5d-2727-41fd-bd6f-e91c74164f09,D.U.M.B. Tour Opened for Umphrey's McGee,,2022-08-25 19:10:41.986471,2024-04-29 20:46:21.054111,0,https://relisten.net/disco-biscuits/2022/08/19,3.66666666666667,0,0,0
d66da0b4-05c7-4199-9397-12997898cb65,2022-12-30-the-riviera-theater-chicago-il,2022-12-30,956d0e88-c79e-491a-a68c-150b1e4514bd,db7f2c5d-2727-41fd-bd6f-e91c74164f09,My Boy Elroy opened,,2022-12-31 03:10:41.041712,2024-07-18 20:28:58.159500,0,"",4.31481481481481,0,0,0
62e99d01-3865-40bd-b15f-9ef63762ecf7,2001-04-16-wetlands-preserve-new-york-ny,2001-04-16,81bb358f-2ed6-4358-80b5-fb740207d89a,db7f2c5d-2727-41fd-bd6f-e91c74164f09,Surprise gig under the name 'the Perfume'. tDB's set was sandwiched with sets by Electron.,529,2020-02-22 16:19:52.200407,2024-12-09 05:41:16.026519,0,https://relisten.net/disco-biscuits/2001/04/16,2.55555555555556,0,0,1
a5fb63bc-32c3-4455-b936-dce9b3af43d4,2001-12-30-electric-factory-philadelphia-pa,2001-12-30,8ef35498-800d-42f7-82d1-d8ced42d0092,db7f2c5d-2727-41fd-bd6f-e91c74164f09,"",607,2020-02-22 16:19:52.200407,2024-07-19 11:21:41.827623,0,https://relisten.net/disco-biscuits/2001/12/30,4.83333333333333,0,0,2
fcab4ac4-f068-4455-896b-30ea96acd050,2022-11-11-infinity-music-hall-hartford-ct,2022-11-11,05cf36b4-b6b3-4f47-a158-2b67680701f3,db7f2c5d-2727-41fd-bd6f-e91c74164f09,"",,2022-11-12 01:32:30.790724,2024-11-25 15:42:51.747093,0,"",4.4375,0,0,0
f84ae7a9-46b4-48ef-bc1e-8e12e6941f5d,2001-12-01-the-roxy-atlanta-ga,2001-12-01,e1ba20c1-7785-45ab-8b27-b225fc50a092,db7f2c5d-2727-41fd-bd6f-e91c74164f09,"",596,2020-02-22 16:19:52.200407,2024-09-13 13:33:41.857615,0,https://relisten.net/disco-biscuits/2001/12/01,4.67857142857143,0,0,1
49cc75e2-4126-4177-8503-955b3eb84287,2023-03-29-belly-up-tavern-solana-beach-ca,2023-03-29,415843ea-2c38-444a-88be-f2b3cbc5e9ec,db7f2c5d-2727-41fd-bd6f-e91c74164f09,"",,2023-03-30 09:35:05.976895,2024-11-26 03:18:16.136355,0,"",3.69230769230769,0,0,1
01ce70bb-800e-44fb-97d1-a32fdeb93bf0,2001-06-09-cooper-river-stadium-camden-nj,2001-06-09,8fb03c91-a5c7-4e75-92d2-a57ef9563047,db7f2c5d-2727-41fd-bd6f-e91c74164f09,Rock and Register Voter Registration Benefit.  The Mighty Mighty Bosstones and Town Hall opened.,547,2020-02-22 16:19:52.200407,2024-08-20 02:09:16.747799,0,https://relisten.net/disco-biscuits/2001/06/09,3.81818181818182,96,0,1
1532f35a-add6-472b-8ace-2e1393d3a280,2022-10-27-suwannee-music-park-live-oak-fl,2022-10-27,ef9892f3-7793-468f-84b0-1ff6c93515da,db7f2c5d-2727-41fd-bd6f-e91c74164f09,Suwanee Hulaween,,2022-10-28 16:19:37.267220,2024-09-07 03:51:27.034531,0,"",3.72727272727273,0,0,0
0c3ef921-7bc0-45ab-bc39-e08b06185865,2023-04-01-mission-ballroom-denver-co,2023-04-01,bc8784db-5a3b-413b-89da-d999985501b7,db7f2c5d-2727-41fd-bd6f-e91c74164f09,Cycles opened,,2023-04-02 03:20:44.983273,2024-11-26 03:18:31.723934,0,https://relisten.net/disco-biscuits/2023/04/01,3.63793103448276,0,0,0
7be3cc92-c8d6-47c0-ac55-f0d4e357768b,2022-11-12-house-of-blues-boston-ma,2022-11-12,60b442bc-8f1d-431d-b5bd-ebc9f562d76d,db7f2c5d-2727-41fd-bd6f-e91c74164f09,"",,2022-11-13 02:17:52.714250,2024-11-21 16:31:49.008671,0,"",4.56896551724138,0,0,0
34dcf3e5-5e1c-4cad-a0be-473232ddc78c,2023-03-10-the-caverns-pelham-tn,2023-03-10,635a06a6-4313-445d-a0f0-732e88045297,db7f2c5d-2727-41fd-bd6f-e91c74164f09,"",,2023-03-11 03:54:40.472033,2024-11-26 03:19:08.555567,0,https://relisten.net/disco-biscuits/2023/03/10,4.58,0,0,0
df5edfc5-cfde-4602-9e6d-bb23f8b847ea,2022-11-10-infinity-music-hall-hartford-ct,2022-11-10,05cf36b4-b6b3-4f47-a158-2b67680701f3,db7f2c5d-2727-41fd-bd6f-e91c74164f09,"",,2022-11-11 02:05:09.667884,2024-11-25 15:42:54.965865,0,"",4.62,0,0,0
9abb530a-5cff-4eb0-8412-b181c5ef7136,2023-05-05-mahalia-jackson-theater-new-orleans-la,2023-05-05,215c8baa-8ed8-4f07-9a6b-6e39282bdfee,db7f2c5d-2727-41fd-bd6f-e91c74164f09,"",,2023-05-06 23:05:00.695475,2024-10-31 16:31:42.650849,0,"",4.39130434782609,0,0,0
152a9ed1-6a47-439d-88b3-cf1bf7533d17,2022-12-31-the-riviera-theater-chicago-il,2022-12-31,956d0e88-c79e-491a-a68c-150b1e4514bd,db7f2c5d-2727-41fd-bd6f-e91c74164f09,"",,2023-01-01 02:27:54.616715,2024-04-13 19:25:41.550865,0,"",4.39655172413793,0,0,1
e6c609e4-61ae-4db6-83eb-89d0065c5248,2002-07-30-the-backyard-austin-tx,2002-07-30,a6fcf235-97b7-47b7-a7b5-770e4904c595,db7f2c5d-2727-41fd-bd6f-e91c74164f09,Opening for Phil Lesh and Friends.,649,2020-02-22 16:19:52.200407,2024-03-28 00:03:43.489684,0,https://relisten.net/disco-biscuits/2002/07/30,3.15,0,0,0
660c0e1e-e742-4f7a-a99b-67258a6829d2,2022-11-13-sherman-theater-stroudsburg-pa,2022-11-13,8e0ae038-cc9c-410a-a7c0-e7818d2ded5a,db7f2c5d-2727-41fd-bd6f-e91c74164f09,"",,2022-11-14 01:53:06.301773,2023-08-26 17:33:27.821545,0,https://relisten.net/disco-biscuits/2022/11/13,4.5,0,0,1
5bd709e5-54b0-4c4d-a510-8348e10ddcbc,2006-06-09-wakarusa-festival-lawrence-ks,2006-06-09,15873bdd-79e6-4842-887a-2334022ba74e,db7f2c5d-2727-41fd-bd6f-e91c74164f09,"The Sun Down Stage at Wakarusa. With The Flaming Lips, Bela Fleck and the Flecktones, Les Claypool, The Duo and others.<br><br>Day Set<br><br>",906,2020-02-22 16:19:52.200407,2023-08-27 11:39:23.382886,0,https://relisten.net/disco-biscuits/2006/06/09,3.61764705882353,0,0,2
aed1cf51-b3c1-41cf-a901-febea526d77f,2006-04-22-neighborhood-theater-charlotte-nc,2006-04-22,beae09b9-877f-4375-8210-912f0ee10b17,db7f2c5d-2727-41fd-bd6f-e91c74164f09,"",884,2020-02-22 16:19:52.200407,2023-08-03 03:09:39.173182,0,https://relisten.net/disco-biscuits/2006/04/22,4,0,0,1
c4d1cd8a-4234-4527-9f38-0f6eff8569dc,2011-08-11-verizon-wireless-music-center-noblesville-in,2011-08-11,816e106b-a9e0-4e00-bc51-98faec9c26f0,db7f2c5d-2727-41fd-bd6f-e91c74164f09,"Identity Festival - Kaskade, Rusko, DJ Shadow, Steve Aoki and more",1340,2020-02-22 16:19:52.200407,2024-03-27 23:57:43.757253,0,https://relisten.net/disco-biscuits/2011/08/11,3.04166666666667,0,0,0
6648a4b1-fdff-48cb-b565-024ebd3d75d9,2007-06-08-sonar-lounge-baltimore-md,2007-06-08,aa42a681-6647-44e5-8fa0-cff643978119,db7f2c5d-2727-41fd-bd6f-e91c74164f09,"",981,2020-02-22 16:19:52.200407,2024-04-04 20:27:12.982213,0,https://relisten.net/disco-biscuits/2007/06/08,3.93181818181818,0,0,1
1e1e66c1-5c9a-4f4e-a099-ef2c93ea231f,2007-05-17-higher-ground-s-burlington-vt,2007-05-17,a80851a9-f6e6-464e-8255-af00be69d62e,db7f2c5d-2727-41fd-bd6f-e91c74164f09,"",972,2020-02-22 16:19:52.200407,2024-02-10 01:29:43.875532,0,https://relisten.net/disco-biscuits/2007/05/17,4.68181818181818,0,0,2
05d068f6-96c2-4241-81c0-c158faa2c76b,2021-12-05-now-sapphire-resort-puerto-morelos-mexico,2021-12-05,72be8ba0-a1c5-4b23-8f60-b88a34053585,db7f2c5d-2727-41fd-bd6f-e91c74164f09,"",,2021-12-11 20:19:55.902629,2024-03-28 00:00:51.303803,0,"",2.725,0,0,0
7868b52f-87dc-4239-88b3-f622227a9942,2006-04-27-earth-link-live-atlanta-ga,2006-04-27,23f66796-699d-4e0b-bc46-130907aca661,db7f2c5d-2727-41fd-bd6f-e91c74164f09,"",887,2020-02-22 16:19:52.200407,2024-02-18 12:30:43.900426,0,https://relisten.net/disco-biscuits/2006/04/27,4.06666666666667,0,0,2
52a88b99-6eac-4fb8-82f7-c55de8855dc7,2021-12-07-now-sapphire-resort-puerto-morelos-mexico,2021-12-06,72be8ba0-a1c5-4b23-8f60-b88a34053585,db7f2c5d-2727-41fd-bd6f-e91c74164f09,Holidaze,,2021-12-11 20:29:23.567221,2024-03-28 00:00:55.996929,0,"",3.17391304347826,0,0,0
9994b59e-a9ee-4b09-9ee9-fec47c072f9e,1999-09-30-crystal-ballroom-portland-or,1999-09-30,8c483567-161f-448c-b652-d686ac1f6993,db7f2c5d-2727-41fd-bd6f-e91c74164f09,"",430,2020-02-22 16:19:52.200407,2023-06-21 19:06:22.273197,0,https://relisten.net/disco-biscuits/1999/09/30,3,1,0,0
744148aa-ca72-4901-88fc-f144cf44a692,2022-09-09-southside-stage-xl-live-harrisburg-pa,2022-09-09,e9a9e76a-b8c7-49ed-901e-723b7ee229bb,db7f2c5d-2727-41fd-bd6f-e91c74164f09,Dogs in a Pile opened,,2022-09-10 00:37:19.747557,2024-11-25 15:38:54.457333,0,"",4.53703703703704,0,0,0
abf038b7-3ef9-4f87-bb7b-423ac4bf7c7d,2021-12-04-now-sapphire-resort-puerto-morelos-mexico,2021-12-04,72be8ba0-a1c5-4b23-8f60-b88a34053585,db7f2c5d-2727-41fd-bd6f-e91c74164f09,Holidaze,,2021-12-11 20:08:58.102500,2024-03-28 00:00:48.560840,0,"",2.35,0,0,1
cb4f4b91-38a6-4232-aa72-d946352042a0,2019-01-26-anthem-washington-d-c,2019-01-26,f7f3563e-da6a-40c9-9893-a3a701e4c2f9,db7f2c5d-2727-41fd-bd6f-e91c74164f09,"",1583,2020-02-22 16:19:52.200407,2024-03-22 20:22:18.393942,0,https://relisten.net/disco-biscuits/2019/01/26,3.61538461538462,0,0,1
05f2328b-403e-449c-b7ff-0d748a3ca86c,2022-10-01-saranac-brewery-utica-ny,2022-10-01,ad56396d-d6ad-46e8-8b1d-575d6630e1fb,db7f2c5d-2727-41fd-bd6f-e91c74164f09,"",,2022-10-02 03:41:45.544549,2024-11-25 15:39:00.730751,0,"",3.90740740740741,0,0,0
8a4e293d-3fa6-46c4-b23f-692499b8ed52,2008-04-19-georgia-theater-athens-ga,2008-04-19,b9399fba-a918-42a9-a1b3-aca290673d1a,db7f2c5d-2727-41fd-bd6f-e91c74164f09,"",1085,2020-02-22 16:19:52.200407,2024-01-12 12:48:03.153619,0,https://relisten.net/disco-biscuits/2008/04/19,4.625,0,0,1
2c18bfe2-dfde-4c21-b3b1-8f0e24c1d8f5,2006-04-23-the-orange-peel-asheville-nc,2006-04-23,d7c17670-0412-40aa-9e9f-ac31efc623d5,db7f2c5d-2727-41fd-bd6f-e91c74164f09,"",885,2020-02-22 16:19:52.200407,2024-11-10 02:23:15.557608,0,https://relisten.net/disco-biscuits/2006/04/23,3.91176470588235,2,0,1
27911a78-1383-4fa4-acea-3f3db52ce964,2022-06-23-electric-forest-rothbury-mi,2022-06-23,db9459ba-5909-4a1b-9d3f-57ab7b9da1d5,db7f2c5d-2727-41fd-bd6f-e91c74164f09,Electric Forest Festival ,,2022-06-24 15:47:22.339942,2024-02-03 20:50:41.791048,0,Sherwood Court Stage,2.81818181818182,0,0,1
721f1950-5b70-4a13-9fc2-63262888fa1f,2008-04-16-music-farm-charleston-sc,2008-04-16,8f9fe89b-78f7-46a5-a5b4-cd53967c8ed2,db7f2c5d-2727-41fd-bd6f-e91c74164f09,Chronicles of the Landsquid opened,1082,2020-02-22 16:19:52.200407,2024-02-18 12:34:49.407548,0,,3.6,0,0,1
0e44a4ea-e24f-4279-9afb-ffbb585c16d6,2023-01-19-town-ballroom-buffalo-ny,2023-01-19,edf8b5e6-2040-4d55-bfc0-833f839ed87d,db7f2c5d-2727-41fd-bd6f-e91c74164f09,Karina Rykman opened,,2023-01-20 01:52:04.901854,2024-11-29 21:23:02.821245,0,"",4.01851851851852,0,0,1
ad73d54a-7e15-47c8-be39-1f859dc21a11,2011-07-02-emu-music-fest-snowmass-village-co,2011-07-02,6f410014-4c71-4c21-878a-7254500553b6,db7f2c5d-2727-41fd-bd6f-e91c74164f09,Emu Music Festival - other acts include,1335,2020-02-22 16:19:52.200407,2024-11-22 01:52:30.351051,0,https://relisten.net/disco-biscuits/2011/07/02,4.15384615384615,0,0,1
c4c44265-3455-41cd-93fa-8d3979a3af33,2023-03-30-belly-up-aspen-aspen-co,2023-03-30,415843ea-2c38-444a-88be-f2b3cbc5e9ec,db7f2c5d-2727-41fd-bd6f-e91c74164f09,"",,2023-03-31 02:30:10.785564,2024-11-26 03:18:20.851205,0,"",3.73913043478261,0,0,0
eecdd822-4e5e-413f-b402-6d23e9c16f79,2023-03-31-mission-ballroom-denver-co,2023-03-31,bc8784db-5a3b-413b-89da-d999985501b7,db7f2c5d-2727-41fd-bd6f-e91c74164f09,Eminence Ensemble opened,,2023-04-01 02:30:07.139195,2024-11-26 03:18:37.420940,0,"",3.96666666666667,0,0,0
a5354670-d4ef-48c0-8dff-dd5197bdc3c7,2023-05-04-soul-kitchen-mobile-al,2023-05-04,d4a6cd1c-6f8f-4cd6-8bd2-d38ea0ed7245,db7f2c5d-2727-41fd-bd6f-e91c74164f09,"",,2023-05-05 02:34:26.638747,2024-07-19 11:40:40.069061,0,"",4.38636363636364,0,0,0
994f02ac-8c46-4c7a-9142-8aa45aa5b253,2022-08-21-the-caverns-above-ground-amphitheater-pelham-tn,2022-08-21,1404b5a2-2abd-4470-99a0-277db2eb525c,db7f2c5d-2727-41fd-bd6f-e91c74164f09,"D.U.M.B. Tour
Umphrey's McGee opened",,2022-08-25 19:24:14.331081,2024-11-26 03:24:27.707561,0,"",3.98148148148148,0,0,0
3e3d9ac3-7b4e-498d-9562-f3438c8ce1a2,2002-03-29-house-of-blues-chicago-il,2002-03-29,f2bb6043-a499-4361-a881-5f9e728db092,db7f2c5d-2727-41fd-bd6f-e91c74164f09,"",615,2020-02-22 16:19:52.200407,2024-11-25 12:18:12.384785,0,https://relisten.net/disco-biscuits/2002/03/29,4,19,0,2
faf318da-4588-4aae-b1e6-f3cbbf232214,2023-03-24-the-capitol-theater-port-chester-ny,2023-03-24,3dbcb903-ae38-48e8-aeef-c2ba426f6320,db7f2c5d-2727-41fd-bd6f-e91c74164f09,Dogs In A Pile Opened,,2023-03-25 01:23:38.319100,2024-11-25 15:42:04.956336,0,"",4.60810810810811,0,0,1
77a0ac63-5e96-4636-b5be-dc399f73a053,2024-02-06-belly-up-aspen-aspen-co,2024-02-06,415843ea-2c38-444a-88be-f2b3cbc5e9ec,db7f2c5d-2727-41fd-bd6f-e91c74164f09,"",,2024-02-07 03:13:46.251221,2024-09-12 14:35:48.185937,0,"",4.25,0,0,0
e818fc1f-1ae6-45d5-bafc-fc062aad96cd,2022-08-20-the-caverns-above-ground-amphitheater-pelham-tn,2022-08-20,1404b5a2-2abd-4470-99a0-277db2eb525c,db7f2c5d-2727-41fd-bd6f-e91c74164f09,"D.U.M.B. Tour 
Opened for Umphrey's McGee",,2022-08-25 19:17:44.516255,2024-11-26 03:24:39.303333,0,"",3.98214285714286,0,0,1
be6f95b4-5063-4467-8a8a-d55e1ac65073,2021-11-20-the-caverns-pelham-tn,2021-11-20,635a06a6-4313-445d-a0f0-732e88045297,db7f2c5d-2727-41fd-bd6f-e91c74164f09,"",,2021-11-21 02:45:55.296050,2024-11-26 03:26:10.200529,0,https://relisten.net/disco-biscuits/2021/11/20,4.68333333333333,0,0,1
ad94e53d-5f77-484f-bb93-5828a2010b03,2019-01-25-lincoln-theater-washington-d-c,2019-01-25,3bc09e03-42ff-4a24-b205-b77111bd3ae6,db7f2c5d-2727-41fd-bd6f-e91c74164f09,"",1582,2020-02-22 16:19:52.200407,2024-03-22 20:22:15.110510,0,,3.91666666666667,0,0,1
0b2a2936-36f9-4aff-a9f2-b374a41370e9,2007-03-10-langerado-music-festival-sunrise-fl,2007-03-10,7f9f918f-e8e7-449a-bb12-20d7419c069c,db7f2c5d-2727-41fd-bd6f-e91c74164f09,"Langerado 2007<br>Other acts include Widespread Panic, Trey Anastasio, Lotus, Soundtribe Sector 9 and moe.",965,2020-02-22 16:19:52.200407,2023-08-27 11:45:19.651718,0,https://relisten.net/disco-biscuits/2007/03/10,4.13157894736842,0,0,1
aa23b47f-9f9a-4515-bf0d-c2c272e29991,2007-05-26-penn-s-landing-philadelphia-pa,2007-05-26,ab7d5ccd-9818-4416-b897-72397fb48d9e,db7f2c5d-2727-41fd-bd6f-e91c74164f09,"Jam on the River 2007<br>Other acts include Soundtribe Sector 9, Cypress Hill, Dark Star Orchestra and many others",979,2020-02-22 16:19:52.200407,2024-04-04 20:26:20.717376,0,https://relisten.net/disco-biscuits/2007/05/26,4.66,0,0,1
e3377077-9f71-4cec-9956-c3559aba5a95,2006-07-14-marvin-s-mountaintop-masontown-wv,2006-07-14,1e3bccf8-a06a-4518-85fe-796b54be8233,db7f2c5d-2727-41fd-bd6f-e91c74164f09,"All Good Music Festival 2006. Other acts include Ween, The Black Crowes, Les Claypool, Robert Randolph and others.<br>Late Night Set on the All Good Stage",915,2020-02-22 16:19:52.200407,2024-01-17 19:27:57.510552,0,https://relisten.net/disco-biscuits/2006/07/14,4.43181818181818,0,0,1
f593c5ca-7609-4074-9d53-fb7ccfbc67b2,2011-08-14-pnc-bank-arts-center-holmdel-nj,2011-08-14,c8c386a3-8cb0-4f28-85a8-38389b9d5f42,db7f2c5d-2727-41fd-bd6f-e91c74164f09,"Identity Festival - Kaskade, Steve Aoki, DJ Shadow, Chuckie and more",1343,2020-02-22 16:19:52.200407,2024-03-27 23:57:14.502005,0,,4.5625,0,0,0
089d2c14-307c-492f-b53b-548d1790e545,2009-09-11-hippodrome-theatre-baltimore-md,2009-09-11,f9dd37c5-3578-4d12-b3af-5c1b4d7aece6,db7f2c5d-2727-41fd-bd6f-e91c74164f09,"",1171,2020-02-22 16:19:52.200407,2023-05-24 13:09:25.263841,0,https://relisten.net/disco-biscuits/2009/09/11,3.9,53,0,0
c672722c-5db7-459e-9e1a-80ed30fb8150,2010-02-18-rams-head-live-baltimore-md,2010-02-18,f6f5a9f7-9caf-4df0-8000-1b56c9b0156e,db7f2c5d-2727-41fd-bd6f-e91c74164f09,Big In Japan opened,1221,2020-02-22 16:19:52.200407,2023-05-24 13:11:40.243392,0,,3.73076923076923,0,0,0
dac00bcb-206e-4c56-a1ff-7929798f7dd6,2010-04-24-house-of-blues-atlantic-city-nj,2010-04-24,32866dc3-a0d8-4ce4-ab8b-73f9f389a972,db7f2c5d-2727-41fd-bd6f-e91c74164f09,"The New Deal opened, entire show with Tom Hamilton and Chris Michetti on guitar and Jon on MIDI.",1260,2020-02-22 16:19:52.200407,2023-05-24 13:13:16.312097,0,,2.83333333333333,0,0,1
867319f4-b8ef-4882-abe2-2bb1208b9cec,2022-03-31-the-capitol-theater-port-chester-ny,2022-03-31,3dbcb903-ae38-48e8-aeef-c2ba426f6320,db7f2c5d-2727-41fd-bd6f-e91c74164f09,"",,2022-04-01 00:51:05.085832,2024-11-25 15:43:35.840896,0,https://relisten.net/disco-biscuits/2022/03/31,4.44186046511628,0,0,0
7923ec87-1f8b-4d70-bd8d-1fd537de819c,2014-02-21-electric-factory-philadelphia-pa,2014-02-21,8ef35498-800d-42f7-82d1-d8ced42d0092,db7f2c5d-2727-41fd-bd6f-e91c74164f09,RAQ opened,1420,2020-02-22 16:19:52.200407,2023-09-17 00:13:56.814949,0,,3.63157894736842,0,2,0
3446dace-719b-4dc6-a757-93506e064e02,2008-06-07-ft-armistead-park-baltimore-md,2008-06-07,24e0f3fb-8829-4f84-bfd4-69e568b424ae,db7f2c5d-2727-41fd-bd6f-e91c74164f09,"Starscape Festival 2008<br>Other acts included Slick Rick, Dieselboy, Biodiesel, Jimikata, Future Rock and Others",1070,2020-02-22 16:19:52.200407,2024-09-21 23:01:42.301139,0,https://relisten.net/disco-biscuits/2008/06/07,4.40476190476191,0,0,1
a4a99bad-9c75-4b76-9c49-3bace10c8adc,2010-09-07-the-state-theater-state-college-pa,2010-09-07,788beddd-1715-4a14-92aa-0a0ab7036e3e,db7f2c5d-2727-41fd-bd6f-e91c74164f09,MiM0SA opened,1296,2020-02-22 16:19:52.200407,2024-03-06 17:38:43.452913,0,,4.45,0,0,0
ec7cab8c-6c17-450b-a4b3-5c7b15c337ec,2015-07-16-montage-mountain-scranton-pa,2015-07-16,6b1fd49c-f558-476a-b1eb-8451b52652ff,db7f2c5d-2727-41fd-bd6f-e91c74164f09,Camp Bisco 13,1460,2020-02-22 16:19:52.200407,2024-02-18 12:49:38.107533,0,,4.08333333333333,0,0,1
d47f70f0-36ac-4f4b-ac84-cc89cc4f11fc,2009-09-26-tennessee-theater-knoxville-tn,2009-09-26,38396f92-9b9f-402d-8ee9-2f6f628cb544,db7f2c5d-2727-41fd-bd6f-e91c74164f09,Infected Mushroom (Live Band) opened,1181,2020-02-22 16:19:52.200407,2024-11-26 03:36:51.496116,0,https://relisten.net/disco-biscuits/2009/09/26,4.03333333333333,0,0,1
318d4a05-1411-498e-9404-6aa389b663d3,2015-07-18-montage-mountain-scranton-pa,2015-07-18,6b1fd49c-f558-476a-b1eb-8451b52652ff,db7f2c5d-2727-41fd-bd6f-e91c74164f09,Camp Bisco 13,1462,2020-02-22 16:19:52.200407,2024-02-18 12:49:24.199836,0,,4.32692307692308,2,3,1
aec201ac-b897-415e-aa8e-972285e789c3,2009-06-25-house-of-blues-atlantic-city-nj,2009-06-25,32866dc3-a0d8-4ce4-ab8b-73f9f389a972,db7f2c5d-2727-41fd-bd6f-e91c74164f09,Brothers Past and Lotus opened,1109,2020-02-22 16:19:52.200407,2024-06-30 06:07:48.079179,0,https://relisten.net/disco-biscuits/2009/06/25,4.04347826086957,0,0,2
366e055d-49de-4343-8a12-66cb313ea251,2023-05-21-harpa-concert-hall-reykjavik-iceland,2023-05-21,524c6aa2-6248-414b-a626-fe73589b8a7f,db7f2c5d-2727-41fd-bd6f-e91c74164f09,"Trance Atlantic —

Dogs In A Pile opened",,2023-05-21 19:56:21.346368,2024-11-07 02:11:33.564307,0,"",3.98275862068966,0,0,0
eb72c1a7-0310-4f48-b71b-b5a7e40e4c3f,2007-08-17-indian-lookout-country-club-mariaville-ny,2007-08-17,79422c08-e8d6-4753-80ae-5967d56d9892,db7f2c5d-2727-41fd-bd6f-e91c74164f09,Camp Bisco VI<br>Note: Set I started at approximately 3:45pm in place of The New Originals because Simon Postford was delayed; Sets II and III occured in tDB's scheduled evening time slot,1004,2020-02-22 16:19:52.200407,2024-11-10 02:28:10.746668,0,https://relisten.net/disco-biscuits/2007/08/17,4.25806451612903,0,0,2
258ebf31-7dbd-4223-ad8d-1bb6a442745a,2024-11-20-infinity-music-hall-hartford-ct,2024-11-20,05cf36b4-b6b3-4f47-a158-2b67680701f3,db7f2c5d-2727-41fd-bd6f-e91c74164f09,"",,2024-11-21 01:20:21.019797,2024-12-03 12:24:03.875394,0,https://relisten.net/disco-biscuits/2024/11/20,4.19444444444444,0,0,0
4ceea9c4-62f4-4bcb-a69d-ec24b56a0ca1,2018-07-12-the-pavilion-at-montage-mountain-scranton-pa,2018-07-12,0287594a-b0f4-402c-b3e3-5c91b19095d9,db7f2c5d-2727-41fd-bd6f-e91c74164f09,Camp Bisco 16,1561,2020-02-22 16:19:52.200407,2024-08-25 20:33:22.680894,0,https://relisten.net/disco-biscuits/2018/07/12,3.9,0,1,1
b5a39000-e12b-4c67-8e8d-33253435dd92,2017-07-14-montage-mountain-scranton-pa,2017-07-14,6b1fd49c-f558-476a-b1eb-8451b52652ff,db7f2c5d-2727-41fd-bd6f-e91c74164f09,Camp Bisco 15,1525,2020-02-22 16:19:52.200407,2024-08-29 20:00:19.513123,0,,4.53846153846154,0,2,1
58e41475-2678-46e0-8f90-388fdbac33d4,2018-12-30-the-fillmore-philadelphia-pa,2018-12-30,772346af-6a44-47b2-980d-aba4db9f114f,db7f2c5d-2727-41fd-bd6f-e91c74164f09,"",1580,2020-02-22 16:19:52.200407,2024-08-25 20:35:04.423317,0,,4.109375,0,1,1
22b855cb-12e7-46ef-a7f6-f0ddec6bc277,2016-07-15-montage-mountain-scranton-pa,2016-07-15,6b1fd49c-f558-476a-b1eb-8451b52652ff,db7f2c5d-2727-41fd-bd6f-e91c74164f09,Camp Bisco 14,1491,2020-02-22 16:19:52.200407,2024-08-29 20:02:17.042269,0,https://relisten.net/disco-biscuits/2016/07/15,4.06818181818182,0,1,0
79ee12a0-51a9-4f85-93fb-9a45338f603c,2007-10-23-legends-boone-nc,2007-10-23,eddb10ff-c9f6-4203-8cfb-29bb1bdadaf2,db7f2c5d-2727-41fd-bd6f-e91c74164f09,"",1019,2020-02-22 16:19:52.200407,2024-11-10 02:28:44.188492,0,,4.54545454545455,0,0,3
ae38f3a7-040e-4609-952d-ab9b0613c317,2002-03-30-house-of-blues-chicago-il,2002-03-30,f2bb6043-a499-4361-a881-5f9e728db092,db7f2c5d-2727-41fd-bd6f-e91c74164f09,"",616,2020-02-22 16:19:52.200407,2024-11-25 12:18:07.970646,0,https://relisten.net/disco-biscuits/2002/03/30,4.18181818181818,0,0,2
6fbce7d4-a0b9-47e0-8769-e9866b3c7236,2018-07-14-the-pavilion-at-montage-mountain-scranton-pa,2018-07-14,0287594a-b0f4-402c-b3e3-5c91b19095d9,db7f2c5d-2727-41fd-bd6f-e91c74164f09,Camp Bisco 16,1563,2020-02-22 16:19:52.200407,2024-12-05 22:53:52.788351,0,,4.46969696969697,0,1,1
be887dad-70f0-4d0b-a73f-efb6227da2f4,2010-07-16-indian-lookout-country-club-mariaville-ny,2010-07-16,79422c08-e8d6-4753-80ae-5967d56d9892,db7f2c5d-2727-41fd-bd6f-e91c74164f09,"Camp Bisco 9<br>Other acts include Wu Massacre, Thievery Corporation, RAQ, Eskmo, Diplo and The New Deal",1280,2020-02-22 16:19:52.200407,2024-11-21 16:30:56.990779,0,,4.23809523809524,0,0,2
1997925a-5a1d-48f2-9d13-8bfaff2a9ebf,2022-06-19-mann-center-for-the-performing-arts-philadelphia-pa,2022-06-19,2b839f0d-5ce0-402a-a7ae-aee8968dc3e9,db7f2c5d-2727-41fd-bd6f-e91c74164f09,City Bisco,,2022-06-20 00:42:43.537495,2024-11-25 15:43:14.950784,0,"",4.44117647058824,0,0,0
15304266-3784-4ece-883b-0b8a10d92f3a,2007-07-19-10-000-lakes-festival-detriot-lakes-mn,2007-07-19,211142a5-ea9d-4e56-8dab-6d5ab3d4f473,db7f2c5d-2727-41fd-bd6f-e91c74164f09,"10,000 Lakes Festival 2007<br>Other acts include Ratdog, Particle, Gov't Mule, Galactic and many others",998,2020-02-22 16:19:52.200407,2024-11-26 03:42:51.014779,0,https://relisten.net/disco-biscuits/2007/07/19,4.48148148148148,0,2,2
39194ba6-f2d0-45ba-bca4-1e98fee2d8c7,2011-08-19-susquehanna-bank-center-camden-nj,2011-08-19,17170ed1-f823-40d7-b2f4-cb58b64f52cd,db7f2c5d-2727-41fd-bd6f-e91c74164f09,"Identity Festival - Kaskade, Rusko, Avicii, DJ Shadow and more",1345,2020-02-22 16:19:52.200407,2024-03-27 23:57:18.375834,0,,4.26190476190476,0,0,1
8a327e9f-cc86-40c5-9f44-6c3e18b16538,2009-11-28-electric-factory-philadelphia-pa,2009-11-28,8ef35498-800d-42f7-82d1-d8ced42d0092,db7f2c5d-2727-41fd-bd6f-e91c74164f09,The Omega Moos opened,1207,2020-02-22 16:19:52.200407,2024-02-15 17:20:53.402604,0,,2.88636363636364,20,0,0
c601fcea-24fb-4c0d-a77d-6a0290e80703,2009-04-20-9-30-club-washington-dc,2009-04-20,07aef483-1f92-466a-8f3e-ee2d2ef9969c,db7f2c5d-2727-41fd-bd6f-e91c74164f09,"",1120,2020-02-22 16:19:52.200407,2024-04-23 15:00:54.022623,0,https://relisten.net/disco-biscuits/2009/04/20,4.47142857142857,0,0,2
682814c2-cf05-46aa-a037-d3b6b0077c04,2004-05-29-penn-s-landing-philadelphia-pa,2004-05-29,ab7d5ccd-9818-4416-b897-72397fb48d9e,db7f2c5d-2727-41fd-bd6f-e91c74164f09,"Jam on the River. With Big Head Todd and the Monsters, Karl Denson's Tiny Universe, 4 Way Street, and the Brakes.",826,2020-02-22 16:19:52.200407,2024-05-30 16:23:11.231949,0,https://relisten.net/disco-biscuits/2004/05/29,4.63157894736842,0,0,1
b66cbb59-4cdd-45ba-b923-1a3419b76ca7,2010-09-10-mountain-park-holyoke-ma,2010-09-10,533b1c7b-7b36-45fa-b172-db0a0aa55c2b,db7f2c5d-2727-41fd-bd6f-e91c74164f09,MiM0SA and RJD2 opened,1299,2020-02-22 16:19:52.200407,2023-06-01 01:39:37.689494,0,https://relisten.net/disco-biscuits/2010/09/10,4.35,0,0,2
161055ee-6292-438f-92a9-aa21d94e8e85,2004-01-04-the-nation-washington-dc,2004-01-04,c4711b86-3dd2-4a75-8073-b04e4ed7beae,db7f2c5d-2727-41fd-bd6f-e91c74164f09,The New Deal opened.,813,2020-02-22 16:19:52.200407,2024-01-05 11:46:38.156457,0,https://relisten.net/disco-biscuits/2004/01/04,4.625,0,0,1
5feb8165-857f-4aca-88b6-85ce496a316c,2002-12-29-electric-factory-philadelphia-pa,2002-12-29,8ef35498-800d-42f7-82d1-d8ced42d0092,db7f2c5d-2727-41fd-bd6f-e91c74164f09,"",706,2020-02-22 16:19:52.200407,2024-02-18 13:02:30.011797,0,https://relisten.net/disco-biscuits/2002/12/29,4.84,0,1,1
451a257a-7add-48ed-8261-576cc689067f,2003-10-23-stella-blue-asheville-nc,2003-10-23,caca61e4-6233-4e96-bc05-65afc5f82d1a,db7f2c5d-2727-41fd-bd6f-e91c74164f09,Billed as 'The Perfume.',796,2020-02-22 16:19:52.200407,2023-06-16 11:53:21.329130,0,https://relisten.net/disco-biscuits/2003/10/23,3.90909090909091,0,0,0
23fcba6a-04ae-4842-a96d-ff49c9c6daf4,2004-12-31-hammerstein-ballroom-new-york-ny,2004-12-31,f1fb1c6e-e92a-4484-86da-3f682ef18df8,db7f2c5d-2727-41fd-bd6f-e91c74164f09,"",838,2020-02-22 16:19:52.200407,2024-03-04 04:01:01.339434,0,https://relisten.net/disco-biscuits/2004/12/31,4.81666666666667,0,1,1
ff6ac08d-c24f-46a7-947b-a013cd243d55,2002-08-07-tussey-mountain-amphitheater-boalsburg-pa,2002-08-07,b71677d4-71b7-49d7-a5f2-822f40b47ff4,db7f2c5d-2727-41fd-bd6f-e91c74164f09,"Bisco Nights. Psychedelic Breakfast, Electron, the Cookie Dusters, and the Ally opened.",655,2020-02-22 16:19:52.200407,2024-03-28 00:04:05.347277,0,https://relisten.net/disco-biscuits/2002/08/07,4.41666666666667,0,0,0
29ed4cf2-fd4a-4855-999d-6ae80ac8d9ad,2010-03-26-bicentennial-park-miami-fl,2010-03-26,67561f9e-9713-42b8-888c-28447f478fb0,db7f2c5d-2727-41fd-bd6f-e91c74164f09,"Ultra Music Festival - Bayfront Live Stage <br>

Whole show without Jon Gutwillig. Chris Michetti of RAQ and Tom Hamilton of Brothers Past on guitar. <br>

Other acts included Deadmau5, The Crystal Method, Ghostland Observatory, Infected Mushroom and Will.i.am",1248,2020-02-22 16:19:52.200407,2024-01-25 01:49:20.755285,0,,3.125,0,0,0
7bc169d7-0e1a-48a3-b691-1a641f144a9b,2014-12-03-dominican-holidaze-breathless-punta-cana-resort-spa-carretera-uvero-alto-dominican-republic,2014-12-03,45b3785a-785e-48b1-ae2d-678266192853,db7f2c5d-2727-41fd-bd6f-e91c74164f09,"",1439,2020-02-22 16:19:52.200407,2024-04-29 20:57:38.812199,0,,4.06666666666667,0,0,1
90289b02-169c-4e70-9a8b-9b7783126c10,2001-03-31-fox-theatre-boulder-co,2001-03-31,8f46585f-f736-4603-88c9-a45209757346,db7f2c5d-2727-41fd-bd6f-e91c74164f09,"",516,2020-02-22 16:19:52.200407,2024-03-28 00:08:29.105261,0,https://relisten.net/disco-biscuits/2001/03/31,4.53846153846154,40,0,2
f122d53e-077f-40cb-8a2a-afbb736cb70c,2009-06-27-the-state-theater-state-college-pa,2009-06-27,788beddd-1715-4a14-92aa-0a0ab7036e3e,db7f2c5d-2727-41fd-bd6f-e91c74164f09,"",1107,2020-02-22 16:19:52.200407,2024-06-30 06:07:57.789047,0,https://relisten.net/disco-biscuits/2009/06/27,4.55882352941176,0,0,0
66ed4f3b-f807-4fdc-9ce4-a714cbe5a838,2009-12-30-nokia-theater-new-york-ny,2009-12-30,e66af935-c834-43cb-a7d2-2983b29408e4,db7f2c5d-2727-41fd-bd6f-e91c74164f09,Pnuma Trio opened<br>,1214,2020-02-22 16:19:52.200407,2024-06-30 06:10:32.764104,0,,4.5,20,0,1
4a9d755f-c7f6-4f35-8d89-2a4fe82b9acc,2009-10-04-the-state-theater-state-college-pa,2009-10-04,788beddd-1715-4a14-92aa-0a0ab7036e3e,db7f2c5d-2727-41fd-bd6f-e91c74164f09,"",1187,2020-02-22 16:19:52.200407,2024-06-30 06:09:25.061853,0,https://relisten.net/disco-biscuits/2009/10/04,4.33333333333333,0,0,1
28b32108-4803-4b08-a805-d40fc4a137bc,2023-05-03-iron-city-birmingham-al,2023-05-03,b592196b-223f-4ff9-8944-fd77424ad28a,db7f2c5d-2727-41fd-bd6f-e91c74164f09,"",,2023-05-04 01:33:09.108927,2024-07-19 11:40:26.206474,0,"",4.48,0,0,0
2eaa23fe-40a7-4162-9faa-9afe3d167b09,2023-06-09-the-national-richmond-va,2023-06-09,42021528-811e-4168-8125-91ed90c5e5ba,db7f2c5d-2727-41fd-bd6f-e91c74164f09,"",,2023-06-10 00:53:23.331435,2024-07-25 05:28:42.893197,0,"",4.33928571428571,0,0,1
622e78ae-2e6f-4ac3-b631-5791dd202aff,2023-05-25-three-sister-s-park-chillicothe-il,2023-05-25,2b1bd682-7e6f-4f53-9305-d2c7309cab61,db7f2c5d-2727-41fd-bd6f-e91c74164f09,Summer Camp Music Festival  (930p-11p Set),,2023-05-26 03:48:07.365452,2024-07-19 11:41:41.048965,0,https://relisten.net/disco-biscuits/2023/05/25,2.77272727272727,0,0,1
039bbd67-c3dd-4305-a3d4-6dece3103d53,2016-07-16-montage-mountain-scranton-pa,2016-07-16,6b1fd49c-f558-476a-b1eb-8451b52652ff,db7f2c5d-2727-41fd-bd6f-e91c74164f09,Camp Bisco 14,1492,2020-02-22 16:19:52.200407,2024-08-29 20:02:20.663279,0,https://relisten.net/disco-biscuits/2016/07/16,4.19230769230769,3,2,1
739ee54a-25ab-4128-8815-7a595044b612,2023-06-08-lincoln-theater-raleigh-nc,2023-06-08,301bb7dd-cb31-4f25-9eb5-efc8e6c5d193,db7f2c5d-2727-41fd-bd6f-e91c74164f09,"",,2023-06-09 00:46:45.771860,2024-07-19 11:41:59.420487,0,"",4.53703703703704,0,0,0
d6d1773a-9a7b-4368-8e57-5eadeee5b241,2023-06-10-xl-live-harrisburg-pa,2023-06-10,a5812a09-411e-417c-a64a-cd19086a45df,db7f2c5d-2727-41fd-bd6f-e91c74164f09,"",,2023-06-11 01:38:44.273110,2024-07-19 11:42:40.203450,0,https://relisten.net/disco-biscuits/2023/06/10,4.5625,0,0,2
ca4abc31-1c26-4a70-b517-9b5b85563ad6,2023-07-11-revolution-boise-id,2023-07-11,bd9832e1-ea5f-440c-87c5-c8a68d1b9196,db7f2c5d-2727-41fd-bd6f-e91c74164f09,"",,2023-07-10 18:59:37.960094,2024-07-19 11:44:21.783462,0,"",3.61904761904762,0,0,0
a27da471-2888-49f7-b20a-3ad2cdca8d85,2023-06-17-mulcahy-s-wantagh-ny,2023-06-17,5f93ec33-36aa-44c9-8f48-2691ce05b1bd,db7f2c5d-2727-41fd-bd6f-e91c74164f09,"",,2023-06-18 02:12:08.545539,2024-07-19 11:43:34.222909,0,"",4.37096774193548,0,0,0
aedb0f42-366e-4cfb-9cc1-c125fe15ed6f,2023-07-14-midtown-ballroom-bend-or,2023-07-14,25959cfa-7c18-4308-b626-4c04fef43651,db7f2c5d-2727-41fd-bd6f-e91c74164f09,"",,2023-07-15 03:09:06.218189,2024-07-19 11:44:54.404009,0,"",4.125,0,0,0
3939ba59-51e8-4dc7-9d23-e8ee99911cb1,2023-07-20-the-fillmore-san-francisco-ca,2023-07-20,3f85da63-4a00-4cba-9e9f-837668d55284,db7f2c5d-2727-41fd-bd6f-e91c74164f09,"Soundcheck: Miracles, Paint The Day (unfinished)",,2023-07-20 20:52:51.037488,2024-11-08 23:17:55.824077,0,"",4.43478260869565,0,0,2
c3713742-63ef-4d62-8e07-939f0a38af37,1999-10-28-recher-theatre-towson-md,1999-10-28,e478ad9b-42c9-4527-ba9b-cf0950b71100,db7f2c5d-2727-41fd-bd6f-e91c74164f09,"",449,2020-02-22 16:19:52.200407,2024-08-28 15:10:12.534229,0,https://relisten.net/disco-biscuits/1999/10/28,4.5,9,0,0
0d6dca8f-dc28-46f1-a067-750e9e54da85,2007-05-18-higher-ground-s-burlington-vt,2007-05-18,a80851a9-f6e6-464e-8255-af00be69d62e,db7f2c5d-2727-41fd-bd6f-e91c74164f09,Panda Watch opened,973,2020-02-22 16:19:52.200407,2024-11-09 07:25:47.527190,0,https://relisten.net/disco-biscuits/2007/05/18,4.27777777777778,0,0,2
18f64598-012c-4c01-810e-3d8de9af21b8,2000-12-03-commonwealth-ballrom-virginia-tech-blacksburg-va,2000-12-03,d31fd511-fc16-4d0d-adf8-81b75eafb2af,db7f2c5d-2727-41fd-bd6f-e91c74164f09,"",502,2020-02-22 16:19:52.200407,2024-02-18 12:28:11.577020,0,https://relisten.net/disco-biscuits/2000/12/03,4.66666666666667,0,0,0
fa02edad-9374-4664-ab6b-5ae482fcdbcc,1998-12-30-wetlands-preserve-new-york-ny,1998-12-30,81bb358f-2ed6-4358-80b5-fb740207d89a,db7f2c5d-2727-41fd-bd6f-e91c74164f09,Percy Hill and the Slip opened.,315,2020-02-22 16:19:52.200407,2024-02-05 16:02:39.690414,0,https://relisten.net/disco-biscuits/1998/12/30,4.66666666666667,0,0,1
5dfcb261-e9b4-4b89-b444-9fb3a072ab1f,2006-05-27-penn-s-landing-philadelphia-pa,2006-05-27,ab7d5ccd-9818-4416-b897-72397fb48d9e,db7f2c5d-2727-41fd-bd6f-e91c74164f09,"Jam on the River 2006. With The Benevento/Russo Duo, The New Deal and others",900,2020-02-22 16:19:52.200407,2024-04-04 20:24:43.009692,0,https://relisten.net/disco-biscuits/2006/05/27,4.25,0,0,1
79b25995-3c87-40a2-9125-840e39cfbbdc,2006-06-24-ft-armistead-park-baltimore-md,2006-06-24,24e0f3fb-8829-4f84-bfd4-69e568b424ae,db7f2c5d-2727-41fd-bd6f-e91c74164f09,"Starscape Music & Arts Festival 2006. Other acts include Medeski, Martin & Wood, BT, Total Science and others.",911,2020-02-22 16:19:52.200407,2023-08-27 11:39:42.919688,0,https://relisten.net/disco-biscuits/2006/06/24,4.58695652173913,0,0,1
8c0e394f-5016-4eea-b3d0-dd0fe1285ccb,2012-10-06-mann-center-for-the-performing-arts-philadelphia-pa,2012-10-06,2b839f0d-5ce0-402a-a7ae-aee8968dc3e9,db7f2c5d-2727-41fd-bd6f-e91c74164f09,"City Bisco - other acts include Nadis Warriors, Alpha Data, Tiger & Woods, Papadosio, Brothers Past, Tipper, OTT, Paper Diamond and A-Trak",1376,2020-02-22 16:19:52.200407,2024-11-07 02:13:46.620754,0,,3.96,0,0,2
2e952b05-5092-4986-9459-d6340a728eee,1999-06-19-gathering-of-the-vibes-seaside-park-bridgeport-ct,1999-06-19,ca741d32-369d-4d63-8a2a-a30ffba36d63,db7f2c5d-2727-41fd-bd6f-e91c74164f09,"With (on Friday 6/18) the Slip, Deep Banana Blackout (on Saturday 6/19) the Big Wu, viperHouse, the John Scofield Band, Max Creek Gordon Stone and Russ Lawton, the Merl Saunders Trio, the Zen Tricksters, Strangefolk (on Sunday 6/20) the Harlem Gospel Choir, Percy Hill, the Radiators, Deep Banana Blackout, (again) Strangefolk, (again) TransGlobal, moe., DJ Logic, and Gov't Mule",727,2020-02-22 16:19:52.200407,2023-08-26 17:49:18.749807,0,https://relisten.net/disco-biscuits/1999/06/19,3.4375,0,0,0
504e52b9-1834-4963-9c7e-4c26b49d8cf9,2000-08-19-wetlands-preserve-new-york-ny,2000-08-19,81bb358f-2ed6-4358-80b5-fb740207d89a,db7f2c5d-2727-41fd-bd6f-e91c74164f09,The Disco Biscuits' set was the second half of Electron's second set. Rana opened.,730,2020-02-22 16:19:52.200407,2024-05-29 21:45:37.428365,0,https://relisten.net/disco-biscuits/2000/08/19,3.6875,0,1,0
bcc7b7bf-d748-4f64-a2eb-451645ad2d4d,1999-08-28-wormtown-music-festival-stepping-stone-ranch-escoheag-ri,1999-08-28,739dd97d-bf39-42df-8069-dea4f7987935,db7f2c5d-2727-41fd-bd6f-e91c74164f09,"With the Ominous Seapods, Max Creek, the Arthur Dent Foundation, the Zen Tricksters, Uncle Sammy, and others.",412,2020-02-22 16:19:52.200407,2023-08-20 20:17:51.286848,0,https://relisten.net/disco-biscuits/1999/08/28,4.5,0,0,0
9449d2ac-b0bf-4404-8605-b84dcf9817af,2000-07-12-crowbar-state-college-pa,2000-07-12,dfa0da88-6398-48e8-b0e5-6407e9c96f29,db7f2c5d-2727-41fd-bd6f-e91c74164f09,Entire show with Jordan Crisman on bass and vocals.,467,2020-02-22 16:19:52.200407,2023-08-26 17:52:14.136493,0,https://relisten.net/disco-biscuits/2000/07/12,4.3125,29,0,0
355adc20-7536-4a17-9a66-e48240ec7b4b,2010-03-15-theater-of-the-living-arts-philadelphia-pa,2010-03-15,8e6923c1-dafd-42cd-8e53-9758c53c3fb4,db7f2c5d-2727-41fd-bd6f-e91c74164f09,Planet Anthem CD Release Party,1240,2020-02-22 16:19:52.200407,2022-09-13 19:38:22.478245,0,https://relisten.net/disco-biscuits/2010/03/15,4,0,0,1
07cba6ff-5948-44cb-aec1-db4680492591,2002-10-31-patrick-gymnasium-university-of-vermont-burlington-vt,2002-10-31,c137fd5b-3b41-42be-b51e-a1d2a43ded7a,db7f2c5d-2727-41fd-bd6f-e91c74164f09,"RANA opened<br>
The band sang and recited parts of 'The Raven' by Edgar Allen Poe throughout the first set",693,2020-02-22 16:19:52.200407,2024-02-09 17:30:16.868602,0,,4.08333333333333,0,0,1
80ffd091-eb93-40d6-9f55-d9ed051208d0,2000-06-22-irving-plaza-new-york-ny,2000-06-22,397149cc-e8d3-4557-9491-4d180be19e68,db7f2c5d-2727-41fd-bd6f-e91c74164f09,"The Jammys. With Strangefolk, Deep Banana Blackout, Frogwings, Soulive, The Slip, The New Deal, and others.",465,2020-02-22 16:19:52.200407,2024-05-29 21:45:03.820307,0,https://relisten.net/disco-biscuits/2000/06/22,3.64285714285714,22,0,0
3c4bea76-9ed4-40ac-b61b-7b53eb1553c9,1998-05-07-chameleon-club-lancaster-pa,1998-05-07,2e412cc5-ea82-4215-b606-0762014dd53b,db7f2c5d-2727-41fd-bd6f-e91c74164f09,"",217,2020-02-22 16:19:52.200407,2023-08-26 17:41:40.521884,0,https://relisten.net/disco-biscuits/1998/05/07,4.25,0,0,1
50832e5f-3482-460a-befd-acbf71d3c463,1999-01-27-rec-room-towson-md,1999-01-27,cb85a3f9-02e5-452b-a8cd-eec941d5b3d8,db7f2c5d-2727-41fd-bd6f-e91c74164f09,"",324,2020-02-22 16:19:52.200407,2023-08-26 17:45:45.488215,0,https://relisten.net/disco-biscuits/1999/01/27,3.64285714285714,0,0,0
91d9cd92-1813-4ba5-bf32-4d99aa2a7e5a,1999-01-29-friar-tuck-s-norfolk-va,1999-01-29,0a48143c-39c0-4eb7-aea5-ed2109915e56,db7f2c5d-2727-41fd-bd6f-e91c74164f09,"",326,2020-02-22 16:19:52.200407,2023-08-26 17:45:55.377146,0,https://relisten.net/disco-biscuits/1999/01/29,3.625,0,0,0
b638f464-5f9a-4b00-8456-f12ae7898df2,2000-12-30-the-vanderbilt-plainview-ny,2000-12-30,31dac481-4c72-4213-9bac-16f5502ce517,db7f2c5d-2727-41fd-bd6f-e91c74164f09,Set II was the Disco Biscuits' debut of 'the Chemical Warfare Brigade' -- a rock opera by Marc Brownstein (which was debuted on 8/18 by Electron).,506,2020-02-22 16:19:52.200407,2023-08-26 17:54:15.180783,0,https://relisten.net/disco-biscuits/2000/12/30,4.1875,0,0,0
d252afd7-c399-43c7-bbaf-28491cd56951,1998-05-09-alpha-epsilon-pi-university-of-delaware-newark-de,1998-05-09,558d6429-90a7-45f1-bf85-0fde18a1c793,db7f2c5d-2727-41fd-bd6f-e91c74164f09,Sunsplash.  Opening for some other bands.,722,2020-02-22 16:19:52.200407,2024-02-29 14:54:54.423832,0,,3.75,0,0,0
d903e5c7-b177-4a52-aba5-0b62ef151112,2003-12-31-hammerstein-ballroom-new-york-ny,2003-12-31,f1fb1c6e-e92a-4484-86da-3f682ef18df8,db7f2c5d-2727-41fd-bd6f-e91c74164f09,The New Deal opened. Set II was a 'Battle of the Bands' with The Disco Biscuits 'performing' as different bands.,810,2020-02-22 16:19:52.200407,2023-08-27 11:31:57.267967,0,https://relisten.net/disco-biscuits/2003/12/31,2.43333333333333,42,0,0
5c06185b-7d0c-4f94-aaed-575a8f2df4b7,2002-08-16-rumsey-playfield-central-park-new-york-ny,2002-08-16,80817631-c0c1-4bd6-91c9-bb69cc240385,db7f2c5d-2727-41fd-bd6f-e91c74164f09,"",661,2020-02-22 16:19:52.200407,2024-03-20 10:11:53.394292,0,https://relisten.net/disco-biscuits/2002/08/16,4.41666666666667,0,0,0
7b31974f-cbdf-4820-b919-b96dee475012,1998-05-19-hmv-records-philadelphia-pa,1998-05-19,c3c4b2f0-0dd1-4803-8ac2-de5bd5df4042,db7f2c5d-2727-41fd-bd6f-e91c74164f09,In-store CD release party for 'Uncivilized Area',220,2020-02-22 16:19:52.200407,2024-02-29 14:55:16.658222,0,,3.5,0,0,0
029956c7-10af-4d22-a2bf-5422b658eeb6,2006-05-28-electric-factory-philadelphia-pa,2006-05-28,8ef35498-800d-42f7-82d1-d8ced42d0092,db7f2c5d-2727-41fd-bd6f-e91c74164f09,"",901,2020-02-22 16:19:52.200407,2024-04-04 20:24:59.765662,0,https://relisten.net/disco-biscuits/2006/05/28,4.59615384615385,0,0,1
eccdebfb-53b5-4e96-bf72-e2a6d16014f2,2023-06-14-the-queen-wilmington-de,2023-06-14,effc2ae9-df36-4d05-ac93-cfd8ec6528eb,db7f2c5d-2727-41fd-bd6f-e91c74164f09,"",,2023-06-15 00:35:17.973980,2024-07-19 11:42:50.539214,0,https://relisten.net/disco-biscuits/2023/06/14,4.43333333333333,0,0,2
ea984707-67b3-4359-9b5f-5ed95a48f32f,2022-07-01-plumas-country-fairgrounds-quincy-ca,2022-07-01,def90e2e-cd00-4659-a848-241097bde1bf,db7f2c5d-2727-41fd-bd6f-e91c74164f09,"High Sierra Music Festival

(Last California show 9/5/11)",,2022-07-02 11:47:05.585779,2024-07-02 19:05:52.329334,0,https://relisten.net/disco-biscuits/2022/07/01,3.77777777777778,0,0,4
4a7aa906-3f5f-4c8a-989b-e985642b27b0,2023-08-12-blackthorne-resort-east-durham-ny,2023-08-12,0aa18b5a-984e-44d1-abaf-3b7a8a9c0169,db7f2c5d-2727-41fd-bd6f-e91c74164f09,Catskill Mountain Jubilee,,2023-08-13 02:45:11.430299,2024-07-19 11:46:17.972511,0,https://relisten.net/disco-biscuits/2023/08/12,4.52272727272727,0,0,1
95855e95-1aac-4ed9-9bff-e68af6fcd05a,2023-06-15-count-basie-theater-red-bank-nj,2023-06-15,142a395d-ec5f-4f30-8456-767f85c53501,db7f2c5d-2727-41fd-bd6f-e91c74164f09,"",,2023-06-16 00:34:34.644368,2024-07-19 11:43:00.071078,0,https://relisten.net/disco-biscuits/2023/06/15,4.37096774193548,0,0,1
630fe90c-3352-482a-9a3b-b0ee823b6f1b,2022-06-12-lake-champlain-exposition-essex-junction-vt,2022-06-12,c97a1128-139e-4abf-81f1-634a2afb1445,db7f2c5d-2727-41fd-bd6f-e91c74164f09,"",,2022-06-13 12:56:20.664150,2024-11-22 02:12:30.551064,0,https://relisten.net/disco-biscuits/2022/06/12,3.40740740740741,0,0,0
fac2fe3a-33db-4935-bbe9-9592c50b0264,1999-04-17-alley-katz-richmond-va,1999-04-17,693b7048-0e7a-4279-b081-a2f76a54e920,db7f2c5d-2727-41fd-bd6f-e91c74164f09,Solid Gold Fish Bowl opened.,372,2020-02-22 16:19:52.200407,2024-07-25 11:21:05.620841,0,https://relisten.net/disco-biscuits/1999/04/17,4.20833333333333,0,0,0
86dfdf78-4e5f-4fbb-807a-77c87fd682da,2006-11-09-town-ballroom-buffalo-ny,2006-11-09,edf8b5e6-2040-4d55-bfc0-833f839ed87d,db7f2c5d-2727-41fd-bd6f-e91c74164f09,"",932,2020-02-22 16:19:52.200407,2024-11-26 05:07:27.046448,0,,4.66666666666667,0,0,1
19eee301-a272-4d5c-98fa-c60a80ff9435,2004-01-16-culture-room-fort-lauderdale-fl,2004-01-16,b3841de4-5e57-4f2d-914f-81bc474fba8e,db7f2c5d-2727-41fd-bd6f-e91c74164f09,Jeremy Wainland benefit concert. With Mike Greenfeld on drums.,818,2020-02-22 16:19:52.200407,2023-08-27 11:33:28.993480,0,https://relisten.net/disco-biscuits/2004/01/16,4.64285714285714,0,0,0
b4ab49e5-30be-4b1a-9406-cd15ac6f7d31,2004-01-17-culture-room-fort-lauderdale-fl,2004-01-17,b3841de4-5e57-4f2d-914f-81bc474fba8e,db7f2c5d-2727-41fd-bd6f-e91c74164f09,"Jeremy Wainland benefit concert. With Mike Greenfield on drums. The second set was the seventh complete performance of 'the Hot Air Balloon.' Last performance, 10/23/1999.",819,2020-02-22 16:19:52.200407,2023-08-27 11:33:33.488299,0,https://relisten.net/disco-biscuits/2004/01/17,4.18181818181818,0,0,0
eb8f45b9-ffc8-47f2-a518-d49811c459d8,2006-08-05-hutchinson-field-in-grant-park-chicago-il,2006-08-05,f2e83772-5a4c-481c-8c16-b22fe7409eb9,db7f2c5d-2727-41fd-bd6f-e91c74164f09,"Lollapalooza 2006. 130 Artists on 8 stages, including The Red Hot Chili Peppers, Kanye West, Gnarls Barkley, Ween and Nada Surf.",916,2020-02-22 16:19:52.200407,2023-08-27 11:40:16.287808,0,https://relisten.net/disco-biscuits/2006/08/05,3.80769230769231,0,0,2
f4430b4c-914c-4aae-b9a1-f5036b51f819,2011-08-30-hard-rock-casino-presents-the-pavilion-albuquerque-mn,2011-08-30,60dd941f-6496-4774-a7b0-ada9bf7cd23e,db7f2c5d-2727-41fd-bd6f-e91c74164f09,"Identity Festival - Kaskade, Pretty Lights, Rusko, The Crystal Method and more",1353,2020-02-22 16:19:52.200407,2023-08-30 11:05:06.683730,0,,3.875,0,0,1
67daa3a9-7881-4adf-9ba2-c7a4525d17fb,2012-07-07-starland-ballroom-sayreville-nj,2012-07-07,d7bcd39a-04d3-46ae-913a-c950de7b6c5d,db7f2c5d-2727-41fd-bd6f-e91c74164f09,"Speakerbot opened, Horizon Wireless setbreak",1370,2020-02-22 16:19:52.200407,2023-08-30 11:07:50.342124,0,https://relisten.net/disco-biscuits/2012/07/07,3.60526315789474,0,1,0
a1c4c00d-664f-485d-9df3-f349f8bdfcb9,2006-06-16-bonnaroo-music-festival-manchester-tn,2006-06-16,1f6d9f30-4c62-4883-8d34-51a0ace794db,db7f2c5d-2727-41fd-bd6f-e91c74164f09,"Late-night set in The Other Tent at Bonnaroo. With Tom Petty & The Heartbreakers, Oysterhead, Radiohead, Umphrey's McGee and many, many others.",907,2020-02-22 16:19:52.200407,2023-09-01 20:02:04.553104,0,https://relisten.net/disco-biscuits/2006/06/16,3.94117647058824,0,0,1
7d48fe0c-6f6f-4451-93d1-2fa4a4947bf5,2023-03-11-the-caverns-pelham-tn,2023-03-11,635a06a6-4313-445d-a0f0-732e88045297,db7f2c5d-2727-41fd-bd6f-e91c74164f09,2nd set was ‘Movie Night’ (The 5th Element),,2023-03-12 03:05:40.509726,2024-11-26 03:18:56.687459,0,https://relisten.net/disco-biscuits/2023/03/11,4.765625,0,0,1
7a0de8d8-c26b-4872-a280-638243391e42,2009-11-19-house-of-blues-west-hollywood-ca,2009-11-19,62362afd-e75f-44c4-930d-86c19d700322,db7f2c5d-2727-41fd-bd6f-e91c74164f09,BLVD opened,1202,2020-02-22 16:19:52.200407,2023-10-17 12:44:31.619814,0,https://relisten.net/disco-biscuits/2009/11/19,4.15625,0,0,1
48325693-8b42-4c35-8ddb-f1899f0f3bc9,2019-07-18-montage-mountain-scranton-pa,2019-07-18,6b1fd49c-f558-476a-b1eb-8451b52652ff,db7f2c5d-2727-41fd-bd6f-e91c74164f09,Camp Bisco 17,1593,2020-02-22 16:19:52.200407,2023-10-30 08:55:13.564380,0,https://relisten.net/disco-biscuits/2019/07/18,3.33333333333333,0,1,1
c3a55620-71f3-4834-9335-98f330fa45a5,2014-07-31-9-30-club-washington-dc,2014-07-31,07aef483-1f92-466a-8f3e-ee2d2ef9969c,db7f2c5d-2727-41fd-bd6f-e91c74164f09,Entire 2nd Set and Encore featured Bill Kreutzman (drums) and Mickey Hart (percussion),1426,2020-02-22 16:19:52.200407,2023-09-13 10:59:15.440174,0,https://relisten.net/disco-biscuits/2014/07/31,3.5,0,0,1
53771f56-c3cb-4b6a-af56-3a34e9ddd7d2,2009-11-01-canopy-club-urbana-il,2009-11-01,1be0ac9f-b003-4059-8d17-ed8e297e5821,db7f2c5d-2727-41fd-bd6f-e91c74164f09,Orchard Lounge opened,1199,2020-02-22 16:19:52.200407,2024-02-15 17:20:32.088859,0,https://relisten.net/disco-biscuits/2009/11/01,4.42857142857143,0,0,1
015eda4b-7453-478b-beb4-213d628edd36,2011-04-15-sirius-satellite-studios-new-york-city-ny,2011-04-15,5f501a2f-6a35-479f-8b2a-d075734600ca,db7f2c5d-2727-41fd-bd6f-e91c74164f09,"Recorded on April 15, 2011 and broadcast on May 25, 2011. Interviews between each song.",1329,2020-02-22 16:19:52.200407,2024-03-27 23:56:35.202117,0,,3.81818181818182,0,0,0
37a3b592-9f52-45b8-b44c-a15ff7438e68,2023-02-01-higher-ground-s-burlington-vt,2023-02-01,a80851a9-f6e6-464e-8255-af00be69d62e,db7f2c5d-2727-41fd-bd6f-e91c74164f09,Karina Rykman opened,,2023-02-02 03:20:59.123534,2024-11-25 15:42:32.400471,0,"",3.80434782608696,0,0,0
2f8871b5-e690-4ab2-8809-989eca38bd11,2010-03-26-grand-central-miami-fl,2010-03-26,69abf3be-edcd-481d-80a4-190b935aa9bf,db7f2c5d-2727-41fd-bd6f-e91c74164f09,"Billed as Tractorbeam <br>

Post-Ultra Music Festival Afterparty <br>

Whole show without Jon Gutwillig. Chris Michetti of RAQ and Tom Hamilton of Brothers Past on guitar <br>

With Eclectic Method, DJs Terence Tabeau, Edwin Adams and Oonaslim",1250,2020-02-22 16:19:52.200407,2024-03-27 16:37:11.180989,0,,2.91666666666667,0,0,0
121cf736-ed41-43f8-8dc9-5fe0d568d3d4,2013-01-26-1stbank-center-broomfield-co,2013-01-26,e85ecd88-4624-40b5-83b1-25892870da56,db7f2c5d-2727-41fd-bd6f-e91c74164f09,Bisco Inferno -  Michael Menert and GRiZ opened,1387,2020-02-22 16:19:52.200407,2024-04-29 20:58:32.026433,0,https://relisten.net/disco-biscuits/2013/01/26,3.16666666666667,0,0,0
8b8621c7-5443-4cd6-88e5-551aed7f3720,2023-09-16-empire-garage-austin-tx,2023-09-16,0edd4940-a96a-45e9-b581-db9e8e4b77f3,db7f2c5d-2727-41fd-bd6f-e91c74164f09,"Soundcheck: Helicopters, Twisted In The Road 

Sunsquabi Opened",,2023-09-16 10:47:20.315702,2024-11-26 03:22:49.310266,0,"",3.45454545454545,0,0,1
3701282a-13be-4487-a824-ccb859d0c75f,2011-01-23-mayan-holidaze-now-sapphire-resort-puerto-morelos-mexico,2011-01-23,72be8ba0-a1c5-4b23-8f60-b88a34053585,db7f2c5d-2727-41fd-bd6f-e91c74164f09,Mayan Holidaze.    Billed as Tractorbeam,1320,2020-02-22 16:19:52.200407,2024-08-29 19:22:11.256296,0,https://relisten.net/disco-biscuits/2011/01/23,4,0,0,1
db6899d5-2091-49e3-b117-ca44c03d7079,2021-05-28-red-rocks-amphitheater-morrison-co,2021-05-28,25062d21-ff23-484b-8220-4b03ff26bbae,db7f2c5d-2727-41fd-bd6f-e91c74164f09,Bisco Inferno,,2021-05-29 02:04:06.030454,2024-11-26 03:29:16.450853,0,https://relisten.net/disco-biscuits/2021/05/28,2.83333333333333,0,0,0
7116d52c-8a21-4577-bed0-3cb85ade5bcb,2024-02-03-gem-jam-festival-tucson-az,2024-02-03,965f76db-0709-433e-803a-97e597b188eb,db7f2c5d-2727-41fd-bd6f-e91c74164f09,"Gem & Jam Festival  Emerald Stage (1015p -12am Set)

Soundcheck: The Overture -> Abraxas -> The Overture",,2024-02-03 20:48:51.709006,2024-09-14 22:47:21.946892,0,"",3.51785714285714,0,0,0
3f338d9d-d3ed-4226-95c9-81ecb14df8b6,2024-02-07-belly-up-aspen-aspen-co,2024-02-07,415843ea-2c38-444a-88be-f2b3cbc5e9ec,db7f2c5d-2727-41fd-bd6f-e91c74164f09,"",,2024-02-08 00:12:00.991264,2024-07-19 11:14:20.939159,0,"",4.03703703703704,0,0,1
2c22aff7-e812-478a-ba22-af4d666c0dc4,2013-09-27-mann-center-for-the-performing-arts-philadelphia-pa,2013-09-27,2b839f0d-5ce0-402a-a7ae-aee8968dc3e9,db7f2c5d-2727-41fd-bd6f-e91c74164f09,"City Bisco - other acts include Method Man & Redman, Big Boi, Treasure Fingers, Horizon Wireless and more",1398,2020-02-22 16:19:52.200407,2024-11-07 02:13:56.339121,0,,4.13636363636364,0,2,1
5ba3a88c-5761-46fd-a8cd-472f5e8800b1,2013-09-28-mann-center-for-the-performing-arts-philadelphia-pa,2013-09-28,2b839f0d-5ce0-402a-a7ae-aee8968dc3e9,db7f2c5d-2727-41fd-bd6f-e91c74164f09,"City Bisco - other acts include Gigamesh, Shpongle (Simon Posford DJ Set), Emancipator, Lee Foss and more",1399,2020-02-22 16:19:52.200407,2024-11-07 02:14:09.810719,0,,3.88636363636364,0,2,1
4e151994-e7fc-4d5f-89d1-0b776856f680,2023-05-26-three-sister-s-park-chillicothe-il,2023-05-26,2b1bd682-7e6f-4f53-9305-d2c7309cab61,db7f2c5d-2727-41fd-bd6f-e91c74164f09,Summer Camp Music Festival (1245a—2a Set),,2023-05-27 05:16:49.075469,2024-07-19 11:41:45.378398,0,"",2.91666666666667,0,0,1
3d7d8b4f-2c73-4bd0-a1b3-56f6979d687b,2022-08-18-tcu-amphitheater-at-white-river-state-park-indianapolis-in,2022-08-18,63ee2369-5c64-433a-a46c-f8d7e2943ca4,db7f2c5d-2727-41fd-bd6f-e91c74164f09,"D.U.M.B Tour
Opened for Umphrey's McGee",,2022-08-19 12:37:14.635658,2024-07-26 17:50:50.519143,0,https://relisten.net/disco-biscuits/2022/08/18,3.93181818181818,0,0,0
a66be671-e4ae-4aea-b95a-7d0c7672c1e6,2000-08-25-saw-mill-ski-area-morris-pa,2000-08-25,8b93d36f-8282-44eb-8621-b1f5bcc64a11,db7f2c5d-2727-41fd-bd6f-e91c74164f09,"Camp Bisco. With Danny Tha Wild Child, Lake Trout, Fat Mama, The Ally, Buka Mongra, Reid Speed, Odi, and The Chaos Existence Crew.",469,2020-02-22 16:19:52.200407,2024-09-06 20:07:11.754792,0,https://relisten.net/disco-biscuits/2000/08/25,4.25,54,0,0
09e84e24-24cd-477a-b924-0c5a6bb2fa7b,2011-08-16-verizon-wireless-amphitheatre-charlotte-nc,2011-08-16,9b2c269f-7200-477d-8673-3a2f14417ca6,db7f2c5d-2727-41fd-bd6f-e91c74164f09,"Identity Festival - Kaskade, Rusko, Steve Aoki, DJ Shadow and more",1344,2020-02-22 16:19:52.200407,2024-04-29 21:00:58.807803,0,,3.04545454545455,0,0,1
ab9f11bb-98e0-4415-bc49-7f42017d2c88,2009-07-26-fuji-rock-festival-naeba-japan,2009-07-26,d67205bf-ce7c-4479-86ab-73f2129f4906,db7f2c5d-2727-41fd-bd6f-e91c74164f09,"Fuji Rock Festival - Other acts include Oasis, Franz Ferdinand, Weezer, Animal Collective and Fall Out Boy",1097,2020-02-22 16:19:52.200407,2024-02-02 09:20:53.946250,0,https://relisten.net/disco-biscuits/2009/07/26,4.17857142857143,0,0,0
059139a9-26b3-4153-8bac-f559d8a53f06,2023-10-25-infinity-music-hall-hartford-ct,2023-10-25,05cf36b4-b6b3-4f47-a158-2b67680701f3,db7f2c5d-2727-41fd-bd6f-e91c74164f09,"Soundcheck: Air Song, Voices Insane, Buy The Time",,2023-10-25 18:49:26.018557,2024-11-29 01:15:49.694785,0,https://relisten.net/disco-biscuits/2023/10/25,4.72222222222222,0,0,2
29cb4d82-f3e4-4827-b0a5-3bac2f827b6b,2024-03-28-the-f-m-kirby-center-wilkes-barre-pa,2024-03-28,3cfb5ccc-d5f5-4370-a671-1d2a369d687a,db7f2c5d-2727-41fd-bd6f-e91c74164f09,"Soundcheck:  SRB, Space Train->Why We Dance",,2024-03-29 00:43:23.028466,2024-11-25 15:41:41.668237,0,https://archive.org/details/db2024-03-28,4.2258064516129,0,0,0
a6410aaa-68c9-4d2d-aec5-e4bd68351914,2002-10-19-georgia-theater-athens-ga,2002-10-19,b9399fba-a918-42a9-a1b3-aca290673d1a,db7f2c5d-2727-41fd-bd6f-e91c74164f09,"",683,2020-02-22 16:19:52.200407,2024-02-18 13:01:25.058940,0,https://relisten.net/disco-biscuits/2002/10/19,4.69444444444444,0,0,1
37230d3b-1b2a-4308-9514-94330fe1dd1d,2023-10-28-the-capitol-theater-port-chester-ny,2023-10-28,3dbcb903-ae38-48e8-aeef-c2ba426f6320,db7f2c5d-2727-41fd-bd6f-e91c74164f09,"Soundcheck: Monster, Crystal Ball, Svengali",,2023-10-29 01:22:31.335901,2024-11-25 23:59:55.901427,0,https://relisten.net/disco-biscuits/2023/10/28,4.4,0,0,0
2227e87f-5bea-4204-bcc9-b41d90d86f57,2023-09-21-the-riviera-theater-chicago-il,2023-09-21,956d0e88-c79e-491a-a68c-150b1e4514bd,db7f2c5d-2727-41fd-bd6f-e91c74164f09,Sunsquabi Opened,,2023-09-22 01:34:21.654622,2024-11-26 03:17:50.317423,0,https://relisten.net/disco-biscuits/2023/09/21,4.09090909090909,0,0,1
879721d7-19ec-44ce-baad-66ed7ec90704,2002-11-06-the-odeon-cleveland-oh,2002-11-06,9b417136-8afd-4ff4-91b5-4bad2b604428,db7f2c5d-2727-41fd-bd6f-e91c74164f09,Set II was the Disco Biscuits' third complete performance of 'the Chemical Warfare Brigade'. Last performance 4/26/2001.,698,2020-02-22 16:19:52.200407,2024-03-28 00:07:16.864667,0,https://relisten.net/disco-biscuits/2002/11/06,3.7,0,0,0
0b161884-cbad-4f38-90e9-a3027acd4e57,2023-09-22-pabst-theater-milwaukee-wi,2023-09-22,880c6916-91a6-4767-9093-2a2dae1b83a9,db7f2c5d-2727-41fd-bd6f-e91c74164f09,"Soundcheck: B & C, King Of The World, Photograph, Wet

Steez Opened.   ",,2023-09-23 01:08:19.143551,2024-11-26 03:17:54.400852,0,"",4.15384615384615,0,0,0
1a60adf4-e821-4740-af6c-712c5efd2c32,2021-11-21-the-caverns-pelham-tn,2021-11-21,635a06a6-4313-445d-a0f0-732e88045297,db7f2c5d-2727-41fd-bd6f-e91c74164f09,"",,2021-11-22 02:52:34.700341,2024-11-26 03:25:55.150778,0,https://relisten.net/disco-biscuits/2021/11/21,4.61290322580645,0,0,4
c9a7271e-b67c-4da8-9009-9de7cc6e537c,2014-09-27-mann-center-for-the-performing-arts-philadelphia-pa,2014-09-27,2b839f0d-5ce0-402a-a7ae-aee8968dc3e9,db7f2c5d-2727-41fd-bd6f-e91c74164f09,"City Bisco <br>

Other acts included Giorgio Moroder, Orchard Lounge and Risky Disko<br>

First set was performed as The Perfume ",1438,2020-02-22 16:19:52.200407,2024-11-07 02:14:22.167221,0,,3.97222222222222,0,0,1
c3982a66-8d53-4a51-aea3-dc9d08ede45a,2024-11-03-terminal-west-atlanta-ga,2024-11-03,54c563c7-a506-42a1-a6f5-ab77a4501175,db7f2c5d-2727-41fd-bd6f-e91c74164f09,"Benefit For Asheville Recovery from Hurricane Helene
Otherwise Law Abiding Citizens album played in full

Soundcheck: Little Lai, Floes",,2024-11-03 14:44:28.480636,2024-12-09 17:22:32.564354,0,"",4.20833333333333,0,0,0
500b2cfc-2ec8-4e64-a604-73da57c6f215,1998-01-09-crossroads-new-york-ny,1998-01-09,8be3bdcb-9f5a-4ef7-82e8-b4245b63fa78,db7f2c5d-2727-41fd-bd6f-e91c74164f09,"",,2024-04-11 18:26:53.882052,2024-04-26 12:09:28.172992,0,https://relisten.net/disco-biscuits/1998/01/09,4,0,0,0
08bf0294-398a-4efd-b0b1-19f8dedd10e9,2010-06-03-wakarusa-festival-mulberry-river-mountain-ranch-ozark-ar,2010-06-03,1ac9d011-e465-4ab6-a3b4-3b80397552e1,db7f2c5d-2727-41fd-bd6f-e91c74164f09,"Wakarusa Music Festival 2010, other acts include Umphrey's McGee, STS9, The Black Keys, Widespread Panic and many more.",1270,2020-02-22 16:19:52.200407,2024-04-29 21:02:29.411343,0,https://relisten.net/disco-biscuits/2010/06/03,4.11538461538461,0,0,0
e0d23935-cf73-443e-8f64-544a69401a0b,2010-06-12-bonnaroo-music-festival-manchester-tn,2010-06-12,1f6d9f30-4c62-4883-8d34-51a0ace794db,db7f2c5d-2727-41fd-bd6f-e91c74164f09,"3:10AM-5:48AM on That Tent stage. Other acts include Stevie Wonder, Jay-Z, Weezer, Deadmau5 and more.",1278,2020-02-22 16:19:52.200407,2024-04-29 21:02:56.946086,0,https://relisten.net/disco-biscuits/2010/06/12,3.75,0,0,0
0e8900fe-b6b4-4c56-bd6d-31c98f67b33f,2024-03-09-stage-ae-pittsburgh-pa,2024-03-09,ab512957-8ea6-4705-b454-0e42a25ee668,db7f2c5d-2727-41fd-bd6f-e91c74164f09,"Soundcheck: Naeba, Highwire

Octave Cat opened ",,2024-03-10 01:43:53.991419,2024-11-27 17:54:47.550308,0,https://relisten.net/disco-biscuits/2024/03/09,3.93548387096774,0,0,0
9856603f-9bc4-4945-b5ee-0a90124fda9a,2001-09-01-wetlands-preserve-new-york-ny,2001-09-01,81bb358f-2ed6-4358-80b5-fb740207d89a,db7f2c5d-2727-41fd-bd6f-e91c74164f09,"With the exception of the encore, all of the songs in the show are songs that were previously debuted at Wetlands.",560,2020-02-22 16:19:52.200407,2024-08-28 15:11:54.618470,0,https://relisten.net/disco-biscuits/2001/09/01,4.86764705882353,43,1,4
63d640ae-6b38-4c4f-93cc-723dcd0f05b0,2023-10-27-the-capitol-theater-port-chester-ny,2023-10-27,3dbcb903-ae38-48e8-aeef-c2ba426f6320,db7f2c5d-2727-41fd-bd6f-e91c74164f09,"Soundcheck: Times Square, To Be Continued, Hope",,2023-10-27 07:52:55.598090,2024-11-10 00:01:53.708335,0,https://relisten.net/disco-biscuits/2023/10/27,4.25,0,0,0
778dfe0e-d727-4c34-97be-a132ded340b0,2023-06-16-mulcahy-s-wantagh-ny,2023-06-16,5f93ec33-36aa-44c9-8f48-2691ce05b1bd,db7f2c5d-2727-41fd-bd6f-e91c74164f09,"",,2023-06-17 01:20:29.019722,2024-07-19 11:43:11.099537,0,"",4.48333333333333,0,0,0
d67956a5-b7b1-4e59-9a0a-f24009461c68,2023-09-20-first-avenue-minneapolis-mn,2023-09-20,5e132862-c782-4d9a-ad9f-0b730f88f31d,db7f2c5d-2727-41fd-bd6f-e91c74164f09,Soundcheck: Falling,,2023-09-21 01:50:07.106904,2024-07-19 11:46:51.082569,0,"",3.29411764705882,0,0,0
4e634caf-fa24-4523-90d1-f91697a7943c,2001-09-02-wetlands-preserve-new-york-ny,2001-09-02,81bb358f-2ed6-4358-80b5-fb740207d89a,db7f2c5d-2727-41fd-bd6f-e91c74164f09,"",561,2020-02-22 16:19:52.200407,2024-10-01 02:40:17.185098,0,https://relisten.net/disco-biscuits/2001/09/02,4.42857142857143,77,0,1
a96b7b6e-60ce-4509-990e-aca3266712af,2004-07-10-marvin-s-mountaintop-masontown-wv,2004-07-10,1e3bccf8-a06a-4518-85fe-796b54be8233,db7f2c5d-2727-41fd-bd6f-e91c74164f09,All Good Festival. ,827,2020-02-22 16:19:52.200407,2024-11-03 20:51:30.023445,0,https://relisten.net/disco-biscuits/2004/07/11,4.375,0,0,0
27481c76-682a-49cf-8e57-13660bfb1d05,2024-03-10-jefferson-theater-charlottesville-va,2024-03-10,b53f3141-16d9-48b8-b6cd-3d2ba00b5290,db7f2c5d-2727-41fd-bd6f-e91c74164f09,"Soundcheck: Kitchen Mitts, Sister Judy’s Soul Shack",,2024-03-10 19:55:15.905947,2024-10-08 03:41:43.007818,0,"",3.95588235294118,0,0,2
1112efc5-2a35-4e7b-83e4-0676885c5500,2000-05-19-zollman-s-pavilion-buffalo-creek-music-festival-lexington-va,2000-05-19,80210532-913b-4505-a5cd-9a406177803f,db7f2c5d-2727-41fd-bd6f-e91c74164f09,Baaba Seth opened.,463,2020-02-22 16:19:52.200407,2024-05-29 21:44:51.235119,0,https://relisten.net/disco-biscuits/2000/05/19,3.66666666666667,5,0,0
41df8f31-1af0-47ff-9b16-1565e607871f,2000-08-18-trocadero-philadelphia-pa,2000-08-18,feb271e4-61fc-4d66-ac24-ee9f39c76aad,db7f2c5d-2727-41fd-bd6f-e91c74164f09,"Show Billed as Electron<br>

Set 1 is the first complete performance of ""The Chemical Warfare Brigade""<br>

Set 1: Plan B, Floodlights1, And the Ladies Were the Rest of the Night1, Little Lai, Shelby Rose1, Confrontation1, Three Wishes, Chemical Warfare Brigade<br>

Set 2: Generals1, Triumph> Home, M.E.M.P.H.I.S.2<br>

1 First time played
2 Begun solo by Marc on guitar. After the second verse, the rest of the Disco Biscuits join him as he switches to bass. After the third verse, the rest of Electron enter (DJ Stich on turntables, Pauly Herron on percussion, Tom Hamilton of Brothers Past on guitar, and Joe Russo of Fat Mama on drums).",468,2020-02-22 16:19:52.200407,2024-05-29 21:45:17.516032,0,,4.3125,0,0,0
2d5e96d4-67cd-4f89-b33a-edce95434445,2001-08-26-kahunaville-wilmington-de,2001-08-26,98c87556-60cf-4ce3-92a8-4e576992c9f3,db7f2c5d-2727-41fd-bd6f-e91c74164f09,"Bisco Knights.  With The Ally, Lake Trout, The New Deal, and Josh Wink.",559,2020-02-22 16:19:52.200407,2024-05-29 21:57:54.819337,0,https://relisten.net/disco-biscuits/2001/08/26,4.67647058823529,47,0,2
b30c7a92-c113-49cc-9f92-a0727a5f619f,2001-12-02-jake-s-roadhouse-decatur-ga,2001-12-02,79a27aae-0741-4a5a-b7ab-79be0cee83e3,db7f2c5d-2727-41fd-bd6f-e91c74164f09,Unannouced show. Taping for 'In The Living Room With The Dunhams'.,597,2020-02-22 16:19:52.200407,2024-05-29 22:00:22.866693,0,https://relisten.net/disco-biscuits/2001/12/02,3.5625,0,0,1
232bc326-44a0-4332-a29c-0253bab7442c,2023-09-24-delmar-hall-st-louis-mo,2023-09-24,322e640e-43e6-4170-90f0-be15573f94b7,db7f2c5d-2727-41fd-bd6f-e91c74164f09,Soundcheck: M.E.M.P.H.I.S>Kitchen Mitts>M.E.M.P.H.I.S,,2023-09-24 18:33:05.521239,2024-11-06 13:35:04.604818,0,https://relisten.net/disco-biscuits/2023/09/24,3.75,0,0,0
8eac1ee8-bee9-4f29-82ed-6a2f58e1409c,2023-10-07-wonderland-forest-lafayette-ny,2023-10-07,2ebc1547-69d2-44c1-be44-be2ea457aa90,db7f2c5d-2727-41fd-bd6f-e91c74164f09,"BISCOLAND Other acts include Lotus, Emancipator, Opiou, The Floozies, Eggy, Space Bacon",,2023-10-08 02:58:02.417932,2024-11-25 15:41:48.356118,0,https://relisten.net/disco-biscuits/2023/10/07,4.65625,0,0,1
24cff32a-9beb-487d-aae8-920ee3e739ff,2024-03-15-state-theater-portland-me,2024-03-15,59354f25-12b2-41b5-976c-209c95c6517a,db7f2c5d-2727-41fd-bd6f-e91c74164f09,"Soundcheck: Spraypaint, Kitchen Mitts.                                                        Karina Rykman opened",,2024-03-15 22:17:53.172574,2024-12-04 00:44:37.504634,0,https://relisten.net/disco-biscuits/2024/03/15,4.725,0,0,0
141beddf-4230-490f-9c35-94eac185b13a,2002-08-23-salansky-farms-union-dale-pa,2002-08-23,6322921c-6819-4d4d-bc0a-67503a03c2d7,db7f2c5d-2727-41fd-bd6f-e91c74164f09,Camp Bisco III: Señor Boombox.,664,2020-02-22 16:19:52.200407,2024-06-20 01:21:38.915048,0,https://relisten.net/disco-biscuits/2002/08/23,4.71875,0,1,0
24fa4259-606d-40e1-a9b0-b991b9f2e469,2002-08-24-salansky-farms-union-dale-pa,2002-08-24,6322921c-6819-4d4d-bc0a-67503a03c2d7,db7f2c5d-2727-41fd-bd6f-e91c74164f09,Camp Bisco III: Señor Boombox,665,2020-02-22 16:19:52.200407,2024-06-20 01:27:35.974770,0,https://relisten.net/disco-biscuits/2002/08/24,4.75,0,0,1
05df04df-c8cb-4179-87a5-3e1f965349cc,2021-05-15-sussex-county-live-drive-in-augusta-nj,2021-05-15,6341347d-dd03-4d95-9860-386bd450248b,db7f2c5d-2727-41fd-bd6f-e91c74164f09,"",,2021-05-15 22:37:11.872808,2024-06-23 15:22:58.393522,0,https://archive.org/details/db2021-05-15.B4Lyfe,4.40384615384615,0,0,0
e57d549c-ca4c-42cb-a84d-2e55e61e451e,2021-06-19-columbia-speedway-entertainment-center-cayce-sc,2021-06-19,7931579a-b2bc-48bb-82dd-df3f05a32d65,db7f2c5d-2727-41fd-bd6f-e91c74164f09,"",,2021-06-19 23:51:15.346467,2024-06-23 15:24:02.222032,0,https://archive.org/details/db2021-06-19.akg214,4.05357142857143,0,0,2
ae0a0e2c-30f1-457a-b222-3265223502d2,2024-01-28-the-catalyst-santa-cruz-ca,2024-01-28,6e94df02-5066-4c62-bae7-ddd9ad31f0b8,db7f2c5d-2727-41fd-bd6f-e91c74164f09,"Soundcheck: Mulberry’s Dream, Rainbow Song, KOTW",,2024-01-28 23:08:29.821616,2024-11-09 00:05:35.302169,0,"",4.27142857142857,0,0,0
cb3e4ff5-b3c9-40a6-860a-9ce4e9529fee,2001-04-22-norva-theater-norfolk-va,2001-04-22,34daf77d-8b69-4d05-9e79-e5d2850216f8,db7f2c5d-2727-41fd-bd6f-e91c74164f09,"",534,2020-02-22 16:19:52.200407,2024-12-09 05:41:46.258820,0,https://relisten.net/disco-biscuits/2001/04/22,3.44444444444444,0,0,2
f789ea8c-ca04-4fb2-8ca5-06917a9b9333,1999-05-01-wetlands-preserve-new-york-ny,1999-05-01,81bb358f-2ed6-4358-80b5-fb740207d89a,db7f2c5d-2727-41fd-bd6f-e91c74164f09,Plexus and Wanderlust opened.,382,2020-02-22 16:19:52.200407,2024-11-25 18:13:25.950979,0,https://relisten.net/disco-biscuits/1999/05/01,4.54761904761905,0,1,1
78dc7faf-1635-4408-ac48-be5f78ed8358,2023-10-24-higher-ground-s-burlington-vt,2023-10-24,a80851a9-f6e6-464e-8255-af00be69d62e,db7f2c5d-2727-41fd-bd6f-e91c74164f09,"Soundcheck: Rock Candy, Little Lai, Twisted In The Road

Lazy Bird Opened ",,2023-10-24 13:51:06.061053,2024-11-22 02:16:57.268893,0,https://relisten.net/disco-biscuits/2023/10/24,3.61363636363636,0,0,1
ca457651-232b-40a0-b4a6-4a0c59e0ab5b,2009-01-30-the-valarium-knoxville-tn,2009-01-30,c8eca666-99b4-4272-8655-09a4b9902189,db7f2c5d-2727-41fd-bd6f-e91c74164f09,Future Rock opened,1150,2020-02-22 16:19:52.200407,2024-06-30 06:05:34.649383,0,https://relisten.net/disco-biscuits/2009/01/30,4.30555555555556,0,0,1
3b5bdccf-81c7-48f7-9586-c2ecb2124e30,1997-01-30-wetlands-preserve-new-york-ny,1997-01-30,81bb358f-2ed6-4358-80b5-fb740207d89a,db7f2c5d-2727-41fd-bd6f-e91c74164f09,"",30,2020-02-22 16:19:52.200407,2024-07-22 12:51:20.543571,0,https://relisten.net/disco-biscuits/1997/01/30,3.6,0,0,0
81897135-1a09-4e59-b545-1d61612ac2b7,2009-02-13-ogden-theater-denver-co,2009-02-13,6a113f67-1c38-4874-a465-80b7ae21d2f8,db7f2c5d-2727-41fd-bd6f-e91c74164f09,"",1142,2020-02-22 16:19:52.200407,2024-08-19 02:24:31.276813,0,https://relisten.net/disco-biscuits/2009/02/13,4.72727272727273,0,0,2
9e7f74da-0552-48c7-a2d2-7b5727e78512,2019-12-29-sony-hall-new-york-ny,2019-12-28,e05b73a2-f4a8-4843-9fc3-caf7981c5010,db7f2c5d-2727-41fd-bd6f-e91c74164f09,"Billed as Tractorbeam (2am Set)

",,2020-03-14 22:58:57.247198,2024-07-27 20:49:39.305390,0,"",2.8125,0,0,1
269416bb-84e3-472a-8e2f-a8339cdfbec7,1999-04-30-wetlands-preserve-new-york-ny,1999-04-30,81bb358f-2ed6-4358-80b5-fb740207d89a,db7f2c5d-2727-41fd-bd6f-e91c74164f09,Sector 9 and Wanderlust opened.,381,2020-02-22 16:19:52.200407,2024-07-25 22:46:39.358995,0,https://relisten.net/disco-biscuits/1999/04/30,4.46666666666667,0,0,0
4bb82156-25f3-44c2-a2da-86cac5cb8ba3,2001-09-05-avalon-ballroom-boston-ma,2001-09-05,d436b14f-99d4-42db-abea-655e7c4b3e01,db7f2c5d-2727-41fd-bd6f-e91c74164f09,"",563,2020-02-22 16:19:52.200407,2024-08-07 03:26:58.586648,0,https://relisten.net/disco-biscuits/2001/09/05,4.57142857142857,0,0,2
23debf12-24ab-4aaf-8d1b-377c1d4c2b22,2021-06-05-westville-music-bowl-new-haven-ct,2021-06-05,8d556323-8a4e-4840-9475-f5d3cf1f4c14,db7f2c5d-2727-41fd-bd6f-e91c74164f09,"",,2021-06-06 13:40:42.301029,2024-11-10 08:51:01.013546,0,https://relisten.net/disco-biscuits/2021/06/05,4.40909090909091,0,0,2
358ebe98-9fef-4051-b72a-d143bc47074b,2009-06-06-ft-armistead-park-baltimore-md,2009-06-06,24e0f3fb-8829-4f84-bfd4-69e568b424ae,db7f2c5d-2727-41fd-bd6f-e91c74164f09,"Starscape<br>
Other acts included Chromeo, BioDiesel, 2020 Soundsystem and Kill the Noise",1111,2020-02-22 16:19:52.200407,2024-09-21 23:01:16.158896,0,,4.64864864864865,0,0,3
641810f8-b243-401b-9396-06f0cd570e10,2024-11-01-the-caverns-pelham-tn,2024-11-01,635a06a6-4313-445d-a0f0-732e88045297,db7f2c5d-2727-41fd-bd6f-e91c74164f09,"CIRCUS BISCO 
Soundcheck: Feeling Twisted, Air Song",,2024-11-01 19:39:26.128918,2024-11-27 17:57:25.650679,0,https://relisten.net/disco-biscuits/2024/11/01,4.3,0,0,0
f3856d61-7981-4d83-88bf-2f604d63cfa8,2023-10-06-wonderland-forest-lafayette-ny,2023-10-06,2ebc1547-69d2-44c1-be44-be2ea457aa90,db7f2c5d-2727-41fd-bd6f-e91c74164f09,"BISCOLAND

Other acts include Lotus, Emancipator, Opiou, The Floozies, Eggy, Space Bacon
Sinsquabbi
Soundcheck: Very Moon->Jam->Hope, WLTP->Crystal Ball, Frog Legs, Trooper McCue 
",,2023-10-02 23:34:49.486691,2024-11-25 15:41:55.311152,0,https://relisten.net/disco-biscuits/2023/10/06,4.43103448275862,0,0,0
2650f139-1e60-4ea3-abc7-84588905f861,2009-06-26-house-of-blues-atlantic-city-nj,2009-06-26,32866dc3-a0d8-4ce4-ab8b-73f9f389a972,db7f2c5d-2727-41fd-bd6f-e91c74164f09,Brothers Past and Lotus opened,1108,2020-02-22 16:19:52.200407,2024-06-30 06:07:41.723848,0,https://relisten.net/disco-biscuits/2009/06/26,4.18,12,0,2
028da767-0a1d-481f-a0d2-297d5906dcc5,2009-06-28-church-of-universal-love-and-music-acme-pa,2009-06-28,84e4b6e0-0344-483c-aa34-1e5b8cb94799,db7f2c5d-2727-41fd-bd6f-e91c74164f09,Brothers Past and Future Rock opened,1106,2020-02-22 16:19:52.200407,2024-06-30 06:08:07.727247,0,https://relisten.net/disco-biscuits/2009/06/28,4.52083333333333,0,0,1
cd5c6a5a-23ad-4eff-907f-1d9aa7fa7cb5,2009-09-19-stubb-s-bar-b-q-austin-tx,2009-09-19,d251c7cf-e1ef-43c0-a4c9-13b9dab31fb2,db7f2c5d-2727-41fd-bd6f-e91c74164f09,Bonobo (DJ Set) and Two Fresh opened,1176,2020-02-22 16:19:52.200407,2024-06-30 06:08:50.783661,0,https://relisten.net/disco-biscuits/2009/09/19,4.525,0,3,1
7d932d79-8ec3-4758-a51d-1d4b42330041,2009-09-30-legends-boone-nc,2009-09-30,eddb10ff-c9f6-4203-8cfb-29bb1bdadaf2,db7f2c5d-2727-41fd-bd6f-e91c74164f09,"",1183,2020-02-22 16:19:52.200407,2024-06-30 06:09:12.259239,0,https://relisten.net/disco-biscuits/2009/09/30,4.16666666666667,0,0,0
41e01526-299a-40b4-891f-3c6176d27549,2009-11-20-the-fillmore-san-francisco-ca,2009-11-20,3f85da63-4a00-4cba-9e9f-837668d55284,db7f2c5d-2727-41fd-bd6f-e91c74164f09,BLVD opened,1203,2020-02-22 16:19:52.200407,2024-06-30 06:10:00.237957,0,https://relisten.net/disco-biscuits/2009/11/20,4.65789473684211,0,0,2
e52869e5-6d22-4436-b1f6-ec6b3db0e6da,2009-11-21-the-fillmore-san-francisco-ca,2009-11-21,3f85da63-4a00-4cba-9e9f-837668d55284,db7f2c5d-2727-41fd-bd6f-e91c74164f09,"",1204,2020-02-22 16:19:52.200407,2024-06-30 06:10:06.766343,0,https://relisten.net/disco-biscuits/2009/11/21,4.625,0,0,1
baea9062-6c09-4e2c-a1dd-4206ea57858f,2009-12-31-nokia-theater-new-york-ny,2009-12-31,e66af935-c834-43cb-a7d2-2983b29408e4,db7f2c5d-2727-41fd-bd6f-e91c74164f09,"",1215,2020-02-22 16:19:52.200407,2024-06-30 06:10:43.824459,0,https://relisten.net/disco-biscuits/2009/12/31,4.57142857142857,20,2,0
d71d1248-3a7d-4a0d-9ecf-f40a588f071a,2024-11-16-state-theater-portland-me,2024-11-16,59354f25-12b2-41b5-976c-209c95c6517a,db7f2c5d-2727-41fd-bd6f-e91c74164f09,"Soundcheck: No Recollection, Buy The Time",,2024-11-16 19:48:00.610950,2024-12-04 00:42:33.723096,0,https://relisten.net/disco-biscuits/2024/11/16,4.55555555555556,0,0,0
9384151d-cce9-4041-9548-2f386c1f6432,2024-11-07-penn-s-peak-jim-thorpe-pa,2024-11-07,c21f72f6-9665-45c7-abb5-fb954e640d67,db7f2c5d-2727-41fd-bd6f-e91c74164f09,"Soundcheck: Morph Düsseldorf, Digital Buddha",,2024-11-07 05:11:55.995391,2024-11-26 04:57:48.459044,0,https://relisten.net/disco-biscuits/2024/11/07,3.90909090909091,0,0,0
4e5dee38-a2de-4fe6-96da-b63338cecd7e,2024-11-06-rams-head-live-baltimore-md,2024-11-06,f6f5a9f7-9caf-4df0-8000-1b56c9b0156e,db7f2c5d-2727-41fd-bd6f-e91c74164f09,Soundcheck: Frog Legs -> Home Again,,2024-11-06 19:32:31.410916,2024-11-27 20:14:53.138293,0,https://relisten.net/disco-biscuits/2024/11/06,3.5,0,0,0
492a4a90-2a95-4a43-9674-e32f022ee7c2,2024-03-16-house-of-blues-boston-ma,2024-03-16,60b442bc-8f1d-431d-b5bd-ebc9f562d76d,db7f2c5d-2727-41fd-bd6f-e91c74164f09,"Soundcheck: Shem-Rah Boo->Air Song->Shem-Rah Boo

Karina Rykman Opened",,2024-03-16 22:40:26.158499,2024-12-03 12:26:00.716188,0,https://relisten.net/disco-biscuits/2024/03/16,4.375,0,0,0
86c6bc57-5d07-433b-a609-414228162a47,2009-02-14-ogden-theater-denver-co,2009-02-14,6a113f67-1c38-4874-a465-80b7ae21d2f8,db7f2c5d-2727-41fd-bd6f-e91c74164f09,"",1141,2020-02-22 16:19:52.200407,2024-08-21 03:31:00.060242,0,https://relisten.net/disco-biscuits/2009/02/14,4.52272727272727,0,0,2
a8b7a121-991c-4a9b-8a7b-70f1568d38f3,2024-03-29-webster-hall-new-york-ny,2024-03-29,66a8b50d-004e-4ed6-88a3-c029e7f003c2,db7f2c5d-2727-41fd-bd6f-e91c74164f09,Revolution In Motion Album Release Show,,2024-03-29 19:54:39.079830,2024-11-29 01:54:34.697815,0,https://relisten.net/disco-biscuits/2024/03/29,4.41463414634146,0,0,1
34255004-8e84-498b-a307-b851b08c4438,2002-04-15-the-vanderbilt-plainview-ny,2002-04-15,31dac481-4c72-4213-9bac-16f5502ce517,db7f2c5d-2727-41fd-bd6f-e91c74164f09,"",628,2020-02-22 16:19:52.200407,2024-11-25 12:16:44.250919,0,https://relisten.net/disco-biscuits/2002/04/15,4.3,0,0,0
86e062c2-bd30-4eb9-84cf-cd03d0075117,2024-03-08-the-fillmore-silver-spring-md,2024-03-08,fade307b-69b3-4357-a6b4-639f8e91cad5,db7f2c5d-2727-41fd-bd6f-e91c74164f09,"Soundcheck: Monster, Buy The Time,Triumph ->Catalyst
Octave Cat opened",,2024-03-08 20:48:22.728237,2024-11-14 20:13:53.786959,0,https://relisten.net/disco-biscuits/2024/03/08,4.52702702702703,0,0,0
f46f710e-d234-427e-8d9a-032512e4c07b,2008-04-12-nokia-theater-new-york-ny,2008-04-12,e66af935-c834-43cb-a7d2-2983b29408e4,db7f2c5d-2727-41fd-bd6f-e91c74164f09,DJ Spooky opened,1080,2020-02-22 16:19:52.200407,2024-11-22 01:28:05.323348,0,https://relisten.net/disco-biscuits/2008/04/12,4.26470588235294,0,0,2
6a9e97b5-762a-4386-9816-660ef03b8a3d,2002-04-13-paramount-theater-asbury-park-nj,2002-04-13,e64d2291-ced5-4251-9e5a-5563ceeaf6f7,db7f2c5d-2727-41fd-bd6f-e91c74164f09,Al Schnier opened.,626,2020-02-22 16:19:52.200407,2024-11-25 12:16:57.628968,0,https://relisten.net/disco-biscuits/2002/04/13,4.57692307692308,65,0,0
49a9be94-091a-4932-a2ae-a37d4485d747,2001-12-28-the-palladium-worcester-ma,2001-12-28,53cc7c67-4d8d-4663-8cea-5654d807867d,db7f2c5d-2727-41fd-bd6f-e91c74164f09,"",605,2020-02-22 16:19:52.200407,2024-11-21 16:30:11.330507,0,https://relisten.net/disco-biscuits/2001/12/28,4.57894736842105,0,0,1
668b622c-fbb7-4f51-ac60-3cfb78e2a2fd,2024-02-02-observatory-north-park-san-diego-ca,2024-02-02,a6ae93e5-74e1-4980-aa89-98dc94b8dbb2,db7f2c5d-2727-41fd-bd6f-e91c74164f09,"Soundcheck: Naeba, Uber Glue.           

Omega Views opened.           ",,2024-02-02 21:33:20.457248,2024-10-03 02:04:52.976454,0,https://relisten.net/disco-biscuits/2024/02/02,4.46052631578947,0,0,0
cff64f21-5017-40db-80f3-b6ca8de2a731,2024-11-02-the-caverns-pelham-tn,2024-11-02,635a06a6-4313-445d-a0f0-732e88045297,db7f2c5d-2727-41fd-bd6f-e91c74164f09,"CAVE-DWELLERS THEME


                          ",,2024-11-02 22:20:40.050771,2024-12-05 13:50:06.157486,0,https://relisten.net/disco-biscuits/2024/11/02,4.59375,0,0,0
8745385b-560f-4a01-9096-621a2b3589f1,2023-05-06-mahalia-jackson-theater-new-orleans-la,2023-05-06,215c8baa-8ed8-4f07-9a6b-6e39282bdfee,db7f2c5d-2727-41fd-bd6f-e91c74164f09,"",,2023-05-07 16:34:49.796442,2024-07-19 11:41:03.599656,0,https://relisten.net/disco-biscuits/2023/05/06,4.39130434782609,0,0,0
abd83e20-57e0-4527-b373-f0cfdda659a9,2021-06-04-westville-music-bowl-new-haven-ct,2021-06-04,8d556323-8a4e-4840-9475-f5d3cf1f4c14,db7f2c5d-2727-41fd-bd6f-e91c74164f09,"",,2021-06-04 22:49:55.922211,2024-07-14 01:47:11.609242,0,https://relisten.net/disco-biscuits/2021/06/04,4.43103448275862,0,0,0
a0dcee0f-7620-4438-8837-ca4e57d332bb,2010-05-07-paper-mill-island-amphitheater-baldwinsville-ny,2010-05-07,4ce81ddb-93e2-422e-830d-1a7d869ff25a,db7f2c5d-2727-41fd-bd6f-e91c74164f09,"",1262,2020-02-22 16:19:52.200407,2024-11-22 01:47:31.200808,0,https://relisten.net/disco-biscuits/2010/05/07,3.375,0,0,0
b0f773d6-feba-4cbb-be73-0e53b9f36b18,2024-03-13-empire-live-albany-ny,2024-03-13,d2cdc82f-90aa-4c35-a592-f8300ae5b5c4,db7f2c5d-2727-41fd-bd6f-e91c74164f09,"Soundcheck: Magellan, Wet",,2024-03-13 16:38:48.876422,2024-11-29 16:22:12.416776,0,"",3.81944444444444,0,0,0
46b9f4e9-ab21-46ca-90f9-abe37db24775,2011-07-08-indian-lookout-country-club-mariaville-ny,2011-07-08,79422c08-e8d6-4753-80ae-5967d56d9892,db7f2c5d-2727-41fd-bd6f-e91c74164f09,Camp Bisco 10,1337,2020-02-22 16:19:52.200407,2024-11-21 16:31:28.420965,0,,4.265625,0,0,1
36ea291f-b2e4-494f-a836-68ea4d56d678,2001-08-25-kahunaville-wilmington-de,2001-08-25,98c87556-60cf-4ce3-92a8-4e576992c9f3,db7f2c5d-2727-41fd-bd6f-e91c74164f09,"Bisco Knights.  With Brothers Past, Robert Randolph and Prince Paul.",558,2020-02-22 16:19:52.200407,2024-07-14 18:43:41.072493,0,https://relisten.net/disco-biscuits/2001/08/25,4.59523809523809,66,0,2
72acaf31-6175-4cd3-a4c1-4981d055d078,2023-12-02-miami-beach-bandshell-miami-beach-fl,2023-12-02,08684f3a-c0e1-478c-982c-42131819d16a,db7f2c5d-2727-41fd-bd6f-e91c74164f09,North Beach Music Festival ,,2023-12-02 21:56:19.610543,2024-11-10 00:03:08.008349,0,https://relisten.net/disco-biscuits/2023/12/02,2.88095238095238,0,0,0
c552323e-75b3-400b-92fb-0a0326b85662,2024-01-24-crystal-bay-club-casino-crystal-bay-nv,2024-01-25,e4fce011-a383-434a-a23b-cb5869a148fe,db7f2c5d-2727-41fd-bd6f-e91c74164f09,"Soundcheck: M.E.M.P.H.I.S., Svengali ",,2024-01-25 05:03:47.350345,2024-09-17 00:01:50.494856,0,"",3.87037037037037,0,0,0
4d78a272-9f8e-494a-a832-6a03328068e6,2002-08-10-norva-theater-norfolk-va,2002-08-10,34daf77d-8b69-4d05-9e79-e5d2850216f8,db7f2c5d-2727-41fd-bd6f-e91c74164f09,"",734,2020-02-22 16:19:52.200407,2024-07-17 02:56:17.030210,0,https://archive.org/details/db2002-08-10b.shnf,3.89285714285714,0,0,0
a0940e0b-4c5c-4533-bb5d-d05fc1233b51,2022-12-29-the-riviera-theater-chicago-il,2022-12-29,956d0e88-c79e-491a-a68c-150b1e4514bd,db7f2c5d-2727-41fd-bd6f-e91c74164f09,Good Sex opened,,2022-12-30 03:13:56.475930,2024-07-18 20:28:20.456910,0,"",4.13461538461539,0,0,1
074e6652-201f-4543-b4d7-9eb7f43a6095,2023-03-23-the-capitol-theater-port-chester-ny,2023-03-23,3dbcb903-ae38-48e8-aeef-c2ba426f6320,db7f2c5d-2727-41fd-bd6f-e91c74164f09,Dogs In A Pile Opened,,2023-03-24 01:20:17.233296,2024-11-25 15:42:11.674310,0,"",4.6219512195122,0,0,1
a70f7541-b8ce-4428-a56b-7f7f898c0a66,2023-07-22-belly-up-tavern-solana-beach-ca,2023-07-22,a3887e0c-1314-4309-bd90-8fd95c62cbcc,db7f2c5d-2727-41fd-bd6f-e91c74164f09,"",,2023-07-22 22:08:53.568202,2024-11-26 03:17:43.191104,0,"",3.73913043478261,0,0,1
97caea21-bea1-4303-97e8-fa942c64bee7,2023-07-19-harrah-s-lake-tahoe-stateline-nv,2023-07-19,317240c7-7682-43b5-a85d-b101d2cbbda8,db7f2c5d-2727-41fd-bd6f-e91c74164f09,"",,2023-07-19 21:19:30.404487,2024-07-19 11:45:40.698840,0,"",3.30555555555556,0,0,0
90215862-04fa-4870-bb51-0d412485c3fa,2023-03-12-the-caverns-pelham-tn,2023-03-12,635a06a6-4313-445d-a0f0-732e88045297,db7f2c5d-2727-41fd-bd6f-e91c74164f09,"",,2023-03-13 02:28:25.975413,2024-11-26 03:19:01.720950,0,https://relisten.net/disco-biscuits/2023/03/12,4.66071428571429,0,0,1
3cf08ff8-50c6-4fff-ad67-4b2fcc76504e,2015-04-24-state-theater-portland-me,2015-04-24,59354f25-12b2-41b5-976c-209c95c6517a,db7f2c5d-2727-41fd-bd6f-e91c74164f09,"",1456,2020-02-22 16:19:52.200407,2024-11-21 16:31:39.438662,0,,4.20454545454545,0,0,1
9cad9835-07ca-4650-9ce0-35bc17cf0702,2006-05-06-tom-lee-park-cellular-south-stage-memphis-tn,2006-05-06,e5bb874e-e311-488d-bcd2-64b4c63655b8,db7f2c5d-2727-41fd-bd6f-e91c74164f09,"The Beale Street Music Festival. With Cake, Huey Lewis & the News and George Clinton & Parliament/Funkadelic.",894,2020-02-22 16:19:52.200407,2024-07-19 11:18:21.809470,0,https://relisten.net/disco-biscuits/2006/05/06,3.4,0,0,1
36e79ca0-6356-43f0-be81-c75cec37d252,2023-01-20-penn-s-peak-jim-thorpe-pa,2023-01-20,c21f72f6-9665-45c7-abb5-fb954e640d67,db7f2c5d-2727-41fd-bd6f-e91c74164f09,Baked Shrimp opened,,2023-01-21 02:38:40.331484,2024-11-25 15:42:45.726384,0,https://relisten.net/disco-biscuits/2023/01/20,4.33333333333333,0,0,0
0ed57275-613a-4daf-b1bf-7946e230f5e9,2010-09-11-bank-of-america-pavilion-boston-ma,2010-09-11,1c2998ab-e714-469a-9f4a-1ba6d10bb8b4,db7f2c5d-2727-41fd-bd6f-e91c74164f09,"RJD2, MiM0SA and Raekwon opened",1300,2020-02-22 16:19:52.200407,2024-11-21 16:31:21.500995,0,https://relisten.net/disco-biscuits/2010/09/11,4.16666666666667,0,1,0
736757ea-507c-40f0-bb59-04edf46b7f9a,2024-02-09-boulder-theater-boulder-co,2024-02-09,88fdfe2f-b85b-4aa0-ab05-613bd43f41cd,db7f2c5d-2727-41fd-bd6f-e91c74164f09,"Soundcheck: Tribulations -> Basis For A Day.    
Cloudchord opened",,2024-02-09 18:09:43.019072,2024-11-26 03:20:26.238465,0,https://relisten.net/disco-biscuits/2024/02/09,4.25,0,0,0
35bc1163-b1c8-4a45-a7bb-f7f2871fe3c1,2024-02-01-the-fonda-theatre-hollywood-ca,2024-02-01,7679040a-fa12-4314-84fb-64d3b70cbdda,db7f2c5d-2727-41fd-bd6f-e91c74164f09,"Soundcheck: The Overture, Abraxas. 

Omega Views opened.          ",,2024-02-01 15:57:32.500543,2024-07-19 11:15:12.599530,0,"",4.265625,0,0,1
43a3707c-eb21-4cf1-aff4-b437c64f9930,1999-04-09-trocadero-philadelphia-pa,1999-04-09,feb271e4-61fc-4d66-ac24-ee9f39c76aad,db7f2c5d-2727-41fd-bd6f-e91c74164f09,"",369,2020-02-22 16:19:52.200407,2024-07-24 18:51:57.005182,0,https://relisten.net/disco-biscuits/1999/04/09,4.8,0,0,0
9ece5a2b-65cb-42bc-9476-766830711321,2024-02-10-boulder-theater-boulder-co,2024-02-10,88fdfe2f-b85b-4aa0-ab05-613bd43f41cd,db7f2c5d-2727-41fd-bd6f-e91c74164f09,"Soundcheck: Who’s In Charge -> Pimp Blue Rikki

Cloudchord opened",,2024-02-11 01:30:38.628470,2024-11-26 03:20:32.831537,0,https://relisten.net/disco-biscuits/2024/02/10,4.42105263157895,0,0,1
ff78a435-0de5-4a55-b371-478c48db8e47,2024-01-26-crystal-bay-club-casino-crystal-bay-nv,2024-01-26,e4fce011-a383-434a-a23b-cb5869a148fe,db7f2c5d-2727-41fd-bd6f-e91c74164f09,"Soundcheck: Barfly, Tamarin Alley, M.E.M.P.H.I.S.",,2024-01-27 00:49:16.022624,2024-07-19 11:16:35.935135,0,"",3.80357142857143,0,0,0
68114861-8fa2-4344-b8c7-382df6c9ce7a,2023-06-07-the-windjammer-isle-of-palms-sc,2023-06-07,2157f86f-a193-42bb-b441-a3787ea1d4f9,db7f2c5d-2727-41fd-bd6f-e91c74164f09,"Soundcheck: Commercial Amen, Falling",,2023-06-07 22:20:47.153365,2024-07-19 11:41:50.435270,0,"",4.3,0,0,0
161e0420-125f-49ab-a161-aac4e69f659e,2023-12-28-the-palladium-times-square-new-york-city-ny,2023-12-28,27d21658-81cb-468f-8dbd-a7719b4bf1fd,db7f2c5d-2727-41fd-bd6f-e91c74164f09,"Soundcheck: Dino Baby, 42",,2023-12-29 05:41:45.965871,2024-11-29 02:02:31.825803,0,"",4.01724137931035,0,0,0
d8439525-bf4a-4633-8c83-c2f0c9ff3624,2023-07-21-the-roxy-hollywood-ca,2023-07-21,f14def51-b4ea-4ed8-9aad-347848c90c32,db7f2c5d-2727-41fd-bd6f-e91c74164f09,"",,2023-07-22 00:07:52.475711,2024-07-19 11:45:59.217478,0,"",3.425,0,0,0
62b5337b-ce85-4133-8f2b-d71ac7f52ba9,2023-08-10-the-clubhouse-east-hampton-ny,2023-08-10,79a020bc-a4cb-4a8e-a804-62ced9a3bc02,db7f2c5d-2727-41fd-bd6f-e91c74164f09,"",,2023-08-11 01:08:38.489001,2024-07-19 11:46:10.434105,0,https://relisten.net/disco-biscuits/2023/08/10,4.40476190476191,0,0,0
9bcf7759-4be4-48c7-99a5-9e0b4fdab695,2023-09-23-vogue-theater-indianapolis-in,2023-09-23,78cc0a80-887a-466c-b46e-505578d8de29,db7f2c5d-2727-41fd-bd6f-e91c74164f09,"Soundcheck: Wet, Photograph",,2023-09-23 15:56:50.793011,2024-07-19 11:47:31.786776,0,https://relisten.net/disco-biscuits/2023/09/23,4.29545454545455,0,0,2
170166c0-e4e3-4a69-a1f9-96373dcd5fc4,2022-03-05-sony-hall-new-york-ny,2022-03-05,e05b73a2-f4a8-4843-9fc3-caf7981c5010,db7f2c5d-2727-41fd-bd6f-e91c74164f09,Private Show For Steve Martocci’s 40th Birthday Party ,,2023-03-06 21:02:41.845705,2024-07-19 11:49:02.048859,0,"",3.88461538461538,0,0,0
e6f7112b-b5c1-4ae9-bf16-6a0e8b5d3f4d,2023-09-15-empire-garage-austin-tx,2023-09-15,0edd4940-a96a-45e9-b581-db9e8e4b77f3,db7f2c5d-2727-41fd-bd6f-e91c74164f09,TAUK with Kanika Moore Opened,,2023-09-13 19:28:09.108713,2024-09-19 00:50:48.410869,0,https://relisten.net/disco-biscuits/2023/09/15,3.11363636363636,0,0,0
9adec077-998d-491b-9ecc-3b4ffdb79679,2017-12-04-breathless-resort-spa-punta-cana-dominican-republic,2017-12-04,08278e3c-b751-4513-bde2-9bf04ecc4029,db7f2c5d-2727-41fd-bd6f-e91c74164f09,Dominican Holidaze,1541,2020-02-22 16:19:52.200407,2024-09-14 23:04:02.043406,0,,3.91176470588235,0,0,0
6e999831-2cbc-448e-aeb6-b249739e7697,2009-09-24-cannery-ballroom-nashville-tn,2009-09-24,ddd0dd10-b935-4c9c-856d-4a6ea2b0ddc6,db7f2c5d-2727-41fd-bd6f-e91c74164f09,"",1179,2020-02-22 16:19:52.200407,2024-11-26 03:36:42.949662,0,https://relisten.net/disco-biscuits/2009/09/24,4.64516129032258,0,0,1
6498a4b0-dbc3-424b-b9ba-eef66fd73309,2001-11-30-five-points-south-music-hall-birmingham-al,2001-11-30,d1e7d474-a705-4df2-bc45-6af3458ea0fd,db7f2c5d-2727-41fd-bd6f-e91c74164f09,"",595,2020-02-22 16:19:52.200407,2024-08-07 03:27:34.891093,0,https://relisten.net/disco-biscuits/2001/11/30,4.04545454545455,0,0,2
3cbad89d-cb11-4f67-a58e-8a5387d5fd0e,2008-07-19-indian-lookout-country-club-mariaville-ny,2008-07-19,79422c08-e8d6-4753-80ae-5967d56d9892,db7f2c5d-2727-41fd-bd6f-e91c74164f09,"Camp Bisco VII<br>Other acts included Future Rock, The Egg, 2020 Soundsystem and Orchard Lounge",1093,2020-02-22 16:19:52.200407,2024-11-22 01:37:52.230896,0,https://relisten.net/disco-biscuits/2008/07/19,4.21052631578947,0,0,2
d403714b-b289-46c8-8f31-ba291d2c3f57,2010-05-29-red-rocks-amphitheater-morrison-co,2010-05-29,25062d21-ff23-484b-8220-4b03ff26bbae,db7f2c5d-2727-41fd-bd6f-e91c74164f09,"Bisco Inferno - other acts include Pnuma Trio, Aeroplane, The Crystal Method, The Glitch Mob and Booka Shade set break",1267,2020-02-22 16:19:52.200407,2024-11-22 01:48:21.921112,0,https://relisten.net/disco-biscuits/2010/05/29,4.2,0,1,0
51cc8623-2a99-4e0f-be03-f95408d1a225,2022-11-19-the-eastern-atlanta-ga,2022-11-19,3aa1271f-4cc2-462f-92d4-1b7d1ac0ae22,db7f2c5d-2727-41fd-bd6f-e91c74164f09,"",,2022-11-20 02:11:42.687814,2024-11-10 02:21:54.795526,0,https://relisten.net/disco-biscuits/2022/11/19,3.56060606060606,0,0,1
1c5e99a2-57c4-4cc5-a859-0cb1c3b7d56d,2016-12-03-dominican-holidaze-breathless-punta-cana-resort-spa-carretera-uvero-alto-dominican-republic,2016-12-03,45b3785a-785e-48b1-ae2d-678266192853,db7f2c5d-2727-41fd-bd6f-e91c74164f09,"",1504,2020-02-22 16:19:52.200407,2024-08-29 20:02:55.130846,0,,3.21428571428571,0,0,0
8721e6b8-78ec-4dc9-8865-bed4f8ce9875,2006-03-09-the-bank-st-petersburg-fl,2006-03-09,a2b21d82-e9b6-479d-86e3-3c053d2407a6,db7f2c5d-2727-41fd-bd6f-e91c74164f09,Brothers Past Opened,867,2020-02-22 16:19:52.200407,2024-11-10 02:22:23.396412,0,https://relisten.net/disco-biscuits/2006/03/09,3.96875,0,0,1
d541dcf9-9e81-4d96-8374-2d3ee8c4b95c,2006-08-26-hunter-mountain-ski-lodge-hunter-ny,2006-08-26,6271e4ac-4f38-485d-9025-180612948356,db7f2c5d-2727-41fd-bd6f-e91c74164f09,"Camp Bisco V: The Invocation<br>Featuring The Roots, Shpongle, Thievery Corporation, RJ-D2, Brothers Past, The Juan MacLean and many more.",920,2020-02-22 16:19:52.200407,2024-11-10 02:24:32.090898,0,https://relisten.net/disco-biscuits/2006/08/26,3.89583333333333,0,0,1
c463efff-7942-4770-b026-8ded47a3a335,2011-05-28-red-rocks-amphitheater-morrison-co,2011-05-28,25062d21-ff23-484b-8220-4b03ff26bbae,db7f2c5d-2727-41fd-bd6f-e91c74164f09,"Bisco Inferno - other acts include Nico's Gun, Boombox, Emancipator, Big Boi and Rusko",1332,2020-02-22 16:19:52.200407,2024-11-22 01:51:33.134079,0,,4.47368421052632,0,0,1
72f24a8a-9eef-4e52-b750-1bc360038129,1999-08-21-camp-bisco-tunetown-campgrounds-cherrytree-pa,1999-08-21,4209ae30-4f0c-4ca6-9380-0b17c018496a,db7f2c5d-2727-41fd-bd6f-e91c74164f09,"Massed Gadgets, ulu, Fat Mama, One World Tribe, Sector 9, Lake Trout Project Logic, and Deep Banana Blackout opened.",411,2020-02-22 16:19:52.200407,2024-08-28 15:10:55.527188,0,https://relisten.net/disco-biscuits/1999/08/21,4.25,0,0,0
9c930088-99a9-45e0-8503-c9cc22a95629,2021-07-16-coolray-field-lawrenceville-ga,2021-07-16,2cfc2d1c-2f52-41f8-9c22-b5c74277308e,db7f2c5d-2727-41fd-bd6f-e91c74164f09,"",,2021-07-17 01:15:30.509753,2024-09-07 03:51:59.793587,0,"",3.515625,0,0,1
589511d1-690c-4677-837d-2356bcc46a24,2006-12-31-tweeter-center-at-the-waterfront-camden-nj,2006-12-31,e608102c-60e6-4869-b83a-686d163fe1b1,db7f2c5d-2727-41fd-bd6f-e91c74164f09,"<i>Progressions 06/07<br>With Keller Williams, Shpongle, Questlove, Hallucinogen and Prometheus",957,2020-02-22 16:19:52.200407,2024-11-10 02:26:15.231141,0,https://relisten.net/disco-biscuits/2006/12/31,4.66071428571429,26,0,1
5f6f4a1c-22d1-47a7-910d-e71095f9e69f,2010-04-15-lincoln-theater-raleigh-nc,2010-04-15,301bb7dd-cb31-4f25-9eb5-efc8e6c5d193,db7f2c5d-2727-41fd-bd6f-e91c74164f09,"SCi Fi opened, entire show with Tom Hamilton and Chris Michetti on guitar and Jon on MIDI.",1252,2020-02-22 16:19:52.200407,2024-11-10 02:30:23.453784,0,https://relisten.net/disco-biscuits/2010/04/15,3.375,0,0,0
32d623a4-e504-441e-ba9d-10bc27dab530,2024-11-15-the-palladium-worcester-ma,2024-11-15,53cc7c67-4d8d-4663-8cea-5654d807867d,db7f2c5d-2727-41fd-bd6f-e91c74164f09,"Soundcheck: Caterpillar, Shocked -> Tourists (Rocketship)",,2024-11-15 17:04:36.397629,2024-12-04 00:35:55.596434,0,https://relisten.net/disco-biscuits/2024/11/15,4.53333333333333,0,0,0
26be84ea-9e1e-4d11-a6cc-2590f593ae62,2022-03-04-sherman-theater-stroudsburg-pa,2022-03-04,8e0ae038-cc9c-410a-a7c0-e7818d2ded5a,db7f2c5d-2727-41fd-bd6f-e91c74164f09,"",,2022-03-05 01:47:42.899742,2024-09-06 17:57:53.260827,0,"",4.14705882352941,0,0,4
38223e11-1e24-4694-b82a-da79c97412c8,1999-06-12-music-farm-charleston-sc,1999-06-12,8f9fe89b-78f7-46a5-a5b4-cd53967c8ed2,db7f2c5d-2727-41fd-bd6f-e91c74164f09,Minus Morph Dusseldorf and Stone (in the first set) and Devil's Waltz and Spaga (in the second set) the show was the fifth complete performance of 'The Hot Air Balloon'.,403,2020-02-22 16:19:52.200407,2024-08-31 15:20:36.978652,0,https://relisten.net/disco-biscuits/1999/06/12,4,15,0,0
1b683ca7-612b-42f9-b6ec-deb48918cda6,2008-07-18-indian-lookout-country-club-mariaville-ny,2008-07-18,79422c08-e8d6-4753-80ae-5967d56d9892,db7f2c5d-2727-41fd-bd6f-e91c74164f09,"Camp Bisco VII<br>Other acts included !!!, MSTRKRFT, The New Deal and LA Riots",1092,2020-02-22 16:19:52.200407,2024-11-22 01:37:43.116871,0,https://relisten.net/disco-biscuits/2008/07/18,4.08333333333333,0,0,1
881dc772-55aa-4d61-8e2b-2b95a230e39a,2011-05-27-ogden-theater-denver-co,2011-05-27,6a113f67-1c38-4874-a465-80b7ae21d2f8,db7f2c5d-2727-41fd-bd6f-e91c74164f09,"",1331,2020-02-22 16:19:52.200407,2024-11-22 01:51:49.941542,0,https://relisten.net/disco-biscuits/2011/05/27,4.15217391304348,0,0,1
00f45d81-4b05-41c8-83f8-3d0a399e2903,2002-03-06-dna-lounge-san-francisco-ca,2002-03-06,0dd5d042-3711-4239-a284-0efe7e8da42a,db7f2c5d-2727-41fd-bd6f-e91c74164f09,"Soundcheck: Paradise City, Triumph

With Evad and the Congressman",611,2020-02-22 16:19:52.200407,2024-11-25 12:18:26.822101,0,https://relisten.net/disco-biscuits/2002/03/06,3.875,0,0,0
3526f238-6c5f-4904-8b83-5fb2b42cb426,2017-06-02-ogden-theater-denver-co,2017-06-02,6a113f67-1c38-4874-a465-80b7ae21d2f8,db7f2c5d-2727-41fd-bd6f-e91c74164f09,Bisco Inferno 2017,1521,2020-02-22 16:19:52.200407,2024-11-07 02:06:28.142223,0,,4.28,0,1,1
73b72bae-ed10-4832-a5ba-f592726788e0,2024-11-21-infinity-music-hall-hartford-ct,2024-11-21,05cf36b4-b6b3-4f47-a158-2b67680701f3,db7f2c5d-2727-41fd-bd6f-e91c74164f09,"",,2024-11-21 20:04:31.689709,2024-12-03 12:27:28.196609,0,https://relisten.net/disco-biscuits/2024/11/21,4.36111111111111,0,0,0
600a4140-3dd7-4a23-a32d-ac5f8bdecf5f,2024-11-13-bearsville-theatre-woodstock-ny,2024-11-13,8a7adf6f-2279-408c-b487-120575510648,db7f2c5d-2727-41fd-bd6f-e91c74164f09,"Soundcheck: HDPF, Abraxas (unfinished) -> Risky Business",,2024-11-12 16:53:12.378548,2024-11-29 20:25:32.885894,0,https://relisten.net/disco-biscuits/2024/11/13,3.5,0,0,0
6b1a500e-d324-49c0-943b-9a8395649b39,2021-08-20-northlands-swanzey-nh,2021-08-20,bc5f5616-55da-442a-bf42-2184d431a981,db7f2c5d-2727-41fd-bd6f-e91c74164f09,"",,2021-08-20 23:11:08.918773,2024-11-25 15:44:39.042409,0,https://relisten.net/disco-biscuits/2021/08/20,4.41666666666667,0,0,1
c1f83cc0-6bd9-4377-af72-64a47853f8ce,2024-03-30-town-ballroom-buffalo-ny,2024-03-30,edf8b5e6-2040-4d55-bfc0-833f839ed87d,db7f2c5d-2727-41fd-bd6f-e91c74164f09,"Soundcheck: Wet, Mr. Don",,2024-03-31 00:01:50.067848,2024-11-29 21:23:10.316556,0,"",3.55357142857143,0,0,0
7bff6ab8-606d-48a8-a0d7-7baa53787bbc,2024-03-31-town-ballroom-buffalo-ny,2024-03-31,edf8b5e6-2040-4d55-bfc0-833f839ed87d,db7f2c5d-2727-41fd-bd6f-e91c74164f09,"",,2024-03-31 16:30:15.933879,2024-11-29 21:23:16.649027,0,"",3.65,0,0,1
c27c335b-48d4-4ec6-8c58-97ffacdef364,2010-07-17-indian-lookout-country-club-mariaville-ny,2010-07-17,79422c08-e8d6-4753-80ae-5967d56d9892,db7f2c5d-2727-41fd-bd6f-e91c74164f09,"Camp Bisco 9<br>Other acts include Ween, Brothers Past, Break Science w/ Talib Kweli & David Murphy (STS9), Rusko and Aeroplane",1281,2020-02-22 16:19:52.200407,2024-11-21 16:31:12.614204,0,https://relisten.net/disco-biscuits/2010/07/17,4.02777777777778,0,0,1
6a1318e4-c7f9-4c0e-b1a5-9683bba5a978,2024-10-31-the-caverns-pelham-tn,2024-10-31,635a06a6-4313-445d-a0f0-732e88045297,db7f2c5d-2727-41fd-bd6f-e91c74164f09,"gRAVEyard (Movie Night) ‘2001: A Space Odyssey’ 
Soundcheck: Lunar Pursuit -> Another Spin",,2024-11-01 01:12:16.253466,2024-11-30 00:06:28.811311,0,"",4.13888888888889,0,0,0
9804c024-fa40-4fa4-97af-75bc29ab897b,2006-03-10-the-revolution-fort-lauderdale-fl,2006-03-10,7ebca6fd-388b-4ebb-8016-891f6a7937e0,db7f2c5d-2727-41fd-bd6f-e91c74164f09,Langerado 2006 Late-Night Show,868,2020-02-22 16:19:52.200407,2024-11-10 02:22:28.888954,0,https://relisten.net/disco-biscuits/2006/03/10,4.05882352941176,2,0,1
beb06c4b-8a07-4576-a510-229132434c64,2006-03-11-langerado-music-festival-sunrise-fl,2006-03-11,7f9f918f-e8e7-449a-bb12-20d7419c069c,db7f2c5d-2727-41fd-bd6f-e91c74164f09,"Langerado 2006<br>Other acts include The Flaming Lips, Wilco, Umphreys McGee, RJD2 and Brothers Past",869,2020-02-22 16:19:52.200407,2024-11-10 02:22:32.564111,0,https://relisten.net/disco-biscuits/2006/03/11,4.06666666666667,0,0,1
e6544c04-e6f6-4cc7-b076-07ce6844ca34,2006-04-20-lincoln-theater-raleigh-nc,2006-04-20,301bb7dd-cb31-4f25-9eb5-efc8e6c5d193,db7f2c5d-2727-41fd-bd6f-e91c74164f09,"",882,2020-02-22 16:19:52.200407,2024-11-10 02:23:02.216291,0,https://relisten.net/disco-biscuits/2006/04/20,3.53846153846154,0,0,1
2664f60c-0eeb-45df-aac8-8959e4710407,2007-08-18-indian-lookout-country-club-mariaville-ny,2007-08-18,79422c08-e8d6-4753-80ae-5967d56d9892,db7f2c5d-2727-41fd-bd6f-e91c74164f09,"Camp Bisco VI<br>With Soundtribe Sector 9, Girl Talk, The Breakfast and others",1001,2020-02-22 16:19:52.200407,2024-11-10 02:28:13.710810,0,https://relisten.net/disco-biscuits/2007/08/18,3.96296296296296,0,0,1
25d50d18-45bb-47c6-b8fa-1ee74dbb832f,2024-11-08-brooklyn-steel-brooklyn-ny,2024-11-08,eca83474-a00d-45f2-bda1-1033ce8cbdec,db7f2c5d-2727-41fd-bd6f-e91c74164f09,"Soundcheck: Sister Judy’s Soul Shack, Why We Dance",,2024-11-08 19:00:06.317255,2024-11-26 04:57:32.565785,0,"",3.6304347826087,0,0,0
fc21cedd-e32f-45c2-add1-62c0c82dbf77,2024-11-09-brooklyn-steel-brooklyn-ny,2024-11-09,eca83474-a00d-45f2-bda1-1033ce8cbdec,db7f2c5d-2727-41fd-bd6f-e91c74164f09,"Soundcheck: Pimp Blue Rikki, Story Of The World",,2024-11-09 12:29:40.063089,2024-11-29 00:18:00.105805,0,"",3.98148148148148,0,0,0
98fbbdbb-a1cb-4958-847e-a4f4d12ffd45,2024-04-04-house-of-blues-new-orleans-la,2024-04-04,d9393fc7-a2c2-482a-9e48-1cf67884bcf3,db7f2c5d-2727-41fd-bd6f-e91c74164f09,Soundcheck: No Recollection ->Tourists -> No Recollection ,,2024-04-04 16:08:21.347331,2024-09-18 19:23:25.780071,0,https://relisten.net/disco-biscuits/2024/04/04,4.06521739130435,0,0,0
5d00bac8-eb5e-4eea-99de-c37523a4af8f,2024-10-30-madison-theater-covington-ky,2024-10-30,672b978b-e8c1-4e06-bb0b-74b0a786f4a7,db7f2c5d-2727-41fd-bd6f-e91c74164f09,"Soundcheck: Neck Romancer, Running Into The Night",,2024-10-28 22:49:33.977363,2024-11-25 12:21:07.610731,0,https://relisten.net/disco-biscuits/2024/10/30,3.81818181818182,0,0,0
070b71bd-4cc6-471c-99cf-f853a6076c5a,2024-04-06-longhorn-ballroom-dallas-tx,2024-04-06,d944b023-d0a9-4c4f-92a3-95dc90122bec,db7f2c5d-2727-41fd-bd6f-e91c74164f09,"Soundcheck: Jam, House Dog Party Favor",,2024-04-06 21:44:20.823652,2024-09-18 19:24:04.740800,0,https://relisten.net/disco-biscuits/2024/04/06,3.64285714285714,0,0,0
efd5aafe-78be-457f-9687-4d40b9419144,2024-04-07-texas-eclipse-festival-burnet-tx,2024-04-07,ef21ddec-b430-48a2-9cdb-d07d4d253347,db7f2c5d-2727-41fd-bd6f-e91c74164f09,Texas Eclipse Festival Lone Star Stage (745p-915p Set),,2024-04-08 00:41:08.728488,2024-09-18 19:24:12.240680,0,"",3.52941176470588,0,0,0
49d4fa9e-b320-42bb-9e5e-e218e23ede0a,2024-11-23-the-town-ballroom-buffalo-ny,2024-11-23,05e0202a-cfcd-45de-979e-fad0a52b7922,db7f2c5d-2727-41fd-bd6f-e91c74164f09,"Soundcheck: Little Lai, Rainbow Song, Frog Legs",,2024-11-23 08:09:00.183831,2024-11-30 21:04:34.149688,0,"",4.26315789473684,0,0,0
7de3a977-b397-463b-928c-2e343399a128,2006-04-21-lincoln-theater-raleigh-nc,2006-04-21,301bb7dd-cb31-4f25-9eb5-efc8e6c5d193,db7f2c5d-2727-41fd-bd6f-e91c74164f09,"",883,2020-02-22 16:19:52.200407,2024-11-10 02:23:08.800856,0,https://relisten.net/disco-biscuits/2006/04/21,4.03846153846154,0,0,1
42d934b8-5730-4310-a550-1a35cc528652,2006-10-19-the-stundent-pavillion-at-washington-lee-university-lexington-va,2006-10-19,570c6e9f-7caa-43b3-9856-14fd34d7612e,db7f2c5d-2727-41fd-bd6f-e91c74164f09,"",924,2020-02-22 16:19:52.200407,2024-11-10 02:24:41.788374,0,https://relisten.net/disco-biscuits/2006/10/19,3.67647058823529,0,0,2
5bfbc55a-dae4-470d-9e20-16f5d04c6405,2007-12-29-hammerstein-ballroom-new-york-ny,2007-12-29,f1fb1c6e-e92a-4484-86da-3f682ef18df8,db7f2c5d-2727-41fd-bd6f-e91c74164f09,Smif-n-Wessun with The Fyre Dept. opened<br>OTT spins at setbreak,1037,2020-02-22 16:19:52.200407,2024-11-10 02:29:18.583675,0,https://relisten.net/disco-biscuits/2007/12/29,4.475,0,0,2
c49dcfd2-bf8d-498c-ab3f-5b0d286b67ae,2024-04-13-the-tabernacle-atlanta-ga,2024-04-13,10e901aa-54aa-45d7-b25d-4675602972f5,db7f2c5d-2727-41fd-bd6f-e91c74164f09,"Soundcheck: Svengali, Twisted In The Road",,2024-04-13 23:47:23.488120,2024-11-26 03:21:18.444964,0,https://relisten.net/disco-biscuits/2024/04/13,3.4375,0,0,0
97fd8137-0cf3-432a-ad1b-c5e61846a7e6,2007-12-30-electric-factory-philadelphia-pa,2007-12-30,8ef35498-800d-42f7-82d1-d8ced42d0092,db7f2c5d-2727-41fd-bd6f-e91c74164f09,"",1038,2020-02-22 16:19:52.200407,2024-11-10 02:29:23.410723,0,https://relisten.net/disco-biscuits/2007/12/30,4.6875,0,1,1
1175e35c-6841-4015-8326-96d0e97a6c50,2024-04-04-the-heights-theater-houston-tx,2024-04-05,9d3e96e4-2558-41e8-9ffb-6de6fcce03fa,db7f2c5d-2727-41fd-bd6f-e91c74164f09,Soundcheck: Buy The Time -> Another Plan Of Attack,,2024-04-05 19:06:07.714292,2024-10-05 03:25:46.081708,0,"",3.95652173913043,0,0,0
d2070535-dd69-4deb-ab3d-bf12f9174235,2007-12-31-tweeter-center-at-the-waterfront-camden-nj,2007-12-31,e608102c-60e6-4869-b83a-686d163fe1b1,db7f2c5d-2727-41fd-bd6f-e91c74164f09,"Circo Bisco<br>with Antibalas Afrobeat Orchestra, Keller Williams, Bassnectar, Grimace Federation and more",1039,2020-02-22 16:19:52.200407,2024-11-10 02:29:27.535485,0,https://relisten.net/disco-biscuits/2007/12/31,4.32,0,0,1
f1c2a90a-c112-4952-ac82-af3b5ebbd22a,2024-04-12-brooklyn-bowl-nashville-tn,2024-04-12,77df0daa-190e-4ccd-959e-3c402d92686f,db7f2c5d-2727-41fd-bd6f-e91c74164f09,Soundcheck: Ring The Doorbell Twice -> Buy The Time,,2024-04-12 19:49:44.526249,2024-11-26 03:21:11.505893,0,https://relisten.net/disco-biscuits/2024/04/12,4.24137931034483,0,0,1
073fc610-a45f-4b34-9438-80472e0c5718,2024-04-02-mercury-ballroom-louisville-ky,2024-04-02,645b80f4-6448-466a-a27b-faaa39afef97,db7f2c5d-2727-41fd-bd6f-e91c74164f09,"Soundcheck: Catalyst, Naeba",,2024-04-02 14:14:11.003548,2024-11-17 21:15:44.323534,0,https://relisten.net/disco-biscuits/2024/04/02,3.92307692307692,0,0,0
fbf17ffd-18c5-4a64-9bd5-cbbcb1d66989,2024-04-11-the-orange-peel-asheville-nc,2024-04-11,d7c17670-0412-40aa-9e9f-ac31efc623d5,db7f2c5d-2727-41fd-bd6f-e91c74164f09,Soundcheck: Tribulations ->To Be Continued,,2024-04-11 22:54:46.203697,2024-11-21 12:04:19.590897,0,https://relisten.net/disco-biscuits/2024/04/11,3.77083333333333,0,0,0
2ba9bb64-ac8f-46ff-a3ac-6878765ad838,2024-04-13-lincoln-theater-raleigh-nc,2024-04-14,301bb7dd-cb31-4f25-9eb5-efc8e6c5d193,db7f2c5d-2727-41fd-bd6f-e91c74164f09,Soundcheck: Sister Judy’s Soul Shack -> Tourists -> Sister Judy’s Soul Shack,,2024-04-14 19:11:43.951081,2024-11-21 12:04:47.249777,0,"",4.02083333333333,0,0,1
a8fde0a0-f322-4e73-ad5e-a3ae7f172f9a,2006-04-28-georgia-theater-athens-ga,2006-04-28,b9399fba-a918-42a9-a1b3-aca290673d1a,db7f2c5d-2727-41fd-bd6f-e91c74164f09,The Southern 'Wind at Four to Fly' CD Release Party,888,2020-02-22 16:19:52.200407,2024-11-10 02:23:24.272282,0,https://relisten.net/disco-biscuits/2006/04/28,3.4,0,0,1
931cb0cc-ed79-4552-b16b-c9b7ed9fa466,2006-04-30-exit-inn-nashville-tn,2006-04-30,8a37652d-3c66-407c-94bf-7b189703d402,db7f2c5d-2727-41fd-bd6f-e91c74164f09,The Pnuma Trio Opened,890,2020-02-22 16:19:52.200407,2024-11-10 02:23:32.225818,0,https://relisten.net/disco-biscuits/2006/04/30,4,0,0,1
8c852b66-41ea-4380-96be-336c99cbbf0c,2007-06-27-charlottesville-amphitheatre-charlottesville-va,2007-06-27,28f23845-ec58-40fe-9100-be7f5f26cbcc,db7f2c5d-2727-41fd-bd6f-e91c74164f09,D.U.M.B. Southern Tour<br>Umphrey's McGee opened,984,2020-02-22 16:19:52.200407,2024-11-10 02:27:34.135823,0,https://relisten.net/disco-biscuits/2007/06/27,4.11111111111111,0,0,1
48c55692-a63d-4a58-a6a9-ed2459e448bf,2007-06-28-ntelos-wireless-pavilion-portsmouth-va,2007-06-28,49bb6cfd-e8f4-44d0-b353-76a96f7b1f8d,db7f2c5d-2727-41fd-bd6f-e91c74164f09,D.U.M.B. Southern Tour<br>Opened for Umphrey's McGee,985,2020-02-22 16:19:52.200407,2024-11-10 02:27:37.921064,0,https://relisten.net/disco-biscuits/2007/06/28,4.3125,0,0,1
c4af383b-b57c-4540-92ed-8d11248235ac,2008-04-17-neighborhood-theater-charlotte-nc,2008-04-17,beae09b9-877f-4375-8210-912f0ee10b17,db7f2c5d-2727-41fd-bd6f-e91c74164f09,Incognito Mosquito opened,1083,2020-02-22 16:19:52.200407,2024-11-10 02:34:58.301648,0,https://relisten.net/disco-biscuits/2008/04/17,3.92857142857143,0,0,1
0be7c0c2-b273-48e2-b43b-678626794ff8,2008-04-20-the-orange-peel-asheville-nc,2008-04-20,d7c17670-0412-40aa-9e9f-ac31efc623d5,db7f2c5d-2727-41fd-bd6f-e91c74164f09,"",1086,2020-02-22 16:19:52.200407,2024-11-10 02:35:10.734397,0,,3.84375,0,0,1
7c287862-5539-446a-9d42-552cbe6aa5d1,2008-07-17-indian-lookout-country-club-mariaville-ny,2008-07-17,79422c08-e8d6-4753-80ae-5967d56d9892,db7f2c5d-2727-41fd-bd6f-e91c74164f09,"Camp Bisco VII<br>other acts included The Juice, Snoop Dogg, Orchard Lounge, and Lotus",1091,2020-02-22 16:19:52.200407,2024-11-22 01:37:31.519852,0,https://relisten.net/disco-biscuits/2008/07/17,3.91666666666667,0,0,1
50192857-17b0-4ec0-b48a-8e9b4c119efa,2002-04-01-bogart-s-cincinnati-oh,2002-04-01,7383247d-7ae8-423a-a934-6af88d971278,db7f2c5d-2727-41fd-bd6f-e91c74164f09,"Minus 'Aquatic Ape', which replaced 'Hot Air Balloon' for April Fools' Day, the second set was the seventh complete performance of 'the Hot Air Balloon'.",617,2020-02-22 16:19:52.200407,2024-11-25 12:17:50.113069,0,https://relisten.net/disco-biscuits/2002/04/01,4,0,0,1
2c0a12a0-ad22-452c-8bb0-8de7dd35c4b3,2002-03-09-whisky-a-go-go-los-angeles-ca,2002-03-09,dd74a22b-db64-42e9-b49b-27663ea87d48,db7f2c5d-2727-41fd-bd6f-e91c74164f09,"",614,2020-02-22 16:19:52.200407,2024-11-25 12:18:15.923498,0,https://relisten.net/disco-biscuits/2002/03/09,4,5,0,0
89242626-28f0-4f09-84fe-3842f9d578a8,2002-03-05-fox-theatre-boulder-co,2002-03-05,8f46585f-f736-4603-88c9-a45209757346,db7f2c5d-2727-41fd-bd6f-e91c74164f09,"",610,2020-02-22 16:19:52.200407,2024-11-25 12:18:30.510721,0,https://relisten.net/disco-biscuits/2002/03/05,3.57142857142857,0,0,0
f630268a-470c-4962-aea1-6bcdcebc4112,2000-10-31-trax-charlottesville-va,2000-10-31,96345d22-c363-4121-a09b-326a4937a0b3,db7f2c5d-2727-41fd-bd6f-e91c74164f09,"",487,2020-02-22 16:19:52.200407,2024-09-16 03:01:06.800740,0,https://relisten.net/disco-biscuits/2000/10/31,4.16666666666667,0,3,0
e29feb6b-ec4d-474d-8564-56d712da0c27,2024-09-15-pine-creek-lodge-livingston-montana,2024-09-15,a4911ded-2c18-4fb8-b813-18de1fc6c0be,db7f2c5d-2727-41fd-bd6f-e91c74164f09,"",,2024-09-15 22:01:38.315227,2024-11-25 12:21:12.236693,0,"",3.95,0,0,0
ca703b12-1968-4269-a6b3-844d904448ca,2024-08-30-thalia-hall-chicago-il,2024-08-30,173e4795-3a61-4029-8d4e-ae6d4fcff711,db7f2c5d-2727-41fd-bd6f-e91c74164f09,Soundcheck: Jam,,2024-08-31 00:18:02.953645,2024-12-06 01:31:45.815844,0,https://archive.org/details/db2024-08-30,4,0,0,0
3a8f1e78-ce3c-4cf4-8f9d-8d5302fc3a26,2024-09-05-washington-s-fort-collins-co,2024-09-05,37f79e35-c08e-4487-9cf9-93044b8e9ce5,db7f2c5d-2727-41fd-bd6f-e91c74164f09,"Soundcheck: Risky Business (ending), Shem-Rah Boo, Aceetobee",,2024-09-05 18:49:54.566049,2024-09-19 00:49:40.040898,0,https://relisten.net/disco-biscuits/2024/09/05,4.68181818181818,0,0,1
8ee9fe28-6e52-48a0-a9ec-42b07eb398b9,2024-09-07-mishawaka-amphitheater-bellvue-co,2024-09-07,0e289e2c-7798-403b-aba8-e0533a6e8039,db7f2c5d-2727-41fd-bd6f-e91c74164f09,"Soundcheck: Kitchen Mitts, Frog Legs",,2024-09-07 17:59:03.807054,2024-11-26 16:27:18.063789,0,https://relisten.net/disco-biscuits/2024/09/07,4.62,0,0,0
7bdadeb5-ab64-4423-a31b-3dbcd7d0e346,2024-08-28-the-intersection-grand-rapids-mi,2024-08-28,ad0cca14-b5a9-4b2c-bf19-88db39426fc4,db7f2c5d-2727-41fd-bd6f-e91c74164f09,"",,2024-08-28 02:50:27.140990,2024-12-06 19:58:59.916595,0,"",3.6,0,0,0
763a4ee3-51e3-4f18-bc10-6698b2711289,2024-09-11-the-depot-salt-lake-city-ut,2024-09-11,c71248eb-85f2-4826-bc33-290ce2a2c39c,db7f2c5d-2727-41fd-bd6f-e91c74164f09,Soundcheck: Falling -> Floes,,2024-09-11 18:00:51.200829,2024-09-19 00:50:14.706682,0,"",4.21428571428571,0,0,0
adb9d759-110a-4084-bdd5-b1992f68a191,2024-09-08-mishawaka-amphitheater-bellvue-co,2024-09-08,0e289e2c-7798-403b-aba8-e0533a6e8039,db7f2c5d-2727-41fd-bd6f-e91c74164f09,"Soundcheck: Rainbow Song, Times Square",,2024-09-08 19:35:32.961253,2024-11-26 16:27:53.700943,0,https://relisten.net/disco-biscuits/2024/09/08,4.47916666666667,0,0,1
85b3732c-2b46-411a-bfe4-5e6b064fab36,2024-09-14-pine-creek-lodge-livingston-montana,2024-09-14,a4911ded-2c18-4fb8-b813-18de1fc6c0be,db7f2c5d-2727-41fd-bd6f-e91c74164f09,"",,2024-09-15 01:17:32.820803,2024-11-23 17:00:30.317819,0,"",3.66666666666667,0,0,0
91f2277b-b8df-4c3a-a1e5-24f2c0c1cb20,2024-09-13-pine-creek-lodge-livingston-montana,2024-09-13,a4911ded-2c18-4fb8-b813-18de1fc6c0be,db7f2c5d-2727-41fd-bd6f-e91c74164f09,Billed As Tractorbeam,,2024-09-14 01:14:54.335405,2024-11-23 17:00:34.799516,0,"",3.91666666666667,0,0,1
6f2f56b8-b4fb-4367-a0d4-82d0afa77527,2024-07-14-greenfield-lake-amphitheater-wilmington-nc,2024-07-14,89e512a9-60b0-43a2-860d-2e8d76001160,db7f2c5d-2727-41fd-bd6f-e91c74164f09,"Soundcheck: Little Lai, Kamaole, Little Betty Boop",,2024-07-14 20:29:47.559072,2024-11-09 06:28:00.813848,0,https://relisten.net/disco-biscuits/2024/07/14,3.91666666666667,0,0,0
c7adef3b-f418-4db7-9b45-ae052889d6d6,2024-09-06-dillon-amphitheater-dillon-co,2024-09-06,fefb4eb3-99de-4562-8f69-a06b0211f9cb,db7f2c5d-2727-41fd-bd6f-e91c74164f09,"Soundcheck: Rockafella, Fiddler, Wet",,2024-09-06 20:06:18.026414,2024-11-26 16:28:17.445174,0,https://relisten.net/disco-biscuits/2024/09/06,4.54166666666667,0,0,1
6f1217e3-6bab-4fca-a423-2fa515fb7320,2006-11-04-sonar-lounge-baltimore-md,2006-11-04,aa42a681-6647-44e5-8fa0-cff643978119,db7f2c5d-2727-41fd-bd6f-e91c74164f09,With Shawn Hennessey on percussion,929,2020-02-22 16:19:52.200407,2024-11-10 02:24:55.852352,0,https://relisten.net/disco-biscuits/2006/11/04,4.15909090909091,0,0,1
1794d2cd-b980-46fb-a0d5-6af0db2794f3,2007-12-28-hammerstein-ballroom-new-york-ny,2007-12-28,f1fb1c6e-e92a-4484-86da-3f682ef18df8,db7f2c5d-2727-41fd-bd6f-e91c74164f09,OTT (Live set) opened<br>Orchard Lounger spins at setbreak,1036,2020-02-22 16:19:52.200407,2024-11-10 02:29:14.690807,0,https://relisten.net/disco-biscuits/2007/12/28,4.11363636363636,0,0,1
6859388c-37e7-4459-835e-a6df6b5e13b2,2024-07-15-the-windjammer-isle-of-palms-sc,2024-07-15,2157f86f-a193-42bb-b441-a3787ea1d4f9,db7f2c5d-2727-41fd-bd6f-e91c74164f09,"Soundcheck: Helicopters, The Very Moon",,2024-07-15 13:59:53.889064,2024-11-13 14:09:22.311358,0,https://relisten.net/disco-biscuits/2024/07/15,3.76190476190476,0,0,0
648e0e3b-6d59-4b1a-a3fd-c8b4cf1e3a4d,2024-08-29-thalia-hall-chicago-il,2024-08-29,173e4795-3a61-4029-8d4e-ae6d4fcff711,db7f2c5d-2727-41fd-bd6f-e91c74164f09,Soundcheck: MEMPHIS ->Evolve ->Better In Doses (end),,2024-08-29 23:57:16.311108,2024-11-27 17:57:03.862990,0,https://archive.org/details/db2024-08-29,3.97916666666667,0,0,0
b18427ad-b368-48a5-97ae-94b33b6752f1,2010-07-15-indian-lookout-country-club-mariaville-ny,2010-07-15,79422c08-e8d6-4753-80ae-5967d56d9892,db7f2c5d-2727-41fd-bd6f-e91c74164f09,"Camp Bisco 9<br>Other acts include LCD Soundsystem, Pretty Lights, Emancipator, Orchard Lounge and Caribou",1279,2020-02-22 16:19:52.200407,2024-11-21 16:30:51.620732,0,https://relisten.net/disco-biscuits/2010/07/15,4.07894736842105,0,0,0
81892cb8-e38b-49b5-80e4-e99371a46a5e,2024-07-20-great-south-bay-music-festival-patchogue-ny,2024-07-20,dcdf1323-b24b-482c-8b7c-203ec692eadc,db7f2c5d-2727-41fd-bd6f-e91c74164f09,"Great South Bay Festival Main Stage (655p-825p Set)

Other acts include Dark Star Orchestra, Dogs In A Pile, Dopadod, Karina Rykman",,2024-07-18 10:17:20.418971,2024-11-26 01:38:36.267386,0,"",3.05555555555556,0,0,0
58e693b6-0367-4c6f-8a86-529828004244,2024-08-11-elements-music-and-arts-festival-long-pond-pa,2024-08-11,a377dd2c-77f8-4cd2-886c-8da033c7fd58,db7f2c5d-2727-41fd-bd6f-e91c74164f09,"Elements Music & Arts Festival
Other Acts Include Lespecial,Space Bacon,Sunsquabi,Substronics,Excision
Earth Stage (1030p-12a Set)",,2024-08-05 16:37:03.486343,2024-11-26 01:40:53.451821,0,"",4.13636363636364,0,0,0
6966baef-df0a-483c-a95c-74c64c97d5cd,2024-05-26-solshine-music-arts-reverie-chillicothe-il,2024-05-26,c52c0499-1500-4080-a19e-75291153826a,db7f2c5d-2727-41fd-bd6f-e91c74164f09,Solshine Festival Campfire Stage (230a-4a Set),,2024-05-27 17:21:03.415431,2024-10-31 16:31:57.827470,0,"",3.05555555555556,0,0,0
a9e539be-21aa-4560-9487-1316d0e56faf,2024-07-12-bourbon-room-atlantic-city-nj,2024-07-12,67cf9993-3c8b-41e5-857e-54a8f5148415,db7f2c5d-2727-41fd-bd6f-e91c74164f09,"",,2024-07-13 01:09:00.427618,2024-11-26 15:07:43.852621,0,https://relisten.net/disco-biscuits/2024/07/12,4.62857142857143,0,0,1
aa1a6a4e-668e-4ece-8cc5-ece8a3477dfd,2024-07-18-secret-dreams-music-arts-festival-thornville-ohio,2024-07-18,ef326b81-c2e2-476a-83a7-6aff80191be0,db7f2c5d-2727-41fd-bd6f-e91c74164f09,"Secret Dreams Festival Lucid Stage (9p-1030p Set)

Other acts include Lotus, Space Bacon, Lespecial, Sunsquabi, Emancipator Trio",,2024-07-17 22:11:13.198957,2024-11-19 15:36:56.229499,0,"",3.3125,0,0,0
e2722ca2-64c5-49a7-99d8-ceac08a6f666,2024-07-19-secret-dreams-music-arts-festival-thornville-ohio,2024-07-19,ef326b81-c2e2-476a-83a7-6aff80191be0,db7f2c5d-2727-41fd-bd6f-e91c74164f09,"Secret Dreams Festival Lucid Stage (11p-1230a Set)

Other acts include Lotus, Space Bacon, Lespecial, Sunsquabi, Emancipator Trio",,2024-07-18 06:44:03.928472,2024-11-19 17:33:37.641143,0,"",3.23529411764706,0,0,0
96c5fc24-da11-4739-b365-7a98f6279829,2024-06-20-electric-forest-rothbury-mi,2024-06-20,db9459ba-5909-4a1b-9d3f-57ab7b9da1d5,db7f2c5d-2727-41fd-bd6f-e91c74164f09,"Electric Forest Sherwood Court (930p-1130p Set)

Soundcheck: Who’s In Charge ->The Wormhole
",,2024-06-18 17:34:08.499494,2024-10-07 18:24:50.124207,0,"",3.26315789473684,0,0,0
23d3e12b-1bd9-4b87-8654-8020c1524e8a,2024-07-05-wonderland-forest-lafayette-ny,2024-07-05,2ebc1547-69d2-44c1-be44-be2ea457aa90,db7f2c5d-2727-41fd-bd6f-e91c74164f09,"BISCOLAND II  Other acts include Kitchen Dwellers, Lettuce, Raq, Lespecial, Space Bacon, Dizgo, Cofresi
",,2024-07-05 22:13:40.058904,2024-11-27 17:56:29.700858,0,https://relisten.net/disco-biscuits/2024/07/05,4.53333333333333,0,0,0
5558e69e-4132-4f76-8e94-b21342a8d1a4,2024-07-06-wonderland-forest-lafayette-ny,2024-07-06,2ebc1547-69d2-44c1-be44-be2ea457aa90,db7f2c5d-2727-41fd-bd6f-e91c74164f09,"BISCOLAND II Other acts include Kitchen Dwellers, Lettuce, Raq, Lespecial, Space Bacon, Dizgo, Cofresi
",,2024-07-06 22:27:16.049910,2024-11-27 17:56:50.130403,0,https://relisten.net/disco-biscuits/2024/07/06,4.65,0,0,0
77b590c8-7e41-4991-ace9-def84dee013b,2024-07-04-wonderland-forest-lafayette-ny,2024-07-04,2ebc1547-69d2-44c1-be44-be2ea457aa90,db7f2c5d-2727-41fd-bd6f-e91c74164f09,"BISCOLAND II  Other acts include Kitchen Dwellers, Lettuce, Raq, Lespecial, Space Bacon, Dizgo, Cofresi

Billed As Tractorbeam",,2024-07-02 13:19:13.170206,2024-12-04 00:45:11.576076,0,https://relisten.net/disco-biscuits/2024/07/04,4.46774193548387,0,0,0
61e695d3-3014-4fb6-ba46-2643efc706e2,2024-07-13-the-national-richmond-va,2024-07-13,42021528-811e-4168-8125-91ed90c5e5ba,db7f2c5d-2727-41fd-bd6f-e91c74164f09,"Soundcheck: Minions, Spy",,2024-07-13 20:18:28.119086,2024-11-09 06:27:55.567820,0,https://relisten.net/disco-biscuits/2024/07/13,3.78571428571429,0,0,0
7278f55b-df13-4ab6-9f33-035153bd3fa6,2024-07-10-freedom-arts-pavillion-selbyville-de,2024-07-11,4bd80027-b714-442c-a242-1bd8fc73df96,db7f2c5d-2727-41fd-bd6f-e91c74164f09,"Soundcheck: Spy, Another Spin, 7-11",,2024-07-11 18:34:21.868999,2024-11-24 08:44:33.770763,0,"",3.92,0,0,0
