id,title,slug,created_at,updated_at,lyrics,tabs,notes,legacy_abbr,legacy_id,cover,author_id,legacy_author,history,featured_lyric,times_played,date_last_played,yearly_play_data,longest_gaps_data,most_common_year,least_common_year,guitar_tabs_url
d9fe0cfe-dd11-4d8a-983f-a3c4e27bf01a,Take a Bow,take-a-bow,2020-02-22 15:50:23.989311,2023-04-06 00:20:37.088712,"","","",bow,319,true,0741948c-afa5-4f19-bb97-126844a6fa0a,Muse,,,2,2007-08-30,"{""1995"": 0, ""1996"": 0, ""1997"": 0, ""1998"": 0, ""1999"": 0, ""2000"": 0, ""2001"": 0, ""2002"": 0, ""2003"": 0, ""2004"": 0, ""2005"": 0, ""2006"": 0, ""2007"": 2, ""2008"": 0, ""2009"": 0, ""2010"": 0, ""2011"": 0, ""2012"": 0, ""2013"": 0, ""2014"": 0, ""2015"": 0, ""2016"": 0, ""2017"": 0, ""2018"": 0, ""2019"": 0, ""2020"": 0, ""2021"": 0, ""2022"": 0, ""2023"": 0}","{""0"": {""date"": ""2007-08-18"", ""previous"": null, ""delta_days"": null}, ""1"": {""date"": ""2007-08-30"", ""previous"": ""2007-08-18"", ""delta_days"": 12}}",2007,2007,
26e4e607-5b8c-4f01-914a-59c5f2e0fda1,She's A Bad Mama Jama,she-s-a-bad-mama-jama,2020-02-22 15:50:29.120743,2020-03-03 14:17:55.043859,"","","",mamajama,461,true,198854b8-6151-4ac8-8a2d-0ebc633d59ff,Carl Carlton,,,1,2016-03-25,"{""1995"": 0, ""1996"": 0, ""1997"": 0, ""1998"": 0, ""1999"": 0, ""2000"": 0, ""2001"": 0, ""2002"": 0, ""2003"": 0, ""2004"": 0, ""2005"": 0, ""2006"": 0, ""2007"": 0, ""2008"": 0, ""2009"": 0, ""2010"": 0, ""2011"": 0, ""2012"": 0, ""2013"": 0, ""2014"": 0, ""2015"": 0, ""2016"": 1, ""2017"": 0, ""2018"": 0, ""2019"": 0, ""2020"": 0}","{""0"": {""date"": ""2016-03-25"", ""previous"": null, ""delta_days"": null}}",2016,2016,
a2271b6e-292b-43a4-a16f-6c880c77ad09,Her Majesty,her-majesty,2020-02-22 15:50:23.818238,2020-03-03 14:17:55.713846,"","","",majesty,240,true,4c05e770-de89-4034-970d-7841d064b9e6,The Beatles,,,2,1995-12-02,"{""1995"": 2, ""1996"": 0, ""1997"": 0, ""1998"": 0, ""1999"": 0, ""2000"": 0, ""2001"": 0, ""2002"": 0, ""2003"": 0, ""2004"": 0, ""2005"": 0, ""2006"": 0, ""2007"": 0, ""2008"": 0, ""2009"": 0, ""2010"": 0, ""2011"": 0, ""2012"": 0, ""2013"": 0, ""2014"": 0, ""2015"": 0, ""2016"": 0, ""2017"": 0, ""2018"": 0, ""2019"": 0, ""2020"": 0}","{""0"": {""date"": ""1995-11-09"", ""previous"": null, ""delta_days"": null}, ""3"": {""date"": ""1995-12-02"", ""previous"": ""1995-11-09"", ""delta_days"": 23}}",1995,1995,
00599772-dc5b-4e4a-85ae-f3ad79ed0896,Bad Love,bad-love,2020-02-22 15:50:22.697566,2020-03-03 14:17:54.883043,"","","",badlove,13,true,9086752c-7d9a-4805-8a0a-9084c69282c5,Eric Clapton,,,1,1999-03-06,"{""1995"": 0, ""1996"": 0, ""1997"": 0, ""1998"": 0, ""1999"": 1, ""2000"": 0, ""2001"": 0, ""2002"": 0, ""2003"": 0, ""2004"": 0, ""2005"": 0, ""2006"": 0, ""2007"": 0, ""2008"": 0, ""2009"": 0, ""2010"": 0, ""2011"": 0, ""2012"": 0, ""2013"": 0, ""2014"": 0, ""2015"": 0, ""2016"": 0, ""2017"": 0, ""2018"": 0, ""2019"": 0, ""2020"": 0}","{""0"": {""date"": ""1999-03-06"", ""previous"": null, ""delta_days"": null}}",1999,1999,
fecddfb7-8f2a-4129-b6b2-0dfdfd884113,I Wanna Be Sedated,i-wanna-be-sedated,2020-02-22 15:50:23.989311,2023-04-06 03:39:13.909495,"","","",sedated,321,true,67da6e12-008c-476e-bfc2-77da47eeee1a,The Ramones,,,4,2007-10-24,"{""1995"": 0, ""1996"": 0, ""1997"": 0, ""1998"": 0, ""1999"": 0, ""2000"": 0, ""2001"": 0, ""2002"": 0, ""2003"": 0, ""2004"": 0, ""2005"": 0, ""2006"": 0, ""2007"": 4, ""2008"": 0, ""2009"": 0, ""2010"": 0, ""2011"": 0, ""2012"": 0, ""2013"": 0, ""2014"": 0, ""2015"": 0, ""2016"": 0, ""2017"": 0, ""2018"": 0, ""2019"": 0, ""2020"": 0, ""2021"": 0, ""2022"": 0, ""2023"": 0}","{""0"": {""date"": ""2007-08-15"", ""previous"": null, ""delta_days"": null}, ""3"": {""date"": ""2007-08-18"", ""previous"": ""2007-08-15"", ""delta_days"": 3}, ""4"": {""date"": ""2007-10-11"", ""previous"": ""2007-08-18"", ""delta_days"": 54}, ""10"": {""date"": ""2007-10-24"", ""previous"": ""2007-10-11"", ""delta_days"": 13}}",2007,2007,
c0d826e5-324c-41b9-8adc-5944218353be,Sgt. Pepper's Lonely Hearts Club Band,sgt-pepper-s-lonely-hearts-club-band,2020-02-22 15:50:23.989311,2023-04-06 03:42:30.053158,"","","",peppers,326,true,4c05e770-de89-4034-970d-7841d064b9e6,The Beatles,,,4,2008-03-08,"{""1995"": 0, ""1996"": 0, ""1997"": 0, ""1998"": 0, ""1999"": 0, ""2000"": 0, ""2001"": 0, ""2002"": 0, ""2003"": 0, ""2004"": 0, ""2005"": 0, ""2006"": 0, ""2007"": 3, ""2008"": 1, ""2009"": 0, ""2010"": 0, ""2011"": 0, ""2012"": 0, ""2013"": 0, ""2014"": 0, ""2015"": 0, ""2016"": 0, ""2017"": 0, ""2018"": 0, ""2019"": 0, ""2020"": 0, ""2021"": 0, ""2022"": 0, ""2023"": 0}","{""0"": {""date"": ""2007-11-04"", ""previous"": null, ""delta_days"": null}, ""4"": {""date"": ""2007-12-31"", ""previous"": ""2007-12-27"", ""delta_days"": 4}, ""5"": {""date"": ""2007-12-27"", ""previous"": ""2007-11-04"", ""delta_days"": 53}, ""8"": {""date"": ""2008-03-08"", ""previous"": ""2007-12-31"", ""delta_days"": 68}}",2007,2008,
1fb12df4-7f31-40a6-8020-e859046493de,Going Down the Road Feeling Bad,going-down-the-road-feeling-bad,2020-02-22 15:50:29.120743,2020-07-09 04:00:28.080979,"","","",gdtrfb,444,true,db72fcdf-43ee-471d-abe8-16c3fff66d82,Traditional ,,,1,2015-04-17,"{""1995"": 0, ""1996"": 0, ""1997"": 0, ""1998"": 0, ""1999"": 0, ""2000"": 0, ""2001"": 0, ""2002"": 0, ""2003"": 0, ""2004"": 0, ""2005"": 0, ""2006"": 0, ""2007"": 0, ""2008"": 0, ""2009"": 0, ""2010"": 0, ""2011"": 0, ""2012"": 0, ""2013"": 0, ""2014"": 0, ""2015"": 1, ""2016"": 0, ""2017"": 0, ""2018"": 0, ""2019"": 0, ""2020"": 0}","{""0"": {""date"": ""2015-04-17"", ""previous"": null, ""delta_days"": null}}",2015,2015,
d90fb6b4-270f-4307-9cd8-c21fa23b2c18,Humuhumunukunukuapua'a,humuhumunukunukuapua-a,2020-02-22 15:50:23.009469,2024-09-20 23:38:30.679275,"<p>A bird is flying over with a message for his love.<br/>The life they lead will grow indeed. <br/>But no bird is a dove.<br/>He sat her down and told her, what was on his mind that day. <br/>Flying south was good enough. <br/>In fact he&#x27;d like to stay.<br/><br/>Paradise was waiting and he knew they had to go.<br/>He&#x27;d hope that she come with him. <br/>And he&#x27;d hope they take it slow.<br/>In a flash they packed a bag, and left their home behind.<br/>They spread their wings and caught a breeze, <br/>And set out for the islands.<br/><br/>Humuhumunukunukuapua&#x27;a in front of me,<br/>And you can see that I believe<br/>That I have set us free.<br/><br/>Two birds are flying over, with the ocean down below.<br/>Another world beneath them <br/>Was a world she&#x27;d like to show.<br/>When they arrived he noticed other birds were diving fast.<br/>He made a note and flapped his wings <br/>And other birds they passed.<br/><br/>He wondered why they&#x27;re diving in an ordinary bay.<br/>But he knew this wasn&#x27;t diving in an ordinary way.<br/>He took a breath and dipped his nose and headed for the sea.<br/>What he did not know was that this dive would set him free.<br/><br/>Humuhumunukunukuapua&#x27;a in front of me,<br/>And you can see that I believe<br/>That I have set us free.</p>","","",humu,83,false,2c0efbda-2ac6-4789-95a4-de69013a617b,Marc Brownstein,,,91,2024-04-05,"{""1995"": 0, ""1996"": 0, ""1997"": 0, ""1998"": 0, ""1999"": 0, ""2000"": 7, ""2001"": 6, ""2002"": 9, ""2003"": 7, ""2004"": 5, ""2005"": 1, ""2006"": 8, ""2007"": 5, ""2008"": 1, ""2009"": 5, ""2010"": 5, ""2011"": 2, ""2012"": 1, ""2013"": 2, ""2014"": 3, ""2015"": 3, ""2016"": 2, ""2017"": 3, ""2018"": 2, ""2019"": 4, ""2020"": 1, ""2021"": 3, ""2022"": 1, ""2023"": 4, ""2024"": 1}","{""35"": {""date"": ""2009-10-10"", ""previous"": ""2009-06-06"", ""delta_days"": 126}, ""37"": {""date"": ""2022-08-14"", ""previous"": ""2021-10-16"", ""delta_days"": 302}, ""43"": {""date"": ""2024-04-05"", ""previous"": ""2023-09-20"", ""delta_days"": 198}, ""61"": {""date"": ""2002-04-18"", ""previous"": ""2001-09-12"", ""delta_days"": 218}, ""79"": {""date"": ""2009-04-23"", ""previous"": ""2008-04-05"", ""delta_days"": 383}}",2002,2005,http://sickbarberlicks.weebly.com/humuhumunukunukuapuaa.html
9175f0b7-7768-4a78-9eb8-c3d1ce51bb09,Camera B,camera-b,2020-02-22 15:50:22.697566,2023-04-07 03:48:10.476624,"<p>Well you don&#x27;t know what you&#x27;re talking about <br/>I&#x27;ll tell you right now <br/>Rumors abound <br/><br/>Lately you wonder outside and you see <br/>What we told you to see <br/>It&#x27;s just not up to you now <br/><br/>Multi colored pieces moving close the focus camera b <br/>Saw it on a TV station print it in a magazine <br/>Step aside jubiliation candy coated fantasy <br/>Multi colored pieces moving close the focus camera b <br/><br/>So you tell me <br/>I always wonder what they know <br/>And that the story goes <br/>In your world I suppose <br/><br/>Like a ???(baby?) fall down through the air <br/>??? falling and disappears <br/>??? that just don&#x27;t care <br/><br/>Multi colored pieces moving close the focus camera b <br/>Saw it on a TV station print it in a magazine <br/>Step aside jubiliation candy coated fantasy <br/>Multi colored pieces moving close the focus camera b <br/><br/>Sometimes there&#x27;s always room at the top <br/>Paparazzi won&#x27;t stop <br/>Til they see you bellyflop <br/><br/>??? up in the air <br/>Make ??? just don&#x27;t care <br/>??? <br/><br/>Multi colored pieces moving close the focus camera b <br/>Saw it on a TV station print it in a magazine <br/>Jump the train at the station running on the canopy <br/>Critics smile, \&quot;Oh we like this concept, won&#x27;t you care to see?\&quot; <br/>Multi colored pieces moving close the focus camera b</p>","",Lyrics based off of re-worked 12/28/05 version. Please email us if you can help decipher the missing lyrics,camera,30,false,4338604b-38e0-432c-855b-bcd9091d4409,Jon Gutwillig,"<p>The ill-fated Camera B debuted in spring 2003, a dnb composition written well after the golden age of Biscuits dnb. The chaotic little ditty was played a handful of times in April 2003, and then shelved until Allen rejoined the band, when it was played, perplexingly, twice over the New Year’s Run 2005. It had a few memorable appearances in the spring of the next year, most significantly an inverted version on 5/11/06, and after a few standalone versions during the fall tour it was shelved indefinitely.</p>",,17,2006-11-14,"{""1995"": 0, ""1996"": 0, ""1997"": 0, ""1998"": 0, ""1999"": 0, ""2000"": 0, ""2001"": 0, ""2002"": 0, ""2003"": 5, ""2004"": 0, ""2005"": 2, ""2006"": 10, ""2007"": 0, ""2008"": 0, ""2009"": 0, ""2010"": 0, ""2011"": 0, ""2012"": 0, ""2013"": 0, ""2014"": 0, ""2015"": 0, ""2016"": 0, ""2017"": 0, ""2018"": 0, ""2019"": 0, ""2020"": 0, ""2021"": 0, ""2022"": 0, ""2023"": 0}","{""8"": {""date"": ""2006-11-08"", ""previous"": ""2006-08-26"", ""delta_days"": 74}, ""9"": {""date"": ""2006-06-10"", ""previous"": ""2006-05-11"", ""delta_days"": 30}, ""15"": {""date"": ""2006-04-15"", ""previous"": ""2005-12-31"", ""delta_days"": 105}, ""104"": {""date"": ""2005-12-28"", ""previous"": ""2003-04-23"", ""delta_days"": 980}}",2006,2005,http://sickbarberlicks.weebly.com/camera-b.html
63ef8056-1a45-4bb0-acce-717551c2355d,Lithium,lithium,2020-02-22 15:50:23.818238,2023-11-12 18:25:38.360850,"","","",lithium,290,true,8547656e-8077-4325-8f4d-67338dcea262,Nirvana,,,12,2014-02-21,"{""1995"": 0, ""1996"": 0, ""1997"": 0, ""1998"": 0, ""1999"": 0, ""2000"": 0, ""2001"": 0, ""2002"": 0, ""2003"": 0, ""2004"": 0, ""2005"": 0, ""2006"": 2, ""2007"": 5, ""2008"": 2, ""2009"": 2, ""2010"": 0, ""2011"": 0, ""2012"": 0, ""2013"": 0, ""2014"": 1, ""2015"": 0, ""2016"": 0, ""2017"": 0, ""2018"": 0, ""2019"": 0, ""2020"": 0, ""2021"": 0, ""2022"": 0, ""2023"": 0}","{""22"": {""date"": ""2007-10-25"", ""previous"": ""2007-07-18"", ""delta_days"": 99}, ""34"": {""date"": ""2009-01-30"", ""previous"": ""2008-06-05"", ""delta_days"": 239}, ""43"": {""date"": ""2008-04-17"", ""previous"": ""2007-10-25"", ""delta_days"": 175}, ""48"": {""date"": ""2009-07-04"", ""previous"": ""2009-01-30"", ""delta_days"": 155}, ""215"": {""date"": ""2014-02-21"", ""previous"": ""2009-07-04"", ""delta_days"": 1693}}",2007,2014,
077371a0-4034-4d07-8d17-dac4ece0eeb6,Jack Straw ,jack-straw,2020-02-22 15:50:29.120743,2020-03-21 19:19:01.518105,"","","",jack,437,true,079d7757-bd68-46ac-990a-6a254e0a9285,The Grateful Dead ,,,1,2015-04-17,"{""1995"": 0, ""1996"": 0, ""1997"": 0, ""1998"": 0, ""1999"": 0, ""2000"": 0, ""2001"": 0, ""2002"": 0, ""2003"": 0, ""2004"": 0, ""2005"": 0, ""2006"": 0, ""2007"": 0, ""2008"": 0, ""2009"": 0, ""2010"": 0, ""2011"": 0, ""2012"": 0, ""2013"": 0, ""2014"": 0, ""2015"": 1, ""2016"": 0, ""2017"": 0, ""2018"": 0, ""2019"": 0, ""2020"": 0}","{""0"": {""date"": ""2015-04-17"", ""previous"": null, ""delta_days"": null}}",2015,2015,
699c1209-2850-4c6e-8149-daf93ec1d0c5,You Should Be Dancing,you-should-be-dancing,2020-02-22 15:50:29.120743,2022-09-02 08:59:03.161152,"","","",dancing,452,true,d11dfbdd-adf6-4acd-86bd-3a6d9962f1be,Bee Gees ,,,1,2015-10-31,"{""1995"": 0, ""1996"": 0, ""1997"": 0, ""1998"": 0, ""1999"": 0, ""2000"": 0, ""2001"": 0, ""2002"": 0, ""2003"": 0, ""2004"": 0, ""2005"": 0, ""2006"": 0, ""2007"": 0, ""2008"": 0, ""2009"": 0, ""2010"": 0, ""2011"": 0, ""2012"": 0, ""2013"": 0, ""2014"": 0, ""2015"": 1, ""2016"": 0, ""2017"": 0, ""2018"": 0, ""2019"": 0, ""2020"": 0, ""2021"": 0, ""2022"": 0}","{""0"": {""date"": ""2015-10-31"", ""previous"": null, ""delta_days"": null}}",2015,2015,
03e98d36-beaa-4edf-9af7-82073bbe228c,In Memory Of Elizabeth Reed,in-memory-of-elizabeth-reed,2020-02-22 15:50:22.856762,2020-03-03 14:17:55.483482,"","","",elizabeth,53,true,68523afb-2089-4b38-b8ea-758347d5a0b6,Allman Brothers Band,,,6,1997-09-06,"{""1995"": 3, ""1996"": 2, ""1997"": 1, ""1998"": 0, ""1999"": 0, ""2000"": 0, ""2001"": 0, ""2002"": 0, ""2003"": 0, ""2004"": 0, ""2005"": 0, ""2006"": 0, ""2007"": 0, ""2008"": 0, ""2009"": 0, ""2010"": 0, ""2011"": 0, ""2012"": 0, ""2013"": 0, ""2014"": 0, ""2015"": 0, ""2016"": 0, ""2017"": 0, ""2018"": 0, ""2019"": 0, ""2020"": 0}","{""1"": {""date"": ""1995-11-09"", ""previous"": ""1995-10-23"", ""delta_days"": 17}, ""5"": {""date"": ""1996-03-30"", ""previous"": ""1996-02-13"", ""delta_days"": 46}, ""9"": {""date"": ""1996-02-13"", ""previous"": ""1995-11-09"", ""delta_days"": 96}, ""102"": {""date"": ""1997-09-06"", ""previous"": ""1996-03-30"", ""delta_days"": 525}}",1995,1997,
7e7124e2-22bf-4424-9c14-08cd200822b4,Stars in the Sky,stars-in-the-sky,2020-02-22 15:50:29.120743,2024-11-14 01:32:27.759549,"","","",starsinthesky,487,false,e29db38d-5b63-4e2c-b5bc-8f4ed3fe1c64,"",,,8,2024-11-13,"{""1995"": 0, ""1996"": 0, ""1997"": 0, ""1998"": 0, ""1999"": 0, ""2000"": 0, ""2001"": 0, ""2002"": 0, ""2003"": 0, ""2004"": 0, ""2005"": 0, ""2006"": 0, ""2007"": 0, ""2008"": 0, ""2009"": 0, ""2010"": 0, ""2011"": 0, ""2012"": 0, ""2013"": 0, ""2014"": 0, ""2015"": 0, ""2016"": 0, ""2017"": 0, ""2018"": 0, ""2019"": 3, ""2020"": 0, ""2021"": 0, ""2022"": 0, ""2023"": 0, ""2024"": 5}","{""10"": {""date"": ""2024-07-13"", ""previous"": ""2024-04-12"", ""delta_days"": 92}, ""11"": {""date"": ""2024-11-13"", ""previous"": ""2024-09-14"", ""delta_days"": 60}, ""16"": {""date"": ""2024-09-14"", ""previous"": ""2024-07-13"", ""delta_days"": 63}, ""211"": {""date"": ""2024-04-05"", ""previous"": ""2019-12-31"", ""delta_days"": 1557}}",2024,2019,http://sickbarberlicks.weebly.com/stars-in-the-sky.html
79341d05-3990-4a86-b116-117c5699bc35,Peter's Theme,peter-s-theme,2020-02-22 15:50:23.818238,2020-08-31 19:58:04.309152,"","","",peter,223,true,b66d73bd-daac-4831-9543-903a88fc3ccb,Prokofiev,,,1,2003-08-21,"{""1995"": 0, ""1996"": 0, ""1997"": 0, ""1998"": 0, ""1999"": 0, ""2000"": 0, ""2001"": 0, ""2002"": 0, ""2003"": 1, ""2004"": 0, ""2005"": 0, ""2006"": 0, ""2007"": 0, ""2008"": 0, ""2009"": 0, ""2010"": 0, ""2011"": 0, ""2012"": 0, ""2013"": 0, ""2014"": 0, ""2015"": 0, ""2016"": 0, ""2017"": 0, ""2018"": 0, ""2019"": 0, ""2020"": 0}","{""0"": {""date"": ""2003-08-21"", ""previous"": null, ""delta_days"": null}}",2003,2003,
a31c63fd-b008-450b-aee7-b759d1dd002f,Gonna Fly Now (Theme From Rocky),gonna-fly-now-theme-from-rocky,2021-07-13 04:22:44.646216,2021-07-21 04:19:21.686037,"","","",,,true,ce2f319d-3a41-447f-90f9-3604fa064796,,"","",1,2021-07-09,"{""1995"": 0, ""1996"": 0, ""1997"": 0, ""1998"": 0, ""1999"": 0, ""2000"": 0, ""2001"": 0, ""2002"": 0, ""2003"": 0, ""2004"": 0, ""2005"": 0, ""2006"": 0, ""2007"": 0, ""2008"": 0, ""2009"": 0, ""2010"": 0, ""2011"": 0, ""2012"": 0, ""2013"": 0, ""2014"": 0, ""2015"": 0, ""2016"": 0, ""2017"": 0, ""2018"": 0, ""2019"": 0, ""2020"": 0, ""2021"": 1}","{""0"": {""date"": ""2021-07-09"", ""previous"": null, ""delta_days"": null}}",2021,2021,""
4fc251fe-cf6a-4c84-8667-0c6b15f60c9b,Soul Man,soul-man,2020-02-22 15:50:29.120743,2020-03-29 17:48:34.875171,"","","",soulman,456,true,ca31b3dd-a701-40ab-afec-9bb44b983363,Isaac Hayes and David Porter,,,1,2016-01-02,"{""1995"": 0, ""1996"": 0, ""1997"": 0, ""1998"": 0, ""1999"": 0, ""2000"": 0, ""2001"": 0, ""2002"": 0, ""2003"": 0, ""2004"": 0, ""2005"": 0, ""2006"": 0, ""2007"": 0, ""2008"": 0, ""2009"": 0, ""2010"": 0, ""2011"": 0, ""2012"": 0, ""2013"": 0, ""2014"": 0, ""2015"": 0, ""2016"": 1, ""2017"": 0, ""2018"": 0, ""2019"": 0, ""2020"": 0}","{""0"": {""date"": ""2016-01-02"", ""previous"": null, ""delta_days"": null}}",2016,2016,
9e821bf4-8932-455d-91ae-c18a08834b29,Moonlight Sonata,moonlight-sonata,2020-02-22 15:50:23.989311,2023-04-06 03:41:02.346275,"","","",moonlight,323,true,e0fcdf1c-18af-4418-b59c-bfd125619140,Beethoven,,,0,,"{""1995"": 0, ""1996"": 0, ""1997"": 0, ""1998"": 0, ""1999"": 0, ""2000"": 0, ""2001"": 0, ""2002"": 0, ""2003"": 0, ""2004"": 0, ""2005"": 0, ""2006"": 0, ""2007"": 0, ""2008"": 0, ""2009"": 0, ""2010"": 0, ""2011"": 0, ""2012"": 0, ""2013"": 0, ""2014"": 0, ""2015"": 0, ""2016"": 0, ""2017"": 0, ""2018"": 0, ""2019"": 0, ""2020"": 0, ""2021"": 0, ""2022"": 0, ""2023"": 0}",{},2023,,
c6c86090-0e1d-4e07-815a-3f6f9f0fa26e,The Devil's Waltz,the-devil-s-waltz,2020-02-22 15:50:23.818238,2024-11-10 20:04:52.226950,"","VERSION 1<br/>transcribed by Evan Leon (evan@OFFICEMAIL.STARMEDIA.COM)<br/><br/>Note:  This is ABSOLUTELY NOT the position that Barber plays it in, but<br/>I'm a stubborn bastard.<br/><br/>Intro:  Cm G Cm G<br/><br/>e       3 4 3                        3 4 3<br/>b 1 3 4         4 0 1-0-1-0    1 3 4         4 0 1-0-1-0<br/>g                           0                            0<br/>d            /5                           /5<br/><br/>e       3 4 3 4/6 3<br/>b 1 3 4             4 6 4 3 1 0.......<br/>g<br/>d<br/><br/>e       3 4 3                        3 4 3<br/>b 1 3 4         4 0 1-0-1-0    1 3 4         4 0 1-0-1 3/8<br/>g                           0<br/>d            /5                           /5<br/><br/>(stretch out a little bit.. some of the fingering gets tough)<br/>(and pay attention to the timing on your own.. lots of weird-length notes)<br/><br/>e 8 7 4                     4<br/>b       8 6 4       8         8 6 4       8<br/>g             7 5 4   4/5           7 5 4   4/5<br/>d<br/><br/>e 8 7 4                     4<br/>b       8 6 4       8         8 6 4       8<br/>g             7 5 4   4/5           7 5 4   4/5<br/>d<br/><br/>then you do the beginning part again.. more later<br/><br/><br/>=====================<br/><br/>VERSION 2<br/>transcribed by nic coker (ohmygord@HOTMAIL.COM)<br/><br/>note: --7/(3)--  means slide from 7 down to 3 without plucking the 3<br/><br/><br/>waltz style:   Bm           Gb7<br/>              (boom cha cha boom cha)<br/><br/>part 1:<br/>e------------------------------------------------------------->><br/>b--------787/(3)--3--------------------787/(3)--3------------->><br/>g--4 6 7------------3-43434---3--4 6 7------------3-43434---3->><br/>d---------------4----------4-----------------4----------4--->><br/>a------------------------------------------------------------->><br/>e------------------------------------------------------------->><br/>part 1 continued:<br/>e-----------------------------<br/>b--------787810 7------------<br/>g--4 6 7-----------7-10 9/ 3-<br/>d-----------------------------<br/>a-----------------------------<br/>e-----------------------------<br/><br/><br/>=======================<br/><br/>VERSION 3<br/>transcribed by Andy Adelewitz (ada108@psu.edu)<br/><br/>here's my take on Devil's Waltz (the beginning, anyway).<br/><br/>    Play 2x<br/>E-|-------------------------------------------|<br/>B-|---------7-8-7-----------------------------|<br/>G-|---6-7--------------6----------------------|<br/>D-|-9---------------------7---9-7-9-7---------|<br/>A-|-----------------9-----------------9-------|<br/>E-|-------------------------------------------|<br/><br/><br/>E-|-------------------------------------------|<br/>B-|---------7-8-7/10-7------------------------|<br/>G-|---6-7--------------7-10---9---------------|<br/>D-|-9-------------------------------8---------|<br/>A-|-------------------------------------------|<br/>E-|-------------------------------------------|<br/><br/><br/>E-|-------------------------------------------|<br/>B-|---------7-8-7-----------------------------|<br/>G-|---6-7-------------------------------------|<br/>D-|-9-----------------7/(8)-9-----------------|<br/>A-|-----------------9-------------------------|<br/>E-|-------------------------------------------|<br/><br/>    Then it changes key<br/>E-|-------------------------------------------|<br/>B-|---------9-10-9--------------------/9------|<br/>G-|----8-9--------------8---------------------|<br/>D-|-11--------------------9---11-9-11---------|<br/>A-|------------------11-----------------------|<br/>E-|-------------------------------------------|<br/><br/><br/>E-|---------------------------------------------------|<br/>B-|---------9-10-9-10/12---9--------------------------|<br/>G-|----8-9-------------------9---12---11---9-8-7-6p5--|<br/>D-|-11------------------------------------------------|<br/>A-|---------------------------------------------------|<br/>E-|---------------------------------------------------|<br/><br/><br/>E-|---------------------------------------------------|<br/>B-|-14-13--------------------------9-10-9-10-9--------|<br/>G-|---------14--13-11-9-8------8-9--------------------|<br/>D-|-------------------------11------------------------|<br/>A-|---------------------------------------------------|<br/>E-|---------------------------------------------------|","",waltz,202,false,7a01161d-ab82-40e5-99a1-49945cf0be96,"Gutwillig, Magner",,,133,2021-06-26,"{""1995"": 0, ""1996"": 5, ""1997"": 39, ""1998"": 38, ""1999"": 11, ""2000"": 6, ""2001"": 6, ""2002"": 4, ""2003"": 4, ""2004"": 0, ""2005"": 2, ""2006"": 0, ""2007"": 2, ""2008"": 0, ""2009"": 8, ""2010"": 0, ""2011"": 0, ""2012"": 1, ""2013"": 0, ""2014"": 1, ""2015"": 0, ""2016"": 1, ""2017"": 2, ""2018"": 1, ""2019"": 0, ""2020"": 0, ""2021"": 2, ""2022"": 0, ""2023"": 0, ""2024"": 0}","{""62"": {""date"": ""2016-06-02"", ""previous"": ""2014-02-22"", ""delta_days"": 831}, ""67"": {""date"": ""2021-05-30"", ""previous"": ""2018-12-28"", ""delta_days"": 884}, ""101"": {""date"": ""2007-02-17"", ""previous"": ""2005-08-26"", ""delta_days"": 540}, ""139"": {""date"": ""2012-12-31"", ""previous"": ""2009-12-29"", ""delta_days"": 1098}, ""187"": {""date"": ""2009-09-12"", ""previous"": ""2007-05-18"", ""delta_days"": 848}}",1997,2012,http://sickbarberlicks.weebly.com/the-devils-waltz.html
259c5665-c6b3-4582-823e-4c3e735c031c,Salute To Sammy,salute-to-sammy,2020-02-22 15:50:23.818238,2024-01-15 11:56:14.949996,"","","",sammy,262,false,e29db38d-5b63-4e2c-b5bc-8f4ed3fe1c64,The Disco Biscuits,,,1,2005-08-27,"{""1995"": 0, ""1996"": 0, ""1997"": 0, ""1998"": 0, ""1999"": 0, ""2000"": 0, ""2001"": 0, ""2002"": 0, ""2003"": 0, ""2004"": 0, ""2005"": 1, ""2006"": 0, ""2007"": 0, ""2008"": 0, ""2009"": 0, ""2010"": 0, ""2011"": 0, ""2012"": 0, ""2013"": 0, ""2014"": 0, ""2015"": 0, ""2016"": 0, ""2017"": 0, ""2018"": 0, ""2019"": 0, ""2020"": 0, ""2021"": 0, ""2022"": 0, ""2023"": 0, ""2024"": 0}","{""0"": {""date"": ""2005-08-27"", ""previous"": null, ""delta_days"": null}}",2005,2005,http://sickbarberlicks.weebly.com/salute-to-sammy.html
4b9719cc-f172-4929-a1a5-4a205861192b,Macina Verde,macina-verde,2020-02-22 15:50:23.818238,2024-01-15 12:56:19.352479,"","","",macina,244,false,e2397ce3-857e-425f-925e-1cb30de780d7,"",,,1,2003-11-26,"{""1995"": 0, ""1996"": 0, ""1997"": 0, ""1998"": 0, ""1999"": 0, ""2000"": 0, ""2001"": 0, ""2002"": 0, ""2003"": 1, ""2004"": 0, ""2005"": 0, ""2006"": 0, ""2007"": 0, ""2008"": 0, ""2009"": 0, ""2010"": 0, ""2011"": 0, ""2012"": 0, ""2013"": 0, ""2014"": 0, ""2015"": 0, ""2016"": 0, ""2017"": 0, ""2018"": 0, ""2019"": 0, ""2020"": 0, ""2021"": 0, ""2022"": 0, ""2023"": 0, ""2024"": 0}","{""0"": {""date"": ""2003-11-26"", ""previous"": null, ""delta_days"": null}}",2003,2003,http://sickbarberlicks.weebly.com/macina-verde.html
eb6a880d-b795-411a-8a6f-2607d53f6a16,Killing Eleven,killing-eleven,2020-02-22 15:50:23.989311,2024-10-03 15:42:50.431101,"","","",eleven,346,false,e29db38d-5b63-4e2c-b5bc-8f4ed3fe1c64,"",,,3,2008-12-28,"{""1995"": 0, ""1996"": 0, ""1997"": 0, ""1998"": 0, ""1999"": 0, ""2000"": 0, ""2001"": 0, ""2002"": 0, ""2003"": 0, ""2004"": 0, ""2005"": 0, ""2006"": 0, ""2007"": 0, ""2008"": 3, ""2009"": 0, ""2010"": 0, ""2011"": 0, ""2012"": 0, ""2013"": 0, ""2014"": 0, ""2015"": 0, ""2016"": 0, ""2017"": 0, ""2018"": 0, ""2019"": 0, ""2020"": 0, ""2021"": 0, ""2022"": 0, ""2023"": 0, ""2024"": 0}","{""0"": {""date"": ""2008-07-19"", ""previous"": null, ""delta_days"": null}, ""3"": {""date"": ""2008-12-28"", ""previous"": ""2008-12-14"", ""delta_days"": 14}, ""8"": {""date"": ""2008-12-14"", ""previous"": ""2008-07-19"", ""delta_days"": 148}}",2008,2008,http://sickbarberlicks.weebly.com/killing-eleven.html
13fb0822-7c2c-4fc9-852a-c9e4e85fbd3f,Rain Song,rain-song,2020-02-22 15:50:23.989311,2024-09-14 20:41:44.290789,"","","",rain,403,false,e29db38d-5b63-4e2c-b5bc-8f4ed3fe1c64,"",,,1,2010-03-16,"{""1995"": 0, ""1996"": 0, ""1997"": 0, ""1998"": 0, ""1999"": 0, ""2000"": 0, ""2001"": 0, ""2002"": 0, ""2003"": 0, ""2004"": 0, ""2005"": 0, ""2006"": 0, ""2007"": 0, ""2008"": 0, ""2009"": 0, ""2010"": 1, ""2011"": 0, ""2012"": 0, ""2013"": 0, ""2014"": 0, ""2015"": 0, ""2016"": 0, ""2017"": 0, ""2018"": 0, ""2019"": 0, ""2020"": 0, ""2021"": 0, ""2022"": 0, ""2023"": 0, ""2024"": 0}","{""0"": {""date"": ""2010-03-16"", ""previous"": null, ""delta_days"": null}}",2010,2010,
c8659ca8-4a6a-40d5-b4bc-514bbae2e52f,unknown,unknown,2020-02-22 15:50:23.818238,2022-11-13 04:50:02.094382,"","","",unknown,216,false,,"",,,6,1999-09-25,"{""1995"": 2, ""1996"": 2, ""1997"": 0, ""1998"": 1, ""1999"": 1, ""2000"": 0, ""2001"": 0, ""2002"": 0, ""2003"": 0, ""2004"": 0, ""2005"": 0, ""2006"": 0, ""2007"": 0, ""2008"": 0, ""2009"": 0, ""2010"": 0, ""2011"": 0, ""2012"": 0, ""2013"": 0, ""2014"": 0, ""2015"": 0, ""2016"": 0, ""2017"": 0, ""2018"": 0, ""2019"": 0, ""2020"": 0, ""2021"": 0, ""2022"": 0}","{""3"": {""date"": ""1995-11-09"", ""previous"": ""1995-04-01"", ""delta_days"": 222}, ""13"": {""date"": ""1996-11-26"", ""previous"": ""1996-05-18"", ""delta_days"": 192}, ""20"": {""date"": ""1996-05-18"", ""previous"": ""1995-11-09"", ""delta_days"": 191}, ""199"": {""date"": ""1999-09-25"", ""previous"": ""1998-06-09"", ""delta_days"": 473}, ""221"": {""date"": ""1998-06-09"", ""previous"": ""1996-11-26"", ""delta_days"": 560}}",1996,1998,
b4907f7c-f5c6-4c13-89ae-fdecb5c69ffa,Golden Slumbers,golden-slumbers,2020-02-22 15:50:23.818238,2020-03-03 14:17:57.098168,"","","",slumbers,237,true,4c05e770-de89-4034-970d-7841d064b9e6,The Beatles,,,1,1995-12-02,"{""1995"": 1, ""1996"": 0, ""1997"": 0, ""1998"": 0, ""1999"": 0, ""2000"": 0, ""2001"": 0, ""2002"": 0, ""2003"": 0, ""2004"": 0, ""2005"": 0, ""2006"": 0, ""2007"": 0, ""2008"": 0, ""2009"": 0, ""2010"": 0, ""2011"": 0, ""2012"": 0, ""2013"": 0, ""2014"": 0, ""2015"": 0, ""2016"": 0, ""2017"": 0, ""2018"": 0, ""2019"": 0, ""2020"": 0}","{""0"": {""date"": ""1995-12-02"", ""previous"": null, ""delta_days"": null}}",1995,1995,
64121fb4-eb55-4e97-a209-3a38d5c8dd62,Jazz Improv Jam,jazz-improv-jam,2021-04-04 13:38:58.905181,2024-01-25 14:42:24.882918,"","","",,,true,39c2cd2d-8b91-439b-bf17-53026b1401a3,,"","",1,2021-04-03,"{""1995"": 0, ""1996"": 0, ""1997"": 0, ""1998"": 0, ""1999"": 0, ""2000"": 0, ""2001"": 0, ""2002"": 0, ""2003"": 0, ""2004"": 0, ""2005"": 0, ""2006"": 0, ""2007"": 0, ""2008"": 0, ""2009"": 0, ""2010"": 0, ""2011"": 0, ""2012"": 0, ""2013"": 0, ""2014"": 0, ""2015"": 0, ""2016"": 0, ""2017"": 0, ""2018"": 0, ""2019"": 0, ""2020"": 0, ""2021"": 1, ""2022"": 0, ""2023"": 0, ""2024"": 0}","{""0"": {""date"": ""2021-04-03"", ""previous"": null, ""delta_days"": null}}",2021,2021,""
210754d4-5305-4145-99b5-014787400693,Biscuits/New Deal Jam,biscuits-new-deal-jam,2020-02-22 15:50:23.818238,2020-03-03 14:17:57.126827,"","","",biscuitsnewdeal,254,false,26b6eb4b-2b9e-44cf-a34a-ed61639e27ab,The Disco Biscuits/The New Deal,,,1,2003-12-31,"{""1995"": 0, ""1996"": 0, ""1997"": 0, ""1998"": 0, ""1999"": 0, ""2000"": 0, ""2001"": 0, ""2002"": 0, ""2003"": 1, ""2004"": 0, ""2005"": 0, ""2006"": 0, ""2007"": 0, ""2008"": 0, ""2009"": 0, ""2010"": 0, ""2011"": 0, ""2012"": 0, ""2013"": 0, ""2014"": 0, ""2015"": 0, ""2016"": 0, ""2017"": 0, ""2018"": 0, ""2019"": 0, ""2020"": 0}","{""0"": {""date"": ""2003-12-31"", ""previous"": null, ""delta_days"": null}}",2003,2003,
8210a4b6-49fe-416d-bf45-1e7192744650,Where Do The Children Play?,where-do-the-children-play,2020-02-22 15:50:23.818238,2023-09-13 11:31:24.935989,"","","",children,230,true,8d367068-7bc3-42b7-a9e0-c1ea3adaf168,Cat Stevens,,,1,2003-09-29,"{""1995"": 0, ""1996"": 0, ""1997"": 0, ""1998"": 0, ""1999"": 0, ""2000"": 0, ""2001"": 0, ""2002"": 0, ""2003"": 1, ""2004"": 0, ""2005"": 0, ""2006"": 0, ""2007"": 0, ""2008"": 0, ""2009"": 0, ""2010"": 0, ""2011"": 0, ""2012"": 0, ""2013"": 0, ""2014"": 0, ""2015"": 0, ""2016"": 0, ""2017"": 0, ""2018"": 0, ""2019"": 0, ""2020"": 0, ""2021"": 0, ""2022"": 0, ""2023"": 0}","{""0"": {""date"": ""2003-09-29"", ""previous"": null, ""delta_days"": null}}",2003,2003,
88bb1593-f2b5-412c-9ca1-b7250af05392,Tempest,tempest,2020-02-22 15:50:23.818238,2024-09-20 23:49:51.321684,"","","",temp,266,true,d657e1ed-b1a5-4ef2-bc01-df0196296b69,JM2,,,74,2024-08-29,"{""1995"": 0, ""1996"": 0, ""1997"": 0, ""1998"": 0, ""1999"": 0, ""2000"": 0, ""2001"": 0, ""2002"": 0, ""2003"": 0, ""2004"": 0, ""2005"": 2, ""2006"": 5, ""2007"": 0, ""2008"": 1, ""2009"": 9, ""2010"": 5, ""2011"": 2, ""2012"": 5, ""2013"": 3, ""2014"": 4, ""2015"": 2, ""2016"": 4, ""2017"": 5, ""2018"": 3, ""2019"": 5, ""2020"": 1, ""2021"": 4, ""2022"": 2, ""2023"": 9, ""2024"": 3}","{""36"": {""date"": ""2010-06-05"", ""previous"": ""2010-01-28"", ""delta_days"": 128}, ""39"": {""date"": ""2006-06-10"", ""previous"": ""2006-02-04"", ""delta_days"": 126}, ""111"": {""date"": ""2009-09-13"", ""previous"": ""2008-03-19"", ""delta_days"": 543}, ""120"": {""date"": ""2008-03-19"", ""previous"": ""2006-11-02"", ""delta_days"": 503}}",2023,2008,http://sickbarberlicks.weebly.com/tempest.html
1eec51ce-e1e1-4186-b113-7123f2c673af,I Don't Want Nobody to Give Me Nothing,i-don-t-want-nobody-to-give-me-nothing,2020-02-22 15:50:29.120743,2020-03-03 14:17:57.437909,"","","",idontwant,427,true,f5ee35db-3040-4b2a-9167-33e966dfdd9b,James Brown,,,2,2014-08-02,"{""1995"": 0, ""1996"": 0, ""1997"": 0, ""1998"": 0, ""1999"": 0, ""2000"": 0, ""2001"": 0, ""2002"": 0, ""2003"": 0, ""2004"": 0, ""2005"": 0, ""2006"": 0, ""2007"": 0, ""2008"": 0, ""2009"": 0, ""2010"": 0, ""2011"": 0, ""2012"": 0, ""2013"": 0, ""2014"": 2, ""2015"": 0, ""2016"": 0, ""2017"": 0, ""2018"": 0, ""2019"": 0, ""2020"": 0}","{""0"": {""date"": ""2014-07-31"", ""previous"": null, ""delta_days"": null}, ""2"": {""date"": ""2014-08-02"", ""previous"": ""2014-07-31"", ""delta_days"": 2}}",2014,2014,
185b79d3-400d-4b4b-a79a-ce87288b5c05,The Woodser,the-woodser,2020-02-22 15:50:23.818238,2020-03-03 14:17:57.202799,"Last few weeks have been a bore<br/>Can't stand your hand no more<br/>You think you'll ask Dave, you think he'll go<br/>Out to the woods to lick your bowl<br/><br/>You're gonna get it at the Woodser!<br/>You're gonna get it at the Woodser!<br/><br/>(jam)<br/><br/>You're gonna get it at the Woodser!<br/>You're gonna get it at the Woodser!<br/><br/>(jam)<br/><br/>You're gonna get it at the Woodser!<br/>Oh no, not again... ","","",woodser,232,false,e29db38d-5b63-4e2c-b5bc-8f4ed3fe1c64,The Disco Biscuits,,,3,1996-07-06,"{""1995"": 1, ""1996"": 2, ""1997"": 0, ""1998"": 0, ""1999"": 0, ""2000"": 0, ""2001"": 0, ""2002"": 0, ""2003"": 0, ""2004"": 0, ""2005"": 0, ""2006"": 0, ""2007"": 0, ""2008"": 0, ""2009"": 0, ""2010"": 0, ""2011"": 0, ""2012"": 0, ""2013"": 0, ""2014"": 0, ""2015"": 0, ""2016"": 0, ""2017"": 0, ""2018"": 0, ""2019"": 0, ""2020"": 0}","{""0"": {""date"": ""1995-12-01"", ""previous"": null, ""delta_days"": null}, ""6"": {""date"": ""1996-07-06"", ""previous"": ""1996-05-18"", ""delta_days"": 49}, ""18"": {""date"": ""1996-05-18"", ""previous"": ""1995-12-01"", ""delta_days"": 169}}",1996,1995,
15f57069-f49a-4ed1-bc95-79a0d6292c9a,Whole Lotta Love,whole-lotta-love,2020-02-22 15:50:23.818238,2020-03-03 14:17:57.746272,"","","",whole,220,true,f59c90a1-64c6-4910-916e-81bd2a26052d,Led Zeppelin,,,1,2003-08-11,"{""1995"": 0, ""1996"": 0, ""1997"": 0, ""1998"": 0, ""1999"": 0, ""2000"": 0, ""2001"": 0, ""2002"": 0, ""2003"": 1, ""2004"": 0, ""2005"": 0, ""2006"": 0, ""2007"": 0, ""2008"": 0, ""2009"": 0, ""2010"": 0, ""2011"": 0, ""2012"": 0, ""2013"": 0, ""2014"": 0, ""2015"": 0, ""2016"": 0, ""2017"": 0, ""2018"": 0, ""2019"": 0, ""2020"": 0}","{""0"": {""date"": ""2003-08-11"", ""previous"": null, ""delta_days"": null}}",2003,2003,
239488f1-8efc-4c81-88bd-d558d6372beb,Eclipse,eclipse,2022-06-13 13:06:06.392341,2023-02-16 20:06:25.055477,"","","",,,true,0613f1fa-e69e-4913-8ca0-f7bb72e5d6ec,,"","",1,2022-06-12,"{""1995"": 0, ""1996"": 0, ""1997"": 0, ""1998"": 0, ""1999"": 0, ""2000"": 0, ""2001"": 0, ""2002"": 0, ""2003"": 0, ""2004"": 0, ""2005"": 0, ""2006"": 0, ""2007"": 0, ""2008"": 0, ""2009"": 0, ""2010"": 0, ""2011"": 0, ""2012"": 0, ""2013"": 0, ""2014"": 0, ""2015"": 0, ""2016"": 0, ""2017"": 0, ""2018"": 0, ""2019"": 0, ""2020"": 0, ""2021"": 0, ""2022"": 1, ""2023"": 0}","{""0"": {""date"": ""2022-06-12"", ""previous"": null, ""delta_days"": null}}",2022,2022,""
9e5a9f2b-9776-40c5-ad9c-130c2683304f,Eduardo The Penguin,eduardo-the-penguin,2020-02-22 15:50:22.856762,2020-04-26 15:17:47.272048,"","","",eduardo,51,false,e2397ce3-857e-425f-925e-1cb30de780d7,Marc Brownstein,,,6,1997-05-13,"{""1995"": 2, ""1996"": 3, ""1997"": 1, ""1998"": 0, ""1999"": 0, ""2000"": 0, ""2001"": 0, ""2002"": 0, ""2003"": 0, ""2004"": 0, ""2005"": 0, ""2006"": 0, ""2007"": 0, ""2008"": 0, ""2009"": 0, ""2010"": 0, ""2011"": 0, ""2012"": 0, ""2013"": 0, ""2014"": 0, ""2015"": 0, ""2016"": 0, ""2017"": 0, ""2018"": 0, ""2019"": 0, ""2020"": 0}","{""1"": {""date"": ""1996-09-12"", ""previous"": ""1996-09-06"", ""delta_days"": 6}, ""5"": {""date"": ""1995-12-02"", ""previous"": ""1995-09-16"", ""delta_days"": 77}, ""7"": {""date"": ""1996-03-02"", ""previous"": ""1995-12-02"", ""delta_days"": 91}, ""19"": {""date"": ""1996-09-06"", ""previous"": ""1996-03-02"", ""delta_days"": 188}, ""40"": {""date"": ""1997-05-13"", ""previous"": ""1996-09-12"", ""delta_days"": 243}}",1996,1997,http://sickbarberlicks.weebly.com/eduardo-the-penguin.html
a445e438-a688-48dd-8e40-a27f66473597,Divided Sky,divided-sky,2020-02-22 15:50:22.856762,2020-03-03 14:17:57.785038,"","","",divsky,45,true,1078df0b-4ebf-4d7b-bbf3-5d3d98eeeed5,Phish,,,1,1996-05-25,"{""1995"": 0, ""1996"": 1, ""1997"": 0, ""1998"": 0, ""1999"": 0, ""2000"": 0, ""2001"": 0, ""2002"": 0, ""2003"": 0, ""2004"": 0, ""2005"": 0, ""2006"": 0, ""2007"": 0, ""2008"": 0, ""2009"": 0, ""2010"": 0, ""2011"": 0, ""2012"": 0, ""2013"": 0, ""2014"": 0, ""2015"": 0, ""2016"": 0, ""2017"": 0, ""2018"": 0, ""2019"": 0, ""2020"": 0}","{""0"": {""date"": ""1996-05-25"", ""previous"": null, ""delta_days"": null}}",1996,1996,
3359c315-46a8-495d-93b4-93f73e639c6d,Devil Inside,devil-inside,2020-02-22 15:50:29.120743,2020-03-03 14:17:57.838544,"","","",devilin,433,true,6268ca24-5bfc-4998-a57f-2e13ee13d2fe,INXS,,,1,2014-12-06,"{""1995"": 0, ""1996"": 0, ""1997"": 0, ""1998"": 0, ""1999"": 0, ""2000"": 0, ""2001"": 0, ""2002"": 0, ""2003"": 0, ""2004"": 0, ""2005"": 0, ""2006"": 0, ""2007"": 0, ""2008"": 0, ""2009"": 0, ""2010"": 0, ""2011"": 0, ""2012"": 0, ""2013"": 0, ""2014"": 1, ""2015"": 0, ""2016"": 0, ""2017"": 0, ""2018"": 0, ""2019"": 0, ""2020"": 0}","{""0"": {""date"": ""2014-12-06"", ""previous"": null, ""delta_days"": null}}",2014,2014,
6bf9552a-ddcc-4436-beba-1e9a46836560,"Beethoven's Ninth Symphony, Second Movement",beethoven-s-ninth-symphony-second-movement,2020-02-22 15:50:22.697566,2020-03-21 19:19:46.120315,"","transcribed by Rich Steele<br/><br/><br/>2nd movement from Beethoven's 9th symphony<br/><br/>What I have tabbed out there is only about the first minute of the <br/>movement, which is about the only part you can get away with playing it <br/>with just one instrument.<br/>Its in 3/4 and the sheet music i learned this from says the tempo is 113. <br/>The timing is the key here, cause you're basically playing a note on every <br/>single beat. <br/><br/><br/><br/>E-10        5        <br/>B---------------------3       <br/>G----7 7       2 2      <br/>D------------------------0 0<br/>A   <br/>E<br/><br/><br/>E       |<br/>B 10    |      |       |      |    <br/>G       |7 9 10|9 10 12|10 9 7|7   <br/>D----7 7|      |       |      |      |7 9 10<br/>A---------------------------------5 5|     <br/>E<br/><br/>E    <br/>B                           <br/>G        |      |     |     |     |     <br/>D 9 10 12|10 9 7|8 7 5|     |     |     <br/>A        |      |     |8 7 5|4 5 7|5 4 5<br/>E<br/><br/>E 10    |5 7 8|7 8 10|8 7 5|       |<br/>B       |     |      |     |11 10 8|     <br/>G----7 7|     |      |     |       |10 9 7       <br/>D        <br/>A<br/>E<br/><br/>E-------------------|--12 12|12 12 12|12 12 12<br/>B      |     | 10 10|10     |        |  <br/>G 6 7 9|7 6 7|      |       |        |      <br/>D      |     |7     |<br/>A<br/>E<br/><br/>E 12 12  |        |        |       |<br/>B      10|10 10 10|10 10 10|11 10 9|      |<br/>G        |        |        |       |10 9 7|   <br/>D                                         |<br/>A<br/>E<br/><br/>E                                       <br/>B       |                  |     |6 8 10|<br/>G 10 9 7|      |     |     |6 7 9|      |      <br/>D       |10 9 7|6 7 9|7 6 7|     |      |<br/>A              |     |<br/>E<br/><br/>E    <br/>B 11 10 8|      |     |     |     |     |   <br/>G        |10 9 7|6 7 9|7 6 7|6 7 9|7 6 7|6 7 9<br/>D        |      |     |     |     |     |<br/>A             (gradually play louder...)<br/>E<br/><br/>E    <br/>B      |       |       |       |       |<br/>G 7 6 7|9 10 12|10 9 10|9 10 12|10 9 10|9 10 12 <br/>D      |       |       |       |       |<br/>A<br/>E<br/><br/><br/>E    <br/>B  10                           <br/>G        |      |       |      |11 10 8| <br/>D     7 7|7 9 10|9 10 12|10 9 7|       |10 9 7 <br/>A (twice)|      |       |      |       |<br/>E<br/><br/>E    <br/>B      |     |11 10 8|      |     |     |10 8 6<br/>G 6 7 9|7 6 7|       |10 9 7|6 7 9|7 6 7| <br/>D      |     |       |      |     |     |<br/>A<br/>E<br/><br/>E    <br/>B      |     |     |   10 10|10 8 6|        <br/>G 9 7 5|4 5 7|5 4 5|        |      |9 7 5 <br/>D      |     |     |7       |      |<br/>A <br/>E<br/><br/>E       |12 10 8|7~~~    <br/>B  8 6 5|       |                   <br/>G       |       |             <br/>D<br/>A<br/>E<br/><br/><br/><br/><br/><br/>\r","",beethoven,20,true,e0fcdf1c-18af-4418-b59c-bfd125619140,Beethoven,,,1,2000-12-28,"{""1995"": 0, ""1996"": 0, ""1997"": 0, ""1998"": 0, ""1999"": 0, ""2000"": 1, ""2001"": 0, ""2002"": 0, ""2003"": 0, ""2004"": 0, ""2005"": 0, ""2006"": 0, ""2007"": 0, ""2008"": 0, ""2009"": 0, ""2010"": 0, ""2011"": 0, ""2012"": 0, ""2013"": 0, ""2014"": 0, ""2015"": 0, ""2016"": 0, ""2017"": 0, ""2018"": 0, ""2019"": 0, ""2020"": 0}","{""0"": {""date"": ""2000-12-28"", ""previous"": null, ""delta_days"": null}}",2000,2000,
55bf81e8-1b85-4cf0-82b2-6d77eb723acd,White Lines,white-lines,2020-02-22 15:50:29.120743,2020-03-03 14:17:58.167700,"","","",whitelines,463,true,c280a81a-a99d-4780-b1c9-5739c32979ee,Grandmaster Flash,,,1,2016-07-16,"{""1995"": 0, ""1996"": 0, ""1997"": 0, ""1998"": 0, ""1999"": 0, ""2000"": 0, ""2001"": 0, ""2002"": 0, ""2003"": 0, ""2004"": 0, ""2005"": 0, ""2006"": 0, ""2007"": 0, ""2008"": 0, ""2009"": 0, ""2010"": 0, ""2011"": 0, ""2012"": 0, ""2013"": 0, ""2014"": 0, ""2015"": 0, ""2016"": 1, ""2017"": 0, ""2018"": 0, ""2019"": 0, ""2020"": 0}","{""0"": {""date"": ""2016-07-16"", ""previous"": null, ""delta_days"": null}}",2016,2016,
6e4489b7-f9f8-4cd3-a047-119db629cb18,Chemical Warfare Brigade,chemical-warfare-brigade,2020-02-22 15:50:22.856762,2024-11-14 17:26:23.599135,"I just took out two men,<br/>Because they knew too much.<br/>Body count's up to ten,<br/>I never planned as such.<br/><br/>Many more people will die,<br/>If this story's not told,<br/>But it may be too late.<br/><br/>When it's over I won't be around,<br/>See the trees as they fall to the ground.<br/>You could say that I warned you of this in the past,<br/>And you hide in the shadows they cast.<br/><br/>I remember the time,<br/>When I first met Lai.<br/>I thought I had it made<br/>The Chemical Warfare Brigade.<br/><br/>And then it happened again,<br/>As it is with everything,<br/>Too much was never enough.<br/>It made us feel strong.<br/><br/>And Amos told me how,<br/>He thought we could triple our buck.<br/>We had to resort to Plan B,<br/>'Cause our first plan had run out of luck.<br/><br/>When it's over I won't be around,<br/>See the trees as they fall to the ground.<br/>You could say that I warned you of this in the past,<br/>And you hide in the shadows they cast.<br/><br/>Oh, the Chemical War Brigade,<br/>Three men tall, expecting it all<br/>Oh, the Chemical War Brigade,<br/>This is there for our future.<br/>(Marc: Nowhere to run, nowhere to hide,<br/>Backs on the wall, there's only one way out of)<br/>Oh, the Chemical War Brigade,<br/>Three men tall, expecting it all<br/>Oh, the Chemical War Brigade,<br/>This is there for our future.<br/><br/>Oh, the Chemical War Brigade,<br/>Three men tall, expecting it all<br/>Oh, the Chemical War Brigade,<br/>This is there for our future.<br/>(Marc: Nowhere to run, nowhere to hide,<br/>Backs on the wall, there's only one way out of)<br/>Oh, the Chemical War Brigade,<br/>Three men tall, expecting it all<br/>Oh, the Chemical War Brigade,<br/>This is there for our future.<br/><br/>Nowhere to run, nowhere to hide,<br/>Backs on the wall, there's only one way out of<br/>Nowhere to run, nowhere to hide,<br/>Backs on the wall, there's only one way out of<br/>Nowhere to run, nowhere to hide,<br/>Backs on the wall, there's only one way out of<br/>Nowhere to run, nowhere to hide,<br/>Backs on the wall, there's only one way out of<br/>Here...<br/><br/>There's only one way out of here.<br/>There's only one way out of here.","","",cwb,41,false,e2397ce3-857e-425f-925e-1cb30de780d7,Marc Brownstein,,,63,2022-03-31,"{""1995"": 0, ""1996"": 0, ""1997"": 0, ""1998"": 0, ""1999"": 12, ""2000"": 6, ""2001"": 5, ""2002"": 11, ""2003"": 6, ""2004"": 0, ""2005"": 2, ""2006"": 5, ""2007"": 4, ""2008"": 1, ""2009"": 5, ""2010"": 1, ""2011"": 1, ""2012"": 1, ""2013"": 1, ""2014"": 0, ""2015"": 0, ""2016"": 1, ""2017"": 0, ""2018"": 0, ""2019"": 0, ""2020"": 0, ""2021"": 0, ""2022"": 1, ""2023"": 0, ""2024"": 0}","{""59"": {""date"": ""2016-02-04"", ""previous"": ""2013-12-31"", ""delta_days"": 765}, ""60"": {""date"": ""2006-08-26"", ""previous"": ""2005-11-18"", ""delta_days"": 281}, ""65"": {""date"": ""2001-12-05"", ""previous"": ""2001-04-26"", ""delta_days"": 223}, ""92"": {""date"": ""2011-07-09"", ""previous"": ""2010-01-28"", ""delta_days"": 527}, ""207"": {""date"": ""2022-03-31"", ""previous"": ""2016-02-04"", ""delta_days"": 2247}}",1999,2008,http://sickbarberlicks.weebly.com/chemical-warfare-brigade.html
870784c1-c06a-4bd5-9531-009b19196ffb,The End,the-end,2020-02-22 15:50:23.818238,2020-03-03 14:17:56.761428,"","","",theend,239,true,4c05e770-de89-4034-970d-7841d064b9e6,The Beatles,,,3,1995-12-10,"{""1995"": 3, ""1996"": 0, ""1997"": 0, ""1998"": 0, ""1999"": 0, ""2000"": 0, ""2001"": 0, ""2002"": 0, ""2003"": 0, ""2004"": 0, ""2005"": 0, ""2006"": 0, ""2007"": 0, ""2008"": 0, ""2009"": 0, ""2010"": 0, ""2011"": 0, ""2012"": 0, ""2013"": 0, ""2014"": 0, ""2015"": 0, ""2016"": 0, ""2017"": 0, ""2018"": 0, ""2019"": 0, ""2020"": 0}","{""0"": {""date"": ""1995-11-09"", ""previous"": null, ""delta_days"": null}, ""2"": {""date"": ""1995-12-10"", ""previous"": ""1995-12-02"", ""delta_days"": 8}, ""3"": {""date"": ""1995-12-02"", ""previous"": ""1995-11-09"", ""delta_days"": 23}}",1995,1995,
7a06774a-a203-4970-a93b-fa6ec11246fb,Moshi-Fameus Jam,moshi-fameus-jam,2020-02-22 15:50:23.989311,2024-10-03 15:36:18.860867,"","","",moshifameus,310,false,4fd3079f-e213-4178-9ca7-0d1b79843c59,"",,,16,2024-02-07,"{""1995"": 0, ""1996"": 0, ""1997"": 0, ""1998"": 0, ""1999"": 0, ""2000"": 0, ""2001"": 0, ""2002"": 0, ""2003"": 0, ""2004"": 0, ""2005"": 0, ""2006"": 0, ""2007"": 4, ""2008"": 0, ""2009"": 2, ""2010"": 2, ""2011"": 0, ""2012"": 0, ""2013"": 0, ""2014"": 2, ""2015"": 0, ""2016"": 4, ""2017"": 0, ""2018"": 0, ""2019"": 0, ""2020"": 0, ""2021"": 0, ""2022"": 1, ""2023"": 0, ""2024"": 1}","{""88"": {""date"": ""2009-02-13"", ""previous"": ""2007-11-02"", ""delta_days"": 469}, ""101"": {""date"": ""2014-03-29"", ""previous"": ""2010-10-31"", ""delta_days"": 1245}, ""108"": {""date"": ""2024-02-07"", ""previous"": ""2022-07-01"", ""delta_days"": 586}, ""191"": {""date"": ""2022-07-01"", ""previous"": ""2016-12-31"", ""delta_days"": 2008}}",2016,2022,
bd27daa7-2ef6-40b9-8c90-10fe478aa49b,Down Under,down-under,2020-02-22 15:50:29.120743,2020-03-03 14:17:58.243826,"","","",downunder,462,true,097215e3-9de0-480e-bdf1-79bfe2a549db,Men at Work,,,1,2016-07-16,"{""1995"": 0, ""1996"": 0, ""1997"": 0, ""1998"": 0, ""1999"": 0, ""2000"": 0, ""2001"": 0, ""2002"": 0, ""2003"": 0, ""2004"": 0, ""2005"": 0, ""2006"": 0, ""2007"": 0, ""2008"": 0, ""2009"": 0, ""2010"": 0, ""2011"": 0, ""2012"": 0, ""2013"": 0, ""2014"": 0, ""2015"": 0, ""2016"": 1, ""2017"": 0, ""2018"": 0, ""2019"": 0, ""2020"": 0}","{""0"": {""date"": ""2016-07-16"", ""previous"": null, ""delta_days"": null}}",2016,2016,
68caa569-4c48-4893-8fe1-1db51154abae,Manic Depression,manic-depression,2020-02-22 15:50:22.856762,2020-05-09 18:54:15.777344,"","","",depression,42,true,,"",,,1,2002-10-20,"{""1995"": 0, ""1996"": 0, ""1997"": 0, ""1998"": 0, ""1999"": 0, ""2000"": 0, ""2001"": 0, ""2002"": 1, ""2003"": 0, ""2004"": 0, ""2005"": 0, ""2006"": 0, ""2007"": 0, ""2008"": 0, ""2009"": 0, ""2010"": 0, ""2011"": 0, ""2012"": 0, ""2013"": 0, ""2014"": 0, ""2015"": 0, ""2016"": 0, ""2017"": 0, ""2018"": 0, ""2019"": 0, ""2020"": 0}","{""0"": {""date"": ""2002-10-20"", ""previous"": null, ""delta_days"": null}}",2002,2002,
57a25a24-4768-46c7-a0e4-5d2c5b35cb7b,Morning Dew,morning-dew,2020-02-22 15:50:22.856762,2020-03-03 14:17:58.548433,"","","",dew,43,true,32f745bc-afa6-4bc1-bb3c-e435bb4cd99a,Bonnie Dobson,,,3,1997-10-31,"{""1995"": 2, ""1996"": 0, ""1997"": 1, ""1998"": 0, ""1999"": 0, ""2000"": 0, ""2001"": 0, ""2002"": 0, ""2003"": 0, ""2004"": 0, ""2005"": 0, ""2006"": 0, ""2007"": 0, ""2008"": 0, ""2009"": 0, ""2010"": 0, ""2011"": 0, ""2012"": 0, ""2013"": 0, ""2014"": 0, ""2015"": 0, ""2016"": 0, ""2017"": 0, ""2018"": 0, ""2019"": 0, ""2020"": 0}","{""0"": {""date"": ""1995-11-09"", ""previous"": null, ""delta_days"": null}, ""3"": {""date"": ""1995-12-02"", ""previous"": ""1995-11-09"", ""delta_days"": 23}, ""144"": {""date"": ""1997-10-31"", ""previous"": ""1995-12-02"", ""delta_days"": 699}}",1995,1997,
c3a9a822-d893-454d-a4c3-ad37d6db1bba,The Blue Danube,the-blue-danube-2,2024-11-01 19:56:55.374038,2024-11-01 19:56:55.374038,"","","",,,true,e29db38d-5b63-4e2c-b5bc-8f4ed3fe1c64,,"","",0,,"{""1995"": 0, ""1996"": 0, ""1997"": 0, ""1998"": 0, ""1999"": 0, ""2000"": 0, ""2001"": 0, ""2002"": 0, ""2003"": 0, ""2004"": 0, ""2005"": 0, ""2006"": 0, ""2007"": 0, ""2008"": 0, ""2009"": 0, ""2010"": 0, ""2011"": 0, ""2012"": 0, ""2013"": 0, ""2014"": 0, ""2015"": 0, ""2016"": 0, ""2017"": 0, ""2018"": 0, ""2019"": 0, ""2020"": 0, ""2021"": 0, ""2022"": 0, ""2023"": 0, ""2024"": 0}",{},2024,,""
5147e937-0370-4802-a690-2a54e3a1d77e,Maze,maze,2020-02-22 15:50:23.009469,2020-03-03 14:17:58.574907,"","","",maze,117,true,1078df0b-4ebf-4d7b-bbf3-5d3d98eeeed5,Phish,,,4,1996-02-13,"{""1995"": 3, ""1996"": 1, ""1997"": 0, ""1998"": 0, ""1999"": 0, ""2000"": 0, ""2001"": 0, ""2002"": 0, ""2003"": 0, ""2004"": 0, ""2005"": 0, ""2006"": 0, ""2007"": 0, ""2008"": 0, ""2009"": 0, ""2010"": 0, ""2011"": 0, ""2012"": 0, ""2013"": 0, ""2014"": 0, ""2015"": 0, ""2016"": 0, ""2017"": 0, ""2018"": 0, ""2019"": 0, ""2020"": 0}","{""0"": {""date"": ""1995-02-11"", ""previous"": null, ""delta_days"": null}, ""2"": {""date"": ""1995-12-01"", ""previous"": ""1995-11-09"", ""delta_days"": 22}, ""4"": {""date"": ""1995-11-09"", ""previous"": ""1995-02-11"", ""delta_days"": 271}, ""7"": {""date"": ""1996-02-13"", ""previous"": ""1995-12-01"", ""delta_days"": 74}}",1995,1996,
ecd7b9be-b865-4078-be9a-4d8af76ddbaf,Marvelous,marvelous,2020-02-22 15:50:23.009469,2024-01-15 12:57:36.303673,"","","",marvelous,115,false,4338604b-38e0-432c-855b-bcd9091d4409,"",,,2,2002-10-25,"{""1995"": 0, ""1996"": 0, ""1997"": 0, ""1998"": 0, ""1999"": 0, ""2000"": 0, ""2001"": 0, ""2002"": 2, ""2003"": 0, ""2004"": 0, ""2005"": 0, ""2006"": 0, ""2007"": 0, ""2008"": 0, ""2009"": 0, ""2010"": 0, ""2011"": 0, ""2012"": 0, ""2013"": 0, ""2014"": 0, ""2015"": 0, ""2016"": 0, ""2017"": 0, ""2018"": 0, ""2019"": 0, ""2020"": 0, ""2021"": 0, ""2022"": 0, ""2023"": 0, ""2024"": 0}","{""0"": {""date"": ""2002-07-25"", ""previous"": null, ""delta_days"": null}, ""45"": {""date"": ""2002-10-25"", ""previous"": ""2002-07-25"", ""delta_days"": 92}}",2002,2002,http://sickbarberlicks.weebly.com/marvelous.html
bfa5397b-2f2d-41d9-96d1-2177b3129b3a,La Di Da Di,la-di-da-di,2020-02-22 15:50:23.818238,2020-03-03 14:17:55.769605,"","","",ladi,257,true,0c7e4443-1a02-4b53-904a-490730129645,Slick Rick,,,1,2004-03-16,"{""1995"": 0, ""1996"": 0, ""1997"": 0, ""1998"": 0, ""1999"": 0, ""2000"": 0, ""2001"": 0, ""2002"": 0, ""2003"": 0, ""2004"": 1, ""2005"": 0, ""2006"": 0, ""2007"": 0, ""2008"": 0, ""2009"": 0, ""2010"": 0, ""2011"": 0, ""2012"": 0, ""2013"": 0, ""2014"": 0, ""2015"": 0, ""2016"": 0, ""2017"": 0, ""2018"": 0, ""2019"": 0, ""2020"": 0}","{""0"": {""date"": ""2004-03-16"", ""previous"": null, ""delta_days"": null}}",2004,2004,
ef445a12-4889-4f2f-bf6f-480c3350ca2f,Leora,leora,2020-02-22 15:50:23.009469,2024-02-29 14:53:32.176583,"","","",leora,105,false,4338604b-38e0-432c-855b-bcd9091d4409,The Disco Biscuits,,,1,1998-05-01,"{""1995"": 0, ""1996"": 0, ""1997"": 0, ""1998"": 1, ""1999"": 0, ""2000"": 0, ""2001"": 0, ""2002"": 0, ""2003"": 0, ""2004"": 0, ""2005"": 0, ""2006"": 0, ""2007"": 0, ""2008"": 0, ""2009"": 0, ""2010"": 0, ""2011"": 0, ""2012"": 0, ""2013"": 0, ""2014"": 0, ""2015"": 0, ""2016"": 0, ""2017"": 0, ""2018"": 0, ""2019"": 0, ""2020"": 0, ""2021"": 0, ""2022"": 0, ""2023"": 0, ""2024"": 0}","{""0"": {""date"": ""1998-05-01"", ""previous"": null, ""delta_days"": null}}",1998,1998,
165a3fa3-2b6d-48da-85cc-91ae6cad66f5,Dear Mr. Fantasy,dear-mr-fantasy,2020-05-01 16:16:03.227471,2020-05-01 16:16:21.096345,"","","",,,true,70f3d582-9dbb-4f8f-bf05-560ea69c04b1,,"","",1,1998-04-02,"{""1995"": 0, ""1996"": 0, ""1997"": 0, ""1998"": 1, ""1999"": 0, ""2000"": 0, ""2001"": 0, ""2002"": 0, ""2003"": 0, ""2004"": 0, ""2005"": 0, ""2006"": 0, ""2007"": 0, ""2008"": 0, ""2009"": 0, ""2010"": 0, ""2011"": 0, ""2012"": 0, ""2013"": 0, ""2014"": 0, ""2015"": 0, ""2016"": 0, ""2017"": 0, ""2018"": 0, ""2019"": 0, ""2020"": 0}","{""0"": {""date"": ""1998-04-02"", ""previous"": null, ""delta_days"": null}}",1998,1998,""
94dec42c-21bb-41f7-80f7-7655b36adc26,Dancing in the Street,dancing-in-the-street,2021-05-29 04:49:27.775599,2024-01-25 14:39:19.371393,"","","",,,true,fc2952cf-11bd-498e-9e9b-3a4f8747ce81,,"","",1,2021-05-28,"{""1995"": 0, ""1996"": 0, ""1997"": 0, ""1998"": 0, ""1999"": 0, ""2000"": 0, ""2001"": 0, ""2002"": 0, ""2003"": 0, ""2004"": 0, ""2005"": 0, ""2006"": 0, ""2007"": 0, ""2008"": 0, ""2009"": 0, ""2010"": 0, ""2011"": 0, ""2012"": 0, ""2013"": 0, ""2014"": 0, ""2015"": 0, ""2016"": 0, ""2017"": 0, ""2018"": 0, ""2019"": 0, ""2020"": 0, ""2021"": 1, ""2022"": 0, ""2023"": 0, ""2024"": 0}","{""0"": {""date"": ""2021-05-28"", ""previous"": null, ""delta_days"": null}}",2021,2021,""
764886cc-01ab-4d7c-8275-9d6c8f17165d,No Pain,no-pain,2020-02-22 15:50:23.818238,2024-01-15 11:42:56.604116,"","","",nopain,260,false,4338604b-38e0-432c-855b-bcd9091d4409,Jon Gutwillig,,,1,2004-10-01,"{""1995"": 0, ""1996"": 0, ""1997"": 0, ""1998"": 0, ""1999"": 0, ""2000"": 0, ""2001"": 0, ""2002"": 0, ""2003"": 0, ""2004"": 1, ""2005"": 0, ""2006"": 0, ""2007"": 0, ""2008"": 0, ""2009"": 0, ""2010"": 0, ""2011"": 0, ""2012"": 0, ""2013"": 0, ""2014"": 0, ""2015"": 0, ""2016"": 0, ""2017"": 0, ""2018"": 0, ""2019"": 0, ""2020"": 0, ""2021"": 0, ""2022"": 0, ""2023"": 0, ""2024"": 0}","{""0"": {""date"": ""2004-10-01"", ""previous"": null, ""delta_days"": null}}",2004,2004,http://sickbarberlicks.weebly.com/no-pain.html
84dc2ec0-e394-4100-97a9-4fa8c5a3ed6a,"Straight, No Chaser",straight-no-chaser,2020-02-22 15:50:23.147147,2021-10-16 14:18:25.497553,"","","",snc,171,true,5722f488-60d2-416d-a5e3-50910aa608ec,Thelonious Monk,,,19,2002-03-07,"{""1995"": 0, ""1996"": 0, ""1997"": 8, ""1998"": 7, ""1999"": 2, ""2000"": 0, ""2001"": 1, ""2002"": 1, ""2003"": 0, ""2004"": 0, ""2005"": 0, ""2006"": 0, ""2007"": 0, ""2008"": 0, ""2009"": 0, ""2010"": 0, ""2011"": 0, ""2012"": 0, ""2013"": 0, ""2014"": 0, ""2015"": 0, ""2016"": 0, ""2017"": 0, ""2018"": 0, ""2019"": 0, ""2020"": 0, ""2021"": 0}","{""34"": {""date"": ""1998-10-22"", ""previous"": ""1998-07-31"", ""delta_days"": 83}, ""45"": {""date"": ""1999-02-27"", ""previous"": ""1998-10-22"", ""delta_days"": 128}, ""52"": {""date"": ""1998-06-04"", ""previous"": ""1998-02-26"", ""delta_days"": 98}, ""115"": {""date"": ""1999-12-31"", ""previous"": ""1999-02-27"", ""delta_days"": 307}, ""132"": {""date"": ""2001-09-30"", ""previous"": ""1999-12-31"", ""delta_days"": 639}}",1997,2001,
e8b81055-fa17-451e-a086-c9283cb46de6,Wharf Rat ,wharf-rat,2020-02-22 15:50:29.120743,2020-07-09 03:38:02.978478,"","","",wharf,441,true,079d7757-bd68-46ac-990a-6a254e0a9285,The Grateful Dead,,,1,2015-04-17,"{""1995"": 0, ""1996"": 0, ""1997"": 0, ""1998"": 0, ""1999"": 0, ""2000"": 0, ""2001"": 0, ""2002"": 0, ""2003"": 0, ""2004"": 0, ""2005"": 0, ""2006"": 0, ""2007"": 0, ""2008"": 0, ""2009"": 0, ""2010"": 0, ""2011"": 0, ""2012"": 0, ""2013"": 0, ""2014"": 0, ""2015"": 1, ""2016"": 0, ""2017"": 0, ""2018"": 0, ""2019"": 0, ""2020"": 0}","{""0"": {""date"": ""2015-04-17"", ""previous"": null, ""delta_days"": null}}",2015,2015,
0df99316-ea0a-4f29-8a23-1159ff89d0a0,Fletch Theme,fletch-theme,2020-02-22 15:50:23.818238,2022-01-26 18:45:29.281119,"","","",fletch,261,true,,"",,,1,2004-10-01,"{""1995"": 0, ""1996"": 0, ""1997"": 0, ""1998"": 0, ""1999"": 0, ""2000"": 0, ""2001"": 0, ""2002"": 0, ""2003"": 0, ""2004"": 1, ""2005"": 0, ""2006"": 0, ""2007"": 0, ""2008"": 0, ""2009"": 0, ""2010"": 0, ""2011"": 0, ""2012"": 0, ""2013"": 0, ""2014"": 0, ""2015"": 0, ""2016"": 0, ""2017"": 0, ""2018"": 0, ""2019"": 0, ""2020"": 0, ""2021"": 0, ""2022"": 0}","{""0"": {""date"": ""2004-10-01"", ""previous"": null, ""delta_days"": null}}",2004,2004,
c72f45e3-1562-4116-8fc7-916ee389d05a,Little Red Rooster,little-red-rooster,2020-02-22 15:50:23.818238,2023-09-13 11:35:06.234303,"","","",rooster,256,true,12a3ba18-9d95-4ff0-93ff-8e8c250d58d0,Willie Dixon,,,1,2003-12-29,"{""1995"": 0, ""1996"": 0, ""1997"": 0, ""1998"": 0, ""1999"": 0, ""2000"": 0, ""2001"": 0, ""2002"": 0, ""2003"": 1, ""2004"": 0, ""2005"": 0, ""2006"": 0, ""2007"": 0, ""2008"": 0, ""2009"": 0, ""2010"": 0, ""2011"": 0, ""2012"": 0, ""2013"": 0, ""2014"": 0, ""2015"": 0, ""2016"": 0, ""2017"": 0, ""2018"": 0, ""2019"": 0, ""2020"": 0, ""2021"": 0, ""2022"": 0, ""2023"": 0}","{""0"": {""date"": ""2003-12-29"", ""previous"": null, ""delta_days"": null}}",2003,2003,
aa92e560-9f88-4ea0-8aa5-b074b61c93d1,Wizards in Winter,wizards-in-winter,2020-02-22 15:50:23.989311,2023-04-06 03:44:18.594435,"","","",wizards,333,true,92e593c2-0de6-402b-9470-d2b31fcc01ec,Trans-Siberian Orchestra,,,9,2016-12-31,"{""1995"": 0, ""1996"": 0, ""1997"": 0, ""1998"": 0, ""1999"": 0, ""2000"": 0, ""2001"": 0, ""2002"": 0, ""2003"": 0, ""2004"": 0, ""2005"": 0, ""2006"": 0, ""2007"": 2, ""2008"": 6, ""2009"": 0, ""2010"": 0, ""2011"": 0, ""2012"": 0, ""2013"": 0, ""2014"": 0, ""2015"": 0, ""2016"": 1, ""2017"": 0, ""2018"": 0, ""2019"": 0, ""2020"": 0, ""2021"": 0, ""2022"": 0, ""2023"": 0}","{""4"": {""date"": ""2008-01-19"", ""previous"": ""2007-12-31"", ""delta_days"": 19}, ""8"": {""date"": ""2008-07-03"", ""previous"": ""2008-05-24"", ""delta_days"": 40}, ""10"": {""date"": ""2008-04-18"", ""previous"": ""2008-03-23"", ""delta_days"": 26}, ""13"": {""date"": ""2008-03-23"", ""previous"": ""2008-01-19"", ""delta_days"": 64}, ""374"": {""date"": ""2016-12-31"", ""previous"": ""2008-07-03"", ""delta_days"": 3103}}",2008,2016,
0354282c-332a-43fc-9b1b-ca2269ff7085,Peter Gunn Theme,peter-gunn-theme,2020-02-22 15:50:22.856762,2022-09-01 11:22:53.625156,"","","Also known as the music to the video game \""Spy Hunter\"".",gunn,70,true,f55ed0ee-0be3-4471-9848-faa25a7bc1a8,Henry Mancini,,,4,2002-04-26,"{""1995"": 0, ""1996"": 0, ""1997"": 0, ""1998"": 0, ""1999"": 0, ""2000"": 0, ""2001"": 0, ""2002"": 4, ""2003"": 0, ""2004"": 0, ""2005"": 0, ""2006"": 0, ""2007"": 0, ""2008"": 0, ""2009"": 0, ""2010"": 0, ""2011"": 0, ""2012"": 0, ""2013"": 0, ""2014"": 0, ""2015"": 0, ""2016"": 0, ""2017"": 0, ""2018"": 0, ""2019"": 0, ""2020"": 0, ""2021"": 0, ""2022"": 0}","{""0"": {""date"": ""2002-04-04"", ""previous"": null, ""delta_days"": null}, ""4"": {""date"": ""2002-04-14"", ""previous"": ""2002-04-09"", ""delta_days"": 5}, ""10"": {""date"": ""2002-04-26"", ""previous"": ""2002-04-14"", ""delta_days"": 12}}",2002,2002,
40ad7bb3-499d-45ce-ac93-13a8c6beda44,You Never Give Me Your Money,you-never-give-me-your-money,2020-02-22 15:50:23.818238,2020-03-03 14:17:56.546603,"","","",money,233,true,4c05e770-de89-4034-970d-7841d064b9e6,The Beatles,,,1,1995-12-02,"{""1995"": 1, ""1996"": 0, ""1997"": 0, ""1998"": 0, ""1999"": 0, ""2000"": 0, ""2001"": 0, ""2002"": 0, ""2003"": 0, ""2004"": 0, ""2005"": 0, ""2006"": 0, ""2007"": 0, ""2008"": 0, ""2009"": 0, ""2010"": 0, ""2011"": 0, ""2012"": 0, ""2013"": 0, ""2014"": 0, ""2015"": 0, ""2016"": 0, ""2017"": 0, ""2018"": 0, ""2019"": 0, ""2020"": 0}","{""0"": {""date"": ""1995-12-02"", ""previous"": null, ""delta_days"": null}}",1995,1995,
0c253e02-21b2-4f30-a832-af04cbbd2226,Blue Monk,blue-monk,2020-02-22 15:50:22.697566,2024-04-26 16:26:35.465618,"","","",bluemonk,23,true,5722f488-60d2-416d-a5e3-50910aa608ec,Thelonious Monk,,,27,1999-05-04,"{""1995"": 0, ""1996"": 1, ""1997"": 7, ""1998"": 16, ""1999"": 3, ""2000"": 0, ""2001"": 0, ""2002"": 0, ""2003"": 0, ""2004"": 0, ""2005"": 0, ""2006"": 0, ""2007"": 0, ""2008"": 0, ""2009"": 0, ""2010"": 0, ""2011"": 0, ""2012"": 0, ""2013"": 0, ""2014"": 0, ""2015"": 0, ""2016"": 0, ""2017"": 0, ""2018"": 0, ""2019"": 0, ""2020"": 0, ""2021"": 0, ""2022"": 0, ""2023"": 0, ""2024"": 0}","{""24"": {""date"": ""1997-09-11"", ""previous"": ""1997-07-10"", ""delta_days"": 63}, ""40"": {""date"": ""1998-02-27"", ""previous"": ""1997-11-18"", ""delta_days"": 101}, ""43"": {""date"": ""1999-04-22"", ""previous"": ""1999-02-05"", ""delta_days"": 76}, ""78"": {""date"": ""1997-06-07"", ""previous"": ""1996-02-13"", ""delta_days"": 480}}",1998,1996,
e33b6a90-0dc3-45b5-93bb-5f89b428dc69,Costume Contest Jam,costume-contest-jam,2020-02-22 15:50:23.989311,2022-03-03 14:12:23.547938,"","","",costume,336,false,,"",,,1,2008-02-29,"{""1995"": 0, ""1996"": 0, ""1997"": 0, ""1998"": 0, ""1999"": 0, ""2000"": 0, ""2001"": 0, ""2002"": 0, ""2003"": 0, ""2004"": 0, ""2005"": 0, ""2006"": 0, ""2007"": 0, ""2008"": 1, ""2009"": 0, ""2010"": 0, ""2011"": 0, ""2012"": 0, ""2013"": 0, ""2014"": 0, ""2015"": 0, ""2016"": 0, ""2017"": 0, ""2018"": 0, ""2019"": 0, ""2020"": 0, ""2021"": 0, ""2022"": 0}","{""0"": {""date"": ""2008-02-29"", ""previous"": null, ""delta_days"": null}}",2008,2008,
5519ef0a-7cb1-46a8-87b0-2b5f177ad0fe,Another Brick in the Wall,another-brick-in-the-wall,2020-02-22 15:50:23.989311,2021-09-10 21:04:13.479002,"","","",brick,338,true,0613f1fa-e69e-4913-8ca0-f7bb72e5d6ec,Pink Floyd,,,1,2008-03-18,"{""1995"": 0, ""1996"": 0, ""1997"": 0, ""1998"": 0, ""1999"": 0, ""2000"": 0, ""2001"": 0, ""2002"": 0, ""2003"": 0, ""2004"": 0, ""2005"": 0, ""2006"": 0, ""2007"": 0, ""2008"": 1, ""2009"": 0, ""2010"": 0, ""2011"": 0, ""2012"": 0, ""2013"": 0, ""2014"": 0, ""2015"": 0, ""2016"": 0, ""2017"": 0, ""2018"": 0, ""2019"": 0, ""2020"": 0, ""2021"": 0}","{""0"": {""date"": ""2008-03-18"", ""previous"": null, ""delta_days"": null}}",2008,2008,
2a1a7068-3e88-42ab-b520-74aeaf583371,Baby You're a Rich Man,baby-you-re-a-rich-man,2020-02-22 15:50:23.989311,2021-09-10 21:04:05.649006,"","","",richman,337,true,4c05e770-de89-4034-970d-7841d064b9e6,The Beatles,,,1,2008-03-18,"{""1995"": 0, ""1996"": 0, ""1997"": 0, ""1998"": 0, ""1999"": 0, ""2000"": 0, ""2001"": 0, ""2002"": 0, ""2003"": 0, ""2004"": 0, ""2005"": 0, ""2006"": 0, ""2007"": 0, ""2008"": 1, ""2009"": 0, ""2010"": 0, ""2011"": 0, ""2012"": 0, ""2013"": 0, ""2014"": 0, ""2015"": 0, ""2016"": 0, ""2017"": 0, ""2018"": 0, ""2019"": 0, ""2020"": 0, ""2021"": 0}","{""0"": {""date"": ""2008-03-18"", ""previous"": null, ""delta_days"": null}}",2008,2008,
0a9c7f12-d16d-48a3-b7a7-6684b8b7dee0,She Came In Through The Bathroom Window,she-came-in-through-the-bathroom-window,2020-02-22 15:50:22.697566,2020-03-03 14:18:00.757024,"","","",bathroom,17,true,4c05e770-de89-4034-970d-7841d064b9e6,The Beatles,,,4,1996-02-13,"{""1995"": 2, ""1996"": 2, ""1997"": 0, ""1998"": 0, ""1999"": 0, ""2000"": 0, ""2001"": 0, ""2002"": 0, ""2003"": 0, ""2004"": 0, ""2005"": 0, ""2006"": 0, ""2007"": 0, ""2008"": 0, ""2009"": 0, ""2010"": 0, ""2011"": 0, ""2012"": 0, ""2013"": 0, ""2014"": 0, ""2015"": 0, ""2016"": 0, ""2017"": 0, ""2018"": 0, ""2019"": 0, ""2020"": 0}","{""0"": {""date"": ""1995-11-09"", ""previous"": null, ""delta_days"": null}, ""1"": {""date"": ""1996-02-13"", ""previous"": ""1996-02-08"", ""delta_days"": 5}, ""3"": {""date"": ""1995-12-02"", ""previous"": ""1995-11-09"", ""delta_days"": 23}, ""5"": {""date"": ""1996-02-08"", ""previous"": ""1995-12-02"", ""delta_days"": 68}}",1996,1995,
74a0d7c5-2719-477a-9658-d33a975716df,"My Friend, My Friend",my-friend-my-friend,2020-02-22 15:50:23.989311,2020-03-03 14:17:57.312660,"","","",myfriend,397,true,1078df0b-4ebf-4d7b-bbf3-5d3d98eeeed5,Phish,,,1,1995-02-11,"{""1995"": 1, ""1996"": 0, ""1997"": 0, ""1998"": 0, ""1999"": 0, ""2000"": 0, ""2001"": 0, ""2002"": 0, ""2003"": 0, ""2004"": 0, ""2005"": 0, ""2006"": 0, ""2007"": 0, ""2008"": 0, ""2009"": 0, ""2010"": 0, ""2011"": 0, ""2012"": 0, ""2013"": 0, ""2014"": 0, ""2015"": 0, ""2016"": 0, ""2017"": 0, ""2018"": 0, ""2019"": 0, ""2020"": 0}","{""0"": {""date"": ""1995-02-11"", ""previous"": null, ""delta_days"": null}}",1995,1995,
b5e6120e-9926-4b5e-8a01-21067f246ff4,Fathead's Set,fathead-s-set,2020-02-22 15:50:22.856762,2020-03-03 14:17:57.890262,"","","",fathead,58,false,54925b32-f3f5-4f44-b00c-8ffc7b8b8074,Fathead,,,1,1997-07-04,"{""1995"": 0, ""1996"": 0, ""1997"": 1, ""1998"": 0, ""1999"": 0, ""2000"": 0, ""2001"": 0, ""2002"": 0, ""2003"": 0, ""2004"": 0, ""2005"": 0, ""2006"": 0, ""2007"": 0, ""2008"": 0, ""2009"": 0, ""2010"": 0, ""2011"": 0, ""2012"": 0, ""2013"": 0, ""2014"": 0, ""2015"": 0, ""2016"": 0, ""2017"": 0, ""2018"": 0, ""2019"": 0, ""2020"": 0}","{""0"": {""date"": ""1997-07-04"", ""previous"": null, ""delta_days"": null}}",1997,1997,
ff913d2a-36cf-4e29-8b57-0615ef7a0f7f,Everybody Needs Somebody To Love,everybody-needs-somebody-to-love,2020-02-22 15:50:29.120743,2020-03-29 17:50:20.995215,"","","",everybody,457,true,bfca103c-706f-4a7f-ab3e-8d0288735c19,"	Jerry Wexler, Bert Berns, Solomon Burke",,,1,2016-01-02,"{""1995"": 0, ""1996"": 0, ""1997"": 0, ""1998"": 0, ""1999"": 0, ""2000"": 0, ""2001"": 0, ""2002"": 0, ""2003"": 0, ""2004"": 0, ""2005"": 0, ""2006"": 0, ""2007"": 0, ""2008"": 0, ""2009"": 0, ""2010"": 0, ""2011"": 0, ""2012"": 0, ""2013"": 0, ""2014"": 0, ""2015"": 0, ""2016"": 1, ""2017"": 0, ""2018"": 0, ""2019"": 0, ""2020"": 0}","{""0"": {""date"": ""2016-01-02"", ""previous"": null, ""delta_days"": null}}",2016,2016,
f50521ee-0054-4f99-b257-0b0f809c3788,In The Flesh,in-the-flesh,2020-02-22 15:50:22.856762,2020-03-03 14:18:00.858794,"","","",flesh,62,true,0613f1fa-e69e-4913-8ca0-f7bb72e5d6ec,Pink Floyd,,,8,2010-04-17,"{""1995"": 5, ""1996"": 1, ""1997"": 0, ""1998"": 0, ""1999"": 0, ""2000"": 0, ""2001"": 0, ""2002"": 0, ""2003"": 0, ""2004"": 0, ""2005"": 0, ""2006"": 1, ""2007"": 0, ""2008"": 0, ""2009"": 0, ""2010"": 1, ""2011"": 0, ""2012"": 0, ""2013"": 0, ""2014"": 0, ""2015"": 0, ""2016"": 0, ""2017"": 0, ""2018"": 0, ""2019"": 0, ""2020"": 0}","{""2"": {""date"": ""1995-11-09"", ""previous"": ""1995-09-16"", ""delta_days"": 54}, ""3"": {""date"": ""1995-12-02"", ""previous"": ""1995-11-09"", ""delta_days"": 23}, ""6"": {""date"": ""1996-02-13"", ""previous"": ""1995-12-02"", ""delta_days"": 73}, ""293"": {""date"": ""2010-04-17"", ""previous"": ""2006-10-31"", ""delta_days"": 1264}, ""912"": {""date"": ""2006-10-31"", ""previous"": ""1996-02-13"", ""delta_days"": 3913}}",1995,1996,
0cd7f2ad-df92-4164-9a72-a461ca3f35be,And the Ladies Were the Rest of the Night,and-the-ladies-were-the-rest-of-the-night,2020-02-22 15:50:23.009469,2024-12-07 20:02:26.198766,"<p>Come on all the ladies, get down tonight.<br/>Know a little agent who has set her sight.<br/>Come on all the ladies, get down tonight.<br/>Give it up!  Give it up!<br/><br/>It took a few months to infiltrate,<br/>In just one night he bit the bait.<br/>It didn&#x27;t seem Lai would give it up.<br/>Even when Shelby spiked his cup.<br/><br/>He ran a tight ship and closed his mouth,<br/>Every time the ladies were in the house.<br/>Everything she did was done in vain.<br/>Couldn&#x27;t get a wire tap in the drain.<br/><br/>Give it up!  Give it up!<br/><br/>Come on all the ladies, get down tonight.<br/>Know a little agent who has set her sight.<br/>Come on all the ladies, get down tonight.<br/>Give it up!  Give it up!<br/><br/>Little Shelby Rose, this is how it goes,<br/>And you know what it takes.<br/>Careful what you say, careful what you do,<br/>Can&#x27;t afford a mistake.<br/><br/>Come on all the ladies, get down tonight.<br/>Know a little agent who has set her sight.<br/><br/>Little does he know she has him read.<br/>In a couple minutes, they&#x27;re off to bed.<br/>Takes another name and sculpts her clay,<br/>And not before long she&#x27;s got her prey.<br/><br/>Come on all the ladies, get down tonight.<br/>Know a little agent who has set her sight.<br/><br/>Give it up!  Give it up!</p>","","",ladies,99,false,e2397ce3-857e-425f-925e-1cb30de780d7,Marc Brownstein,"<p>Ladies was first played by Electron on 8/18/00, debuted on the same night as the full Chemical Warfare Brigade opera, along with Floodlights, Shelby Rose and Confrontation. The lyrics are largely the same, but the structure of the song is slightly different: there are shouts of “give it up! give it up!” in the introduction and before the jam, and there is a brief synth jam in between the verses. The jam in this Electron version is also considerably slower and mellower than in Biscuits versions, and there is no peak; rather, the jam just resolves back into the same verse from the intro.</p><p></p><p>The first and only Biscuits version of Ladies in 2000 is tightened up considerably from the Electron version. It is much faster than the Electron version, and the peak has that much needed Barber “oomph.” Although slightly slower than modern versions, in all other ways the song is virtually indistinguishable. </p><p></p><p>Ladies was played a whopping 27 times each in 2001 and 2002, the years of the song’s first golden age. It was a staple of the early spring tour, and was mostly played standalone, although it was split on its second performance on 3/22/01 and segued into on 4/12/01 and 4/20/01. It was inverted for the first time at the Bisco Knights festival on 8/25/01. In the fall tour the song became a powerhouse, with standout versions including the set closing standalone on 9/8/01 and the massive inverted version on 9/22/01. </p><p></p><p>2002 was the year Ladies really took off. 4/25/02 is the first dyslexic version, and the standout version from the spring tour.  The summer tour included many excellent versions, including 7/26/02 and 8/11/02, but the real apex for the song came in the fall tour, with two legendary versions on 10/4/02 and 10/18/02. </p><p></p><p>Ladies became less common after 2002, and although the 2003 versions aren’t as legendary as the late 2001 or 2002 versions, there are a couple with unmistakable merit, such as the unfinished 4/25/03 or the split-up 11/28/03 (which was a part of the fourth complete performance of the Chemical Warfare Brigade. Ladies was only played seven more times with Sammy after 2003.</p><p></p><p>When Allen joined the band, Ladies became a catalog staple once again. Its second golden age lines up nicely with the second golden age of the band overall, beginning in mid-2007 and lasting into early 2010. The Astronaut &gt; Ladies (&gt;&lt;) &gt; Astronaut from 11/19/06 is arguably the first great Ladies with Allen, but the spectacular 5/27/07 Ladies &gt; O Fortuna &gt; Spacebird (&gt;&lt;) &gt; Ladies and the over 35 minute Ladies &gt; Gangster from 10/23/07 definitively assured Ladies’ place in the pantheon of trance-fusion juggernauts.</p><p></p><p>Ladies remained a powerhouse staple through 08 (standout versions including 1/16/08, 4/18/08, 5/24/08, 6/13/08 and 12/30/08), but the song hit another level in 2009, when it was played 21 times (the most of any year since 2002). In a year of furious lightspeed trance jams, Ladies flourished. Notable versions including 2/15/09, 4/24/09, and 6/25/09 are hailed as some of the best ever. The song was played twice in 2010 before wristgate, on 1/29/10 and 3/17/10, and both versions are excellent.</p><p></p><p>Ladies remained a setlist staple in the setbreak era, and in addition to the numerous versions played during this time, the band frequently used a Ladies style jam to get from A to B in this era. In fact, the year where Ladies was most common was 2012, when it was played on average once every 3.3 shows. Notable versions from the setbreak era include the 1/26/14 Tractorbeam version, 3/26/16, 6/02/16, and 8/20/16. </p><p></p><p>In the post-setbreak era, Ladies continues to be a setlist staple. It is still frequently played inverted, although well-known exceptions include the set bookending 9/23/23 and the dyslexic 1/28/24 (part of a full set palindrome). Ladies is one of the most frequently played Biscuits songs, appearing on average once every five to six shows since its debut. It has only disappeared from the rotation for more than a dozen shows a few times, and never for more than sixteen shows. It is an indisputably important part of the Biscuits’ catalog.</p><p></p>",Little Shelby Rose this is how it goes and you know what it takes,219,2024-11-13,"{""1995"": 0, ""1996"": 0, ""1997"": 0, ""1998"": 0, ""1999"": 0, ""2000"": 1, ""2001"": 27, ""2002"": 27, ""2003"": 15, ""2004"": 6, ""2005"": 1, ""2006"": 13, ""2007"": 11, ""2008"": 13, ""2009"": 21, ""2010"": 9, ""2011"": 6, ""2012"": 6, ""2013"": 4, ""2014"": 5, ""2015"": 3, ""2016"": 6, ""2017"": 6, ""2018"": 2, ""2019"": 5, ""2020"": 1, ""2021"": 5, ""2022"": 7, ""2023"": 9, ""2024"": 10}","{""15"": {""date"": ""2007-10-15"", ""previous"": ""2007-07-17"", ""delta_days"": 90}, ""16"": {""date"": ""2018-12-07"", ""previous"": ""2018-05-24"", ""delta_days"": 197}, ""18"": {""date"": ""2022-08-21"", ""previous"": ""2022-04-02"", ""delta_days"": 141}}",2002,2000,http://sickbarberlicks.weebly.com/and-the-ladies-were-the-rest-of-the-night.html
96dbc767-7520-4f50-beaa-d82a313402cb,Indiana Jones Theme,indiana-jones-theme,2020-02-22 15:50:23.009469,2021-01-06 18:29:30.010321,"","","",indy,88,true,,"",,,1,2001-12-31,"{""1995"": 0, ""1996"": 0, ""1997"": 0, ""1998"": 0, ""1999"": 0, ""2000"": 0, ""2001"": 1, ""2002"": 0, ""2003"": 0, ""2004"": 0, ""2005"": 0, ""2006"": 0, ""2007"": 0, ""2008"": 0, ""2009"": 0, ""2010"": 0, ""2011"": 0, ""2012"": 0, ""2013"": 0, ""2014"": 0, ""2015"": 0, ""2016"": 0, ""2017"": 0, ""2018"": 0, ""2019"": 0, ""2020"": 0, ""2021"": 0}","{""0"": {""date"": ""2001-12-31"", ""previous"": null, ""delta_days"": null}}",2001,2001,
870a1580-1d9a-4718-97aa-bb768d82bbe8,Price Of Sand,price-of-sand,2020-02-22 15:50:23.989311,2020-03-03 14:18:07.580129,"","","",price,400,true,,???,,,1,1995-10-23,"{""1995"": 1, ""1996"": 0, ""1997"": 0, ""1998"": 0, ""1999"": 0, ""2000"": 0, ""2001"": 0, ""2002"": 0, ""2003"": 0, ""2004"": 0, ""2005"": 0, ""2006"": 0, ""2007"": 0, ""2008"": 0, ""2009"": 0, ""2010"": 0, ""2011"": 0, ""2012"": 0, ""2013"": 0, ""2014"": 0, ""2015"": 0, ""2016"": 0, ""2017"": 0, ""2018"": 0, ""2019"": 0, ""2020"": 0}","{""0"": {""date"": ""1995-10-23"", ""previous"": null, ""delta_days"": null}}",1995,1995,
babc5b64-36ee-4e5c-9a45-cf5a6ad0b78f,Waltz In Black,waltz-in-black,2020-02-22 15:50:23.989311,2020-03-03 14:17:59.417770,"","","",blackwaltz,415,true,3aaca4fb-2f0f-4f9b-a9e0-3b558c2bdef8,The Stranglers,,,1,2010-10-28,"{""1995"": 0, ""1996"": 0, ""1997"": 0, ""1998"": 0, ""1999"": 0, ""2000"": 0, ""2001"": 0, ""2002"": 0, ""2003"": 0, ""2004"": 0, ""2005"": 0, ""2006"": 0, ""2007"": 0, ""2008"": 0, ""2009"": 0, ""2010"": 1, ""2011"": 0, ""2012"": 0, ""2013"": 0, ""2014"": 0, ""2015"": 0, ""2016"": 0, ""2017"": 0, ""2018"": 0, ""2019"": 0, ""2020"": 0}","{""0"": {""date"": ""2010-10-28"", ""previous"": null, ""delta_days"": null}}",2010,2010,
e508023d-ae3e-4ce8-bd7c-a2089bccd561,Flip-Flop,flip-flop,2020-02-22 15:50:23.989311,2020-03-14 22:24:46.229881,"","","",flipflop,367,false,,"",,,1,2008-10-25,"{""1995"": 0, ""1996"": 0, ""1997"": 0, ""1998"": 0, ""1999"": 0, ""2000"": 0, ""2001"": 0, ""2002"": 0, ""2003"": 0, ""2004"": 0, ""2005"": 0, ""2006"": 0, ""2007"": 0, ""2008"": 1, ""2009"": 0, ""2010"": 0, ""2011"": 0, ""2012"": 0, ""2013"": 0, ""2014"": 0, ""2015"": 0, ""2016"": 0, ""2017"": 0, ""2018"": 0, ""2019"": 0, ""2020"": 0}","{""0"": {""date"": ""2008-10-25"", ""previous"": null, ""delta_days"": null}}",2008,2008,
7a4211f2-e74e-4d7d-8ad5-f06132b7dda5,Beat It,beat-it,2020-02-22 15:50:22.697566,2020-03-03 14:18:01.377101,"","","",beatit,19,true,1e73f465-549d-4a7b-88a6-7cfd6ed1fce6,Michael Jackson,,,1,1999-07-03,"{""1995"": 0, ""1996"": 0, ""1997"": 0, ""1998"": 0, ""1999"": 1, ""2000"": 0, ""2001"": 0, ""2002"": 0, ""2003"": 0, ""2004"": 0, ""2005"": 0, ""2006"": 0, ""2007"": 0, ""2008"": 0, ""2009"": 0, ""2010"": 0, ""2011"": 0, ""2012"": 0, ""2013"": 0, ""2014"": 0, ""2015"": 0, ""2016"": 0, ""2017"": 0, ""2018"": 0, ""2019"": 0, ""2020"": 0}","{""0"": {""date"": ""1999-07-03"", ""previous"": null, ""delta_days"": null}}",1999,1999,
8ddd0036-1e14-444f-8f0b-8bf95ff91a3a,Hail To The Chief,hail-to-the-chief,2020-02-22 15:50:22.856762,2020-03-03 14:18:01.485823,"","","",hail,72,true,db72fcdf-43ee-471d-abe8-16c3fff66d82,Traditional,,,1,1999-12-31,"{""1995"": 0, ""1996"": 0, ""1997"": 0, ""1998"": 0, ""1999"": 1, ""2000"": 0, ""2001"": 0, ""2002"": 0, ""2003"": 0, ""2004"": 0, ""2005"": 0, ""2006"": 0, ""2007"": 0, ""2008"": 0, ""2009"": 0, ""2010"": 0, ""2011"": 0, ""2012"": 0, ""2013"": 0, ""2014"": 0, ""2015"": 0, ""2016"": 0, ""2017"": 0, ""2018"": 0, ""2019"": 0, ""2020"": 0}","{""0"": {""date"": ""1999-12-31"", ""previous"": null, ""delta_days"": null}}",1999,1999,
6c26f533-df83-4115-a655-f98ad06f9060,Sweating Bullets,sweating-bullets,2020-02-22 15:50:23.818238,2024-02-29 00:11:41.561986,"","","",ftr2,251,false,4338604b-38e0-432c-855b-bcd9091d4409,Disco Biscuits,,,48,2023-04-01,"{""1995"": 0, ""1996"": 0, ""1997"": 0, ""1998"": 0, ""1999"": 0, ""2000"": 0, ""2001"": 0, ""2002"": 0, ""2003"": 1, ""2004"": 4, ""2005"": 0, ""2006"": 18, ""2007"": 6, ""2008"": 0, ""2009"": 1, ""2010"": 4, ""2011"": 0, ""2012"": 0, ""2013"": 0, ""2014"": 0, ""2015"": 0, ""2016"": 4, ""2017"": 2, ""2018"": 3, ""2019"": 1, ""2020"": 0, ""2021"": 0, ""2022"": 2, ""2023"": 2, ""2024"": 0}","{""42"": {""date"": ""2017-12-03"", ""previous"": ""2016-08-27"", ""delta_days"": 463}, ""103"": {""date"": ""2022-04-02"", ""previous"": ""2019-01-31"", ""delta_days"": 1157}, ""157"": {""date"": ""2016-01-01"", ""previous"": ""2010-09-18"", ""delta_days"": 1931}, ""201"": {""date"": ""2009-12-26"", ""previous"": ""2007-07-15"", ""delta_days"": 895}}",2006,2003,http://sickbarberlicks.weebly.com/sweating-bullets.html
908244a5-10e0-4c3b-a955-4ff47d735d44,Endo,endo,2020-02-22 15:50:22.856762,2020-04-26 15:18:09.436038,"","","",endo,54,false,4338604b-38e0-432c-855b-bcd9091d4409,Jon Gutwillig,,,5,2002-12-31,"{""1995"": 0, ""1996"": 4, ""1997"": 0, ""1998"": 0, ""1999"": 0, ""2000"": 0, ""2001"": 0, ""2002"": 1, ""2003"": 0, ""2004"": 0, ""2005"": 0, ""2006"": 0, ""2007"": 0, ""2008"": 0, ""2009"": 0, ""2010"": 0, ""2011"": 0, ""2012"": 0, ""2013"": 0, ""2014"": 0, ""2015"": 0, ""2016"": 0, ""2017"": 0, ""2018"": 0, ""2019"": 0, ""2020"": 0}","{""0"": {""date"": ""1996-02-08"", ""previous"": null, ""delta_days"": null}, ""1"": {""date"": ""1996-02-13"", ""previous"": ""1996-02-08"", ""delta_days"": 5}, ""5"": {""date"": ""1996-03-30"", ""previous"": ""1996-02-13"", ""delta_days"": 46}, ""15"": {""date"": ""1996-09-06"", ""previous"": ""1996-03-30"", ""delta_days"": 160}, ""711"": {""date"": ""2002-12-31"", ""previous"": ""1996-09-06"", ""delta_days"": 2307}}",1996,2002,http://sickbarberlicks.weebly.com/endo.html
342ca5d7-66a7-45ad-be60-00aa4d0109d8,Biscuits/Fathead Jam,biscuits-fathead-jam,2020-02-22 15:50:22.856762,2020-03-03 14:18:01.863658,"","","",fatheadj,59,false,48047908-c923-49ec-9836-d66edb82e02f,The Disco Biscuits/Fathead,,,1,1997-07-04,"{""1995"": 0, ""1996"": 0, ""1997"": 1, ""1998"": 0, ""1999"": 0, ""2000"": 0, ""2001"": 0, ""2002"": 0, ""2003"": 0, ""2004"": 0, ""2005"": 0, ""2006"": 0, ""2007"": 0, ""2008"": 0, ""2009"": 0, ""2010"": 0, ""2011"": 0, ""2012"": 0, ""2013"": 0, ""2014"": 0, ""2015"": 0, ""2016"": 0, ""2017"": 0, ""2018"": 0, ""2019"": 0, ""2020"": 0}","{""0"": {""date"": ""1997-07-04"", ""previous"": null, ""delta_days"": null}}",1997,1997,
a94ee298-0477-460e-a943-d66e0dcff8e2,Epistrophy,epistrophy,2020-02-22 15:50:22.856762,2020-03-03 14:18:02.032502,"","","",epist,55,true,5722f488-60d2-416d-a5e3-50910aa608ec,Thelonious Monk,,,2,1998-03-21,"{""1995"": 0, ""1996"": 1, ""1997"": 0, ""1998"": 1, ""1999"": 0, ""2000"": 0, ""2001"": 0, ""2002"": 0, ""2003"": 0, ""2004"": 0, ""2005"": 0, ""2006"": 0, ""2007"": 0, ""2008"": 0, ""2009"": 0, ""2010"": 0, ""2011"": 0, ""2012"": 0, ""2013"": 0, ""2014"": 0, ""2015"": 0, ""2016"": 0, ""2017"": 0, ""2018"": 0, ""2019"": 0, ""2020"": 0}","{""0"": {""date"": ""1996-12-06"", ""previous"": null, ""delta_days"": null}, ""175"": {""date"": ""1998-03-21"", ""previous"": ""1996-12-06"", ""delta_days"": 470}}",1998,1996,
1e21d64e-67a1-4983-aad4-0e068a67ca34,I Remember Ray,i-remember-ray,2020-02-22 15:50:23.818238,2023-04-21 08:58:32.171708,"","","",ray,278,false,a827e021-ab19-4d94-9aa8-6097e0fba28b,Aron Magner,,,3,2006-05-27,"{""1995"": 0, ""1996"": 0, ""1997"": 0, ""1998"": 0, ""1999"": 0, ""2000"": 0, ""2001"": 0, ""2002"": 0, ""2003"": 0, ""2004"": 0, ""2005"": 0, ""2006"": 3, ""2007"": 0, ""2008"": 0, ""2009"": 0, ""2010"": 0, ""2011"": 0, ""2012"": 0, ""2013"": 0, ""2014"": 0, ""2015"": 0, ""2016"": 0, ""2017"": 0, ""2018"": 0, ""2019"": 0, ""2020"": 0, ""2021"": 0, ""2022"": 0, ""2023"": 0}","{""0"": {""date"": ""2006-05-03"", ""previous"": null, ""delta_days"": null}, ""3"": {""date"": ""2006-05-06"", ""previous"": ""2006-05-03"", ""delta_days"": 3}, ""6"": {""date"": ""2006-05-27"", ""previous"": ""2006-05-06"", ""delta_days"": 21}}",2006,2006,
be24a78f-a50a-45ea-a647-90090c3fcbea,Dinah-Moe Humm,dinah-moe-humm,2020-02-22 15:50:22.856762,2020-03-03 14:17:58.270636,"","","",dinahmoe,44,true,78bd7e77-52a4-4c6a-8249-646739f80b77,Frank Zappa,,,6,1996-07-06,"{""1995"": 2, ""1996"": 4, ""1997"": 0, ""1998"": 0, ""1999"": 0, ""2000"": 0, ""2001"": 0, ""2002"": 0, ""2003"": 0, ""2004"": 0, ""2005"": 0, ""2006"": 0, ""2007"": 0, ""2008"": 0, ""2009"": 0, ""2010"": 0, ""2011"": 0, ""2012"": 0, ""2013"": 0, ""2014"": 0, ""2015"": 0, ""2016"": 0, ""2017"": 0, ""2018"": 0, ""2019"": 0, ""2020"": 0}","{""2"": {""date"": ""1995-12-01"", ""previous"": ""1995-11-09"", ""delta_days"": 22}, ""3"": {""date"": ""1996-07-06"", ""previous"": ""1996-06-05"", ""delta_days"": 31}, ""5"": {""date"": ""1996-03-30"", ""previous"": ""1996-02-13"", ""delta_days"": 46}, ""7"": {""date"": ""1996-02-13"", ""previous"": ""1995-12-01"", ""delta_days"": 74}, ""9"": {""date"": ""1996-06-05"", ""previous"": ""1996-03-30"", ""delta_days"": 67}}",1996,1995,
52d7b46e-f04f-403b-99aa-69791424a7fb,10 Ton Foot,10-ton-foot,2020-02-22 15:50:23.989311,2024-01-15 13:13:04.531109,"","","",10ton,315,false,e2397ce3-857e-425f-925e-1cb30de780d7,"",,,7,2007-08-18,"{""1995"": 0, ""1996"": 0, ""1997"": 0, ""1998"": 0, ""1999"": 0, ""2000"": 0, ""2001"": 0, ""2002"": 0, ""2003"": 0, ""2004"": 0, ""2005"": 0, ""2006"": 0, ""2007"": 7, ""2008"": 0, ""2009"": 0, ""2010"": 0, ""2011"": 0, ""2012"": 0, ""2013"": 0, ""2014"": 0, ""2015"": 0, ""2016"": 0, ""2017"": 0, ""2018"": 0, ""2019"": 0, ""2020"": 0, ""2021"": 0, ""2022"": 0, ""2023"": 0, ""2024"": 0}","{""4"": {""date"": ""2007-05-24"", ""previous"": ""2007-05-18"", ""delta_days"": 6}, ""7"": {""date"": ""2007-07-01"", ""previous"": ""2007-06-08"", ""delta_days"": 23}, ""8"": {""date"": ""2007-08-18"", ""previous"": ""2007-07-17"", ""delta_days"": 32}}",2007,2007,http://sickbarberlicks.weebly.com/10-ton-foot.html
389a9cfb-222b-414b-909e-e90f9c68dd53,Rock Your Dance,rock-your-dance,2020-02-22 15:50:23.989311,2023-04-06 03:51:15.970502,"","","",rockyourdance,366,true,b25c8acc-4fd6-49e8-9faf-0e3c5b0ab318,Tuphace,,,1,2008-12-27,"{""1995"": 0, ""1996"": 0, ""1997"": 0, ""1998"": 0, ""1999"": 0, ""2000"": 0, ""2001"": 0, ""2002"": 0, ""2003"": 0, ""2004"": 0, ""2005"": 0, ""2006"": 0, ""2007"": 0, ""2008"": 1, ""2009"": 0, ""2010"": 0, ""2011"": 0, ""2012"": 0, ""2013"": 0, ""2014"": 0, ""2015"": 0, ""2016"": 0, ""2017"": 0, ""2018"": 0, ""2019"": 0, ""2020"": 0, ""2021"": 0, ""2022"": 0, ""2023"": 0}","{""0"": {""date"": ""2008-12-27"", ""previous"": null, ""delta_days"": null}}",2008,2008,
a22ee6a1-914e-4c3a-ab8d-234a5d934398,You Enjoy Myself,you-enjoy-myself,2020-02-22 15:50:23.818238,2020-03-03 14:17:55.741621,"","","",yem,214,true,1078df0b-4ebf-4d7b-bbf3-5d3d98eeeed5,Phish,,,6,1996-02-13,"{""1995"": 5, ""1996"": 1, ""1997"": 0, ""1998"": 0, ""1999"": 0, ""2000"": 0, ""2001"": 0, ""2002"": 0, ""2003"": 0, ""2004"": 0, ""2005"": 0, ""2006"": 0, ""2007"": 0, ""2008"": 0, ""2009"": 0, ""2010"": 0, ""2011"": 0, ""2012"": 0, ""2013"": 0, ""2014"": 0, ""2015"": 0, ""2016"": 0, ""2017"": 0, ""2018"": 0, ""2019"": 0, ""2020"": 0}","{""1"": {""date"": ""1995-12-09"", ""previous"": ""1995-12-02"", ""delta_days"": 7}, ""2"": {""date"": ""1995-12-11"", ""previous"": ""1995-12-09"", ""delta_days"": 2}, ""3"": {""date"": ""1996-02-13"", ""previous"": ""1995-12-11"", ""delta_days"": 64}, ""4"": {""date"": ""1995-12-02"", ""previous"": ""1995-10-23"", ""delta_days"": 40}}",1995,1996,
1b9f8527-4842-4483-9e9f-9e3ba869aa63,Like A Hurricane,like-a-hurricane,2020-02-22 15:50:23.009469,2020-03-03 14:18:02.260878,"","","",hurricane,84,true,006715fc-120e-4ac7-9e0b-37ccda4d6aca,Neil Young,,,1,1997-11-20,"{""1995"": 0, ""1996"": 0, ""1997"": 1, ""1998"": 0, ""1999"": 0, ""2000"": 0, ""2001"": 0, ""2002"": 0, ""2003"": 0, ""2004"": 0, ""2005"": 0, ""2006"": 0, ""2007"": 0, ""2008"": 0, ""2009"": 0, ""2010"": 0, ""2011"": 0, ""2012"": 0, ""2013"": 0, ""2014"": 0, ""2015"": 0, ""2016"": 0, ""2017"": 0, ""2018"": 0, ""2019"": 0, ""2020"": 0}","{""0"": {""date"": ""1997-11-20"", ""previous"": null, ""delta_days"": null}}",1997,1997,
e1ba90fe-9380-4414-b06b-ea0f45fa147c,Harry Hood,harry-hood,2020-02-22 15:50:22.856762,2020-03-03 14:18:02.483593,"","","",hood,80,true,1078df0b-4ebf-4d7b-bbf3-5d3d98eeeed5,Phish,,,2,1996-05-25,"{""1995"": 0, ""1996"": 2, ""1997"": 0, ""1998"": 0, ""1999"": 0, ""2000"": 0, ""2001"": 0, ""2002"": 0, ""2003"": 0, ""2004"": 0, ""2005"": 0, ""2006"": 0, ""2007"": 0, ""2008"": 0, ""2009"": 0, ""2010"": 0, ""2011"": 0, ""2012"": 0, ""2013"": 0, ""2014"": 0, ""2015"": 0, ""2016"": 0, ""2017"": 0, ""2018"": 0, ""2019"": 0, ""2020"": 0}","{""0"": {""date"": ""1996-05-18"", ""previous"": null, ""delta_days"": null}, ""1"": {""date"": ""1996-05-25"", ""previous"": ""1996-05-18"", ""delta_days"": 7}}",1996,1996,
1cd9a572-7281-4ee0-8a17-095e9edf202f,Alice In Wonderland Jam,alice-in-wonderland-jam,2020-02-22 15:50:22.697566,2024-12-07 20:04:53.135222,"","","",alicejam,5,false,,"",,,1,2001-10-31,"{""1995"": 0, ""1996"": 0, ""1997"": 0, ""1998"": 0, ""1999"": 0, ""2000"": 0, ""2001"": 1, ""2002"": 0, ""2003"": 0, ""2004"": 0, ""2005"": 0, ""2006"": 0, ""2007"": 0, ""2008"": 0, ""2009"": 0, ""2010"": 0, ""2011"": 0, ""2012"": 0, ""2013"": 0, ""2014"": 0, ""2015"": 0, ""2016"": 0, ""2017"": 0, ""2018"": 0, ""2019"": 0, ""2020"": 0, ""2021"": 0, ""2022"": 0, ""2023"": 0, ""2024"": 0}","{""0"": {""date"": ""2001-10-31"", ""previous"": null, ""delta_days"": null}}",2001,2001,
9db45b82-cf5d-49dc-8c6b-af320d02c11c,Willie The Pimp Jam,willie-the-pimp-jam,2020-02-22 15:50:23.818238,2020-05-12 02:50:38.905497,"","","",willie,207,false,78bd7e77-52a4-4c6a-8249-646739f80b77,Frank Zappa,,,0,,"{""1995"": 0, ""1996"": 0, ""1997"": 0, ""1998"": 0, ""1999"": 0, ""2000"": 0, ""2001"": 0, ""2002"": 0, ""2003"": 0, ""2004"": 0, ""2005"": 0, ""2006"": 0, ""2007"": 0, ""2008"": 0, ""2009"": 0, ""2010"": 0, ""2011"": 0, ""2012"": 0, ""2013"": 0, ""2014"": 0, ""2015"": 0, ""2016"": 0, ""2017"": 0, ""2018"": 0, ""2019"": 0, ""2020"": 0}",{},2020,,
3ab1c5f4-0e94-4df4-ad3c-b609a1034db4,Sun King,sun-king,2020-02-22 15:50:23.818238,2020-03-03 14:17:55.916594,"","","",sunking,234,true,4c05e770-de89-4034-970d-7841d064b9e6,The Beatles,,,1,1995-12-02,"{""1995"": 1, ""1996"": 0, ""1997"": 0, ""1998"": 0, ""1999"": 0, ""2000"": 0, ""2001"": 0, ""2002"": 0, ""2003"": 0, ""2004"": 0, ""2005"": 0, ""2006"": 0, ""2007"": 0, ""2008"": 0, ""2009"": 0, ""2010"": 0, ""2011"": 0, ""2012"": 0, ""2013"": 0, ""2014"": 0, ""2015"": 0, ""2016"": 0, ""2017"": 0, ""2018"": 0, ""2019"": 0, ""2020"": 0}","{""0"": {""date"": ""1995-12-02"", ""previous"": null, ""delta_days"": null}}",1995,1995,
0af38867-2860-4eaa-8580-2dba6b59c6d4,White Chicks & Gang Signs,white-chicks-gang-signs,2020-02-22 15:50:23.989311,2023-04-06 00:38:02.541508,"","","",whitechicks,361,true,425b94d7-42a4-4aa4-b3a4-d6c2aaa6e798,Billy Reid,,,1,2009-05-30,"{""1995"": 0, ""1996"": 0, ""1997"": 0, ""1998"": 0, ""1999"": 0, ""2000"": 0, ""2001"": 0, ""2002"": 0, ""2003"": 0, ""2004"": 0, ""2005"": 0, ""2006"": 0, ""2007"": 0, ""2008"": 0, ""2009"": 1, ""2010"": 0, ""2011"": 0, ""2012"": 0, ""2013"": 0, ""2014"": 0, ""2015"": 0, ""2016"": 0, ""2017"": 0, ""2018"": 0, ""2019"": 0, ""2020"": 0, ""2021"": 0, ""2022"": 0, ""2023"": 0}","{""0"": {""date"": ""2009-05-30"", ""previous"": null, ""delta_days"": null}}",2009,2009,
6aac90d3-f6e9-4dce-bc8e-3d464a95bf18,Loch Ness Monster,loch-ness-monster,2020-02-22 15:50:23.009469,2024-03-06 17:42:40.983200,"","","",lochness,109,false,4338604b-38e0-432c-855b-bcd9091d4409,"Gutwillig, Tom McKee",,,2,2000-07-12,"{""1995"": 0, ""1996"": 0, ""1997"": 0, ""1998"": 0, ""1999"": 0, ""2000"": 2, ""2001"": 0, ""2002"": 0, ""2003"": 0, ""2004"": 0, ""2005"": 0, ""2006"": 0, ""2007"": 0, ""2008"": 0, ""2009"": 0, ""2010"": 0, ""2011"": 0, ""2012"": 0, ""2013"": 0, ""2014"": 0, ""2015"": 0, ""2016"": 0, ""2017"": 0, ""2018"": 0, ""2019"": 0, ""2020"": 0, ""2021"": 0, ""2022"": 0, ""2023"": 0, ""2024"": 0}","{""0"": {""date"": ""2000-06-27"", ""previous"": null, ""delta_days"": null}, ""1"": {""date"": ""2000-07-12"", ""previous"": ""2000-06-27"", ""delta_days"": 15}}",2000,2000,
66a9e680-04c4-433e-85d5-4cf9845017b2,Home Again,home-again,2020-02-22 15:50:22.856762,2024-11-24 13:50:28.579192,"Never had a home like this,<br/>And the prophets said, 'Be careful what you wish.'<br/>Never had to think twice,<br/>Always knew my home was in paradise.","","",homeagain,79,false,e2397ce3-857e-425f-925e-1cb30de780d7,Marc Brownstein,,,157,2024-11-13,"{""1995"": 0, ""1996"": 0, ""1997"": 0, ""1998"": 0, ""1999"": 0, ""2000"": 9, ""2001"": 19, ""2002"": 15, ""2003"": 10, ""2004"": 5, ""2005"": 2, ""2006"": 11, ""2007"": 12, ""2008"": 4, ""2009"": 7, ""2010"": 10, ""2011"": 3, ""2012"": 2, ""2013"": 2, ""2014"": 3, ""2015"": 3, ""2016"": 4, ""2017"": 2, ""2018"": 4, ""2019"": 3, ""2020"": 4, ""2021"": 5, ""2022"": 2, ""2023"": 12, ""2024"": 4}","{""22"": {""date"": ""2006-07-14"", ""previous"": ""2006-05-03"", ""delta_days"": 72}, ""24"": {""date"": ""2022-09-08"", ""previous"": ""2022-03-31"", ""delta_days"": 161}, ""26"": {""date"": ""2024-09-07"", ""previous"": ""2024-04-05"", ""delta_days"": 155}, ""30"": {""date"": ""2010-02-18"", ""previous"": ""2009-10-07"", ""delta_days"": 134}, ""34"": {""date"": ""2012-07-13"", ""previous"": ""2011-07-07"", ""delta_days"": 372}}",2001,2005,http://sickbarberlicks.weebly.com/home-again.html
dc5aea80-efb7-4115-9675-6d6fe51bf1c9,Misty Mountain Hop,misty-mountain-hop,2020-02-22 15:50:23.009469,2020-03-03 14:18:03.312751,"","","",mmhop,121,true,f59c90a1-64c6-4910-916e-81bd2a26052d,Led Zeppelin,,,1,1998-09-25,"{""1995"": 0, ""1996"": 0, ""1997"": 0, ""1998"": 1, ""1999"": 0, ""2000"": 0, ""2001"": 0, ""2002"": 0, ""2003"": 0, ""2004"": 0, ""2005"": 0, ""2006"": 0, ""2007"": 0, ""2008"": 0, ""2009"": 0, ""2010"": 0, ""2011"": 0, ""2012"": 0, ""2013"": 0, ""2014"": 0, ""2015"": 0, ""2016"": 0, ""2017"": 0, ""2018"": 0, ""2019"": 0, ""2020"": 0}","{""0"": {""date"": ""1998-09-25"", ""previous"": null, ""delta_days"": null}}",1998,1998,
0dab4fde-2e40-478d-b360-fc36cc080c44,Akira Jam,akira-jam,2020-02-22 15:50:22.697566,2020-05-02 22:28:14.736268,"","","",akira,4,false,e29db38d-5b63-4e2c-b5bc-8f4ed3fe1c64,The Disco Biscuits,"<p>For the 2nd set on New Years Eve, 1999, The Disco Biscuits played along to Katsuhiro Otomo&#x27;s anime masterpiece, Akira. Starting with just the setbreak DJ spinning, the band members slowly came out one by one onto stage dressed entirely in black robes. Behind them a on a projection screen, the movie played. This &quot;Akira Jam&quot; eventually falls into Basis For a Day to end the set.</p><p> </p><p>As for syncing up the taped set to the movie itself, this is a topic under heavy debate among Biscuits fans. There are many theories as to where you should start the tape with the movie, so it might take you some experimenting to find the best sync. Although there is no real preferred method, the following tip can help you get the sync right:</p><p> </p><p>&quot;When the 1988 dateline appears, the first note of the DJ spinning should start up. When they first take off in the motorcycles, the beat should get noticeably more intense. When the kid is headbutted by the big Clown leader, the drum machines should stop completely, leaving just the vocal sample. When the first child subject screams after seeing his guardian shot, a phone should ring right at the time the store sign blows up (right before the windows all smash). Hope that will help line it up.&quot;</p><p></p>",,1,1999-12-31,"{""1995"": 0, ""1996"": 0, ""1997"": 0, ""1998"": 0, ""1999"": 1, ""2000"": 0, ""2001"": 0, ""2002"": 0, ""2003"": 0, ""2004"": 0, ""2005"": 0, ""2006"": 0, ""2007"": 0, ""2008"": 0, ""2009"": 0, ""2010"": 0, ""2011"": 0, ""2012"": 0, ""2013"": 0, ""2014"": 0, ""2015"": 0, ""2016"": 0, ""2017"": 0, ""2018"": 0, ""2019"": 0, ""2020"": 0}","{""0"": {""date"": ""1999-12-31"", ""previous"": null, ""delta_days"": null}}",1999,1999,
9feacea5-7bf3-44eb-8c41-294241494f3e,Roadhouse Blues,roadhouse-blues,2020-02-22 15:50:23.147147,2020-03-03 14:17:58.668642,"","","",roadhouse,156,true,2f423e3a-5bc4-4884-8280-42d14b92be6e,The Doors,,,1,1997-12-08,"{""1995"": 0, ""1996"": 0, ""1997"": 1, ""1998"": 0, ""1999"": 0, ""2000"": 0, ""2001"": 0, ""2002"": 0, ""2003"": 0, ""2004"": 0, ""2005"": 0, ""2006"": 0, ""2007"": 0, ""2008"": 0, ""2009"": 0, ""2010"": 0, ""2011"": 0, ""2012"": 0, ""2013"": 0, ""2014"": 0, ""2015"": 0, ""2016"": 0, ""2017"": 0, ""2018"": 0, ""2019"": 0, ""2020"": 0}","{""0"": {""date"": ""1997-12-08"", ""previous"": null, ""delta_days"": null}}",1997,1997,
8f492a31-0f82-4596-bf90-ba06f6b56753,Funeral March Of A Marionette,funeral-march-of-a-marionette,2020-02-22 15:50:22.856762,2024-01-18 18:20:55.641438,"","","",funeral,68,true,11cf8c23-7bf4-48f8-be21-8fa55906b644,Charles Gounod,,,1,2001-10-31,"{""1995"": 0, ""1996"": 0, ""1997"": 0, ""1998"": 0, ""1999"": 0, ""2000"": 0, ""2001"": 1, ""2002"": 0, ""2003"": 0, ""2004"": 0, ""2005"": 0, ""2006"": 0, ""2007"": 0, ""2008"": 0, ""2009"": 0, ""2010"": 0, ""2011"": 0, ""2012"": 0, ""2013"": 0, ""2014"": 0, ""2015"": 0, ""2016"": 0, ""2017"": 0, ""2018"": 0, ""2019"": 0, ""2020"": 0, ""2021"": 0, ""2022"": 0, ""2023"": 0, ""2024"": 0}","{""0"": {""date"": ""2001-10-31"", ""previous"": null, ""delta_days"": null}}",2001,2001,
beaeaf8c-26f2-440b-85f6-e815dffbbaf0,Toccata and Fugue in D Minor,toccata-and-fugue-in-d-minor,2020-02-22 15:50:23.989311,2023-04-06 03:42:13.056363,"","","",toccata,325,true,5f3ac14d-b297-48ab-81f6-4bcc446ec28b,Bach,,,1,2007-10-31,"{""1995"": 0, ""1996"": 0, ""1997"": 0, ""1998"": 0, ""1999"": 0, ""2000"": 0, ""2001"": 0, ""2002"": 0, ""2003"": 0, ""2004"": 0, ""2005"": 0, ""2006"": 0, ""2007"": 1, ""2008"": 0, ""2009"": 0, ""2010"": 0, ""2011"": 0, ""2012"": 0, ""2013"": 0, ""2014"": 0, ""2015"": 0, ""2016"": 0, ""2017"": 0, ""2018"": 0, ""2019"": 0, ""2020"": 0, ""2021"": 0, ""2022"": 0, ""2023"": 0}","{""0"": {""date"": ""2007-10-31"", ""previous"": null, ""delta_days"": null}}",2007,2007,
2315fd1a-8875-402c-884b-8dd1a0e0a0c0,Possum,possum,2020-02-22 15:50:23.147147,2020-03-03 14:18:03.627185,"","","",possum,142,true,44226f3d-4987-4669-8d69-85b5620e14ac,Jeff Holdsworth,,,2,1995-12-02,"{""1995"": 2, ""1996"": 0, ""1997"": 0, ""1998"": 0, ""1999"": 0, ""2000"": 0, ""2001"": 0, ""2002"": 0, ""2003"": 0, ""2004"": 0, ""2005"": 0, ""2006"": 0, ""2007"": 0, ""2008"": 0, ""2009"": 0, ""2010"": 0, ""2011"": 0, ""2012"": 0, ""2013"": 0, ""2014"": 0, ""2015"": 0, ""2016"": 0, ""2017"": 0, ""2018"": 0, ""2019"": 0, ""2020"": 0}","{""0"": {""date"": ""1995-02-11"", ""previous"": null, ""delta_days"": null}, ""7"": {""date"": ""1995-12-02"", ""previous"": ""1995-02-11"", ""delta_days"": 294}}",1995,1995,
a24defea-5ff2-49d9-8893-89bd723fea98,Vocal Jam,vocal-jam,2020-02-22 15:50:23.818238,2020-03-03 14:18:03.766730,"","","",vocj,199,false,e29db38d-5b63-4e2c-b5bc-8f4ed3fe1c64,The Disco Biscuits,,,1,1998-10-23,"{""1995"": 0, ""1996"": 0, ""1997"": 0, ""1998"": 1, ""1999"": 0, ""2000"": 0, ""2001"": 0, ""2002"": 0, ""2003"": 0, ""2004"": 0, ""2005"": 0, ""2006"": 0, ""2007"": 0, ""2008"": 0, ""2009"": 0, ""2010"": 0, ""2011"": 0, ""2012"": 0, ""2013"": 0, ""2014"": 0, ""2015"": 0, ""2016"": 0, ""2017"": 0, ""2018"": 0, ""2019"": 0, ""2020"": 0}","{""0"": {""date"": ""1998-10-23"", ""previous"": null, ""delta_days"": null}}",1998,1998,
1c444dfa-fac2-49d8-8e68-d4a81257444f,The Imperial March,the-imperial-march,2020-02-22 15:50:23.009469,2020-06-23 15:36:48.497567,"","","",imarch,87,true,273b8165-25e5-4b2a-afd0-65dd1ccb14b6,John Williams,,,0,,"{""1995"": 0, ""1996"": 0, ""1997"": 0, ""1998"": 0, ""1999"": 0, ""2000"": 0, ""2001"": 0, ""2002"": 0, ""2003"": 0, ""2004"": 0, ""2005"": 0, ""2006"": 0, ""2007"": 0, ""2008"": 0, ""2009"": 0, ""2010"": 0, ""2011"": 0, ""2012"": 0, ""2013"": 0, ""2014"": 0, ""2015"": 0, ""2016"": 0, ""2017"": 0, ""2018"": 0, ""2019"": 0, ""2020"": 0}",{},2020,,
3f5505cc-906e-47b4-9e19-6a43c7e82540,Aceetobee,aceetobee,2020-02-22 15:50:22.697566,2024-11-25 11:51:29.620838,"<p>Well, everyone&#x27;s talking &#x27;bout what they know.<br/>When tomorrow&#x27;s where I want to go.<br/>And everybody&#x27;s talking &#x27;bout who&#x27;s their man.<br/>As we&#x27;re finding our way to the promise land.<br/><br/>But things just aren&#x27;t as they seem to be,<br/>And one day you&#x27;re all locked up,<br/>The next day you&#x27;re free...<br/><br/>And it&#x27;s dark outside.<br/>All alone and it might slide by,<br/>But now the king is gone,<br/>And here we are Zex Sea,<br/>In Aceetobee.</p>","<p>transcribed by Rich Steele<br/><br/>(intro/main riff)<br/><br/>E            8 5 8 5 7<br/>B        5   5 5 5 5 5 5 5 &gt; 7<br/>G        5   5 5 5 5 5 5 5 &gt; 7<br/>D 5(sl)7   7 7 7 7 7 7 5 5 &gt; 7<br/>A<br/>E            (use palm mutes in between chords)<br/><br/>(play similar riff over the &#x27;well things just aren&#x27;t as they seemed to <br/>be&#x27;, but using a D7 chord voicing instead)<br/><br/>E<br/>B        5  7 5 5   7 5  5 5 5 &gt; 7<br/>G        5  5 5 5   5 5  5 5 5 &gt; 7<br/>D 5(sl)7    7 7 5   7 7  5 5 5 &gt; 7<br/>A<br/>E<br/><br/><br/><br/><br/>(riff after the Eb &gt; Ebm buildup)<br/>                                        F#<br/>E                                        2<br/>B        6(sl)4                          2<br/>G 3(sl)5        3 3  2 2 2(h)3           3<br/>D                              5 3       4<br/>A                                  5 4 4 4<br/>E                                        2<br/><br/>E  2<br/>B  2  4<br/>G  3  3<br/>D  4  5  (play 3 times,<br/>A  4  6   then lead into <br/>E  2     this riff over a Abm7 &gt; C#)<br/><br/>E       4<br/>B        4   6<br/>G         4  6 <br/>D    4       6<br/>A   6        4<br/>E  4 <br/><br/>then......<br/><br/>   (the immortal ac2b riff :)<br/><br/>  Eb                        F#            <br/>E<br/>B 8~ 8 9 11 9 9(h)11(p)9(p)8 7~  9 11 9 9(h)11(p)9 8~<br/>G<br/>D<br/>A<br/>E<br/><br/>this riff is played again during the ending jam, where jon does this <br/>ascending type riff that follows that riff that goes something like this:<br/><br/>E<br/>B 12  12  12  12         14  14  14  14(sl)16<br/>G   11  11  11  11 (sl)13  13  13  13<br/>D<br/>A<br/>E<br/><br/>  (the end is jammed over a Eb &gt; F# with that B &gt; C# &gt; Eb added at the end <br/>of each phrase)</p>","",actob,2,false,4338604b-38e0-432c-855b-bcd9091d4409,Jon Gutwillig,"<p>Supposedly written after Barber told his convenience store boss to fuck off, Aceetobee was one of the earliest originals debuted by the Biscuits, alongside Barfly, Pat &amp; Dex, and Basis. It features an intro, a verse section, a composed bridge, a vamp on the middle section with a descending riff, and a jam section built around a captivating, uplifting riff.</p><p></p><p>In the early trance-fusion era, the most interesting Aceetobee jams were intro jams segued into from other songs. One of the earliest Biscuits jams of note is 11/18/97 Vassillios &gt; Aceetobee. These two were also paired together on 8/28/98 at the Wetlands to similarly great effect.</p><p></p><p>Aceetobee began to develop into a more full-fledged jam vehicle in 1999. 3/14/99 was the first Aceetobee to divert from the usual formula. Instead of a triumphant rock jam, the main jam was brooding and atmospheric until turning on a dime back into Aceetobee. 3/27/99 is another lauded version, mainly for the type two intro jam.</p><p></p><p>Spring 1999 saw some of the first significant developments in Aceetobee, notably the expansion of the hitherto underutilized “first jam” section. 4/10/99 (another contender for greatest) is the first version to be split in the first jam section, sandwiching the underutilized Smoothie King (and featuring another fantastic intro jam and soaring main jam). 4/24/99 is perhaps the first Aceetobee to feature a lengthy first jam, one that is, in fact, nearly as long as the second or “main” jam. After these developments, Aceetobee remained largely stagnant for the remainder of the year, but some standout versions include 9/20/99 and 9/28/99. Beyond these, Aceetobee was mainly of interest for the jams into the song rather than the jams in the song itself. For some excellent segues into Aceetobee, see 5/29/99, 9/15/99 and 10/9/99.</p><p></p><p>From 2000 to 2002, Aceetobee did not develop much. Despite this, there are plenty of standout versions from this era. Aceetobees in this era were consistent if fairly predictable, and fans of the song have a variety of solid versions to choose from. Some of these are 7/12/00 (played with Jordan Crisman on bass), 8/26/00, 11/10/00, 9/19/01 (a beautiful, spacey 27 minute version), 12/31/01, 8/13/02 (first inverted), 8/18/02 (actually goes type two in the main jam) and 10/5/02 (from the legendary Haymaker festival).</p><p></p><p>The second show of 03 featured a gorgeous, fleshed out Aceetobee, and it seems like every version played that year was an attempt to top the last. For this reason, just about every Aceetobee played in 03 is spectacular and worth hearing. The highlights are 4/4/03, 4/25/03, 9/29/03, and 11/29/03. Two additional highlights merit further discussion: 7/26/03, spectacular in its own right, is the second inverted version, and is inverted middle &gt; end &gt; beginning unlike the 02 version which is inverted end &gt; beginning &gt; middle. 10/23/03 is the first ever techno Aceetobee; it was played at a Perfume show, but the techno Aceetobee was played a few times at standard Biscuits shows.</p><p></p><p>In 2003, Aceetobee was played more frequently than any year since 1999. 2004-2005 Aceetobee was relegated to a more secondary role. 11/27/04 stands out as a stellar version for any era, and 8/27/05 sandwiches an inverted Nughuffer in a poignant moment in Sammy’s last show.</p><p></p><p>When Allen joined the band, Aceetobee became considerably rarer, and was played almost always as a standalone, and frequently as a set closer. It had a brief mini-renaissance beginning in July 2007. 7/8/07 features Aceetobee inside a Bazaar Escape sandwich (rare in itself), and 7/13/07 is an excellent version, with an Aceetobee &gt; Pilin’ it Higher &gt; Aceetobee sandwich stuck in the middle of a Crystal Ball palindrome. 10/16/07 features an excellent type two jam in the main section, and 11/4/07 Aceetobee &gt; Great Abyss &gt; Aceetobee is maybe the best version of the year.</p><p></p><p>After a strong 2007, Aceetobee was only played twice in 2008, 4/18/08 and 6/6/08. Both of these versions are very solid. It may have ran out of steam from being played so infrequently, as the 09 versions were generally not as strong as the ones from 07-08. 7/1/09 is probably the only standout version from this year, and there are many versions that are the weakest part of significant segments (4/23/09, 6/25/09, 10/4/09).</p><p></p><p>Aceetobee continued to play second fiddle to the major heavy hitters throughout the rest of 2.0 and the setbreak era. On 11/22/09, the song Catalyst developed out of an Aceetobee first jam. The Aceetobee &gt; Catalyst &gt; Aceetobee pairing further limited Aceetobee’s jam potential, and was played a total of five times besides the debut. </p><p></p><p>Besides the revisiting of the techno Aceetobee on 6/8/10, there were very few significant versions of the song between 2009 and 2017. In 2017 the song had another mini renaissance; it was played on average once every six shows, more frequently than any year since 2011. Each of these versions is worth hearing. 4/29/17 at the Capitol Theatre features a fantastic split Aceetobee with a drawn out intro jam segued from Papercut. Aceetobee was inverted for the third time ever on 5/28/17, and the middle was played at the Ogden on 6/1/17, completing this first and only split inversion of the song. The Aceetobee &gt; Abyss &gt; Aceetobee pairing was dusted off, to great success, on 9/21/17 at Irving Plaza, and Aceetobee was segued into from the Mario theme, and used to sandwich an excellent set of video game music, on 12/31/17 at the Playstation Theatre. Easily the best version of the year, and possibly the best version with Allen, was the techno Aceetobee played 11/17/17 at the Fillmore in Denver.</p><p></p><p>After this mini-renaissance, Aceetobee remained a once-or-twice-per-year rarity. The song rarely delivers show-defining highlights, but there are still occasional versions worth checking out: 9/16/23 is the strongest since 11/17/17, and 12/1/23 the first techno version since that date.</p>","One day you’re all locked up, the next day you’re free",288,2024-11-09,"{""1995"": 2, ""1996"": 5, ""1997"": 54, ""1998"": 55, ""1999"": 30, ""2000"": 8, ""2001"": 17, ""2002"": 17, ""2003"": 14, ""2004"": 5, ""2005"": 4, ""2006"": 7, ""2007"": 6, ""2008"": 2, ""2009"": 9, ""2010"": 8, ""2011"": 6, ""2012"": 6, ""2013"": 3, ""2014"": 4, ""2015"": 3, ""2016"": 2, ""2017"": 6, ""2018"": 1, ""2019"": 2, ""2020"": 1, ""2021"": 3, ""2022"": 2, ""2023"": 3, ""2024"": 3}","{""42"": {""date"": ""2010-05-27"", ""previous"": ""2009-11-22"", ""delta_days"": 186}, ""43"": {""date"": ""2023-07-12"", ""previous"": ""2022-12-29"", ""delta_days"": 195}, ""58"": {""date"": ""2024-09-07"", ""previous"": ""2023-12-01"", ""delta_days"": 281}}",1998,2018,http://sickbarberlicks.weebly.com/aceetobee.html
dcd2aca7-7cfe-40fe-a5cb-c887aa767e45,Crazy Fingers ,crazy-fingers,2020-02-22 15:50:29.120743,2022-09-02 08:55:09.240869,"","","",crazy,438,true,079d7757-bd68-46ac-990a-6a254e0a9285,The Grateful Dead,,,2,2015-04-25,"{""1995"": 0, ""1996"": 0, ""1997"": 0, ""1998"": 0, ""1999"": 0, ""2000"": 0, ""2001"": 0, ""2002"": 0, ""2003"": 0, ""2004"": 0, ""2005"": 0, ""2006"": 0, ""2007"": 0, ""2008"": 0, ""2009"": 0, ""2010"": 0, ""2011"": 0, ""2012"": 0, ""2013"": 0, ""2014"": 0, ""2015"": 2, ""2016"": 0, ""2017"": 0, ""2018"": 0, ""2019"": 0, ""2020"": 0, ""2021"": 0, ""2022"": 0}","{""0"": {""date"": ""2015-04-17"", ""previous"": null, ""delta_days"": null}, ""5"": {""date"": ""2015-04-25"", ""previous"": ""2015-04-17"", ""delta_days"": 8}}",2015,2015,
825a3bb2-cecd-4653-88d4-49be2cf2de07,In the Meantime,in-the-meantime,2020-02-22 15:50:23.818238,2023-04-06 03:19:21.334368,"","","",meantime,226,true,d3e6c7d1-71e2-42d9-bda8-a22cf4ce20bd,Spacehog,,,2,2003-09-30,"{""1995"": 0, ""1996"": 0, ""1997"": 0, ""1998"": 0, ""1999"": 0, ""2000"": 0, ""2001"": 0, ""2002"": 0, ""2003"": 2, ""2004"": 0, ""2005"": 0, ""2006"": 0, ""2007"": 0, ""2008"": 0, ""2009"": 0, ""2010"": 0, ""2011"": 0, ""2012"": 0, ""2013"": 0, ""2014"": 0, ""2015"": 0, ""2016"": 0, ""2017"": 0, ""2018"": 0, ""2019"": 0, ""2020"": 0, ""2021"": 0, ""2022"": 0, ""2023"": 0}","{""0"": {""date"": ""2003-09-27"", ""previous"": null, ""delta_days"": null}, ""3"": {""date"": ""2003-09-30"", ""previous"": ""2003-09-27"", ""delta_days"": 3}}",2003,2003,
b127628a-5cdb-4c2b-af07-2035b9981c0a,Matisyahu Jam,matisyahu-jam,2020-02-22 15:50:23.989311,2020-03-03 14:18:06.467090,"","","",matisjam,312,false,,"",,,1,2007-03-10,"{""1995"": 0, ""1996"": 0, ""1997"": 0, ""1998"": 0, ""1999"": 0, ""2000"": 0, ""2001"": 0, ""2002"": 0, ""2003"": 0, ""2004"": 0, ""2005"": 0, ""2006"": 0, ""2007"": 1, ""2008"": 0, ""2009"": 0, ""2010"": 0, ""2011"": 0, ""2012"": 0, ""2013"": 0, ""2014"": 0, ""2015"": 0, ""2016"": 0, ""2017"": 0, ""2018"": 0, ""2019"": 0, ""2020"": 0}","{""0"": {""date"": ""2007-03-10"", ""previous"": null, ""delta_days"": null}}",2007,2007,
61028f37-acad-4c28-af79-6587d1f022e4,Star Wars Theme,star-wars-theme,2020-02-22 15:50:23.818238,2021-01-06 18:29:27.467845,"","","",starwars,181,true,,"",,,1,2001-12-31,"{""1995"": 0, ""1996"": 0, ""1997"": 0, ""1998"": 0, ""1999"": 0, ""2000"": 0, ""2001"": 1, ""2002"": 0, ""2003"": 0, ""2004"": 0, ""2005"": 0, ""2006"": 0, ""2007"": 0, ""2008"": 0, ""2009"": 0, ""2010"": 0, ""2011"": 0, ""2012"": 0, ""2013"": 0, ""2014"": 0, ""2015"": 0, ""2016"": 0, ""2017"": 0, ""2018"": 0, ""2019"": 0, ""2020"": 0, ""2021"": 0}","{""0"": {""date"": ""2001-12-31"", ""previous"": null, ""delta_days"": null}}",2001,2001,
0b047885-b288-4985-bda9-50c812ee028a,Ohayo Gozaimasu,ohayo-gozaimasu,2020-02-22 15:50:23.818238,2022-09-07 17:10:41.103596,"","","",pp1,253,false,4338604b-38e0-432c-855b-bcd9091d4409,Jon Gutwillig,,,3,2004-01-15,"{""1995"": 0, ""1996"": 0, ""1997"": 0, ""1998"": 0, ""1999"": 0, ""2000"": 0, ""2001"": 0, ""2002"": 0, ""2003"": 1, ""2004"": 2, ""2005"": 0, ""2006"": 0, ""2007"": 0, ""2008"": 0, ""2009"": 0, ""2010"": 0, ""2011"": 0, ""2012"": 0, ""2013"": 0, ""2014"": 0, ""2015"": 0, ""2016"": 0, ""2017"": 0, ""2018"": 0, ""2019"": 0, ""2020"": 0, ""2021"": 0, ""2022"": 0}","{""0"": {""date"": ""2003-12-31"", ""previous"": null, ""delta_days"": null}, ""2"": {""date"": ""2004-01-03"", ""previous"": ""2003-12-31"", ""delta_days"": 3}, ""6"": {""date"": ""2004-01-15"", ""previous"": ""2004-01-03"", ""delta_days"": 12}}",2004,2003,http://sickbarberlicks.weebly.com/ohayo-gozaimasu.html
4d206612-ec61-4388-a576-60396dd631c8,The Wedding March,the-wedding-march,2020-02-22 15:50:23.818238,2020-03-03 14:18:04.663985,"","","",wmarch,209,true,db72fcdf-43ee-471d-abe8-16c3fff66d82,Traditional,,,1,1999-12-31,"{""1995"": 0, ""1996"": 0, ""1997"": 0, ""1998"": 0, ""1999"": 1, ""2000"": 0, ""2001"": 0, ""2002"": 0, ""2003"": 0, ""2004"": 0, ""2005"": 0, ""2006"": 0, ""2007"": 0, ""2008"": 0, ""2009"": 0, ""2010"": 0, ""2011"": 0, ""2012"": 0, ""2013"": 0, ""2014"": 0, ""2015"": 0, ""2016"": 0, ""2017"": 0, ""2018"": 0, ""2019"": 0, ""2020"": 0}","{""0"": {""date"": ""1999-12-31"", ""previous"": null, ""delta_days"": null}}",1999,1999,
1084feef-e3bb-44a9-8501-71fa5b2ecf2d,Denmark Massive,denmark-massive,2020-02-22 15:50:23.989311,2022-11-30 20:29:12.389590,"","","",denmark,348,true,ae89d11b-0538-4597-ac78-2b1fb2ed7948,The Join,,,3,2022-04-02,"{""1995"": 0, ""1996"": 0, ""1997"": 0, ""1998"": 0, ""1999"": 0, ""2000"": 0, ""2001"": 0, ""2002"": 0, ""2003"": 0, ""2004"": 0, ""2005"": 0, ""2006"": 0, ""2007"": 0, ""2008"": 2, ""2009"": 0, ""2010"": 0, ""2011"": 0, ""2012"": 0, ""2013"": 0, ""2014"": 0, ""2015"": 0, ""2016"": 0, ""2017"": 0, ""2018"": 0, ""2019"": 0, ""2020"": 0, ""2021"": 0, ""2022"": 1}","{""0"": {""date"": ""2008-04-17"", ""previous"": null, ""delta_days"": null}, ""13"": {""date"": ""2008-06-09"", ""previous"": ""2008-04-17"", ""delta_days"": 53}, ""554"": {""date"": ""2022-04-02"", ""previous"": ""2008-06-09"", ""delta_days"": 5045}}",2008,2022,
6b1e4a1e-bf56-483b-adcd-22024e7fded2,Run Like An Antelope,run-like-an-antelope,2020-02-22 15:50:22.697566,2020-03-03 14:18:01.013864,"","","",antelope,8,true,b2862b20-2f95-4bd9-a302-01c6ccd82cc9,Trey Anastasio,,,4,1995-12-02,"{""1995"": 4, ""1996"": 0, ""1997"": 0, ""1998"": 0, ""1999"": 0, ""2000"": 0, ""2001"": 0, ""2002"": 0, ""2003"": 0, ""2004"": 0, ""2005"": 0, ""2006"": 0, ""2007"": 0, ""2008"": 0, ""2009"": 0, ""2010"": 0, ""2011"": 0, ""2012"": 0, ""2013"": 0, ""2014"": 0, ""2015"": 0, ""2016"": 0, ""2017"": 0, ""2018"": 0, ""2019"": 0, ""2020"": 0}","{""0"": {""date"": ""1995-04-01"", ""previous"": null, ""delta_days"": null}, ""1"": {""date"": ""1995-10-23"", ""previous"": ""1995-09-16"", ""delta_days"": 37}, ""4"": {""date"": ""1995-12-02"", ""previous"": ""1995-10-23"", ""delta_days"": 40}}",1995,1995,
a3ec5e8f-825d-48b3-bf74-1320612f7498,Worcester Jam,worcester-jam,2020-02-22 15:50:23.818238,2024-01-24 18:21:21.081042,"","","",worcester,211,false,e29db38d-5b63-4e2c-b5bc-8f4ed3fe1c64,The Disco Biscuits,,,2,1999-02-20,"{""1995"": 0, ""1996"": 0, ""1997"": 0, ""1998"": 0, ""1999"": 2, ""2000"": 0, ""2001"": 0, ""2002"": 0, ""2003"": 0, ""2004"": 0, ""2005"": 0, ""2006"": 0, ""2007"": 0, ""2008"": 0, ""2009"": 0, ""2010"": 0, ""2011"": 0, ""2012"": 0, ""2013"": 0, ""2014"": 0, ""2015"": 0, ""2016"": 0, ""2017"": 0, ""2018"": 0, ""2019"": 0, ""2020"": 0, ""2021"": 0, ""2022"": 0, ""2023"": 0, ""2024"": 0}","{""0"": {""date"": ""1999-01-22"", ""previous"": null, ""delta_days"": null}, ""23"": {""date"": ""1999-02-20"", ""previous"": ""1999-01-22"", ""delta_days"": 29}}",1999,1999,
b775d7d2-42c0-4e0c-864d-d9155de5c82b,Mean Mr. Mustard,mean-mr-mustard,2020-02-22 15:50:23.818238,2020-03-03 14:18:05.099680,"","","",mustard,235,true,4c05e770-de89-4034-970d-7841d064b9e6,The Beatles,,,2,1995-12-02,"{""1995"": 2, ""1996"": 0, ""1997"": 0, ""1998"": 0, ""1999"": 0, ""2000"": 0, ""2001"": 0, ""2002"": 0, ""2003"": 0, ""2004"": 0, ""2005"": 0, ""2006"": 0, ""2007"": 0, ""2008"": 0, ""2009"": 0, ""2010"": 0, ""2011"": 0, ""2012"": 0, ""2013"": 0, ""2014"": 0, ""2015"": 0, ""2016"": 0, ""2017"": 0, ""2018"": 0, ""2019"": 0, ""2020"": 0}","{""0"": {""date"": ""1995-11-09"", ""previous"": null, ""delta_days"": null}, ""3"": {""date"": ""1995-12-02"", ""previous"": ""1995-11-09"", ""delta_days"": 23}}",1995,1995,
65312aae-4172-4429-97f1-63f5bbb071aa,Knight Rider Theme,knight-rider-theme,2020-02-22 15:50:23.818238,2020-08-29 21:52:42.887984,"","","",knight,259,true,9c4a7dd8-c112-4523-967a-f3b92b2b6db2,"Stu Phillips, Glen Larson",,,2,2010-07-17,"{""1995"": 0, ""1996"": 0, ""1997"": 0, ""1998"": 0, ""1999"": 0, ""2000"": 0, ""2001"": 0, ""2002"": 0, ""2003"": 0, ""2004"": 1, ""2005"": 0, ""2006"": 0, ""2007"": 0, ""2008"": 0, ""2009"": 0, ""2010"": 1, ""2011"": 0, ""2012"": 0, ""2013"": 0, ""2014"": 0, ""2015"": 0, ""2016"": 0, ""2017"": 0, ""2018"": 0, ""2019"": 0, ""2020"": 0}","{""0"": {""date"": ""2004-09-05"", ""previous"": null, ""delta_days"": null}, ""404"": {""date"": ""2010-07-17"", ""previous"": ""2004-09-05"", ""delta_days"": 2141}}",2010,2004,
583a5810-535c-4f2a-a0bc-a12fb5b916f0,A Night In Tunisia,a-night-in-tunisia,2020-02-22 15:50:23.818238,2021-10-16 14:24:34.701655,"","","",tunisia,194,true,2f4d3f8c-0e4a-4ba7-97d2-905ed896c9f6,Dizzy Gillespie,,,21,2002-10-20,"{""1995"": 0, ""1996"": 1, ""1997"": 9, ""1998"": 8, ""1999"": 2, ""2000"": 0, ""2001"": 0, ""2002"": 1, ""2003"": 0, ""2004"": 0, ""2005"": 0, ""2006"": 0, ""2007"": 0, ""2008"": 0, ""2009"": 0, ""2010"": 0, ""2011"": 0, ""2012"": 0, ""2013"": 0, ""2014"": 0, ""2015"": 0, ""2016"": 0, ""2017"": 0, ""2018"": 0, ""2019"": 0, ""2020"": 0, ""2021"": 0}","{""23"": {""date"": ""1998-06-08"", ""previous"": ""1998-04-30"", ""delta_days"": 39}, ""36"": {""date"": ""1999-04-07"", ""previous"": ""1999-02-04"", ""delta_days"": 62}, ""37"": {""date"": ""1998-08-02"", ""previous"": ""1998-06-08"", ""delta_days"": 55}, ""63"": {""date"": ""1997-07-10"", ""previous"": ""1996-12-14"", ""delta_days"": 208}, ""329"": {""date"": ""2002-10-20"", ""previous"": ""1999-04-07"", ""delta_days"": 1292}}",1997,1996,
9596035c-bb5f-46be-a502-16531547077d,Phantom Pt. II,phantom-pt-ii,2020-02-22 15:50:23.989311,2020-03-03 14:18:06.894785,"","","",phantom,347,true,cf356c9f-d633-4ff4-a748-d0667ddd8276,Justice,,,1,2008-07-19,"{""1995"": 0, ""1996"": 0, ""1997"": 0, ""1998"": 0, ""1999"": 0, ""2000"": 0, ""2001"": 0, ""2002"": 0, ""2003"": 0, ""2004"": 0, ""2005"": 0, ""2006"": 0, ""2007"": 0, ""2008"": 1, ""2009"": 0, ""2010"": 0, ""2011"": 0, ""2012"": 0, ""2013"": 0, ""2014"": 0, ""2015"": 0, ""2016"": 0, ""2017"": 0, ""2018"": 0, ""2019"": 0, ""2020"": 0}","{""0"": {""date"": ""2008-07-19"", ""previous"": null, ""delta_days"": null}}",2008,2008,
4d81d048-43b6-483e-a2c6-0f02e9a0f650,Alumni Blues,alumni-blues,2020-02-22 15:50:22.697566,2020-03-03 14:18:00.951343,"","","",alumni,7,true,1078df0b-4ebf-4d7b-bbf3-5d3d98eeeed5,Phish,,,2,1996-05-25,"{""1995"": 0, ""1996"": 2, ""1997"": 0, ""1998"": 0, ""1999"": 0, ""2000"": 0, ""2001"": 0, ""2002"": 0, ""2003"": 0, ""2004"": 0, ""2005"": 0, ""2006"": 0, ""2007"": 0, ""2008"": 0, ""2009"": 0, ""2010"": 0, ""2011"": 0, ""2012"": 0, ""2013"": 0, ""2014"": 0, ""2015"": 0, ""2016"": 0, ""2017"": 0, ""2018"": 0, ""2019"": 0, ""2020"": 0}","{""0"": {""date"": ""1996-05-18"", ""previous"": null, ""delta_days"": null}, ""1"": {""date"": ""1996-05-25"", ""previous"": ""1996-05-18"", ""delta_days"": 7}}",1996,1996,
83c48d46-4a85-4622-8f3e-953e9e75f9a9,Blame Canada,blame-canada,2020-02-22 15:50:23.818238,2023-09-13 11:36:55.366829,"","","",canada,246,true,476422e7-741b-448f-8e56-9ab0a33bb7b6,Trey Parker/Matt Stone,,,1,2003-12-31,"{""1995"": 0, ""1996"": 0, ""1997"": 0, ""1998"": 0, ""1999"": 0, ""2000"": 0, ""2001"": 0, ""2002"": 0, ""2003"": 1, ""2004"": 0, ""2005"": 0, ""2006"": 0, ""2007"": 0, ""2008"": 0, ""2009"": 0, ""2010"": 0, ""2011"": 0, ""2012"": 0, ""2013"": 0, ""2014"": 0, ""2015"": 0, ""2016"": 0, ""2017"": 0, ""2018"": 0, ""2019"": 0, ""2020"": 0, ""2021"": 0, ""2022"": 0, ""2023"": 0}","{""0"": {""date"": ""2003-12-31"", ""previous"": null, ""delta_days"": null}}",2003,2003,
1314bdf7-42f7-412a-b7fa-6b54d6ba16d6,Moshi-Drum Jam,moshi-drum-jam,2020-02-22 15:50:23.818238,2024-10-03 15:39:32.240987,"","","Just Magner and Allen on stage, drums and keyboards",moshidrum,287,false,4fd3079f-e213-4178-9ca7-0d1b79843c59,"",,,4,2006-11-21,"{""1995"": 0, ""1996"": 0, ""1997"": 0, ""1998"": 0, ""1999"": 0, ""2000"": 0, ""2001"": 0, ""2002"": 0, ""2003"": 0, ""2004"": 0, ""2005"": 0, ""2006"": 4, ""2007"": 0, ""2008"": 0, ""2009"": 0, ""2010"": 0, ""2011"": 0, ""2012"": 0, ""2013"": 0, ""2014"": 0, ""2015"": 0, ""2016"": 0, ""2017"": 0, ""2018"": 0, ""2019"": 0, ""2020"": 0, ""2021"": 0, ""2022"": 0, ""2023"": 0, ""2024"": 0}","{""0"": {""date"": ""2006-11-01"", ""previous"": null, ""delta_days"": null}, ""3"": {""date"": ""2006-11-10"", ""previous"": ""2006-11-04"", ""delta_days"": 6}, ""9"": {""date"": ""2006-11-21"", ""previous"": ""2006-11-10"", ""delta_days"": 11}}",2006,2006,
2057f105-4ff9-44f8-97c1-d5a99c5c2f59,In the Kitchen,in-the-kitchen,2020-02-22 15:50:23.818238,2020-03-03 14:17:59.507437,"","","",inkitchen,277,true,97fdc6ba-e398-4f76-aa85-3e616aec81c0,Umphrey's McGee,,,1,2006-05-05,"{""1995"": 0, ""1996"": 0, ""1997"": 0, ""1998"": 0, ""1999"": 0, ""2000"": 0, ""2001"": 0, ""2002"": 0, ""2003"": 0, ""2004"": 0, ""2005"": 0, ""2006"": 1, ""2007"": 0, ""2008"": 0, ""2009"": 0, ""2010"": 0, ""2011"": 0, ""2012"": 0, ""2013"": 0, ""2014"": 0, ""2015"": 0, ""2016"": 0, ""2017"": 0, ""2018"": 0, ""2019"": 0, ""2020"": 0}","{""0"": {""date"": ""2006-05-05"", ""previous"": null, ""delta_days"": null}}",2006,2006,
cb423c0f-4678-4db0-b586-a773057d0e63,Can't You See,can-t-you-see,2020-02-22 15:50:22.697566,2020-05-01 15:53:26.565437,"","","",cantyousee,32,true,a1242e85-df59-4684-bfff-0e73ac463be5,Marshall Tucker Band,,,1,1998-04-02,"{""1995"": 0, ""1996"": 0, ""1997"": 0, ""1998"": 1, ""1999"": 0, ""2000"": 0, ""2001"": 0, ""2002"": 0, ""2003"": 0, ""2004"": 0, ""2005"": 0, ""2006"": 0, ""2007"": 0, ""2008"": 0, ""2009"": 0, ""2010"": 0, ""2011"": 0, ""2012"": 0, ""2013"": 0, ""2014"": 0, ""2015"": 0, ""2016"": 0, ""2017"": 0, ""2018"": 0, ""2019"": 0, ""2020"": 0}","{""0"": {""date"": ""1998-04-02"", ""previous"": null, ""delta_days"": null}}",1998,1998,
912d67e6-48bf-4022-9eff-77b1db71ac38,Termites,termites,2020-02-22 15:50:23.989311,2024-02-29 00:12:34.426670,"","","",termites,322,false,4338604b-38e0-432c-855b-bcd9091d4409,"",,,2,2007-08-17,"{""1995"": 0, ""1996"": 0, ""1997"": 0, ""1998"": 0, ""1999"": 0, ""2000"": 0, ""2001"": 0, ""2002"": 0, ""2003"": 0, ""2004"": 0, ""2005"": 0, ""2006"": 0, ""2007"": 2, ""2008"": 0, ""2009"": 0, ""2010"": 0, ""2011"": 0, ""2012"": 0, ""2013"": 0, ""2014"": 0, ""2015"": 0, ""2016"": 0, ""2017"": 0, ""2018"": 0, ""2019"": 0, ""2020"": 0, ""2021"": 0, ""2022"": 0, ""2023"": 0, ""2024"": 0}","{""0"": {""date"": ""2007-08-15"", ""previous"": null, ""delta_days"": null}, ""2"": {""date"": ""2007-08-17"", ""previous"": ""2007-08-15"", ""delta_days"": 2}}",2007,2007,
5753f092-f2b5-465a-b744-849d3360269a,Little Boy On The Moon,little-boy-on-the-moon,2020-02-22 15:50:23.009469,2024-01-18 18:25:12.344432,"","","",littleboy,107,false,a827e021-ab19-4d94-9aa8-6097e0fba28b,Aron Magner,,,2,2000-06-27,"{""1995"": 0, ""1996"": 0, ""1997"": 0, ""1998"": 0, ""1999"": 0, ""2000"": 2, ""2001"": 0, ""2002"": 0, ""2003"": 0, ""2004"": 0, ""2005"": 0, ""2006"": 0, ""2007"": 0, ""2008"": 0, ""2009"": 0, ""2010"": 0, ""2011"": 0, ""2012"": 0, ""2013"": 0, ""2014"": 0, ""2015"": 0, ""2016"": 0, ""2017"": 0, ""2018"": 0, ""2019"": 0, ""2020"": 0, ""2021"": 0, ""2022"": 0, ""2023"": 0, ""2024"": 0}","{""0"": {""date"": ""2000-03-11"", ""previous"": null, ""delta_days"": null}, ""9"": {""date"": ""2000-06-27"", ""previous"": ""2000-03-11"", ""delta_days"": 108}}",2000,2000,
5933849a-c4d5-4325-b7be-e2348e0fde24,Where the Streets Have No Name,where-the-streets-have-no-name,2020-02-22 15:50:23.989311,2023-10-13 13:26:17.388907,"","","",streets,330,true,00728db6-8c23-4a58-ac10-e2b66cf74d51,U2,,,2,2007-12-28,"{""1995"": 0, ""1996"": 0, ""1997"": 0, ""1998"": 0, ""1999"": 0, ""2000"": 0, ""2001"": 0, ""2002"": 0, ""2003"": 0, ""2004"": 0, ""2005"": 0, ""2006"": 0, ""2007"": 2, ""2008"": 0, ""2009"": 0, ""2010"": 0, ""2011"": 0, ""2012"": 0, ""2013"": 0, ""2014"": 0, ""2015"": 0, ""2016"": 0, ""2017"": 0, ""2018"": 0, ""2019"": 0, ""2020"": 0, ""2021"": 0, ""2022"": 0, ""2023"": 0}","{""0"": {""date"": ""2007-12-14"", ""previous"": null, ""delta_days"": null}, ""4"": {""date"": ""2007-12-28"", ""previous"": ""2007-12-14"", ""delta_days"": 14}}",2007,2007,
578b98d5-10bf-44ce-8514-603e06c669b3,Harder Better Faster Stronger,harder-better-faster-stronger,2020-02-22 15:50:23.989311,2022-09-13 23:07:19.456808,"","","",harder,360,true,adb45363-78e3-4386-8e4a-de06d60bd09d,Daft Punk,,,1,2009-06-26,"{""1995"": 0, ""1996"": 0, ""1997"": 0, ""1998"": 0, ""1999"": 0, ""2000"": 0, ""2001"": 0, ""2002"": 0, ""2003"": 0, ""2004"": 0, ""2005"": 0, ""2006"": 0, ""2007"": 0, ""2008"": 0, ""2009"": 1, ""2010"": 0, ""2011"": 0, ""2012"": 0, ""2013"": 0, ""2014"": 0, ""2015"": 0, ""2016"": 0, ""2017"": 0, ""2018"": 0, ""2019"": 0, ""2020"": 0, ""2021"": 0, ""2022"": 0}","{""0"": {""date"": ""2009-06-26"", ""previous"": null, ""delta_days"": null}}",2009,2009,
d55cf91c-e35f-46f9-b8d8-9251e080885d,Standing On The Verge Of Getting It On,standing-on-the-verge-of-getting-it-on,2020-02-22 15:50:23.989311,2023-04-06 03:51:05.154348,"","","",standing,365,true,96453576-2ebc-4045-91d5-7977572309e2,Funkadelic,,,2,2009-01-29,"{""1995"": 0, ""1996"": 0, ""1997"": 0, ""1998"": 0, ""1999"": 0, ""2000"": 0, ""2001"": 0, ""2002"": 0, ""2003"": 0, ""2004"": 0, ""2005"": 0, ""2006"": 0, ""2007"": 0, ""2008"": 1, ""2009"": 1, ""2010"": 0, ""2011"": 0, ""2012"": 0, ""2013"": 0, ""2014"": 0, ""2015"": 0, ""2016"": 0, ""2017"": 0, ""2018"": 0, ""2019"": 0, ""2020"": 0, ""2021"": 0, ""2022"": 0, ""2023"": 0}","{""0"": {""date"": ""2008-12-27"", ""previous"": null, ""delta_days"": null}, ""13"": {""date"": ""2009-01-29"", ""previous"": ""2008-12-27"", ""delta_days"": 33}}",2009,2008,
41945344-76b6-4c39-b268-09e71f967852,Lunar Pursuit,lunar-pursuit,2020-02-22 15:50:23.989311,2024-11-23 07:14:53.071163,"","","",lunar,314,false,ce699602-28b5-469b-b893-cf81a9aa36a0,"",,,85,2024-11-17,"{""1995"": 0, ""1996"": 0, ""1997"": 0, ""1998"": 0, ""1999"": 0, ""2000"": 0, ""2001"": 0, ""2002"": 0, ""2003"": 0, ""2004"": 0, ""2005"": 0, ""2006"": 0, ""2007"": 12, ""2008"": 4, ""2009"": 12, ""2010"": 13, ""2011"": 9, ""2012"": 3, ""2013"": 4, ""2014"": 3, ""2015"": 3, ""2016"": 4, ""2017"": 2, ""2018"": 1, ""2019"": 5, ""2020"": 1, ""2021"": 2, ""2022"": 2, ""2023"": 2, ""2024"": 3}","{""30"": {""date"": ""2021-11-21"", ""previous"": ""2021-05-15"", ""delta_days"": 190}, ""35"": {""date"": ""2019-01-31"", ""previous"": ""2018-03-09"", ""delta_days"": 328}, ""39"": {""date"": ""2022-11-13"", ""previous"": ""2022-03-11"", ""delta_days"": 247}, ""40"": {""date"": ""2023-07-14"", ""previous"": ""2023-01-20"", ""delta_days"": 175}, ""92"": {""date"": ""2024-11-03"", ""previous"": ""2023-07-14"", ""delta_days"": 478}}",2010,2018,http://sickbarberlicks.weebly.com/lunar-pursuit.html
2c17fe84-adc4-479a-833b-1762224cd41b,Also Sprach Zarathustra,also-sprach-zarathustra,2024-11-01 05:00:57.351123,2024-11-23 07:16:38.731553,"","","",,,true,e29db38d-5b63-4e2c-b5bc-8f4ed3fe1c64,,"","",5,2024-11-22,"{""1995"": 0, ""1996"": 0, ""1997"": 0, ""1998"": 0, ""1999"": 0, ""2000"": 0, ""2001"": 0, ""2002"": 0, ""2003"": 0, ""2004"": 0, ""2005"": 0, ""2006"": 0, ""2007"": 0, ""2008"": 0, ""2009"": 0, ""2010"": 0, ""2011"": 0, ""2012"": 0, ""2013"": 0, ""2014"": 0, ""2015"": 0, ""2016"": 0, ""2017"": 0, ""2018"": 0, ""2019"": 0, ""2020"": 0, ""2021"": 0, ""2022"": 0, ""2023"": 0, ""2024"": 5}","{""2"": {""date"": ""2024-11-02"", ""previous"": ""2024-10-31"", ""delta_days"": 2}, ""4"": {""date"": ""2024-11-22"", ""previous"": ""2024-11-16"", ""delta_days"": 6}, ""5"": {""date"": ""2024-11-09"", ""previous"": ""2024-11-02"", ""delta_days"": 7}}",2024,2024,""
55c81c10-c603-4d5b-86fb-188ab8918746,Gumbo,gumbo,2020-02-22 15:50:23.989311,2020-03-03 14:18:07.536445,"","","",gumbo,399,true,1078df0b-4ebf-4d7b-bbf3-5d3d98eeeed5,Phish,,,3,1995-12-09,"{""1995"": 3, ""1996"": 0, ""1997"": 0, ""1998"": 0, ""1999"": 0, ""2000"": 0, ""2001"": 0, ""2002"": 0, ""2003"": 0, ""2004"": 0, ""2005"": 0, ""2006"": 0, ""2007"": 0, ""2008"": 0, ""2009"": 0, ""2010"": 0, ""2011"": 0, ""2012"": 0, ""2013"": 0, ""2014"": 0, ""2015"": 0, ""2016"": 0, ""2017"": 0, ""2018"": 0, ""2019"": 0, ""2020"": 0}","{""0"": {""date"": ""1995-09-16"", ""previous"": null, ""delta_days"": null}, ""2"": {""date"": ""1995-11-09"", ""previous"": ""1995-09-16"", ""delta_days"": 54}, ""4"": {""date"": ""1995-12-09"", ""previous"": ""1995-11-09"", ""delta_days"": 30}}",1995,1995,
337b4e70-18b3-44c3-a6ab-93c3fa07cd75,The Overture,the-overture,2020-02-22 15:50:23.147147,2024-12-08 15:16:29.165946,"","Transcribed by Rich Steele <br/><br/><br/>E<br/>B<br/>G  7~ 5 4              4                    4<br/>D         7 5 4  5(h)7   7 5 4     5 5  7 7      5<br/>A                              7 5             5<br/>E<br/><br/>E<br/>B<br/>G  7~ 5 4              4  <br/>D         7 5 4  5(h)7   7 5 4     5 5  7    5   5<br/>A                              7 5         5   5 <br/>E <br/><br/>that's all for now....<br/><br/>----------------------------------------------------------------------------------<br/><br/>transcribed by Bill (mrparker@OWLNET.RICE.EDU)<br/><br/>I'm bored, so I figured I'd give all the bass players in the house a<br/>little finger workout.....I've got some more of this tabbed, but it's<br/>trapped on my crippled computer....might drop it at a later date.<br/><br/>It's the bass melody toward the beginning, which is a recurring theme on<br/>all three instruments throughout.  You can play it as is on guitar, but<br/>it would definitely not be the ideal position.  I leave it to you to<br/>figure out what would be.<br/><br/>     G<br/>g---------------11-12-11-9-----------------------------------<br/>d-----------9-12----------12-10-9-12-10--9---9---9-10-11-12----<br/>a----10---12---------------------------12--12--12--------------<br/>e------------------------------------------------------------<br/><br/>(repeat)<br/><br/>     Em<br/>g------------9-11-12-11-9------------------------------------------<br/>d-----------9------------12-10-9-12-10-------------------9-10-11---<br/>a---------10--------------------------10-12--10-12--10-12----------<br/>e----12------------------------------------------------------------<br/><br/>     D<br/>g---------------11-12-11-9---------------------------------<br/>d----12-------10----------12-10-9-12-10-9------------------<br/>a-----------12---------------------------10---10---10------<br/>e---------10--------------------------------10---10---2-3--","",overture,134,false,4338604b-38e0-432c-855b-bcd9091d4409,Jon Gutwillig,,,159,2024-11-06,"{""1995"": 0, ""1996"": 0, ""1997"": 0, ""1998"": 10, ""1999"": 35, ""2000"": 10, ""2001"": 12, ""2002"": 18, ""2003"": 8, ""2004"": 3, ""2005"": 2, ""2006"": 11, ""2007"": 6, ""2008"": 4, ""2009"": 7, ""2010"": 3, ""2011"": 3, ""2012"": 1, ""2013"": 0, ""2014"": 2, ""2015"": 3, ""2016"": 1, ""2017"": 4, ""2018"": 3, ""2019"": 2, ""2020"": 0, ""2021"": 5, ""2022"": 1, ""2023"": 3, ""2024"": 2}","{""36"": {""date"": ""2024-02-07"", ""previous"": ""2023-07-18"", ""delta_days"": 204}, ""39"": {""date"": ""2023-05-05"", ""previous"": ""2022-09-08"", ""delta_days"": 239}, ""55"": {""date"": ""2024-11-06"", ""previous"": ""2024-02-07"", ""delta_days"": 273}, ""78"": {""date"": ""2010-09-02"", ""previous"": ""2009-10-04"", ""delta_days"": 333}}",1999,2012,http://sickbarberlicks.weebly.com/the-overture.html
e8e33ed2-6572-4898-ba90-73efb53afb85,Funky Town ,funky-town,2020-02-22 15:50:29.120743,2022-09-02 08:59:00.776042,"","","",funkytown,451,true,b2fa49a5-2828-4c99-bdd9-608c4438c815,Lipps Inc. ,,,2,2016-03-05,"{""1995"": 0, ""1996"": 0, ""1997"": 0, ""1998"": 0, ""1999"": 0, ""2000"": 0, ""2001"": 0, ""2002"": 0, ""2003"": 0, ""2004"": 0, ""2005"": 0, ""2006"": 0, ""2007"": 0, ""2008"": 0, ""2009"": 0, ""2010"": 0, ""2011"": 0, ""2012"": 0, ""2013"": 0, ""2014"": 0, ""2015"": 1, ""2016"": 1, ""2017"": 0, ""2018"": 0, ""2019"": 0, ""2020"": 0, ""2021"": 0, ""2022"": 0}","{""0"": {""date"": ""2015-10-31"", ""previous"": null, ""delta_days"": null}, ""11"": {""date"": ""2016-03-05"", ""previous"": ""2015-10-31"", ""delta_days"": 126}}",2016,2015,
b93689df-973e-446e-ade9-69c479720bea,New Speedway Boogie,new-speedway-boogie,2020-02-22 15:50:29.120743,2020-03-21 19:19:15.924565,"","","",speedway,439,true,079d7757-bd68-46ac-990a-6a254e0a9285,The Grateful Dead,,,1,2015-04-17,"{""1995"": 0, ""1996"": 0, ""1997"": 0, ""1998"": 0, ""1999"": 0, ""2000"": 0, ""2001"": 0, ""2002"": 0, ""2003"": 0, ""2004"": 0, ""2005"": 0, ""2006"": 0, ""2007"": 0, ""2008"": 0, ""2009"": 0, ""2010"": 0, ""2011"": 0, ""2012"": 0, ""2013"": 0, ""2014"": 0, ""2015"": 1, ""2016"": 0, ""2017"": 0, ""2018"": 0, ""2019"": 0, ""2020"": 0}","{""0"": {""date"": ""2015-04-17"", ""previous"": null, ""delta_days"": null}}",2015,2015,
42422c1a-7b2e-4145-8853-ec35a1d5f7f2,Tubular Bells,tubular-bells,2020-02-22 15:50:29.120743,2020-03-03 14:18:08.737755,"","","",tubular,472,true,b335fff3-e32a-44eb-825b-5fea1ceae149,Mike Oldfield,,,1,2017-10-28,"{""1995"": 0, ""1996"": 0, ""1997"": 0, ""1998"": 0, ""1999"": 0, ""2000"": 0, ""2001"": 0, ""2002"": 0, ""2003"": 0, ""2004"": 0, ""2005"": 0, ""2006"": 0, ""2007"": 0, ""2008"": 0, ""2009"": 0, ""2010"": 0, ""2011"": 0, ""2012"": 0, ""2013"": 0, ""2014"": 0, ""2015"": 0, ""2016"": 0, ""2017"": 1, ""2018"": 0, ""2019"": 0, ""2020"": 0}","{""0"": {""date"": ""2017-10-28"", ""previous"": null, ""delta_days"": null}}",2017,2017,
82870f4f-f6a5-4222-ba05-2aa421ffa6b4,Schubert's Opus 90,schubert-s-opus-90,2020-02-22 15:50:23.147147,2024-01-18 18:31:16.951470,"","","",schubert,161,true,6085b4b8-3cd0-4d52-aea8-e762f28ddf40,Schubert,,,1,2000-06-22,"{""1995"": 0, ""1996"": 0, ""1997"": 0, ""1998"": 0, ""1999"": 0, ""2000"": 1, ""2001"": 0, ""2002"": 0, ""2003"": 0, ""2004"": 0, ""2005"": 0, ""2006"": 0, ""2007"": 0, ""2008"": 0, ""2009"": 0, ""2010"": 0, ""2011"": 0, ""2012"": 0, ""2013"": 0, ""2014"": 0, ""2015"": 0, ""2016"": 0, ""2017"": 0, ""2018"": 0, ""2019"": 0, ""2020"": 0, ""2021"": 0, ""2022"": 0, ""2023"": 0, ""2024"": 0}","{""0"": {""date"": ""2000-06-22"", ""previous"": null, ""delta_days"": null}}",2000,2000,
8b801782-55a3-43ad-8532-94a2cd45ae60,Help On The Way,help-on-the-way,2020-02-22 15:50:22.856762,2024-01-22 12:33:44.695792,"","","",help,75,true,079d7757-bd68-46ac-990a-6a254e0a9285,The Grateful Dead,,,7,2022-10-29,"{""1995"": 2, ""1996"": 1, ""1997"": 0, ""1998"": 0, ""1999"": 0, ""2000"": 0, ""2001"": 0, ""2002"": 0, ""2003"": 0, ""2004"": 0, ""2005"": 0, ""2006"": 0, ""2007"": 0, ""2008"": 0, ""2009"": 0, ""2010"": 0, ""2011"": 0, ""2012"": 0, ""2013"": 0, ""2014"": 0, ""2015"": 2, ""2016"": 0, ""2017"": 0, ""2018"": 0, ""2019"": 1, ""2020"": 0, ""2021"": 0, ""2022"": 1, ""2023"": 0, ""2024"": 0}","{""7"": {""date"": ""1995-12-10"", ""previous"": ""1995-09-16"", ""delta_days"": 85}, ""8"": {""date"": ""2015-07-17"", ""previous"": ""2015-04-17"", ""delta_days"": 91}, ""122"": {""date"": ""2019-02-02"", ""previous"": ""2015-07-17"", ""delta_days"": 1296}, ""131"": {""date"": ""2022-10-29"", ""previous"": ""2019-02-02"", ""delta_days"": 1365}, ""1383"": {""date"": ""2015-04-17"", ""previous"": ""1996-02-13"", ""delta_days"": 7003}}",2015,1996,
49f812c2-476a-4542-b956-ceb53c19cfc5,Watching the Wheels,watching-the-wheels,2020-02-22 15:50:29.120743,2023-04-20 15:31:28.954568,"","","",watching,481,true,676b9663-c899-4e49-a843-3ed05c6fd863,John Lennon,,,1,2018-12-13,"{""1995"": 0, ""1996"": 0, ""1997"": 0, ""1998"": 0, ""1999"": 0, ""2000"": 0, ""2001"": 0, ""2002"": 0, ""2003"": 0, ""2004"": 0, ""2005"": 0, ""2006"": 0, ""2007"": 0, ""2008"": 0, ""2009"": 0, ""2010"": 0, ""2011"": 0, ""2012"": 0, ""2013"": 0, ""2014"": 0, ""2015"": 0, ""2016"": 0, ""2017"": 0, ""2018"": 1, ""2019"": 0, ""2020"": 0, ""2021"": 0, ""2022"": 0, ""2023"": 0}","{""0"": {""date"": ""2018-12-13"", ""previous"": null, ""delta_days"": null}}",2018,2018,
ae5a8905-67e5-47e4-abac-b0d00673c57a,Home,home-2,2020-02-22 15:50:22.856762,2020-03-03 14:18:02.443749,"And I want to go home.<br/>And I need to go home.<br/><br/>And I want to go home,<br/>And I want to be alone.<br/>And I want to go home,<br/>Might have made it on my own.<br/>(Old line: Gonna make it on my own.)","","",home,78,false,e2397ce3-857e-425f-925e-1cb30de780d7,Marc Brownstein,,,1,2000-12-28,"{""1995"": 0, ""1996"": 0, ""1997"": 0, ""1998"": 0, ""1999"": 0, ""2000"": 1, ""2001"": 0, ""2002"": 0, ""2003"": 0, ""2004"": 0, ""2005"": 0, ""2006"": 0, ""2007"": 0, ""2008"": 0, ""2009"": 0, ""2010"": 0, ""2011"": 0, ""2012"": 0, ""2013"": 0, ""2014"": 0, ""2015"": 0, ""2016"": 0, ""2017"": 0, ""2018"": 0, ""2019"": 0, ""2020"": 0}","{""0"": {""date"": ""2000-12-28"", ""previous"": null, ""delta_days"": null}}",2000,2000,
43306753-b7eb-49e9-9012-c501ad260a62,La Grange,la-grange,2020-02-22 15:50:23.009469,2020-03-03 14:18:02.808693,"","","",lagrange,101,true,bd5ac6d8-bc70-4049-8bc6-a15597eeb80e,Z.Z. Top,,,4,1996-05-18,"{""1995"": 2, ""1996"": 2, ""1997"": 0, ""1998"": 0, ""1999"": 0, ""2000"": 0, ""2001"": 0, ""2002"": 0, ""2003"": 0, ""2004"": 0, ""2005"": 0, ""2006"": 0, ""2007"": 0, ""2008"": 0, ""2009"": 0, ""2010"": 0, ""2011"": 0, ""2012"": 0, ""2013"": 0, ""2014"": 0, ""2015"": 0, ""2016"": 0, ""2017"": 0, ""2018"": 0, ""2019"": 0, ""2020"": 0}","{""0"": {""date"": ""1995-02-11"", ""previous"": null, ""delta_days"": null}, ""4"": {""date"": ""1995-11-09"", ""previous"": ""1995-02-11"", ""delta_days"": 271}, ""9"": {""date"": ""1996-02-13"", ""previous"": ""1995-11-09"", ""delta_days"": 96}, ""11"": {""date"": ""1996-05-18"", ""previous"": ""1996-02-13"", ""delta_days"": 95}}",1996,1995,
54fe35dc-5d47-4a47-aa2b-fb2dea00b3b2,The Chicken,the-chicken,2020-02-22 15:50:22.697566,2020-03-03 14:18:02.713423,"","","",chicken,34,true,a8701766-f852-41d3-9c34-ebe7fac2131d,Pee Wee Ellis,,,11,1999-05-26,"{""1995"": 0, ""1996"": 3, ""1997"": 1, ""1998"": 5, ""1999"": 2, ""2000"": 0, ""2001"": 0, ""2002"": 0, ""2003"": 0, ""2004"": 0, ""2005"": 0, ""2006"": 0, ""2007"": 0, ""2008"": 0, ""2009"": 0, ""2010"": 0, ""2011"": 0, ""2012"": 0, ""2013"": 0, ""2014"": 0, ""2015"": 0, ""2016"": 0, ""2017"": 0, ""2018"": 0, ""2019"": 0, ""2020"": 0}","{""15"": {""date"": ""1998-09-09"", ""previous"": ""1998-07-31"", ""delta_days"": 40}, ""16"": {""date"": ""1999-05-26"", ""previous"": ""1999-04-27"", ""delta_days"": 29}, ""55"": {""date"": ""1997-05-10"", ""previous"": ""1996-03-30"", ""delta_days"": 406}, ""97"": {""date"": ""1999-04-27"", ""previous"": ""1998-09-09"", ""delta_days"": 230}, ""203"": {""date"": ""1998-07-08"", ""previous"": ""1997-05-10"", ""delta_days"": 424}}",1998,1997,
ca77a73b-be28-47e3-ade5-930fbc40bcb0,Set Break Jam,set-break-jam,2020-02-22 15:50:23.147147,2020-03-03 14:18:09.314398,"","","",sbj,159,false,e29db38d-5b63-4e2c-b5bc-8f4ed3fe1c64,The Disco Biscuits,,,2,1997-09-11,"{""1995"": 0, ""1996"": 0, ""1997"": 2, ""1998"": 0, ""1999"": 0, ""2000"": 0, ""2001"": 0, ""2002"": 0, ""2003"": 0, ""2004"": 0, ""2005"": 0, ""2006"": 0, ""2007"": 0, ""2008"": 0, ""2009"": 0, ""2010"": 0, ""2011"": 0, ""2012"": 0, ""2013"": 0, ""2014"": 0, ""2015"": 0, ""2016"": 0, ""2017"": 0, ""2018"": 0, ""2019"": 0, ""2020"": 0}","{""0"": {""date"": ""1997-09-10"", ""previous"": null, ""delta_days"": null}, ""1"": {""date"": ""1997-09-11"", ""previous"": ""1997-09-10"", ""delta_days"": 1}}",1997,1997,
0384e15c-31c3-4590-886b-a8af7928a20b,Punch You In The Eye,punch-you-in-the-eye,2020-02-22 15:50:23.147147,2020-03-03 14:18:03.591715,"","","",pyite,145,true,b2862b20-2f95-4bd9-a302-01c6ccd82cc9,Trey Anastasio,,,4,1996-05-18,"{""1995"": 3, ""1996"": 1, ""1997"": 0, ""1998"": 0, ""1999"": 0, ""2000"": 0, ""2001"": 0, ""2002"": 0, ""2003"": 0, ""2004"": 0, ""2005"": 0, ""2006"": 0, ""2007"": 0, ""2008"": 0, ""2009"": 0, ""2010"": 0, ""2011"": 0, ""2012"": 0, ""2013"": 0, ""2014"": 0, ""2015"": 0, ""2016"": 0, ""2017"": 0, ""2018"": 0, ""2019"": 0, ""2020"": 0}","{""0"": {""date"": ""1995-04-01"", ""previous"": null, ""delta_days"": null}, ""2"": {""date"": ""1995-12-01"", ""previous"": ""1995-11-09"", ""delta_days"": 22}, ""3"": {""date"": ""1995-11-09"", ""previous"": ""1995-04-01"", ""delta_days"": 222}, ""18"": {""date"": ""1996-05-18"", ""previous"": ""1995-12-01"", ""delta_days"": 169}}",1995,1996,
23dbd5ca-24e3-44d8-bb96-51ea4bde8bb2,Peaches En Regalia,peaches-en-regalia,2020-02-22 15:50:23.147147,2020-03-03 14:18:02.612488,"","","",peaches,137,true,78bd7e77-52a4-4c6a-8249-646739f80b77,Frank Zappa,,,20,1997-02-13,"{""1995"": 5, ""1996"": 14, ""1997"": 1, ""1998"": 0, ""1999"": 0, ""2000"": 0, ""2001"": 0, ""2002"": 0, ""2003"": 0, ""2004"": 0, ""2005"": 0, ""2006"": 0, ""2007"": 0, ""2008"": 0, ""2009"": 0, ""2010"": 0, ""2011"": 0, ""2012"": 0, ""2013"": 0, ""2014"": 0, ""2015"": 0, ""2016"": 0, ""2017"": 0, ""2018"": 0, ""2019"": 0, ""2020"": 0}","{""2"": {""date"": ""1996-03-21"", ""previous"": ""1996-03-02"", ""delta_days"": 19}, ""3"": {""date"": ""1996-09-12"", ""previous"": ""1996-08-07"", ""delta_days"": 36}, ""5"": {""date"": ""1996-05-18"", ""previous"": ""1996-04-18"", ""delta_days"": 30}, ""9"": {""date"": ""1996-02-13"", ""previous"": ""1995-11-09"", ""delta_days"": 96}, ""15"": {""date"": ""1997-02-13"", ""previous"": ""1996-09-21"", ""delta_days"": 145}}",1996,1997,
cf717f8b-c074-43ec-bd02-ee0408b96405,Anthem,anthem,2020-02-22 15:50:29.120743,2024-06-08 19:53:38.455201,"","","",anthem,486,false,4338604b-38e0-432c-855b-bcd9091d4409,"","<p>Part of the slew of debuts from the Setbreak is Over tour, Anthem soon became the clear favorite of the band. It was played eight times over the tour, more than any other song (for comparison, Electric Slinky and Station were the next most played at six times). Anthem is an instrumental in the vein of Orch Theme, with a simple composed riff repeated, with a short jam section in the middle. It was widely assumed that Anthem would be used as the New Years countdown song and that assumption was borne out.</p><p></p><p>Along with Running into the Night, Anthem was one of the most successful debuts from this era in the following years. It was played 12 times in 2021 and 11 times in 2022. After 5 performances in 2023 (all in the first half of the year) it was shelved indefinitely as the Revolution in Motion songs began to take up more of the setlist.</p><p></p><p>Anthem was typically used as little more than a high-energy peak in jams, but by the summer of 2022 it began to take on a character of its own. Of particular note is the &quot;unfinished&quot; 8/26/22 version, which sees the band transform into a dubby groove out of what had been a fairly rigid jam structure. Most of the versions after this one are worth checking out, but especially 10/30/22, 11/13/22, and 5/21/23.</p><p></p>",,39,2023-06-08,"{""1995"": 0, ""1996"": 0, ""1997"": 0, ""1998"": 0, ""1999"": 0, ""2000"": 0, ""2001"": 0, ""2002"": 0, ""2003"": 0, ""2004"": 0, ""2005"": 0, ""2006"": 0, ""2007"": 0, ""2008"": 0, ""2009"": 0, ""2010"": 0, ""2011"": 0, ""2012"": 0, ""2013"": 0, ""2014"": 0, ""2015"": 0, ""2016"": 0, ""2017"": 0, ""2018"": 0, ""2019"": 7, ""2020"": 4, ""2021"": 12, ""2022"": 11, ""2023"": 5, ""2024"": 0}","{""7"": {""date"": ""2021-10-28"", ""previous"": ""2021-09-17"", ""delta_days"": 41}, ""8"": {""date"": ""2023-03-30"", ""previous"": ""2023-02-04"", ""delta_days"": 54}}",2021,2020,http://sickbarberlicks.weebly.com/anthem.html
b95117aa-c87a-47d2-8699-15211c146722,Riddles Are Abound Tonight,riddles-are-abound-tonight,2020-02-22 15:50:23.147147,2024-01-18 18:32:28.797098,"","","",riddles,153,true,0218c4f7-3483-4abf-b6d6-0d8fd10530be,Sausage,,,3,2000-07-12,"{""1995"": 0, ""1996"": 0, ""1997"": 0, ""1998"": 0, ""1999"": 0, ""2000"": 3, ""2001"": 0, ""2002"": 0, ""2003"": 0, ""2004"": 0, ""2005"": 0, ""2006"": 0, ""2007"": 0, ""2008"": 0, ""2009"": 0, ""2010"": 0, ""2011"": 0, ""2012"": 0, ""2013"": 0, ""2014"": 0, ""2015"": 0, ""2016"": 0, ""2017"": 0, ""2018"": 0, ""2019"": 0, ""2020"": 0, ""2021"": 0, ""2022"": 0, ""2023"": 0, ""2024"": 0}","{""0"": {""date"": ""2000-06-22"", ""previous"": null, ""delta_days"": null}, ""1"": {""date"": ""2000-07-12"", ""previous"": ""2000-06-27"", ""delta_days"": 15}}",2000,2000,
5b1c671d-b574-4755-84a8-725000aefcba,Little Wing,little-wing,2020-02-22 15:50:23.009469,2020-03-03 14:18:02.866272,"","","",littlewing,108,true,73887592-0836-4584-afe1-e38345f0e293,Jimi Hendrix,,,3,1998-06-25,"{""1995"": 1, ""1996"": 0, ""1997"": 1, ""1998"": 1, ""1999"": 0, ""2000"": 0, ""2001"": 0, ""2002"": 0, ""2003"": 0, ""2004"": 0, ""2005"": 0, ""2006"": 0, ""2007"": 0, ""2008"": 0, ""2009"": 0, ""2010"": 0, ""2011"": 0, ""2012"": 0, ""2013"": 0, ""2014"": 0, ""2015"": 0, ""2016"": 0, ""2017"": 0, ""2018"": 0, ""2019"": 0, ""2020"": 0}","{""0"": {""date"": ""1995-11-09"", ""previous"": null, ""delta_days"": null}, ""70"": {""date"": ""1997-05-13"", ""previous"": ""1995-11-09"", ""delta_days"": 551}, ""194"": {""date"": ""1998-06-25"", ""previous"": ""1997-05-13"", ""delta_days"": 408}}",1998,1995,
76fec56b-63e1-4c65-9b59-23f17ce199d6,Scarlet Begonias,scarlet-begonias,2020-02-22 15:50:29.120743,2024-06-07 18:54:48.569100,"","","",scarlet,460,true,cb77be37-5de3-492b-830d-c1f111913758,Grateful Dead,,,2,2016-03-05,"{""1995"": 0, ""1996"": 0, ""1997"": 0, ""1998"": 0, ""1999"": 0, ""2000"": 0, ""2001"": 0, ""2002"": 0, ""2003"": 0, ""2004"": 0, ""2005"": 0, ""2006"": 0, ""2007"": 0, ""2008"": 0, ""2009"": 0, ""2010"": 0, ""2011"": 0, ""2012"": 0, ""2013"": 0, ""2014"": 0, ""2015"": 1, ""2016"": 1, ""2017"": 0, ""2018"": 0, ""2019"": 0, ""2020"": 0, ""2021"": 0, ""2022"": 0, ""2023"": 0, ""2024"": 0}","{""0"": {""date"": ""2015-05-14"", ""previous"": null, ""delta_days"": null}, ""19"": {""date"": ""2016-03-05"", ""previous"": ""2015-05-14"", ""delta_days"": 296}}",2016,2015,
26a472e6-a08d-475f-8a53-a5fd165fb300,Wet,wet,2020-02-22 15:50:23.818238,2024-11-25 12:04:49.117538,"As if this happens every day.<br/>You keep your cool then look away.<br/>But in the darkness you can see.<br/>I know you want to come with me...<br/><br/>As if the sky were always grey,<br/>And will I ever breathe again?<br/>And as the tears roll down your face,<br/>And as our bodies fly through space.<br/><br/>But something tells you it's not right.<br/>A shadow flickers in the light.<br/>A spirit guides you from the sky.<br/>And clouds obscure what pacifies...<br/><br/>As if the sky were always gray,<br/>And will I ever breathe again?<br/>And as the tears roll down your face,<br/>And as our bodies fly through space.<br/><br/>And as I drift off into sleep,<br/>I dream reality the key.<br/>Because now I know you from the past.<br/>Just how long can this feeling last?<br/><br/>As if the sky were always gray,<br/>You look like someone I know,<br/>Where did I meet you and where do we go?<br/>And will I ever breathe again?<br/>You look like someone I know,<br/>Where did I meet you and where do we go?<br/>And as the tears roll down your face,<br/>You look like someone I know, <br/>Where did I meet you and where do we go?<br/>And as our bodies fly through space,<br/>You feel like someone I know,<br/>Where did I meet you and where do we go?<br/>And as our bodies fly through space.<br/><br/>As if the sky were always gray, <br/>You look like someone I know,<br/>Where did I meet you and where do we go?<br/>And will I ever breathe again? <br/>You look like someone I know, <br/>Where did I meet you and where do we go?<br/>And as the tears roll down your face,<br/>You look like someone I know,<br/>Where did I meet you and where do we go?<br/>And as our bodies fly through space,<br/>You feel like someone I know,<br/>Where did I meet you and where do we go?<br/>And as our bodies fly through space.",Chorus<br/><br/>Gm > Eb > D > Gm > Bb > F > A > D<br/>then..<br/>Gm > Eb > D > Gm > Bb > F > E > F#,"",wet,203,false,e2397ce3-857e-425f-925e-1cb30de780d7,Marc Brownstein,,,134,2024-03-14,"{""1995"": 0, ""1996"": 0, ""1997"": 0, ""1998"": 42, ""1999"": 28, ""2000"": 6, ""2001"": 3, ""2002"": 1, ""2003"": 9, ""2004"": 5, ""2005"": 2, ""2006"": 7, ""2007"": 2, ""2008"": 0, ""2009"": 5, ""2010"": 3, ""2011"": 2, ""2012"": 2, ""2013"": 1, ""2014"": 1, ""2015"": 2, ""2016"": 2, ""2017"": 2, ""2018"": 1, ""2019"": 1, ""2020"": 0, ""2021"": 1, ""2022"": 1, ""2023"": 4, ""2024"": 1}","{""59"": {""date"": ""2021-07-16"", ""previous"": ""2019-07-20"", ""delta_days"": 727}, ""71"": {""date"": ""2022-12-29"", ""previous"": ""2021-07-16"", ""delta_days"": 531}, ""72"": {""date"": ""2003-05-28"", ""previous"": ""2002-08-23"", ""delta_days"": 278}, ""127"": {""date"": ""2002-08-23"", ""previous"": ""2001-05-02"", ""delta_days"": 478}, ""135"": {""date"": ""2009-04-17"", ""previous"": ""2007-07-18"", ""delta_days"": 639}}",1998,2002,http://sickbarberlicks.weebly.com/wet.html
c25c87a2-0e9b-43b9-a624-737560be6e19,My Michelle,my-michelle,2020-02-22 15:50:23.009469,2020-03-03 14:18:03.268804,"","","",michelle,119,true,4ec1da4c-8890-4203-b787-97668ce0ac0b,Guns n' Roses,,,1,1996-05-25,"{""1995"": 0, ""1996"": 1, ""1997"": 0, ""1998"": 0, ""1999"": 0, ""2000"": 0, ""2001"": 0, ""2002"": 0, ""2003"": 0, ""2004"": 0, ""2005"": 0, ""2006"": 0, ""2007"": 0, ""2008"": 0, ""2009"": 0, ""2010"": 0, ""2011"": 0, ""2012"": 0, ""2013"": 0, ""2014"": 0, ""2015"": 0, ""2016"": 0, ""2017"": 0, ""2018"": 0, ""2019"": 0, ""2020"": 0}","{""0"": {""date"": ""1996-05-25"", ""previous"": null, ""delta_days"": null}}",1996,1996,
f7b3ee3e-2826-4537-837c-d259627e7772,Eine Kleine Nachtmusik,eine-kleine-nachtmusik,2020-02-22 15:50:22.856762,2020-08-31 19:58:02.634194,"","","",eine,52,true,4272bbe8-10d2-469d-819e-ce9a0ff887c1,Mozart,,,4,2003-08-21,"{""1995"": 0, ""1996"": 0, ""1997"": 0, ""1998"": 0, ""1999"": 0, ""2000"": 1, ""2001"": 0, ""2002"": 0, ""2003"": 3, ""2004"": 0, ""2005"": 0, ""2006"": 0, ""2007"": 0, ""2008"": 0, ""2009"": 0, ""2010"": 0, ""2011"": 0, ""2012"": 0, ""2013"": 0, ""2014"": 0, ""2015"": 0, ""2016"": 0, ""2017"": 0, ""2018"": 0, ""2019"": 0, ""2020"": 0}","{""3"": {""date"": ""2003-08-21"", ""previous"": ""2003-08-16"", ""delta_days"": 5}, ""301"": {""date"": ""2003-08-12"", ""previous"": ""2000-03-11"", ""delta_days"": 1249}}",2003,2000,
af3e53f9-017f-4fe9-a8df-0c16b1e40d60,Rock And Roll Part One,rock-and-roll-part-one,2020-02-22 15:50:23.147147,2020-03-03 14:18:03.885467,"","","",rrpone,158,true,21881e2d-60e6-4477-b85f-17d0021dab19,Gary Glitter,,,1,1997-09-12,"{""1995"": 0, ""1996"": 0, ""1997"": 1, ""1998"": 0, ""1999"": 0, ""2000"": 0, ""2001"": 0, ""2002"": 0, ""2003"": 0, ""2004"": 0, ""2005"": 0, ""2006"": 0, ""2007"": 0, ""2008"": 0, ""2009"": 0, ""2010"": 0, ""2011"": 0, ""2012"": 0, ""2013"": 0, ""2014"": 0, ""2015"": 0, ""2016"": 0, ""2017"": 0, ""2018"": 0, ""2019"": 0, ""2020"": 0}","{""0"": {""date"": ""1997-09-12"", ""previous"": null, ""delta_days"": null}}",1997,1997,
9b1d9e24-662c-4c85-b48d-cb7fb2edbdfd,Touch Me,touch-me,2020-02-22 15:50:29.120743,2023-04-01 06:12:19.050003,"","","",touchme,459,true,2f423e3a-5bc4-4884-8280-42d14b92be6e,The Doors,,,1,2016-02-06,"{""1995"": 0, ""1996"": 0, ""1997"": 0, ""1998"": 0, ""1999"": 0, ""2000"": 0, ""2001"": 0, ""2002"": 0, ""2003"": 0, ""2004"": 0, ""2005"": 0, ""2006"": 0, ""2007"": 0, ""2008"": 0, ""2009"": 0, ""2010"": 0, ""2011"": 0, ""2012"": 0, ""2013"": 0, ""2014"": 0, ""2015"": 0, ""2016"": 1, ""2017"": 0, ""2018"": 0, ""2019"": 0, ""2020"": 0, ""2021"": 0, ""2022"": 0, ""2023"": 0}","{""0"": {""date"": ""2016-02-06"", ""previous"": null, ""delta_days"": null}}",2016,2016,
b95cbdee-a7ae-4397-9835-295b20307970,Cherub Rock,cherub-rock,2020-02-22 15:50:22.697566,2024-01-18 18:37:05.077481,"","","",cherub,33,true,5658da2f-6398-4292-88e8-a5d656de0c5e,Smashing Pumpkins,,,3,2000-11-24,"{""1995"": 0, ""1996"": 0, ""1997"": 0, ""1998"": 0, ""1999"": 0, ""2000"": 3, ""2001"": 0, ""2002"": 0, ""2003"": 0, ""2004"": 0, ""2005"": 0, ""2006"": 0, ""2007"": 0, ""2008"": 0, ""2009"": 0, ""2010"": 0, ""2011"": 0, ""2012"": 0, ""2013"": 0, ""2014"": 0, ""2015"": 0, ""2016"": 0, ""2017"": 0, ""2018"": 0, ""2019"": 0, ""2020"": 0, ""2021"": 0, ""2022"": 0, ""2023"": 0, ""2024"": 0}","{""0"": {""date"": ""2000-10-31"", ""previous"": null, ""delta_days"": null}, ""4"": {""date"": ""2000-11-04"", ""previous"": ""2000-10-31"", ""delta_days"": 4}, ""8"": {""date"": ""2000-11-24"", ""previous"": ""2000-11-04"", ""delta_days"": 20}}",2000,2000,
41162e1a-5c09-4f57-a83b-8ca71004ef62,The Other One,the-other-one,2020-02-22 15:50:23.147147,2020-03-03 14:18:03.466979,"","","",otherone,133,true,079d7757-bd68-46ac-990a-6a254e0a9285,The Grateful Dead,,,4,2014-08-02,"{""1995"": 3, ""1996"": 0, ""1997"": 0, ""1998"": 0, ""1999"": 0, ""2000"": 0, ""2001"": 0, ""2002"": 0, ""2003"": 0, ""2004"": 0, ""2005"": 0, ""2006"": 0, ""2007"": 0, ""2008"": 0, ""2009"": 0, ""2010"": 0, ""2011"": 0, ""2012"": 0, ""2013"": 0, ""2014"": 1, ""2015"": 0, ""2016"": 0, ""2017"": 0, ""2018"": 0, ""2019"": 0, ""2020"": 0}","{""0"": {""date"": ""1995-04-01"", ""previous"": null, ""delta_days"": null}, ""1"": {""date"": ""1995-09-16"", ""previous"": ""1995-04-01"", ""delta_days"": 168}, ""4"": {""date"": ""1995-12-01"", ""previous"": ""1995-09-16"", ""delta_days"": 76}, ""1367"": {""date"": ""2014-08-02"", ""previous"": ""1995-12-01"", ""delta_days"": 6819}}",1995,2014,
5e23a8c2-c52b-4f15-b10f-3eb754a96a4b,Radiator Jam,radiator-jam,2020-02-22 15:50:23.147147,2020-03-03 14:18:03.654729,"","","",radiatorj,147,false,e29db38d-5b63-4e2c-b5bc-8f4ed3fe1c64,The Disco Biscuits,,,1,1995-12-31,"{""1995"": 1, ""1996"": 0, ""1997"": 0, ""1998"": 0, ""1999"": 0, ""2000"": 0, ""2001"": 0, ""2002"": 0, ""2003"": 0, ""2004"": 0, ""2005"": 0, ""2006"": 0, ""2007"": 0, ""2008"": 0, ""2009"": 0, ""2010"": 0, ""2011"": 0, ""2012"": 0, ""2013"": 0, ""2014"": 0, ""2015"": 0, ""2016"": 0, ""2017"": 0, ""2018"": 0, ""2019"": 0, ""2020"": 0}","{""0"": {""date"": ""1995-12-31"", ""previous"": null, ""delta_days"": null}}",1995,1995,
7b4c48c6-cb87-40f8-ac92-c6c1322436d7,Pomp And Circumstance,pomp-and-circumstance,2020-02-22 15:50:23.147147,2020-03-03 14:18:03.700788,"","","",pomp,140,true,e263850e-a5ea-4c3a-83ad-ef72c72afc5a,Edward Elgar,,,1,1999-12-31,"{""1995"": 0, ""1996"": 0, ""1997"": 0, ""1998"": 0, ""1999"": 1, ""2000"": 0, ""2001"": 0, ""2002"": 0, ""2003"": 0, ""2004"": 0, ""2005"": 0, ""2006"": 0, ""2007"": 0, ""2008"": 0, ""2009"": 0, ""2010"": 0, ""2011"": 0, ""2012"": 0, ""2013"": 0, ""2014"": 0, ""2015"": 0, ""2016"": 0, ""2017"": 0, ""2018"": 0, ""2019"": 0, ""2020"": 0}","{""0"": {""date"": ""1999-12-31"", ""previous"": null, ""delta_days"": null}}",1999,1999,
8a4b0703-355f-4013-8dea-c19df3df81c1,Red Clay,red-clay,2020-02-22 15:50:23.147147,2020-03-03 14:18:03.734249,"","","",redclay,150,true,178616e5-3102-445d-8a14-bdbf4c8b3925,Freddie Hubbard,,,2,1996-09-06,"{""1995"": 0, ""1996"": 2, ""1997"": 0, ""1998"": 0, ""1999"": 0, ""2000"": 0, ""2001"": 0, ""2002"": 0, ""2003"": 0, ""2004"": 0, ""2005"": 0, ""2006"": 0, ""2007"": 0, ""2008"": 0, ""2009"": 0, ""2010"": 0, ""2011"": 0, ""2012"": 0, ""2013"": 0, ""2014"": 0, ""2015"": 0, ""2016"": 0, ""2017"": 0, ""2018"": 0, ""2019"": 0, ""2020"": 0}","{""0"": {""date"": ""1996-03-02"", ""previous"": null, ""delta_days"": null}, ""19"": {""date"": ""1996-09-06"", ""previous"": ""1996-03-02"", ""delta_days"": 188}}",1996,1996,
99b02027-c0e5-4f6e-a567-2ca91b75e7d6,King of the World,king-of-the-world,2020-02-22 15:50:23.009469,2024-09-16 12:49:31.699081,"<p>I&#x27;m the king of the world, I&#x27;m pretty!</p><p>I&#x27;m so mean I make medicine sick</p><p>I&#x27;m the king of the world!</p><p>I&#x27;m the king of the world!</p><p>Hold it.</p><p>Float like a butterfly.</p><p>Float like a butterfly.</p><p>Float like a butterfly.</p>",transcribed by Rich Steele<br/><br/>   Bm<br/>E  7<br/>B  7<br/>G  7<br/>D  9<br/>A  9<br/>E  7<br/><br/><br/>E                                         7<br/>B   7(h)8  7                              7<br/>G            9 7  7(h)9 7                 7<br/>D                         9 7  7(h)9      9 <br/>A                                    9 7  9<br/>E                                         7,"Also known as 'FLAB SLAB' (Float Like A Butterfly, Sting Like A Bee).  This song was built on the Pygmy Twylyte > I-Man jam from 5/6/99.",king,96,false,e29db38d-5b63-4e2c-b5bc-8f4ed3fe1c64,The Disco Biscuits,,,127,2024-09-11,"{""1995"": 0, ""1996"": 0, ""1997"": 0, ""1998"": 0, ""1999"": 0, ""2000"": 0, ""2001"": 5, ""2002"": 24, ""2003"": 12, ""2004"": 3, ""2005"": 2, ""2006"": 12, ""2007"": 1, ""2008"": 4, ""2009"": 8, ""2010"": 2, ""2011"": 4, ""2012"": 4, ""2013"": 3, ""2014"": 3, ""2015"": 2, ""2016"": 6, ""2017"": 4, ""2018"": 2, ""2019"": 4, ""2020"": 1, ""2021"": 7, ""2022"": 7, ""2023"": 6, ""2024"": 1}","{""34"": {""date"": ""2010-06-08"", ""previous"": ""2010-01-31"", ""delta_days"": 128}, ""36"": {""date"": ""2011-01-13"", ""previous"": ""2010-06-08"", ""delta_days"": 219}, ""67"": {""date"": ""2024-09-11"", ""previous"": ""2023-09-24"", ""delta_days"": 353}, ""117"": {""date"": ""2008-06-09"", ""previous"": ""2007-01-04"", ""delta_days"": 522}}",2002,2007,http://sickbarberlicks.weebly.com/king-of-the-world.html
49b0afc8-509e-41f8-9fff-82b5f2ca3ea6,Young Lust Jam,young-lust-jam,2020-02-22 15:50:23.818238,2020-03-03 14:18:05.424637,"","","",younglustj,215,false,0613f1fa-e69e-4913-8ca0-f7bb72e5d6ec,Pink Floyd,,,1,1999-04-23,"{""1995"": 0, ""1996"": 0, ""1997"": 0, ""1998"": 0, ""1999"": 1, ""2000"": 0, ""2001"": 0, ""2002"": 0, ""2003"": 0, ""2004"": 0, ""2005"": 0, ""2006"": 0, ""2007"": 0, ""2008"": 0, ""2009"": 0, ""2010"": 0, ""2011"": 0, ""2012"": 0, ""2013"": 0, ""2014"": 0, ""2015"": 0, ""2016"": 0, ""2017"": 0, ""2018"": 0, ""2019"": 0, ""2020"": 0}","{""0"": {""date"": ""1999-04-23"", ""previous"": null, ""delta_days"": null}}",1999,1999,
4de270cb-1c38-40c3-882f-f232aa6c864b,Save Your Soul,save-your-soul,2020-02-22 15:50:23.989311,2024-09-14 20:42:03.846377,"","","",savesoul,406,false,e29db38d-5b63-4e2c-b5bc-8f4ed3fe1c64,"",,,1,2010-03-16,"{""1995"": 0, ""1996"": 0, ""1997"": 0, ""1998"": 0, ""1999"": 0, ""2000"": 0, ""2001"": 0, ""2002"": 0, ""2003"": 0, ""2004"": 0, ""2005"": 0, ""2006"": 0, ""2007"": 0, ""2008"": 0, ""2009"": 0, ""2010"": 1, ""2011"": 0, ""2012"": 0, ""2013"": 0, ""2014"": 0, ""2015"": 0, ""2016"": 0, ""2017"": 0, ""2018"": 0, ""2019"": 0, ""2020"": 0, ""2021"": 0, ""2022"": 0, ""2023"": 0, ""2024"": 0}","{""0"": {""date"": ""2010-03-16"", ""previous"": null, ""delta_days"": null}}",2010,2010,
31d0c9ec-224a-426d-92af-daf8fe81e88f,Soul Sacrifice,soul-sacrifice,2020-02-22 15:50:23.147147,2024-05-17 18:49:54.653579,"","","",soul,173,true,db6356aa-db34-47ac-8ffa-1d1cfd6835a0,Santana,,,28,1998-10-22,"{""1995"": 2, ""1996"": 3, ""1997"": 11, ""1998"": 12, ""1999"": 0, ""2000"": 0, ""2001"": 0, ""2002"": 0, ""2003"": 0, ""2004"": 0, ""2005"": 0, ""2006"": 0, ""2007"": 0, ""2008"": 0, ""2009"": 0, ""2010"": 0, ""2011"": 0, ""2012"": 0, ""2013"": 0, ""2014"": 0, ""2015"": 0, ""2016"": 0, ""2017"": 0, ""2018"": 0, ""2019"": 0, ""2020"": 0, ""2021"": 0, ""2022"": 0, ""2023"": 0, ""2024"": 0}","{""18"": {""date"": ""1998-05-23"", ""previous"": ""1998-04-23"", ""delta_days"": 30}, ""24"": {""date"": ""1998-10-22"", ""previous"": ""1998-08-15"", ""delta_days"": 68}, ""28"": {""date"": ""1997-07-13"", ""previous"": ""1997-05-17"", ""delta_days"": 57}, ""30"": {""date"": ""1998-07-26"", ""previous"": ""1998-06-09"", ""delta_days"": 47}, ""42"": {""date"": ""1997-10-20"", ""previous"": ""1997-07-13"", ""delta_days"": 99}}",1998,1995,
0d187dba-aff2-4072-a328-108abe21e786,Brain Damage,brain-damage,2022-06-13 13:05:51.971288,2023-02-16 20:06:23.601881,"","","",,,true,0613f1fa-e69e-4913-8ca0-f7bb72e5d6ec,,"","",1,2022-06-12,"{""1995"": 0, ""1996"": 0, ""1997"": 0, ""1998"": 0, ""1999"": 0, ""2000"": 0, ""2001"": 0, ""2002"": 0, ""2003"": 0, ""2004"": 0, ""2005"": 0, ""2006"": 0, ""2007"": 0, ""2008"": 0, ""2009"": 0, ""2010"": 0, ""2011"": 0, ""2012"": 0, ""2013"": 0, ""2014"": 0, ""2015"": 0, ""2016"": 0, ""2017"": 0, ""2018"": 0, ""2019"": 0, ""2020"": 0, ""2021"": 0, ""2022"": 1, ""2023"": 0}","{""0"": {""date"": ""2022-06-12"", ""previous"": null, ""delta_days"": null}}",2022,2022,""
70f8d208-655c-4ee0-86f5-f10ee9c1ab6f,Smell The Funk,smell-the-funk,2020-02-22 15:50:23.147147,2020-03-03 14:18:04.172187,"","","<A HREF=\""/songs/smell.html\"">Smell The Funk</A> is the ending section to <A HREF=\""/songs/bandc.html\"">Bernstein And Chasnoff</A>.",smell,169,false,e2397ce3-857e-425f-925e-1cb30de780d7,Marc Brownstein,,,1,2001-05-05,"{""1995"": 0, ""1996"": 0, ""1997"": 0, ""1998"": 0, ""1999"": 0, ""2000"": 0, ""2001"": 1, ""2002"": 0, ""2003"": 0, ""2004"": 0, ""2005"": 0, ""2006"": 0, ""2007"": 0, ""2008"": 0, ""2009"": 0, ""2010"": 0, ""2011"": 0, ""2012"": 0, ""2013"": 0, ""2014"": 0, ""2015"": 0, ""2016"": 0, ""2017"": 0, ""2018"": 0, ""2019"": 0, ""2020"": 0}","{""0"": {""date"": ""2001-05-05"", ""previous"": null, ""delta_days"": null}}",2001,2001,
c440b6ca-5678-4da3-8923-f0210e0e308e,Quad D,quad-d,2020-02-22 15:50:23.989311,2024-09-14 21:03:31.011170,"","","",quadd,404,false,e29db38d-5b63-4e2c-b5bc-8f4ed3fe1c64,"",,,3,2024-09-13,"{""1995"": 0, ""1996"": 0, ""1997"": 0, ""1998"": 0, ""1999"": 0, ""2000"": 0, ""2001"": 0, ""2002"": 0, ""2003"": 0, ""2004"": 0, ""2005"": 0, ""2006"": 0, ""2007"": 0, ""2008"": 0, ""2009"": 0, ""2010"": 2, ""2011"": 0, ""2012"": 0, ""2013"": 0, ""2014"": 0, ""2015"": 0, ""2016"": 0, ""2017"": 0, ""2018"": 0, ""2019"": 0, ""2020"": 0, ""2021"": 0, ""2022"": 0, ""2023"": 0, ""2024"": 1}","{""0"": {""date"": ""2010-03-16"", ""previous"": null, ""delta_days"": null}, ""4"": {""date"": ""2010-03-21"", ""previous"": ""2010-03-16"", ""delta_days"": 5}, ""583"": {""date"": ""2024-09-13"", ""previous"": ""2010-03-21"", ""delta_days"": 5290}}",2010,2024,
62c66ca4-811c-4c3c-aaea-e8296573d4f0,Carry That Weight,carry-that-weight,2020-02-22 15:50:23.818238,2020-03-03 14:18:05.645985,"","","",weight,238,true,4c05e770-de89-4034-970d-7841d064b9e6,The Beatles,,,2,1995-12-02,"{""1995"": 2, ""1996"": 0, ""1997"": 0, ""1998"": 0, ""1999"": 0, ""2000"": 0, ""2001"": 0, ""2002"": 0, ""2003"": 0, ""2004"": 0, ""2005"": 0, ""2006"": 0, ""2007"": 0, ""2008"": 0, ""2009"": 0, ""2010"": 0, ""2011"": 0, ""2012"": 0, ""2013"": 0, ""2014"": 0, ""2015"": 0, ""2016"": 0, ""2017"": 0, ""2018"": 0, ""2019"": 0, ""2020"": 0}","{""0"": {""date"": ""1995-11-09"", ""previous"": null, ""delta_days"": null}, ""3"": {""date"": ""1995-12-02"", ""previous"": ""1995-11-09"", ""delta_days"": 23}}",1995,1995,
caf5a78e-0bb4-4b33-849d-e02974350efb,Polythene Pam,polythene-pam,2020-02-22 15:50:23.818238,2020-03-03 14:18:05.179848,"","","",pam,236,true,4c05e770-de89-4034-970d-7841d064b9e6,The Beatles,,,2,1995-12-02,"{""1995"": 2, ""1996"": 0, ""1997"": 0, ""1998"": 0, ""1999"": 0, ""2000"": 0, ""2001"": 0, ""2002"": 0, ""2003"": 0, ""2004"": 0, ""2005"": 0, ""2006"": 0, ""2007"": 0, ""2008"": 0, ""2009"": 0, ""2010"": 0, ""2011"": 0, ""2012"": 0, ""2013"": 0, ""2014"": 0, ""2015"": 0, ""2016"": 0, ""2017"": 0, ""2018"": 0, ""2019"": 0, ""2020"": 0}","{""0"": {""date"": ""1995-11-09"", ""previous"": null, ""delta_days"": null}, ""3"": {""date"": ""1995-12-02"", ""previous"": ""1995-11-09"", ""delta_days"": 23}}",1995,1995,
211786d7-9fb6-44a8-9fc8-28b63575cef3,Whipping Post,whipping-post,2020-02-22 15:50:23.818238,2020-03-03 14:18:05.229654,"","","",wpost,213,true,68523afb-2089-4b38-b8ea-758347d5a0b6,Allman Brothers Band,,,1,1997-03-29,"{""1995"": 0, ""1996"": 0, ""1997"": 1, ""1998"": 0, ""1999"": 0, ""2000"": 0, ""2001"": 0, ""2002"": 0, ""2003"": 0, ""2004"": 0, ""2005"": 0, ""2006"": 0, ""2007"": 0, ""2008"": 0, ""2009"": 0, ""2010"": 0, ""2011"": 0, ""2012"": 0, ""2013"": 0, ""2014"": 0, ""2015"": 0, ""2016"": 0, ""2017"": 0, ""2018"": 0, ""2019"": 0, ""2020"": 0}","{""0"": {""date"": ""1997-03-29"", ""previous"": null, ""delta_days"": null}}",1997,1997,
b850a0ea-f2e4-4c1e-bf3e-8070efbfe789,The Tunnel,the-tunnel,2020-02-22 15:50:23.818238,2024-10-18 23:48:19.790715,"From rock to rock<br/>and stone to stone,<br/>It's what I do<br/>when I'm alone.<br/><br/>With all the time,<br/>such a place.<br/>And now it seems,<br/>without a face.<br/><br/>Laugh and mock<br/>they don't believe,<br/>I smile humbly<br/>as they leave<br/><br/>Though I feel<br/>a bit confused.<br/>Its like the dream<br/>where I can't move.<br/><br/>Alone at last,<br/>the tide is low,<br/>A great abyss<br/>in which to go.<br/><br/>The ocean swells,<br/>I move away.<br/>It follows me<br/>as if to play.<br/><br/>Rest in nature's arm,<br/>tight and free from harm.<br/><br/>In a different<br/>world of mine,<br/>There comes a voice<br/>to tell the time.<br/>Tell the time.<br/>Tell the time.<br/>Tell the time.<br/><br/>Does something else exist beyond the sky?<br/>Will the angels walk or will they fly?<br/>A familiar voice I haven't heard in years.<br/>Tell me what to do as heaven nears.<br/><br/>And if its not my time can I come back?<br/><br/>Found myself in the tunnel of light,<br/>and i didn't have the urge to fight.<br/>Found myself in the tunnel of light,<br/>and i didn't have the urge to fight.<br/>Found myself in the tunnel of light,<br/>and i didn't have the urge to fight.<br/>Found myself in the tunnel of light,<br/>and i didn't have the urge to fight.<br/><br/>A storm rolls in<br/>but still i'm safe.<br/>I find myself<br/>within a cave.<br/><br/>The lightning strikes<br/>like a spiderweb.<br/>I catch my breath<br/>on a concrete bed.<br/><br/>I can't remember <br/>certain things,<br/>Like when and where<br/>I got these wings.<br/><br/>The storm had passed<br/>and the day was bright,<br/>And each step<br/>seemed aflight.<br/><br/>Now I've met<br/>my guardian,<br/>My lease on life<br/>renewed again.<br/><br/>Peace has <br/>overwhelmed my soul,<br/>And the toll collector<br/>takes its toll.<br/><br/>Can i have <br/>a few more days,<br/>To take in<br/>just a few more rays?<br/><br/>Live the life <br/>that I'd always hoped.<br/>And tend the plants<br/>that I meant to grow.<br/>Meant to grow.<br/>Meant to grow.<br/>Meant to grow.<br/><br/>Does something else exist beyond the sky?<br/>Will the angels walk or will they fly?<br/>A familiar voice I haven't heard in years.<br/>Tell me what to do in seven years.<br/><br/>And if its not my time can I come back?<br/><br/>Found myself in the tunnel of light,<br/>and i didn't have the urge to fight.<br/>Found myself in the tunnel of light,<br/>and i didn't have the urge to fight.<br/>Found myself in the tunnel of light,<br/>and i didn't have the urge to fight.<br/>Found myself in the tunnel of light,<br/>and i didn't have the urge to fight.","Tab by Jason Hill<br/><br/>Intro<br/><br/>E------------------12~---------------14-15-17--------14-15-17---------------14-14-15~<br/>B-----15~------------------------15------------15-----------------15------15--------------<br/>G-----------------------------------------------------------------------------------------------<br/><br/>E------------------13~---------------15-16-18--------15-16-18---------------15-15-16~<br/>B-----16~------------------------16------------16-----------------16------16--------------<br/>G-----------------------------------------------------------------------------------------------<br/><br/>E------------------14~---------------16-17-19--------16-17-19---------------16-16-17~<br/>B-----17~------------------------17------------17-----------------17------17--------------<br/>G-----------------------------------------------------------------------------------------------<br/><br/><br/><br/>Verse:<br/><br/>   C     B5    Am7 ?  Em  G    A   B<br/><br/>E-0- - -x- - -0- - 0- - 0- - 3- - - - - - - - <br/>B-1- - -x- - -1- - 0- - 0- - 0- - 2- - 4- - <br/>G-0- - -4- - -0- - 0- - 0- - 0- - 2- - 4- - <br/>D-2- - -x- - -2- - 2- - 2- - 0- - 2- - 4- - <br/>A-3- - -2- - - -- - - --2- - 2- - - - - - - -<br/>E-3- - -x- - - -- - - - 0- - 3- - - - - - - -<br/><br/>On 4th time of chorus chords, add this to end<br/><br/>E------------<br/>B---5----6--<br/>G---5----6--<br/>D---5----6--<br/>A------------<br/>E------------<br/><br/>Into Chorus:<br/><br/>D                                     A    C#   C  <br/>Does something else exist beyond the sky?<br/><br/>G                                    C    D<br/>Will the angels walk or will they cry?<br/><br/>D                                      A   C#   C<br/>A familiar voice I haven?t heard in years<br/><br/>G                               C    D<br/>Tell me what to do in seven years<br/><br/><br/>A                                        D C G     D C A    D C G     D C E<br/>And if it?s not my time can I come back?<br/><br/><br/>Solo 1??just in E maj I think?.<br/><br/><br/>The found my self in the tunnel of light????<br/>waaaaaahhhhhhhhhh<br/><br/><br/>E-------------------------------<br/>B---1-----2-----3------4------<br/>G---1-----2-----3------4------<br/>D---1-----2-----3------4------<br/>A-------------------------------<br/>E-------------------------------<br/>","",tunnel,195,false,e2397ce3-857e-425f-925e-1cb30de780d7,Marc Brownstein,,,63,2021-11-19,"{""1995"": 0, ""1996"": 0, ""1997"": 0, ""1998"": 0, ""1999"": 0, ""2000"": 0, ""2001"": 17, ""2002"": 22, ""2003"": 7, ""2004"": 2, ""2005"": 0, ""2006"": 0, ""2007"": 0, ""2008"": 3, ""2009"": 2, ""2010"": 1, ""2011"": 2, ""2012"": 0, ""2013"": 0, ""2014"": 1, ""2015"": 0, ""2016"": 1, ""2017"": 1, ""2018"": 2, ""2019"": 1, ""2020"": 0, ""2021"": 1, ""2022"": 0, ""2023"": 0, ""2024"": 0}","{""58"": {""date"": ""2021-11-19"", ""previous"": ""2019-12-27"", ""delta_days"": 693}, ""61"": {""date"": ""2009-04-18"", ""previous"": ""2008-06-06"", ""delta_days"": 316}, ""96"": {""date"": ""2010-07-15"", ""previous"": ""2009-06-27"", ""delta_days"": 383}, ""104"": {""date"": ""2014-12-27"", ""previous"": ""2011-04-14"", ""delta_days"": 1353}, ""214"": {""date"": ""2008-04-17"", ""previous"": ""2004-12-29"", ""delta_days"": 1205}}",2002,2010,http://sickbarberlicks.weebly.com/the-tunnel.html
21556014-aa6e-4f53-8beb-e4a378998360,7-11,7-11,2020-02-22 15:50:22.697566,2024-12-07 20:10:19.475682,"<p>My girl she left,<br/>so the story goes,<br/>what do you know?<br/>All the things that I thought that I knew went out the window.<br/><br/>There&#x27;s a last time for everything,<br/>What do you say?<br/>It happens that way.<br/>Stormed out yelling, gone forever, but she called me today...<br/><br/>And maybe, all that you want to be is all that you had to be,<br/>When flakes of gold and fallen rubies are never enough, never enough<br/>So you spend your time opening doors for everyone else but me.<br/>In the morning time, the sky up above you, the sun&#x27;ll come up.<br/><br/>I Work too hard so I buy myself style for walking the mile,<br/>Hours a day that I spend doing nonsense worth somebody&#x27;s while.<br/><br/>I&#x27;m gonna go out and jam<br/>I&#x27;m gonna go out and party<br/>I got a brand new mission<br/>So bring your ass to the party<br/><br/>Cover it up<br/>I know you got eyes,<br/>you know you got time.<br/>You want free from the octopus wrapped around your mind.<br/><br/>Run to the hills,<br/>out on your own,<br/>fig leaves for clothes.<br/>Whip that tongue,<br/>as you search for a grip,<br/>and you reach for the phone.<br/><br/>And maybe, all that you want to be is all that you had to be,<br/>When flakes of gold and fallen rubies are never enough, never enough<br/>So you spend your time opening doors for everyone else but me.<br/>In the morning time, the sky up above you, the sun&#x27;ll come up.<br/><br/>I Work too hard so I buy myself style for walking the mile,<br/>Hours a day that I spend doing nonsense worth somebody&#x27;s while.<br/><br/>I&#x27;m gonna go out and jam!<br/>I&#x27;m gonna go out and party!<br/>I got a brand new mission (sometimes it&#x27;s &#x27;I got a pool full of bitches&#x27;)<br/>so bring your ass to the party!<br/><br/>You can&#x27;t stop me<br/>You can&#x27;t stop me<br/>You can&#x27;t stop me<br/>You can&#x27;t stop me<br/><br/>Crossed off, laid up till noon in bed,<br/>Got cauliflower dreams as your brain&#x27;s ripped to shreds<br/>You made it to the dance, but you&#x27;re wearing a towel.<br/>Let me play you one that&#x27;ll make you howl.<br/><br/>Crossed off, laid up till noon in bed,<br/>got cauliflower dreams as your brain&#x27;s ripped to shreds<br/>you made it to the dance, but you&#x27;re wearing a towel.<br/>Let me play you one that&#x27;ll make you howl,<br/>Ladies give me one that&#x27;ll make me howl,<br/>Let me play you one that&#x27;ll make you wanna go out and jam!<br/>Gonna go out and party!<br/>I got a brand new mission <br/>so bring your ass to the party!</p>","",Also known as 'Bring Your Ass To The Party'.,bringyoass,27,false,4338604b-38e0-432c-855b-bcd9091d4409,Jon Gutwillig,"<p>7-11, in its earliest stage, almost feels like a symbolic statement on the band. It debuted 3/11/00, the first show after Marc Brownstein was fired, a show rife with experimentation, new ideas and techniques. A morose breakup song with a resigned yet optimistic and somewhat fuck-it-all refrain seems very fitting for this mood.</p><p></p><p>Before the debut, Barber told the audience that the song came from “a very emotional time… I was working a 7-11, and then I got back to 7-11 and the song was in the rotation. We’re going to play it once. Only today.” Shortly before its second performance, Barber told the audience that people had been telling him to keep it in the rotation.</p><p></p><p>Perhaps no song changed as much from its debut as 7-11. The earliest versions of the song, called “Bring Your Ass to the Party” until its first rework in 2001, were considerably slower and the lyrics much less polished and rawer than later versions. There is a poignant personalness to the lyrics in the 2000 versions not present in the post-rework versions: take for example the line, “girl, I even wrote a rock opera for you, it wasn’t enough, it wasn’t enough.” The distinct “I’m gonna go out and jam” refrain is present and largely the same as modern versions, but the pre-chorus is absent and the verses are very different.</p><p></p><p>Bring Your Ass to the Party was played six times before being shelved, five without Marc Brownstein. The jam section, like the song itself, was considerably rawer than with modern iterations, often resulting in wild exploratory jams. The best example of this is the only version played with the full band before the song was reworked, 8/26/00 at Camp Bisco, sandwiched between the debut of Home Again. The segues into and out of Bring Your Ass to the Party put this segment in easy contention for the best versions ever played of both songs.</p><p></p><p>After Camp Bisco, Bring Your Ass to the Party was shelved until it was debuted again, reworked and rebranded as 7-11, on 6/27/01 at the private show at Lisa Klein’s house. This show also featured the debuts of The Tunnel and the Spy rework. The differences in the song structure are numerous and profound. The song was much faster post-rework, and the lyrics no longer make reference to a breakup. The composition is considerably more fleshed out as well. The “maybe all that you want to be is all that you have to be” pre-chorus/ending and the “towel” bridge were both added--and, in fact, prior to the rework, the song didn’t really have an ending at all.</p><p></p><p>7-11 became a staple of the fall tour of 2001, which is replete with standout versions of the song, most notably 9/9/01. The band also became more adventurous with the song structure. It was split up for the first time on 8/8/01, split up at the middle (or towel section) on 9/14/01 and 9/15/01, and inverted on 12/1/01.</p><p></p><p>7-11 remained a staple of the band’s catalog after the rework, not disappearing from the rotation for more than 40 shows, however it still was not fully finished. 3/9/02 is a particularly interesting version, featuring both the first verse referencing a breakup and the distinctive heavy intro riff; the former was not standard until 8/7/02 and the latter not until 9/28/02. Additionally, the Perfume version, often called Wawa, was introduced on 5/28/03. Despite the fact that it was played only the once, it has remained a popular request ever since.</p><p></p><p>The song remained solid for the remainder of Sammy’s tenure, particularly in the fall of 2002. 9/28/02 was the first three part version and 11/9/02 the second and final until 1/4/20. Other significant versions from this era include 10/19/02 and 10/26/02.</p><p></p><p>7-11 remained in the rotation after Allen joined the band, but over the years the ending became rarer and rarer. Allen played the ending for the first time on 10/19/07, whereupon it reentered the rotation sporadically. It was played two more times in 2007, twice in 2008, twice in 2009, then shelved again until 2014.</p><p></p><p>7-11 was especially strong in the golden years of 2.0, 2007 and 2009. 10/26/07 stands head and shoulders above the others from the year, although they’re all fairly consistent. 2009 was possibly the best year for the song; the most notable versions include 2/25/09, 6/4/09, 9/25/09, and 10/2/09. The song was only played three times in 2010, but all three are worthwhile.</p><p></p><p>The song remained in fairly steady rotation in the setbreak era with at least one or two per year. It became fairly interesting again in 2018, with two massive contenders for GOAT status: 5/24/18, a type two full version complete with outro, and 12/28/18, an unfinished version with two lengthy jams including one of the longest towel jams ever.</p><p></p><p>After setbreak was declared to be over, the song became somewhat more of a rarity, appearing only twice per year in 2020-2022 and just once in 2023. Of these versions, 4/8/22 is notable as being the fourth three-part 7-11 ever, and 10/16/21 is worth hearing for a particularly strong towel jam.</p>","I’ve got a brand new mission
So bring your ass to the party",147,2024-11-20,"{""1995"": 0, ""1996"": 0, ""1997"": 0, ""1998"": 0, ""1999"": 0, ""2000"": 6, ""2001"": 20, ""2002"": 22, ""2003"": 11, ""2004"": 4, ""2005"": 3, ""2006"": 12, ""2007"": 12, ""2008"": 9, ""2009"": 11, ""2010"": 3, ""2011"": 2, ""2012"": 1, ""2013"": 2, ""2014"": 4, ""2015"": 3, ""2016"": 2, ""2017"": 3, ""2018"": 3, ""2019"": 2, ""2020"": 2, ""2021"": 2, ""2022"": 2, ""2023"": 1, ""2024"": 5}","{""40"": {""date"": ""2011-12-30"", ""previous"": ""2011-01-15"", ""delta_days"": 349}, ""41"": {""date"": ""2023-07-07"", ""previous"": ""2022-11-18"", ""delta_days"": 231}, ""50"": {""date"": ""2024-03-09"", ""previous"": ""2023-07-07"", ""delta_days"": 246}, ""80"": {""date"": ""2001-06-27"", ""previous"": ""2000-08-26"", ""delta_days"": 305}}",2002,2012,http://sickbarberlicks.weebly.com/7-11.html
e2ca410c-5f2a-4152-8fd9-2665714af96a,A Night on Bald Mountain,a-night-on-bald-mountain,2020-02-22 15:50:23.989311,2020-03-03 14:18:06.591837,"","","",bald,324,true,49eece7c-3661-4fa1-a538-bdf2a4e1cd8a,Modest Mussorgsky,,,1,2007-10-31,"{""1995"": 0, ""1996"": 0, ""1997"": 0, ""1998"": 0, ""1999"": 0, ""2000"": 0, ""2001"": 0, ""2002"": 0, ""2003"": 0, ""2004"": 0, ""2005"": 0, ""2006"": 0, ""2007"": 1, ""2008"": 0, ""2009"": 0, ""2010"": 0, ""2011"": 0, ""2012"": 0, ""2013"": 0, ""2014"": 0, ""2015"": 0, ""2016"": 0, ""2017"": 0, ""2018"": 0, ""2019"": 0, ""2020"": 0}","{""0"": {""date"": ""2007-10-31"", ""previous"": null, ""delta_days"": null}}",2007,2007,
c4e66630-12f5-40d9-999e-f23b61bf6745,O Fortuna,o-fortuna,2020-02-22 15:50:23.818238,2022-01-19 19:38:53.495073,"","","",fortuna,285,true,a558f94b-73e0-4878-bb46-b94792b1a2d1,Carl Orff,,,3,2007-05-27,"{""1995"": 0, ""1996"": 0, ""1997"": 0, ""1998"": 0, ""1999"": 0, ""2000"": 0, ""2001"": 0, ""2002"": 0, ""2003"": 0, ""2004"": 0, ""2005"": 0, ""2006"": 2, ""2007"": 1, ""2008"": 0, ""2009"": 0, ""2010"": 0, ""2011"": 0, ""2012"": 0, ""2013"": 0, ""2014"": 0, ""2015"": 0, ""2016"": 0, ""2017"": 0, ""2018"": 0, ""2019"": 0, ""2020"": 0, ""2021"": 0, ""2022"": 0}","{""0"": {""date"": ""2006-10-31"", ""previous"": null, ""delta_days"": null}, ""15"": {""date"": ""2006-11-19"", ""previous"": ""2006-10-31"", ""delta_days"": 19}, ""37"": {""date"": ""2007-05-27"", ""previous"": ""2006-11-19"", ""delta_days"": 189}}",2006,2007,
d0211954-9ffa-417d-ba3d-f5115eaa8029,Another Spin,another-spin,2024-07-06 08:19:02.620658,2024-11-26 01:37:47.445034,<p>HOOK x4</p><p>lets take this for another spin around around around again</p><p></p><p>CHECK PLEASE</p><p>Check please</p><p>gotta make the party</p><p>Gonna take the ladies</p><p>to the uptown suite</p><p></p><p>VERSE 1 x2</p><p>so close</p><p>wanna shake it</p><p>don’t wanna waste another minute so I ride ahead</p><p>lights on</p><p>gonna make it this time</p><p>push across the county line</p><p></p><p>POST VERSE</p><p></p><p>HOOK x4</p><p>CHECK PLEASE</p><p></p><p>VERSE 2 x2</p><p>roads closed</p><p>still i take it</p><p>im in a race i gotta win it or i’ll end up dead</p><p>and Broke</p><p>caught a break this time</p><p>push across the county line</p><p></p><p>POST VERSE</p><p></p><p>HOOK BRIDGE x4</p><p>What could they do what could they say</p><p>if we go around around again</p><p></p><p>SHAKE IT x4</p><p>Shake it down</p><p>shake it down to the floor</p><p>I wanna dance with ya now</p><p>Gotta move that body</p><p></p><p>HOOK x4</p><p>CHECK PLEASE</p>,"","Inspired by the No Recollection jam from 3/9/24 Pittsburgh, it debuted at Biscoland on 7/5/24 & was subsequently played 4 out of the next 5 shows albeit in short 1-2m jams. ",,,false,115c12e3-9e06-4c81-954b-db6dfe7388f8,,"","",10,2024-11-21,"{""1995"": 0, ""1996"": 0, ""1997"": 0, ""1998"": 0, ""1999"": 0, ""2000"": 0, ""2001"": 0, ""2002"": 0, ""2003"": 0, ""2004"": 0, ""2005"": 0, ""2006"": 0, ""2007"": 0, ""2008"": 0, ""2009"": 0, ""2010"": 0, ""2011"": 0, ""2012"": 0, ""2013"": 0, ""2014"": 0, ""2015"": 0, ""2016"": 0, ""2017"": 0, ""2018"": 0, ""2019"": 0, ""2020"": 0, ""2021"": 0, ""2022"": 0, ""2023"": 0, ""2024"": 10}","{""3"": {""date"": ""2024-07-12"", ""previous"": ""2024-07-05"", ""delta_days"": 7}, ""5"": {""date"": ""2024-11-21"", ""previous"": ""2024-11-14"", ""delta_days"": 7}, ""6"": {""date"": ""2024-09-06"", ""previous"": ""2024-07-20"", ""delta_days"": 48}, ""7"": {""date"": ""2024-11-14"", ""previous"": ""2024-11-02"", ""delta_days"": 12}, ""10"": {""date"": ""2024-11-02"", ""previous"": ""2024-09-06"", ""delta_days"": 57}}",2024,2024,""
14538f43-f6a7-414b-990d-4534b9129b2f,Kashmir,kashmir,2020-02-22 15:50:23.989311,2020-03-03 14:18:06.134265,"","","",kashmir,313,true,f59c90a1-64c6-4910-916e-81bd2a26052d,Led Zeppelin,,,2,2007-04-22,"{""1995"": 0, ""1996"": 0, ""1997"": 0, ""1998"": 0, ""1999"": 0, ""2000"": 0, ""2001"": 0, ""2002"": 0, ""2003"": 0, ""2004"": 0, ""2005"": 0, ""2006"": 0, ""2007"": 2, ""2008"": 0, ""2009"": 0, ""2010"": 0, ""2011"": 0, ""2012"": 0, ""2013"": 0, ""2014"": 0, ""2015"": 0, ""2016"": 0, ""2017"": 0, ""2018"": 0, ""2019"": 0, ""2020"": 0}","{""0"": {""date"": ""2007-03-24"", ""previous"": null, ""delta_days"": null}, ""3"": {""date"": ""2007-04-22"", ""previous"": ""2007-03-24"", ""delta_days"": 29}}",2007,2007,
48bb04ab-8567-42fe-95e8-b6360af2a7a8,Exodus,exodus,2020-02-22 15:50:29.120743,2020-03-03 14:18:06.772878,"","","",exodus,467,true,1a0b0cb6-7781-4cab-81e4-2af5cb6db035,Bob Marley,,,3,2018-12-13,"{""1995"": 0, ""1996"": 0, ""1997"": 0, ""1998"": 0, ""1999"": 0, ""2000"": 0, ""2001"": 0, ""2002"": 0, ""2003"": 0, ""2004"": 0, ""2005"": 0, ""2006"": 0, ""2007"": 0, ""2008"": 0, ""2009"": 0, ""2010"": 0, ""2011"": 0, ""2012"": 0, ""2013"": 0, ""2014"": 0, ""2015"": 0, ""2016"": 0, ""2017"": 2, ""2018"": 1, ""2019"": 0, ""2020"": 0}","{""0"": {""date"": ""2017-02-04"", ""previous"": null, ""delta_days"": null}, ""15"": {""date"": ""2017-07-15"", ""previous"": ""2017-02-04"", ""delta_days"": 161}, ""49"": {""date"": ""2018-12-13"", ""previous"": ""2017-07-15"", ""delta_days"": 516}}",2017,2018,
d6f2ac6a-0d47-4692-ae3b-e1af3738fb76,Chilled Briefly,chilled-briefly,2020-02-22 15:50:23.989311,2024-01-15 13:17:20.492038,"","","",chilled,345,false,e2397ce3-857e-425f-925e-1cb30de780d7,"",,,1,2008-07-19,"{""1995"": 0, ""1996"": 0, ""1997"": 0, ""1998"": 0, ""1999"": 0, ""2000"": 0, ""2001"": 0, ""2002"": 0, ""2003"": 0, ""2004"": 0, ""2005"": 0, ""2006"": 0, ""2007"": 0, ""2008"": 1, ""2009"": 0, ""2010"": 0, ""2011"": 0, ""2012"": 0, ""2013"": 0, ""2014"": 0, ""2015"": 0, ""2016"": 0, ""2017"": 0, ""2018"": 0, ""2019"": 0, ""2020"": 0, ""2021"": 0, ""2022"": 0, ""2023"": 0, ""2024"": 0}","{""0"": {""date"": ""2008-07-19"", ""previous"": null, ""delta_days"": null}}",2008,2008,http://sickbarberlicks.weebly.com/chilled-briefly.html
9e927f07-88a0-4fc3-9caf-adb1e8f45d15,D'yer Mak'er,d-yer-mak-er,2020-02-22 15:50:23.989311,2024-06-17 16:40:51.888388,"","","",dyer,331,true,9e044c10-50fa-4892-8684-0c00115534c1,Led Zepllin,,,2,2007-12-20,"{""1995"": 0, ""1996"": 0, ""1997"": 0, ""1998"": 0, ""1999"": 0, ""2000"": 0, ""2001"": 0, ""2002"": 0, ""2003"": 0, ""2004"": 0, ""2005"": 0, ""2006"": 0, ""2007"": 2, ""2008"": 0, ""2009"": 0, ""2010"": 0, ""2011"": 0, ""2012"": 0, ""2013"": 0, ""2014"": 0, ""2015"": 0, ""2016"": 0, ""2017"": 0, ""2018"": 0, ""2019"": 0, ""2020"": 0, ""2021"": 0, ""2022"": 0, ""2023"": 0, ""2024"": 0}","{""0"": {""date"": ""2007-12-15"", ""previous"": null, ""delta_days"": null}, ""1"": {""date"": ""2007-12-20"", ""previous"": ""2007-12-15"", ""delta_days"": 5}}",2007,2007,
6874d989-3ef1-4e89-a82b-5691f9841110,Casey Jones ,casey-jones,2020-02-22 15:50:29.120743,2020-07-09 04:00:25.797758,"","","",casey,443,true,079d7757-bd68-46ac-990a-6a254e0a9285,The Grateful Dead,,,1,2015-04-17,"{""1995"": 0, ""1996"": 0, ""1997"": 0, ""1998"": 0, ""1999"": 0, ""2000"": 0, ""2001"": 0, ""2002"": 0, ""2003"": 0, ""2004"": 0, ""2005"": 0, ""2006"": 0, ""2007"": 0, ""2008"": 0, ""2009"": 0, ""2010"": 0, ""2011"": 0, ""2012"": 0, ""2013"": 0, ""2014"": 0, ""2015"": 1, ""2016"": 0, ""2017"": 0, ""2018"": 0, ""2019"": 0, ""2020"": 0}","{""0"": {""date"": ""2015-04-17"", ""previous"": null, ""delta_days"": null}}",2015,2015,
140cc6f6-6e8e-4f85-b381-111d060ad6cb,Spanish Castle Magic,spanish-castle-magic,2020-02-22 15:50:23.989311,2020-03-03 14:18:07.766366,"","","",castle,396,true,73887592-0836-4584-afe1-e38345f0e293,Jimi Hendrix,,,2,1995-12-09,"{""1995"": 2, ""1996"": 0, ""1997"": 0, ""1998"": 0, ""1999"": 0, ""2000"": 0, ""2001"": 0, ""2002"": 0, ""2003"": 0, ""2004"": 0, ""2005"": 0, ""2006"": 0, ""2007"": 0, ""2008"": 0, ""2009"": 0, ""2010"": 0, ""2011"": 0, ""2012"": 0, ""2013"": 0, ""2014"": 0, ""2015"": 0, ""2016"": 0, ""2017"": 0, ""2018"": 0, ""2019"": 0, ""2020"": 0}","{""0"": {""date"": ""1995-02-11"", ""previous"": null, ""delta_days"": null}, ""8"": {""date"": ""1995-12-09"", ""previous"": ""1995-02-11"", ""delta_days"": 301}}",1995,1995,
2548e5a2-8de3-41a6-b1fd-ba67b133d045,The Bionic Helix,the-bionic-helix,2020-02-22 15:50:29.120743,2024-08-25 20:29:45.705997,"","","",bionic,474,false,,"",,,8,2022-11-11,"{""1995"": 0, ""1996"": 0, ""1997"": 0, ""1998"": 0, ""1999"": 0, ""2000"": 0, ""2001"": 0, ""2002"": 0, ""2003"": 0, ""2004"": 0, ""2005"": 0, ""2006"": 0, ""2007"": 0, ""2008"": 0, ""2009"": 0, ""2010"": 0, ""2011"": 0, ""2012"": 0, ""2013"": 0, ""2014"": 0, ""2015"": 0, ""2016"": 0, ""2017"": 2, ""2018"": 2, ""2019"": 0, ""2020"": 0, ""2021"": 3, ""2022"": 1, ""2023"": 0, ""2024"": 0}","{""14"": {""date"": ""2018-05-27"", ""previous"": ""2017-12-31"", ""delta_days"": 147}, ""16"": {""date"": ""2018-12-12"", ""previous"": ""2018-05-27"", ""delta_days"": 199}, ""19"": {""date"": ""2021-06-25"", ""previous"": ""2021-02-05"", ""delta_days"": 140}, ""56"": {""date"": ""2021-02-05"", ""previous"": ""2018-12-12"", ""delta_days"": 786}, ""62"": {""date"": ""2022-11-11"", ""previous"": ""2021-08-28"", ""delta_days"": 440}}",2021,2022,
f99d3520-e9ad-4b86-a3a8-70853eb09b31,Terrapin Station ,terrapin-station,2020-02-22 15:50:29.120743,2020-03-03 14:18:08.191025,"","","",terrapin,440,true,079d7757-bd68-46ac-990a-6a254e0a9285,The Grateful Dead,,,1,2015-04-17,"{""1995"": 0, ""1996"": 0, ""1997"": 0, ""1998"": 0, ""1999"": 0, ""2000"": 0, ""2001"": 0, ""2002"": 0, ""2003"": 0, ""2004"": 0, ""2005"": 0, ""2006"": 0, ""2007"": 0, ""2008"": 0, ""2009"": 0, ""2010"": 0, ""2011"": 0, ""2012"": 0, ""2013"": 0, ""2014"": 0, ""2015"": 1, ""2016"": 0, ""2017"": 0, ""2018"": 0, ""2019"": 0, ""2020"": 0}","{""0"": {""date"": ""2015-04-17"", ""previous"": null, ""delta_days"": null}}",2015,2015,
e7310ba9-edf2-4bb1-b68d-bb47f564665b,Suspicious Minds,suspicious-minds,2020-02-22 15:50:29.120743,2023-04-20 15:15:28.021434,"","","",suspicious,458,true,1f98dde4-ce73-44fa-ba97-7b06133254e9,Elvis Presley,,,2,2018-11-01,"{""1995"": 0, ""1996"": 0, ""1997"": 0, ""1998"": 0, ""1999"": 0, ""2000"": 0, ""2001"": 0, ""2002"": 0, ""2003"": 0, ""2004"": 0, ""2005"": 0, ""2006"": 0, ""2007"": 0, ""2008"": 0, ""2009"": 0, ""2010"": 0, ""2011"": 0, ""2012"": 0, ""2013"": 0, ""2014"": 0, ""2015"": 0, ""2016"": 1, ""2017"": 0, ""2018"": 1, ""2019"": 0, ""2020"": 0, ""2021"": 0, ""2022"": 0, ""2023"": 0}","{""0"": {""date"": ""2016-02-06"", ""previous"": null, ""delta_days"": null}, ""87"": {""date"": ""2018-11-01"", ""previous"": ""2016-02-06"", ""delta_days"": 999}}",2018,2016,
583d281a-43b2-48e3-a224-8dbd5cd05517,Knights of Cydonia ,knights-of-cydonia,2020-02-22 15:50:29.120743,2023-04-20 15:23:03.879841,"","","",knights,448,true,0741948c-afa5-4f19-bb97-126844a6fa0a,Muse,,,3,2018-11-23,"{""1995"": 0, ""1996"": 0, ""1997"": 0, ""1998"": 0, ""1999"": 0, ""2000"": 0, ""2001"": 0, ""2002"": 0, ""2003"": 0, ""2004"": 0, ""2005"": 0, ""2006"": 0, ""2007"": 0, ""2008"": 0, ""2009"": 0, ""2010"": 0, ""2011"": 0, ""2012"": 0, ""2013"": 0, ""2014"": 0, ""2015"": 1, ""2016"": 1, ""2017"": 0, ""2018"": 1, ""2019"": 0, ""2020"": 0, ""2021"": 0, ""2022"": 0, ""2023"": 0}","{""0"": {""date"": ""2015-07-18"", ""previous"": null, ""delta_days"": null}, ""25"": {""date"": ""2016-06-04"", ""previous"": ""2015-07-18"", ""delta_days"": 322}, ""80"": {""date"": ""2018-11-23"", ""previous"": ""2016-06-04"", ""delta_days"": 902}}",2018,2015,
5d47e3a7-0ec8-4875-8c41-cc21b6573e41,Pilin' It High,pilin-it-high,2020-02-22 15:50:23.147147,2024-11-24 13:50:37.000371,"<p>First you get a million, then you get another,<br/>then you buy a car for your sister and your mother,<br/>then you buy a house for the girlie next door,<br/>and every single day you want more!<br/><br/>The age old saying is right.<br/>It&#x27;s not the pile, it&#x27;s pilin&#x27; it high.<br/>Hey, all, day or night<br/>You&#x27;re not done when there&#x27;s another ride.<br/><br/>Salivating porkchop,<br/>mister living poppa,<br/>alley cat dreams will burn you like lava,<br/>cavortment, assortment, a cadillac roar,<br/>And every single day you want more!<br/><br/>First you get paid, then you get laid,<br/>six or seven times by the end of the day,<br/>you try to stop, but all you really want to do is score,<br/>And every single day you want more!</p>","","",pilin,138,false,4338604b-38e0-432c-855b-bcd9091d4409,Jon Gutwillig,"<p><em>Pilin&#x27; It High</em> comes in two different flavors: Original or Perfume.</p><p>The original version, debuted on 8/11/1999, is a straight up rock tune. The Perfume version, on the other hand, was debuted by The Perfume on 5/28/2003 and is reworked, more electronic version.</p><p>The Perfume version is also known as <em>Pilin&#x27; it Higher</em>.</p>",,114,2024-11-14,"{""1995"": 0, ""1996"": 0, ""1997"": 0, ""1998"": 0, ""1999"": 13, ""2000"": 1, ""2001"": 11, ""2002"": 11, ""2003"": 9, ""2004"": 4, ""2005"": 1, ""2006"": 12, ""2007"": 7, ""2008"": 1, ""2009"": 4, ""2010"": 6, ""2011"": 2, ""2012"": 2, ""2013"": 2, ""2014"": 5, ""2015"": 2, ""2016"": 2, ""2017"": 3, ""2018"": 4, ""2019"": 0, ""2020"": 0, ""2021"": 2, ""2022"": 2, ""2023"": 6, ""2024"": 2}","{""50"": {""date"": ""2009-02-03"", ""previous"": ""2008-04-05"", ""delta_days"": 304}, ""53"": {""date"": ""2008-04-05"", ""previous"": ""2007-08-18"", ""delta_days"": 231}, ""56"": {""date"": ""2010-04-18"", ""previous"": ""2009-09-23"", ""delta_days"": 207}, ""83"": {""date"": ""2021-09-26"", ""previous"": ""2018-12-29"", ""delta_days"": 1002}}",1999,2000,http://sickbarberlicks.weebly.com/pilin-it-higher.html
58979018-29bb-4fff-b19f-7d41219a6a90,No Sleep Till Brooklyn,no-sleep-till-brooklyn,2020-02-22 15:50:23.989311,2023-04-06 03:55:30.509967,"","","",nstb,382,true,7c77e463-6bab-42ea-be3e-19cebc2e62d7,The Beastie Boys,,,2,2016-08-20,"{""1995"": 0, ""1996"": 0, ""1997"": 0, ""1998"": 0, ""1999"": 0, ""2000"": 0, ""2001"": 0, ""2002"": 0, ""2003"": 0, ""2004"": 0, ""2005"": 0, ""2006"": 0, ""2007"": 0, ""2008"": 0, ""2009"": 1, ""2010"": 0, ""2011"": 0, ""2012"": 0, ""2013"": 0, ""2014"": 0, ""2015"": 0, ""2016"": 1, ""2017"": 0, ""2018"": 0, ""2019"": 0, ""2020"": 0, ""2021"": 0, ""2022"": 0, ""2023"": 0}","{""0"": {""date"": ""2009-10-10"", ""previous"": null, ""delta_days"": null}, ""261"": {""date"": ""2016-08-20"", ""previous"": ""2009-10-10"", ""delta_days"": 2506}}",2016,2009,
d681691f-4c12-48a9-8299-46e5d268aab1,AC/DC Bag,ac-dc-bag,2020-02-22 15:50:23.989311,2020-03-03 14:18:07.507709,"","","",acdc,398,true,1078df0b-4ebf-4d7b-bbf3-5d3d98eeeed5,Phish,,,2,1995-09-16,"{""1995"": 2, ""1996"": 0, ""1997"": 0, ""1998"": 0, ""1999"": 0, ""2000"": 0, ""2001"": 0, ""2002"": 0, ""2003"": 0, ""2004"": 0, ""2005"": 0, ""2006"": 0, ""2007"": 0, ""2008"": 0, ""2009"": 0, ""2010"": 0, ""2011"": 0, ""2012"": 0, ""2013"": 0, ""2014"": 0, ""2015"": 0, ""2016"": 0, ""2017"": 0, ""2018"": 0, ""2019"": 0, ""2020"": 0}","{""0"": {""date"": ""1995-04-01"", ""previous"": null, ""delta_days"": null}, ""1"": {""date"": ""1995-09-16"", ""previous"": ""1995-04-01"", ""delta_days"": 168}}",1995,1995,
a8412c06-b41c-4b63-84d4-0ab4864c4f83,Us and Them,us-and-them,2020-02-22 15:50:29.120743,2020-03-03 14:18:08.532644,"","","",usandthem,447,true,0613f1fa-e69e-4913-8ca0-f7bb72e5d6ec,Pink Floyd ,,,1,2015-07-17,"{""1995"": 0, ""1996"": 0, ""1997"": 0, ""1998"": 0, ""1999"": 0, ""2000"": 0, ""2001"": 0, ""2002"": 0, ""2003"": 0, ""2004"": 0, ""2005"": 0, ""2006"": 0, ""2007"": 0, ""2008"": 0, ""2009"": 0, ""2010"": 0, ""2011"": 0, ""2012"": 0, ""2013"": 0, ""2014"": 0, ""2015"": 1, ""2016"": 0, ""2017"": 0, ""2018"": 0, ""2019"": 0, ""2020"": 0}","{""0"": {""date"": ""2015-07-17"", ""previous"": null, ""delta_days"": null}}",2015,2015,
72c45c22-b706-4632-a48c-95455ee82764,Floodlights,floodlights,2020-02-22 15:50:22.856762,2024-11-11 00:06:45.209916,"Where did I go wrong, and it wasn't too long ago.<br/>I didn't think I would ever change me.<br/>but I know that it did, That the fruit that I was tempted by.<br/>It didn't sink in, until the lights flashed in my eye.<br/><br/>And I knew they were flying up above in the sky.<br/>I wouldn't let up  until I couldn't push anymore.<br/>And I thought if I ever had a chance before,<br/>And I was set up, and now I'd say my chances are poor.<br/><br/>And you run for your life,<br/>And you hide from the lights as they shine from the sky.<br/>When your life's on the line, <br/>And you think in your mind, are you ready to die?<br/><br/>How can I go on, and I'll live a long life you know<br/>If I could outrun the whole damn state <br/>And I think of the time that I didn't have to run <br/>And then I thought it, I may never see the sun <br/><br/>In the morning all I got left is my gun <br/>And I will use it to get myself out of this mess <br/>And I thought if I'd ever taken more or less <br/>Then I'd abuse it and all I'd have left is my stress<br/><br/>And you run for your life,<br/>And you hide from the lights as they shine from the sky.<br/>When your life's on the line, <br/>And you think in your mind, are you ready to die?",transcribed by Rich Steele<br/><br/>(main riff)<br/>E   0  0  <br/>B   0  0  <br/>G   1  1<br/>D   2  2                             12 12 12 12 14<br/>A   2  2         12 12 12  12 12(h)14<br/>E 0 0  0  12(h)14<br/><br/><br/>(chorus)<br/><br/>E > A > B > G > E,"",flood,65,false,e2397ce3-857e-425f-925e-1cb30de780d7,Marc Brownstein,,,105,2024-09-08,"{""1995"": 0, ""1996"": 0, ""1997"": 0, ""1998"": 0, ""1999"": 0, ""2000"": 11, ""2001"": 20, ""2002"": 25, ""2003"": 10, ""2004"": 3, ""2005"": 4, ""2006"": 8, ""2007"": 3, ""2008"": 3, ""2009"": 3, ""2010"": 2, ""2011"": 1, ""2012"": 1, ""2013"": 2, ""2014"": 1, ""2015"": 0, ""2016"": 1, ""2017"": 1, ""2018"": 1, ""2019"": 0, ""2020"": 0, ""2021"": 1, ""2022"": 0, ""2023"": 2, ""2024"": 2}","{""60"": {""date"": ""2012-12-28"", ""previous"": ""2011-01-14"", ""delta_days"": 714}, ""65"": {""date"": ""2023-03-10"", ""previous"": ""2021-11-21"", ""delta_days"": 474}, ""85"": {""date"": ""2024-08-28"", ""previous"": ""2023-06-17"", ""delta_days"": 438}, ""113"": {""date"": ""2021-11-21"", ""previous"": ""2018-05-26"", ""delta_days"": 1275}}",2002,2011,http://sickbarberlicks.weebly.com/floodlights.html
28fd66e7-1544-494b-b1af-ed3f2d18961f,Korobeiniki,korobeiniki,2020-02-22 15:50:29.120743,2021-11-11 04:27:18.758468,"","",Traditional Russian folk song used in Nintendo's Tetris game,koro,479,true,db72fcdf-43ee-471d-abe8-16c3fff66d82,Traditional,,,2,2018-05-27,"{""1995"": 0, ""1996"": 0, ""1997"": 0, ""1998"": 0, ""1999"": 0, ""2000"": 0, ""2001"": 0, ""2002"": 0, ""2003"": 0, ""2004"": 0, ""2005"": 0, ""2006"": 0, ""2007"": 0, ""2008"": 0, ""2009"": 0, ""2010"": 0, ""2011"": 0, ""2012"": 0, ""2013"": 0, ""2014"": 0, ""2015"": 0, ""2016"": 0, ""2017"": 1, ""2018"": 1, ""2019"": 0, ""2020"": 0, ""2021"": 0}","{""0"": {""date"": ""2017-12-31"", ""previous"": null, ""delta_days"": null}, ""14"": {""date"": ""2018-05-27"", ""previous"": ""2017-12-31"", ""delta_days"": 147}}",2018,2017,
542df8db-5bc2-41d4-9e7b-db6b25916b4f,West L.A. Fadeaway,west-l-a-fadeaway,2020-02-22 15:50:29.120743,2024-05-25 17:51:10.722209,"","","",westla,425,true,b2e3838d-17e2-455f-8488-14f2716e4b10,Garcia/Hunter ,,,2,2014-08-02,"{""1995"": 0, ""1996"": 0, ""1997"": 0, ""1998"": 0, ""1999"": 0, ""2000"": 0, ""2001"": 0, ""2002"": 0, ""2003"": 0, ""2004"": 0, ""2005"": 0, ""2006"": 0, ""2007"": 0, ""2008"": 0, ""2009"": 0, ""2010"": 0, ""2011"": 0, ""2012"": 0, ""2013"": 0, ""2014"": 2, ""2015"": 0, ""2016"": 0, ""2017"": 0, ""2018"": 0, ""2019"": 0, ""2020"": 0, ""2021"": 0, ""2022"": 0, ""2023"": 0, ""2024"": 0}","{""0"": {""date"": ""2014-07-31"", ""previous"": null, ""delta_days"": null}, ""2"": {""date"": ""2014-08-02"", ""previous"": ""2014-07-31"", ""delta_days"": 2}}",2014,2014,
242ee9a2-28da-4247-8af8-ded5e80baaba,Super Mario Bros Overworld Theme,super-mario-bros-overworld-theme,2020-02-22 15:50:29.120743,2022-09-13 22:53:35.833121,"","","",overworld,477,true,,"",,,1,2017-12-31,"{""1995"": 0, ""1996"": 0, ""1997"": 0, ""1998"": 0, ""1999"": 0, ""2000"": 0, ""2001"": 0, ""2002"": 0, ""2003"": 0, ""2004"": 0, ""2005"": 0, ""2006"": 0, ""2007"": 0, ""2008"": 0, ""2009"": 0, ""2010"": 0, ""2011"": 0, ""2012"": 0, ""2013"": 0, ""2014"": 0, ""2015"": 0, ""2016"": 0, ""2017"": 1, ""2018"": 0, ""2019"": 0, ""2020"": 0, ""2021"": 0, ""2022"": 0}","{""0"": {""date"": ""2017-12-31"", ""previous"": null, ""delta_days"": null}}",2017,2017,
faf60cc7-274c-432e-a4f0-31f6653a102a,Eyes of The World ,eyes-of-the-world,2020-02-22 15:50:29.120743,2024-05-25 17:51:32.946279,"","","",eyes,428,true,b2e3838d-17e2-455f-8488-14f2716e4b10,Garcia/Hunter ,,,2,2014-08-02,"{""1995"": 0, ""1996"": 0, ""1997"": 0, ""1998"": 0, ""1999"": 0, ""2000"": 0, ""2001"": 0, ""2002"": 0, ""2003"": 0, ""2004"": 0, ""2005"": 0, ""2006"": 0, ""2007"": 0, ""2008"": 0, ""2009"": 0, ""2010"": 0, ""2011"": 0, ""2012"": 0, ""2013"": 0, ""2014"": 2, ""2015"": 0, ""2016"": 0, ""2017"": 0, ""2018"": 0, ""2019"": 0, ""2020"": 0, ""2021"": 0, ""2022"": 0, ""2023"": 0, ""2024"": 0}","{""0"": {""date"": ""2014-07-31"", ""previous"": null, ""delta_days"": null}, ""2"": {""date"": ""2014-08-02"", ""previous"": ""2014-07-31"", ""delta_days"": 2}}",2014,2014,
66a22baa-a990-461f-abae-d902e56b3494,Mike's Song,mike-s-song,2020-02-22 15:50:23.009469,2021-10-16 14:03:22.986907,"","","",mikes,120,true,1078df0b-4ebf-4d7b-bbf3-5d3d98eeeed5,Phish,,,3,1996-02-13,"{""1995"": 2, ""1996"": 1, ""1997"": 0, ""1998"": 0, ""1999"": 0, ""2000"": 0, ""2001"": 0, ""2002"": 0, ""2003"": 0, ""2004"": 0, ""2005"": 0, ""2006"": 0, ""2007"": 0, ""2008"": 0, ""2009"": 0, ""2010"": 0, ""2011"": 0, ""2012"": 0, ""2013"": 0, ""2014"": 0, ""2015"": 0, ""2016"": 0, ""2017"": 0, ""2018"": 0, ""2019"": 0, ""2020"": 0, ""2021"": 0}","{""0"": {""date"": ""1995-04-01"", ""previous"": null, ""delta_days"": null}, ""1"": {""date"": ""1995-09-16"", ""previous"": ""1995-04-01"", ""delta_days"": 168}, ""11"": {""date"": ""1996-02-13"", ""previous"": ""1995-09-16"", ""delta_days"": 150}}",1995,1996,
f3a84211-f735-4c02-bb0f-d0f545c94753,The Thieving Magpie,the-thieving-magpie,2020-02-22 15:50:23.009469,2024-03-06 17:23:31.061007,"","","",magpie,113,true,9a7a4328-4639-4bea-88c0-d48548e78f37,Rossini,,,33,2014-12-31,"{""1995"": 0, ""1996"": 0, ""1997"": 0, ""1998"": 0, ""1999"": 21, ""2000"": 0, ""2001"": 4, ""2002"": 4, ""2003"": 1, ""2004"": 0, ""2005"": 0, ""2006"": 0, ""2007"": 0, ""2008"": 2, ""2009"": 0, ""2010"": 0, ""2011"": 0, ""2012"": 0, ""2013"": 0, ""2014"": 1, ""2015"": 0, ""2016"": 0, ""2017"": 0, ""2018"": 0, ""2019"": 0, ""2020"": 0, ""2021"": 0, ""2022"": 0, ""2023"": 0, ""2024"": 0}","{""61"": {""date"": ""2002-11-10"", ""previous"": ""2002-05-05"", ""delta_days"": 189}, ""65"": {""date"": ""2002-04-20"", ""previous"": ""2001-09-09"", ""delta_days"": 223}, ""97"": {""date"": ""2001-06-27"", ""previous"": ""1999-12-30"", ""delta_days"": 545}, ""286"": {""date"": ""2008-07-18"", ""previous"": ""2003-08-16"", ""delta_days"": 1798}, ""310"": {""date"": ""2014-12-31"", ""previous"": ""2008-07-25"", ""delta_days"": 2350}}",1999,2003,
27cd7f3c-ceb6-4b58-8b8f-549437ae29e0,Stranger Things Theme,stranger-things-theme,2020-02-22 15:50:29.120743,2022-09-13 22:51:58.283498,"","","",sthings,471,true,21604205-4f7f-44d4-bb25-eb7cac506787,S U R V I VE,,,1,2017-10-27,"{""1995"": 0, ""1996"": 0, ""1997"": 0, ""1998"": 0, ""1999"": 0, ""2000"": 0, ""2001"": 0, ""2002"": 0, ""2003"": 0, ""2004"": 0, ""2005"": 0, ""2006"": 0, ""2007"": 0, ""2008"": 0, ""2009"": 0, ""2010"": 0, ""2011"": 0, ""2012"": 0, ""2013"": 0, ""2014"": 0, ""2015"": 0, ""2016"": 0, ""2017"": 1, ""2018"": 0, ""2019"": 0, ""2020"": 0, ""2021"": 0, ""2022"": 0}","{""0"": {""date"": ""2017-10-27"", ""previous"": null, ""delta_days"": null}}",2017,2017,
b099aacb-d432-4178-9916-bfbf7ca1e9d1,Drumz,drumz,2020-02-22 15:50:22.856762,2023-01-25 23:13:42.988774,"","","",drumz,48,false,,"",,,7,2014-02-22,"{""1995"": 0, ""1996"": 0, ""1997"": 0, ""1998"": 2, ""1999"": 2, ""2000"": 1, ""2001"": 0, ""2002"": 0, ""2003"": 0, ""2004"": 0, ""2005"": 0, ""2006"": 0, ""2007"": 0, ""2008"": 0, ""2009"": 0, ""2010"": 0, ""2011"": 0, ""2012"": 0, ""2013"": 0, ""2014"": 2, ""2015"": 0, ""2016"": 0, ""2017"": 0, ""2018"": 0, ""2019"": 0, ""2020"": 0, ""2021"": 0, ""2022"": 0, ""2023"": 0}","{""7"": {""date"": ""1999-01-28"", ""previous"": ""1999-01-19"", ""delta_days"": 9}, ""68"": {""date"": ""1998-06-04"", ""previous"": ""1998-01-28"", ""delta_days"": 127}, ""88"": {""date"": ""1999-01-19"", ""previous"": ""1998-06-04"", ""delta_days"": 229}, ""152"": {""date"": ""2000-08-25"", ""previous"": ""1999-01-28"", ""delta_days"": 575}, ""864"": {""date"": ""2014-02-21"", ""previous"": ""2000-08-25"", ""delta_days"": 4928}}",2014,2000,
20e35f00-c1bb-45ca-a94d-fa89dd696b23,Super Mario Bros Underworld Theme,super-mario-bros-underworld-theme,2020-02-22 15:50:29.120743,2022-09-13 22:54:14.305939,"","","",underworld,478,true,,"",,,1,2017-12-31,"{""1995"": 0, ""1996"": 0, ""1997"": 0, ""1998"": 0, ""1999"": 0, ""2000"": 0, ""2001"": 0, ""2002"": 0, ""2003"": 0, ""2004"": 0, ""2005"": 0, ""2006"": 0, ""2007"": 0, ""2008"": 0, ""2009"": 0, ""2010"": 0, ""2011"": 0, ""2012"": 0, ""2013"": 0, ""2014"": 0, ""2015"": 0, ""2016"": 0, ""2017"": 1, ""2018"": 0, ""2019"": 0, ""2020"": 0, ""2021"": 0, ""2022"": 0}","{""0"": {""date"": ""2017-12-31"", ""previous"": null, ""delta_days"": null}}",2017,2017,
1faa7e0e-a9ac-4234-a080-c7d5f7beeff4,Feel Like A Stranger,feel-like-a-stranger,2022-04-02 04:29:50.192473,2022-11-30 20:28:57.669005,"","","",,,true,cb77be37-5de3-492b-830d-c1f111913758,,<p></p>,"",1,2022-04-01,"{""1995"": 0, ""1996"": 0, ""1997"": 0, ""1998"": 0, ""1999"": 0, ""2000"": 0, ""2001"": 0, ""2002"": 0, ""2003"": 0, ""2004"": 0, ""2005"": 0, ""2006"": 0, ""2007"": 0, ""2008"": 0, ""2009"": 0, ""2010"": 0, ""2011"": 0, ""2012"": 0, ""2013"": 0, ""2014"": 0, ""2015"": 0, ""2016"": 0, ""2017"": 0, ""2018"": 0, ""2019"": 0, ""2020"": 0, ""2021"": 0, ""2022"": 1}","{""0"": {""date"": ""2022-04-01"", ""previous"": null, ""delta_days"": null}}",2022,2022,""
f0562abc-a5c2-40af-bb68-393b9c02e85b,Space ,space,2020-02-22 15:50:29.120743,2020-07-09 03:37:53.573357,"","","",space,429,true,cb77be37-5de3-492b-830d-c1f111913758,Grateful Dead ,,,2,2015-04-17,"{""1995"": 0, ""1996"": 0, ""1997"": 0, ""1998"": 0, ""1999"": 0, ""2000"": 0, ""2001"": 0, ""2002"": 0, ""2003"": 0, ""2004"": 0, ""2005"": 0, ""2006"": 0, ""2007"": 0, ""2008"": 0, ""2009"": 0, ""2010"": 0, ""2011"": 0, ""2012"": 0, ""2013"": 0, ""2014"": 1, ""2015"": 1, ""2016"": 0, ""2017"": 0, ""2018"": 0, ""2019"": 0, ""2020"": 0}","{""0"": {""date"": ""2014-07-31"", ""previous"": null, ""delta_days"": null}, ""25"": {""date"": ""2015-04-17"", ""previous"": ""2014-07-31"", ""delta_days"": 260}}",2015,2014,
b9e188ea-eed1-4660-bea8-d0b829b0d36f,Franklin's Tower ,franklin-s-tower,2020-02-22 15:50:29.120743,2020-07-09 03:38:07.977085,"","","",franklins,442,true,079d7757-bd68-46ac-990a-6a254e0a9285,The Grateful Dead,,,2,2019-02-02,"{""1995"": 0, ""1996"": 0, ""1997"": 0, ""1998"": 0, ""1999"": 0, ""2000"": 0, ""2001"": 0, ""2002"": 0, ""2003"": 0, ""2004"": 0, ""2005"": 0, ""2006"": 0, ""2007"": 0, ""2008"": 0, ""2009"": 0, ""2010"": 0, ""2011"": 0, ""2012"": 0, ""2013"": 0, ""2014"": 0, ""2015"": 1, ""2016"": 0, ""2017"": 0, ""2018"": 0, ""2019"": 1, ""2020"": 0}","{""0"": {""date"": ""2015-04-17"", ""previous"": null, ""delta_days"": null}, ""130"": {""date"": ""2019-02-02"", ""previous"": ""2015-04-17"", ""delta_days"": 1387}}",2019,2015,
f98418ae-748e-4459-8a5c-2b5fefa4c81d,Nughuffer,nughuffer,2020-02-22 15:50:23.147147,2024-11-25 11:58:41.863286,"I want to go...<br/><br/>Tango and Bossanova,<br/>I take my nughuffer everywhere I go,<br/>When I go around the city.<br/><br/>Tango and Bossanova,<br/>Life is hard, you cannot sit inside your house<br/>And wallow in self-pity.<br/><br/>Oh, no, it's broken!<br/><br/>Nughuffer,<br/>Lying in three pieces on the floor.<br/><br/>Twenty-five nughuffers,<br/>Sitting on my bathroom floor..<br/><br/>Here we go, here we go, here we go, Jon The Barber!",  ~~Nughuffer <p><p>(intro) <p><p>  Bb  B <p>E <p>B 3   4 4 <p>G 3   4 4  <p>D 3   4 4 <p>A 1   2 2 <p>E<p> <p>   E            G  <p>E  0 0          3 3 <p>B  0 0          3 3 <p>G  1 1          4 4 <p>D  2 2          5 5 <p>A  2 2          5 5 <p>E  0 0  0 1 2   3 3 <p><p>(insert riff that I haven't figured out yet after this :) <p><p><p>the (I want to goooooo...) riff: <p><p>   B                   Bb <p>E        7(h)8(p)7             6(h)7(p)6 <p>B    7             7       6             6 <p>G   8  8             8   7   7             7 <p>D  9                    8 <p>A <p>E ,"",nug,130,false,e2397ce3-857e-425f-925e-1cb30de780d7,Marc Brownstein,,,191,2024-11-16,"{""1995"": 8, ""1996"": 14, ""1997"": 39, ""1998"": 34, ""1999"": 14, ""2000"": 5, ""2001"": 8, ""2002"": 13, ""2003"": 5, ""2004"": 2, ""2005"": 3, ""2006"": 6, ""2007"": 6, ""2008"": 5, ""2009"": 3, ""2010"": 3, ""2011"": 1, ""2012"": 1, ""2013"": 1, ""2014"": 1, ""2015"": 1, ""2016"": 3, ""2017"": 1, ""2018"": 2, ""2019"": 0, ""2020"": 1, ""2021"": 2, ""2022"": 1, ""2023"": 4, ""2024"": 4}","{""49"": {""date"": ""2012-07-13"", ""previous"": ""2011-01-15"", ""delta_days"": 545}, ""78"": {""date"": ""2023-07-07"", ""previous"": ""2022-04-01"", ""delta_days"": 462}}",1997,2011,http://sickbarberlicks.weebly.com/nughuffer.html
3f67b2bf-aa2b-4eb5-9c2b-608717bdd851,The Very Moon,the-very-moon,2020-02-22 15:50:23.009469,2024-12-07 20:12:49.647574,"Manilla was a crude machine who'd taken his fair share<br/>He gobbled up the world he owned as petals paved his stairs<br/>Manilla thanked the very moon for money and his life<br/>He triffled nothing miniscule including one, his wife<br/><br/>Leora, his arranged wife, did not need his greed<br/>She asked that stars, the very moon, to one day cross the sea<br/>Manilla gazed an empty stare nothing there could grow<br/>She cherished dreams of flying high and leaving him below<br/><br/>Leora stands on her head<br/>Doin' the two step on her hands<br/>As her eyes move round the room<br/>To catch somone watching<br/><br/>Leora stands on her head<br/>Doin' the two step on her hands<br/>Underneath the very moon each one was watching<br/><br/>Manilla wanted worldly things and everything he'd have<br/>He built castles, moats, battleships and troops in iron clad<br/>Manilla heard Mulberry's name under the very moon<br/>His troops went running the next day to find the air balloon.<br/><br/>Leora, his arranged wife, cooked the men a feast<br/>And cleaned herself up solemnly before she faced the beast<br/>That night she asked the very moon was this her fate to be<br/>At lunch she met the flying man whose airships crossed the sea<br/><br/>Leora stands on her head<br/>Doin' the two step on her hands<br/>As her eyes move round the room<br/>To catch somone watching<br/><br/>Leora stands on her head<br/>Doin' the two step on her hands<br/>Underneath the very moon each one was watching","transcribed by Bill <mrparker@OWLNET.RICE.EDU><br/><br/>Just figured this one out yesterday....too fun not to share.  The only<br/>parts I'm still a little shaky on are The Riff from the intro and the<br/>chords under the chorus....but both are reasonable approximations.<br/><br/>FWIW, all the HAB tunes I've tabbed are from the 12/31/98 version, since<br/>those performances are pretty grounded and manageable.  Things evolve over<br/>time, so YMMV.<br/><br/><br/>Intro:<br/><br/>C jam<br/><br/>Brownstein defines the chord like so:<br/>d-------2-5--<br/>a----3-3-----<br/><br/>(repeat a lotta buncha times....jam.....)<br/><br/>Magner's playing arpeggios than can be approximated on guitar like so:<br/>e----0----1--3--1-1------<br/>b-----1-0--1--1----1-1---<br/>g------0----0--0----0----<br/><br/>Or something...listen to it and you'll hear what I mean.<br/><br/>Intro melody 1 (I know Barber plays these in a different position, but<br/>whatever):<br/>     C            *             F<br/>e-------0--3--7--8--8s5---0--3--1-----<br/>b----1--------------------------------<br/>g----------0--4--5--5s2------0--------<br/>d-------2-----------------2-----3-----<br/>a----3--------------------------------<br/><br/>F piano arpeggio is like this:<br/><br/>e----1-----3----5----3-3------<br/>b-----1-1---1----1------1-1---  (x 2)<br/>g------2-----2----2------2----<br/><br/>Then repeat Melody 1, except from the * on play:<br/><br/>     C         Dm<br/>e----8s5---0-----------<br/>b--------------3-------<br/>g----5s2---------------<br/>d----------2---0-------<br/><br/>Dm arpeggio (again, all of these are just to give you an idea of what's<br/>going on- listen to it, you'll hear what I mean):<br/><br/>e----------0----1----0-------<br/>b----3------3----3----3-3----  (x 2)<br/>g-----2-2----2----2----2-----<br/>d------0---------------------<br/><br/>Melody 1 again, from the * on play<br/>                        G<br/>e----10--12--13-15--17--19-----<br/>b------------------------------<br/>g----7---9---10-12--14--15-----<br/><br/>G arpeggio:<br/><br/>e-------------------1s3-1---------<br/>b----0----1----3---------3-1-3----<br/>g-----0----0----0----------------- (x 2)<br/>d------0----0----0----------------<br/><br/>Intro melody 2:<br/>     G                                          C<br/>e----19---15---17---17-15-17-15-13---13-13--10--8----<br/>b----------------------------------------------------<br/>g----15---12---14---14-12-14-12-10---10-10--7---5----<br/><br/>C arpeggio (Barber actually plays this one):<br/>e-------------------3s5---------<br/>b---------3----5-------6-3-5----<br/>g----5-----5----5--------------- (x 4)<br/>d-----5-----5----5--------------<br/>a------3------------------------<br/><br/>The Riff (best I can figure it):<br/>e-----------------------13------15s17----------12-12----------<br/>b----13--13-15s17-13--13--13--13-------15-15--------13-13----- (x 4)<br/>g------12-----------12------12--------------------------------<br/><br/>Intro melody 3:<br/>e----19--17--15--13--12-13-12----12-13------------<br/>b----------------------------14-------15------------<br/>g-----------------------------------------14-14----<br/><br/>(and Brownstein adds:)<br/>a----2-------<br/>E-----3-3----<br/><br/>(x 4, and then the last time add this transition lick into the verse):<br/>                     F     D/F#  G<br/>e----------------------------------<br/>b----12-12h13-12--12-13-13-14----15<br/>g---------------14-----------------<br/><br/>C/G A5 Bb5 A5  C C (x 4)<br/><br/>(the 5's indicate power chords- no thirds)<br/><br/>A5 Bb5  A5 Bb5 A5  G G (x 3)<br/><br/>A5 Bb5  A5 Bb5 A5  G  G7<br/><br/>C/G A5 Bb5 A5  C C<br/><br/><br/>  C          F                   Em        Dm<br/>Manila was a cruel machine, he'd taken his fair share<br/>   C              F               Em           Dm<br/>He gobbled up the world he owned, petals paved his stairs<br/>  C                F             Em        Dm<br/>Manila thanked the very moon for money and his life<br/>   C               F            Em           Dm<br/>He trifled nothing miniscule, including one, his wife<br/>  F         Em            Dm               G<br/>Leora, his arranged wife, did not need his greed<br/>    F                   Em           Dm            G<br/>She asked the stars and very moon to one day cross the sea<br/>  F             Em            Dm                  G<br/>Manila's gaze a vacant stare, nothing there could grow<br/>    F                   Em              Dm            G<br/>She cherished dreams of flying high and leaving him below<br/><br/>G7<br/><br/>  C   G             Em    F                  C<br/>Leora stands on her head, doing the two-step on her hands<br/>F              Em                G             C          G7<br/>As her eyes go round the room to catch someone watching<br/>  C   Dm            Em    F                  C<br/>Leora stands on her head, doing the two-step on her hands<br/>F              Em             G            C           G7<br/>Underneath the very moon that each one was watching<br/><br/>C/G A5 Bb5 A5  C  C<br/><br/>2d verse and chorus same as first<br/><br/>Then the melody referred to by some as the Don Cote lick:<br/>                            *<br/>e--------------------------------------------------------------------<br/>b--------8-8-6-5---------5----------------5---5h6-5---5-8-8-----8----<br/>g----5--5---------7-7-7-7-7-5-5--7--7-7--7---7-----7---------7-7-7---<br/><br/>(x 4)  The fourth time it stops at the * and they hit these chords:<br/><br/>C C G Am G D Am D<br/><br/>Jam riff:<br/><br/>d-----------------------------------------------2-2---------------<br/>a-------2-4-5-4-2-----2-4-5-4-2h4p2------2-4-5-4------2-4-5-4-2---<br/>E----3-----------5p3-----------------0-0--------------------------","",moon,122,false,4338604b-38e0-432c-855b-bcd9091d4409,Jon Gutwillig,,,198,2024-09-14,"{""1995"": 0, ""1996"": 0, ""1997"": 0, ""1998"": 3, ""1999"": 50, ""2000"": 11, ""2001"": 15, ""2002"": 20, ""2003"": 12, ""2004"": 5, ""2005"": 3, ""2006"": 8, ""2007"": 9, ""2008"": 5, ""2009"": 15, ""2010"": 5, ""2011"": 5, ""2012"": 1, ""2013"": 1, ""2014"": 4, ""2015"": 4, ""2016"": 2, ""2017"": 4, ""2018"": 3, ""2019"": 2, ""2020"": 1, ""2021"": 3, ""2022"": 1, ""2023"": 3, ""2024"": 3}","{""34"": {""date"": ""2008-04-05"", ""previous"": ""2007-10-31"", ""delta_days"": 157}, ""39"": {""date"": ""2022-09-10"", ""previous"": ""2021-11-26"", ""delta_days"": 288}, ""45"": {""date"": ""2023-06-08"", ""previous"": ""2022-09-10"", ""delta_days"": 271}, ""47"": {""date"": ""2024-08-28"", ""previous"": ""2024-01-26"", ""delta_days"": 215}}",1999,2012,http://sickbarberlicks.weebly.com/the-very-moon.html
e8da3448-1d23-4337-a754-3d56b3ee4970,Linus And Lucy,linus-and-lucy,2020-02-22 15:50:23.009469,2024-01-18 18:21:37.792216,"","","",linus,106,true,870e46c5-5a10-40a9-8c55-ae056c144d5f,Vince Guiraldi,,,2,2001-11-01,"{""1995"": 0, ""1996"": 0, ""1997"": 0, ""1998"": 0, ""1999"": 0, ""2000"": 0, ""2001"": 2, ""2002"": 0, ""2003"": 0, ""2004"": 0, ""2005"": 0, ""2006"": 0, ""2007"": 0, ""2008"": 0, ""2009"": 0, ""2010"": 0, ""2011"": 0, ""2012"": 0, ""2013"": 0, ""2014"": 0, ""2015"": 0, ""2016"": 0, ""2017"": 0, ""2018"": 0, ""2019"": 0, ""2020"": 0, ""2021"": 0, ""2022"": 0, ""2023"": 0, ""2024"": 0}","{""0"": {""date"": ""2001-10-31"", ""previous"": null, ""delta_days"": null}, ""1"": {""date"": ""2001-11-01"", ""previous"": ""2001-10-31"", ""delta_days"": 1}}",2001,2001,
7a2d2d69-bb29-4b89-b881-f8791207c8f8,South Of The Border Pussy,south-of-the-border-pussy,2020-02-22 15:50:23.147147,2023-07-29 22:20:46.086110,"","","",sobp,172,false,9ff6cb71-06e9-4fb2-81bf-8a313752e718,Sam Altman,,,35,1998-06-08,"{""1995"": 0, ""1996"": 12, ""1997"": 18, ""1998"": 5, ""1999"": 0, ""2000"": 0, ""2001"": 0, ""2002"": 0, ""2003"": 0, ""2004"": 0, ""2005"": 0, ""2006"": 0, ""2007"": 0, ""2008"": 0, ""2009"": 0, ""2010"": 0, ""2011"": 0, ""2012"": 0, ""2013"": 0, ""2014"": 0, ""2015"": 0, ""2016"": 0, ""2017"": 0, ""2018"": 0, ""2019"": 0, ""2020"": 0, ""2021"": 0, ""2022"": 0, ""2023"": 0}","{""16"": {""date"": ""1997-09-07"", ""previous"": ""1997-07-13"", ""delta_days"": 56}, ""17"": {""date"": ""1997-10-11"", ""previous"": ""1997-09-11"", ""delta_days"": 30}, ""20"": {""date"": ""1997-11-17"", ""previous"": ""1997-10-11"", ""delta_days"": 37}, ""55"": {""date"": ""1998-06-08"", ""previous"": ""1998-02-26"", ""delta_days"": 102}}",1997,1998,
338d5e02-c04c-4b79-9f29-6394d981e47e,Coat,coat,2020-02-22 15:50:22.697566,2024-11-24 13:51:01.000237,"I was saying, let's go all for broke<br/>You were saying, 'In due time.'<br/>We can wing in our winter coats<br/>I just hope you'll be mine.<br/> <br/>It was love, you said so yourself<br/>You kissed me how divine<br/>So why are we leaving all by ourselves<br/>Baby it'd be fine if you want to stay<br/><br/>Baby bring it on (x 5)<br/><br/>I was off could not control myself<br/>And you still knew I'd be fine<br/>But now I wait behind your velvet rope<br/>Baby it's me, don't deny<br/><br/>Late at night, I call you on the phone<br/>To be next to you, any which way<br/>Now you're gone leaving me with all these questions<br/>There's just one thing I want to say<br/><br/>Baby bring it on (x 5)<br/>(solo)<br/>Baby bring it on (x 3)<br/><br/>I was saying, let's go all for broke<br/>You were saying, 'In due time.'<br/>We can wing in our winter coats<br/>I just hope you'll be mine.","","",coat,36,false,4338604b-38e0-432c-855b-bcd9091d4409,Jon Gutwillig,,,5,2001-11-23,"{""1995"": 0, ""1996"": 0, ""1997"": 0, ""1998"": 0, ""1999"": 0, ""2000"": 0, ""2001"": 5, ""2002"": 0, ""2003"": 0, ""2004"": 0, ""2005"": 0, ""2006"": 0, ""2007"": 0, ""2008"": 0, ""2009"": 0, ""2010"": 0, ""2011"": 0, ""2012"": 0, ""2013"": 0, ""2014"": 0, ""2015"": 0, ""2016"": 0, ""2017"": 0, ""2018"": 0, ""2019"": 0, ""2020"": 0, ""2021"": 0, ""2022"": 0, ""2023"": 0, ""2024"": 0}","{""0"": {""date"": ""2001-08-08"", ""previous"": null, ""delta_days"": null}, ""7"": {""date"": ""2001-09-14"", ""previous"": ""2001-09-06"", ""delta_days"": 8}, ""10"": {""date"": ""2001-09-27"", ""previous"": ""2001-09-14"", ""delta_days"": 13}, ""11"": {""date"": ""2001-11-23"", ""previous"": ""2001-09-27"", ""delta_days"": 57}}",2001,2001,http://sickbarberlicks.weebly.com/coat.html
82841d6b-1cdd-4906-9d76-79f717de2b13,Electric Avenue,electric-avenue,2020-02-22 15:50:29.120743,2024-03-30 21:00:08.789216,"","","",electricave,423,true,49b90d78-dd40-40ae-8442-4f315f0c75b6,Eddy Grant,,,3,2024-02-05,"{""1995"": 0, ""1996"": 0, ""1997"": 0, ""1998"": 0, ""1999"": 0, ""2000"": 0, ""2001"": 0, ""2002"": 0, ""2003"": 0, ""2004"": 0, ""2005"": 0, ""2006"": 0, ""2007"": 0, ""2008"": 0, ""2009"": 0, ""2010"": 0, ""2011"": 0, ""2012"": 0, ""2013"": 0, ""2014"": 1, ""2015"": 0, ""2016"": 0, ""2017"": 0, ""2018"": 0, ""2019"": 0, ""2020"": 0, ""2021"": 0, ""2022"": 0, ""2023"": 1, ""2024"": 1}","{""0"": {""date"": ""2014-02-22"", ""previous"": null, ""delta_days"": null}, ""8"": {""date"": ""2024-02-05"", ""previous"": ""2023-12-31"", ""delta_days"": 36}, ""372"": {""date"": ""2023-12-31"", ""previous"": ""2014-02-22"", ""delta_days"": 3599}}",2024,2014,
8d0d5863-b3ec-4897-8701-5d7eb494b67b,Magellan Reprise,magellan-reprise,2020-02-22 15:50:23.009469,2024-02-25 20:28:31.850514,"","","",magellanr,112,false,4338604b-38e0-432c-855b-bcd9091d4409,Jon Gutwillig,,,22,2019-01-25,"{""1995"": 0, ""1996"": 0, ""1997"": 0, ""1998"": 0, ""1999"": 7, ""2000"": 1, ""2001"": 1, ""2002"": 0, ""2003"": 2, ""2004"": 2, ""2005"": 0, ""2006"": 2, ""2007"": 0, ""2008"": 1, ""2009"": 1, ""2010"": 1, ""2011"": 0, ""2012"": 0, ""2013"": 0, ""2014"": 1, ""2015"": 0, ""2016"": 1, ""2017"": 0, ""2018"": 1, ""2019"": 1, ""2020"": 0, ""2021"": 0, ""2022"": 0, ""2023"": 0, ""2024"": 0}","{""94"": {""date"": ""2006-08-25"", ""previous"": ""2004-01-16"", ""delta_days"": 952}, ""97"": {""date"": ""2010-04-16"", ""previous"": ""2009-03-06"", ""delta_days"": 406}, ""151"": {""date"": ""2008-06-13"", ""previous"": ""2006-09-23"", ""delta_days"": 629}, ""153"": {""date"": ""2014-06-14"", ""previous"": ""2010-04-16"", ""delta_days"": 1520}, ""180"": {""date"": ""2003-04-12"", ""previous"": ""2001-05-01"", ""delta_days"": 711}}",1999,2000,http://sickbarberlicks.weebly.com/magellan-reprise.html
89127c36-1d74-4f7d-a325-13afda82c087,Nowhere Jam,nowhere-jam,2020-02-22 15:50:29.120743,2024-06-13 17:24:35.653689,"","","",nowhere,473,false,e29db38d-5b63-4e2c-b5bc-8f4ed3fe1c64,"",,,4,2018-07-11,"{""1995"": 0, ""1996"": 0, ""1997"": 0, ""1998"": 0, ""1999"": 0, ""2000"": 0, ""2001"": 0, ""2002"": 0, ""2003"": 0, ""2004"": 0, ""2005"": 0, ""2006"": 0, ""2007"": 0, ""2008"": 0, ""2009"": 0, ""2010"": 0, ""2011"": 0, ""2012"": 0, ""2013"": 0, ""2014"": 0, ""2015"": 0, ""2016"": 0, ""2017"": 1, ""2018"": 3, ""2019"": 0, ""2020"": 0, ""2021"": 0, ""2022"": 0, ""2023"": 0, ""2024"": 0}","{""0"": {""date"": ""2017-11-16"", ""previous"": null, ""delta_days"": null}, ""2"": {""date"": ""2018-07-11"", ""previous"": ""2018-05-26"", ""delta_days"": 46}, ""10"": {""date"": ""2018-05-26"", ""previous"": ""2018-03-08"", ""delta_days"": 79}, ""12"": {""date"": ""2018-03-08"", ""previous"": ""2017-11-16"", ""delta_days"": 112}}",2018,2017,
485ed170-6239-44a4-9388-bac1cebca171,Stir It Up,stir-it-up,2020-02-22 15:50:23.818238,2022-09-01 18:20:30.084844,"","","",stiritup,221,true,1a0b0cb6-7781-4cab-81e4-2af5cb6db035,Bob Marley,,,2,2008-04-05,"{""1995"": 0, ""1996"": 0, ""1997"": 0, ""1998"": 0, ""1999"": 0, ""2000"": 0, ""2001"": 0, ""2002"": 0, ""2003"": 1, ""2004"": 0, ""2005"": 0, ""2006"": 0, ""2007"": 0, ""2008"": 1, ""2009"": 0, ""2010"": 0, ""2011"": 0, ""2012"": 0, ""2013"": 0, ""2014"": 0, ""2015"": 0, ""2016"": 0, ""2017"": 0, ""2018"": 0, ""2019"": 0, ""2020"": 0, ""2021"": 0, ""2022"": 0}","{""0"": {""date"": ""2003-08-31"", ""previous"": null, ""delta_days"": null}, ""256"": {""date"": ""2008-04-05"", ""previous"": ""2003-08-31"", ""delta_days"": 1679}}",2008,2003,
1505539d-b849-49b0-928e-5dfb27d6dec6,After Midnight ,after-midnight,2020-02-22 15:50:29.120743,2022-09-26 21:16:14.832982,"","","",after,436,true,b5581674-182f-46a7-aaf3-439de8ba53ac,JJ Cale ,,,6,2021-11-19,"{""1995"": 0, ""1996"": 0, ""1997"": 0, ""1998"": 0, ""1999"": 0, ""2000"": 0, ""2001"": 0, ""2002"": 0, ""2003"": 0, ""2004"": 0, ""2005"": 0, ""2006"": 0, ""2007"": 0, ""2008"": 0, ""2009"": 0, ""2010"": 0, ""2011"": 0, ""2012"": 0, ""2013"": 0, ""2014"": 0, ""2015"": 1, ""2016"": 0, ""2017"": 0, ""2018"": 4, ""2019"": 0, ""2020"": 0, ""2021"": 1, ""2022"": 0}","{""7"": {""date"": ""2018-05-27"", ""previous"": ""2018-04-20"", ""delta_days"": 37}, ""8"": {""date"": ""2018-11-01"", ""previous"": ""2018-05-27"", ""delta_days"": 158}, ""9"": {""date"": ""2018-12-13"", ""previous"": ""2018-11-01"", ""delta_days"": 42}, ""93"": {""date"": ""2021-11-19"", ""previous"": ""2018-12-13"", ""delta_days"": 1072}, ""98"": {""date"": ""2018-04-20"", ""previous"": ""2015-04-15"", ""delta_days"": 1101}}",2018,2015,
54d1c688-7610-4308-b656-c77c077fe103,Tron Jam,tron-jam,2020-02-22 15:50:29.120743,2022-09-03 06:17:29.298795,"","","",tron,455,false,e29db38d-5b63-4e2c-b5bc-8f4ed3fe1c64,The Disco Biscuits,,,1,2015-12-31,"{""1995"": 0, ""1996"": 0, ""1997"": 0, ""1998"": 0, ""1999"": 0, ""2000"": 0, ""2001"": 0, ""2002"": 0, ""2003"": 0, ""2004"": 0, ""2005"": 0, ""2006"": 0, ""2007"": 0, ""2008"": 0, ""2009"": 0, ""2010"": 0, ""2011"": 0, ""2012"": 0, ""2013"": 0, ""2014"": 0, ""2015"": 1, ""2016"": 0, ""2017"": 0, ""2018"": 0, ""2019"": 0, ""2020"": 0, ""2021"": 0, ""2022"": 0}","{""0"": {""date"": ""2015-12-31"", ""previous"": null, ""delta_days"": null}}",2015,2015,
1aa804c3-7dc1-4007-aa9d-a5e8ac93f34a,Basis For A Day,basis-for-a-day,2020-02-22 15:50:22.697566,2024-12-07 20:13:27.459439,"","Basis For A Day <br/>(transcribed by Rich Steele)<br/><br/>ok, when they actually do start the song, barber does this fanning type of <br/>thing that goes like this:<br/>  E               D  C#<br/>E <br/>B 17 17 17 17 17  15 14<br/>G x  x  x  x  x   x  x<br/>D 14 14 14 14 17  12 11<br/>A<br/>E<br/><br/>which goes into the simple G > A thing.<br/>(G- on the 3rd fret. A- on the 5th)<br/>Listen to a tape to hear how many beats you play the A before going down <br/>to the G.<br/><br/>Then, after you slow it down at the end with the slow G, slowly strum <br/>these series of bar chords: <br/><br/>  E     F     Ab    B        D  E<br/>E 0     1     4     7        <br/>B 0     1     4     7        7  9<br/>G 1     2     5     8        7  9<br/>D 2     3     6     9        7  9   (strum this last E fast)<br/>A 2     3     6     9        5  7  <br/>E 0     1     4     7              <br/><br/><br/><br/>Then it goes into the (ooooooohhhh) part, where you just play the A > G <br/>part again.<br/>Which then goes into the bass solo, which marc plays over a Ebm > Bbm7.<br/><br/>Then after the bass solo they play over this progression:<br/><br/>Eb > F# > A > C# > Em > B > F   <br/>(play twice, then they jumps into these next 2 riffs, which are played <br/>over a Bm7 > Em.)<br/><br/><br/>E                                            7(h)8(p)7 (trills)<br/>B          7 7(h)8(p)7 (trills)            8<br/>G         7                               7<br/>D        7                             9 9<br/>A 7  9 9                          7<br/>E<br/><br/>                           F#m7  F7  Em  Bm<br/>E                                        7<br/>B       7 7(h)8(p)7         10   10   8  7    <br/>G      7             9(p)7   9    8   9  7<br/>D   9 9                     11   10   9  9  <br/>A 7                          9    8   7  9<br/>E                                        7<br/><br/><br/>then...<br/><br/>E<br/>B 5 5 5 5                 8  8  8  8<br/>G 5 5 5 5  (-->> slide)   9  9  9  9<br/>D 7 7 7 7                10 10 10 10<br/>A 7 7 7 7                10 10 10 10<br/>E<br/><br/>E<br/>B 5 5 5 5   10   8  8  8  7 7 7  5 5 5<br/>G 6 6 6 6   11   9  9  9  7 7 7  6 6 6<br/>D 7 7 7 7   12  10 10 10  9 9 9  7 7 7<br/>A 7 7 7 7   12  10 10 10  9 9 9  7 7 7<br/>E<br/><br/><br/>(play that section twice)<br/>(then drops back down into this chromatic riff)<br/><br/>E  12 11(h)12  11 10(h)11  10 9(h)10 9 8(h)9<br/>B<br/>G<br/>D<br/>A<br/>E<br/><br/>E 8 7 5 7 8 9  10 10 10 10 10 11 10 9 8 7 8 9<br/>B<br/>G<br/>D<br/>A<br/>E<br/><br/>E 10<br/>B    10 8<br/>G<br/>D<br/>A<br/>E<br/><br/><br/><br/><br/>This then repeats for a bit, then eventually goes into the (OOooooohhhh) <br/>part again over the G > A.<br/><br/>then they play this riff which leads into the outro jam.<br/><br/>E<br/>B<br/>G<br/>D                                 <br/>A      5                          5          7<br/>E  5 7    7(p)5 5(sl)3 3(h)5  5 7    7(p)5 5 5<br/><br/>play this 4 times<br/><br/><br/><br/><br/>-- Basis ending --<br/>(listen for the key change to A major, where they all typically land on a <br/>E to start the outro jam.)<br/>Is done over a A > D > G progression.<br/><br/>This is the ending riff. (play 4 times)<br/><br/>E 21 21 21 22 21 19 19   21 22 22 21 21<br/>B                      18               20(sl)22<br/>G<br/>D<br/>A<br/>E<br/><br/>then....<br/>E<br/>B 19 17 15  13<br/>G              14 12 9<br/>D<br/>A<br/>E<br/><br/>Then they just jam a bit more over that same <br/>A > D > G progression, until barber hits that ending riff again. then it <br/>goes into the  final part, which is this.<br/><br/><br/>E<br/>B<br/>G<br/>D                                 <br/>A      5                          5          7<br/>E  5 7    7(p)5 5(sl)3 3(h)5  5 7    7(p)5 5 5<br/><br/>play this 4 times<br/><br/><br/>\r","",basis,16,false,4338604b-38e0-432c-855b-bcd9091d4409,"Abrams, Gutwillig","<p>“This song is called Basis for a Day, it’s a song you should listen to every day” - Barber, 10/1/98<br/></p><p></p><p>Stunning and majestic, Basis for a Day is the likeliest candidate for consensus greatest song in the Disco Biscuits catalog. The catalog is replete with 30 and 40 minute versions, three part versions, and numerous versions that are considered among the best jams ever played. The song itself is rather simple: a modern standalone version usually consists of a drawn out intro jam, a composed middle (which features a triumphant two chord riff, a chorus of “whoa”s from the band, a bass slap section (sometimes jammed out, as in a three part version), a (relatively) complex instrumental section, a reprise of the triumphant “whoa” section, and an ending riff), an even more drawn out main jam, and a triumphant peak. After the peak, the band stops, and then plays a quick high-energy jam back into the same peak, after which the ending riff from the composed middle is repeated (this is sometimes known as the tag, or Gimme All Your Fucking Money (GAYFM) section, after a line Brownstein sometimes yells to the crowd).<br/></p><p></p><p>Because 1995 and 1996 are not represented in the Biscuits archives, it is hard to know exactly how much Basis grew in those early years and how different the modern version is from the early version. Luckily, one Basis from before 1997 is still readily available in circulation: 8/7/96 at the band’s first show at the Wetlands Preserve, immortalized on the earliest edition of Encephalous Crime. This early version is vastly different from the modern version. The intro jam is less than two minutes long, and features a bizarre stream of consciousness narration from Barber. The iconic whoas are absent from the composition, as is the bass slap section, but otherwise the composed middle is fairly similar to modern versions. The main jam is under ten minutes and sees the narration from Barber continue. Rather than building to the distinctive peak, the main jam breaks down, at which point the band plays the ending riffs, and build up to a crescendo before dropping back into that riff. <br/></p><p></p><p>Until May 2020, the earliest extant Basis on Archive was 1/30/97, but that changed with the release of 1/17/97 from the vaults. The Basis on this version has some notable differences from the EC Basis: the first whoas are sang, and the ending is different: rather than building straight to the ending riffs, the jam builds up to the distinctive Basis peak that we know today, after which there is a tag section which builds up to the ending riffs (the peak is not played a second time). At some point after 8/7/96, but no later than 1/17/97, this iconic peak riff was added. 1/30/97, the first three-part Basis and for years the earliest extant Archive Basis, saw further developments to the song structure, namely the addition of the distinctive bass slap section to the composed middle. This section developed organically out of an intro jam, led by Brownie, into the middle of Basis.<br/></p><p></p><p>After 1/30/97, there are another eleven versions of Basis from 1997 available on Archive. 2/22/97 is the first version in which the band plays the peak a second time in the tag section, although this didn’t become standard right away (3/25 and 4/12 are not played this way, for example). 3/25/97 and 5/13/97 feature more of the bizarre stream of consciousness narration present on the EC version. 3/29/97 is a somewhat odd version in which the band almost inverts the song, playing the peak before dropping (somewhat clumsily) into an intro. After 5/31/97 there are no Bases on Archive until 11/17/97; despite this gap, the song doesn’t seem to have grown much, although the band is playing tighter. The band played a Basis ending on 12/27/97 and followed up the next two nights with full versions of Basis, illustrating how important the song had become to the catalog by then. 12/28/97 is the longer and stronger version, and features an interesting type two breakdown (shades of Aceetobee and perhaps Peter Gunn from Barber?) towards the end of the main jam that showcases Magner’s new electronic synth capabilities.<br/></p><p></p><p>The first golden era for Basis began in 1998. Basis was played 34 times in 1998, and of this number 25 have survived into circulation on Archive. The first Basis of the year is short and unassuming, not at all portentous of the song’s future role as the band’s heaviest hitter of the year, but the second version is a massive two song pairing, an over 50 minute Run Like Hell &gt; Basis for a Day combo that skyrocketed both of these songs into the stratosphere. Other important early 98 versions include 3/21/98 Law and Order Theme &gt; Basis, the 4/2/98 medley (which features an impressive DJ segue out of the bass slaps to a Shem-Rah intro), 4/18/98 Vassillios &gt; Basis (featuring, of all things, a didgeridoo, but more importantly the first Basis to feature a trance jam), and 5/2/98 Basis &gt; Dribble &gt; Run Like Hell &gt; Basis (another important show for Run Like Hell, as well as Dribble). Basis turned another corner on 7/3/98, which featured a nearly 40 minute version of the song, by far the longest yet. This version is emblematic of all the developments in the song over the course of 1998: the intro jam is ten minutes long, thematic and interesting in a way the earlier versions were not. The main jam is over 23 minutes even if you don’t include the tag, a relentless breakneck 98 style trance jam that had become the norm for the song. It holds up to modern versions as one of the best Bases ever. Basis was particularly strong for the remainder of the year, with important versions including 8/15/98, 9/9/98, and 12/29/98 (the last of which was included on the reissue of Encephalous Crime).<br/></p><p></p><p>“The song’s called Basis for a Day… and it changes over time as the band changes over time. And so we took a really hot version from a couple weeks ago, digitally mastered it, and put it on the end of the album, so the album’s a little more up-to-date than it used to be.” - Barber, 2/05/99<br/></p><p></p><p>The meteoric rise of Basis continued into 1999. Two very solid versions, 1/21/99 and 1/26/99, preceded a monumental version, 1/29/99, which at the time was probably the best version ever played. The band followed this with a nearly 40 minute version on 2/5/99 that is a little bloated at times and overall not as strong as the 40 minute version from 7/3/98. After this version it was nothing but smooth sailing for Basis in winter 1999. The next version, 2/10/99 (also an important date for M.E.M.P.H.I.S.) featured the first jamming on the middle of Basis, or out of the bass slap section, a trend that continued sporadically throughout the year and beyond. 2/19/99, which opens with the powerful Pygmy &gt; Basis ending combo, is the first dyslexic Basis and arguably the first dyslexic Biscuits song (there is a Harry Hood from 1996 that is notated as dyslexic). Other standouts from the rest of the tour include 2/25/99, 3/6/99, and 3/18/99. A short anecdote from 3/27/99 stands out as evidence that Basis had become the most important song in the catalog. The band had left the stage after the encore, but were determined to play the end of Basis one more time before tour ended. They got back on stage for a second encore, a less than ten minute Waves &gt; Basis. Although it is perfunctory, it demonstrates just how important it was to the band that they tied up their loose ends.<br/></p><p></p><p>Since Basis was a microcosm of the band’s state, it continued to grow in spring and fall 1999. The first Basis of the spring tour was played at the legendary Trocadero show on 4/9/99. The classical cover The Thieving Magpie was debuted out of the main jam, and the ending was once again played in a Waves &gt; Basis combination, this one considerably more fleshed out and considered by some to be the greatest Biscuits jam of all time. Another contender for that same accolade can be found on 4/17/99 in the legendary Shimmy &gt; Basis pairing, the second Basis of the tour. After a solid standalone version on 4/23/99, another legendary Basis was performed at the storied Wetlands Preserve on 5/1/99, with a Basis &gt; Vassillios &gt; Basis anchoring the first ever palindrome set. After three out of the first four Bases of tour being legendary versions, the song remained a consistent heavy hitter for the remainder of the tour, with a particularly solid standalone version performed on 5/27/99, and with an excellent split version sandwiching the second inverted Boop on 6/13/99. Another important development for the song occurred on 5/14/99. Jamming on the middle section had become more common in the winter, but was taken to a new level when Basis was jammed out of and split at the middle section, with a particularly intense and primally psychedelic jam from Bernstein back into the Basis bass slaps.<br/></p><p></p><p>There weren’t many significant developments to Basis in fall 1999, although just about every version from this tour is worth hearing. The most worthwhile of these are 10/6/99 (a 40 minute version widely considered the greatest standalone) and 10/28/99 (in addition to one of the best endings ever, Basis is teased and faked out throughout the show and as part of the “Spagopera”). The final Basis of the year was ending only, used as the final destination for the 100+ minute Akira jam, one of the Biscuits’ crowning achievements.<br/></p><p></p><p>With the departure of Marc Brownstein from the band at the beginning of 2000, Basis entered its first lull in years. The first show of the year, 3/11/00, featured a Basis with Sammy on bass and Mauricio on percussive synths (the format that all the original Munchkin Invasions and Crickets were played in). The same lineup played a Basis &gt; Helicopters &gt; Basis sandwich on 4/22/00. These versions have their merits but overall are particularly ineffective, especially in the composition. The song was played twice more before the core four properly reunited, in full on 6/27/00 with Jordan Crisman on bass, and ending only on 8/19/00 with Pauly Herron (of Electron et al.) on percussion. The 6/27 version is particularly worthwhile, with a triumphant and unconventional intro jam and a powerful ending.<br/></p><p></p><p>On 10/13/00, the core four performed a full Basis for the first time since 10/28/99. The roughly 38 minute version featured drawn out intro and main jams and a perfunctory middle jam, and signalled the beginning of the second golden age of Basis. Although the 10/13 version has moments of staleness, particularly in the main jam, it is a very solid version overall, and just about every version from the rest of the year is worthwhile. In particular are 10/21/00, 10/27/00 and 11/11/00: 10/21/00 is split up and sandwiched between Jigsaw Earth, in a brilliant Jigsaw &gt; Basis &gt; Jigsaw &gt; Basis &gt; Jigsaw segment that is one of the best of the year, and standalone Bases open the second set of 10/27/00 and the first set of 11/11/00, and these are often regarded as the year’s strongest. A unique dyslexic Basis can be found on 11/3/00; the show opens with the tag section, and an otherwise full Basis is played in the second set, with a full Barfly replacing the tag.<br/></p><p></p><p>The golden age of Basis continued into 2001, although there aren’t many important versions from the spring tour. Some major exceptions include 4/1/01 Basis &gt; Waves (&gt;&lt;) &gt; Basis and the excellent 33 minute standalone on 4/6/01. Basis made an important comeback on 7/5/01, with a majestically interwoven pairing of Crickets and Basis anchoring the second set. In the fall tour Basis was a regular powerhouse once again. The second show of the tour, and final show at the Wetlands Preserve, 9/2/01, featured a powerful 35 minute standalone Basis in the third set. 9/15/01 Basis &gt; Ape (&gt;&lt;) &gt; Basis is a fan favorite segment and considered by many to be among the best versions of both songs. And 11/1/01 features a spectacular Basis that cracks the 40 minute mark, the first to do so. But perhaps the strongest version of the year can be found on 9/12/01, in which the band delivered a powerful and emotionally resonant Basis the day after the national tragedy.<br/></p><p></p><p>Spring 2002 suffered an even greater dearth of meaningful Bases than did spring 2001. The tour in general was extremely song-heavy and lighter on stretched out jams, so it isn’t altogether surprising that a powerhouse like Basis suffered. Those interested in the era should check out the 3/6/02 version (generally considered to precede the overly song-y stretch of spring 02) and maybe 4/29/02 (from a Meatcamp set that is overflowing with heavy hitters), but the rest of the tour can largely be written off. Basis began to get interesting again in the summer (worth checking out are 8/17/02 Judy’s &gt; Basis and 8/24/02 Frog Legs &gt; Basis) and by the fall it had once again attained heavy hitter status. The polarizing “almost palindrome” of 10/2/02 is bookended by an excellent Basis, and 10/26/02 features another strong version of the song, but the two titans of 02 are undoubtedly 10/18/02 (Rock Candy &gt; King of the World &gt; Aquatic Ape (&gt;&lt;) &gt; Basis is some of the best music of the year) and 11/9/02 (the entire thing is excellent, but the intro is transcendent). 11/9/02 was the last Basis of the year, making 2002 the only year in which Basis was not played over the New Year’s run.<br/></p><p></p><p>Although in previous years Basis seemed to dip in quality during the spring tours, spring 2003 is actually a particularly strong era for Basis. The first Basis of the year was played on 4/6/03, a 46 minute standalone (the longest standalone at the time and for over a decade afterward) that is highly regarded as one of the best. The next version of the year, 4/17/03, is another highly regarded version, particularly for the intro and middle jams. The other versions from the tour (split versions on 4/25/03 and 5/4/03, and an ending only version on 5/26/03) are solid as well. In the summer, Basis was played on 7/2/03, and then sat on the shelf for a then-unprecedented 17 shows, until it was dusted off for a monster final-set-centerpiece at the mythical Trancemission festival on 8/16/03. It then sat on the shelf for a whopping 27 shows (still its longest gap ever) until it was played again on 12/31/03. This Basis was central to the New Year’s Eve gimmick: It closed out the first set, but was left unfinished as the band jammed with the New Deal into their setbreak set. At the end of the New Deal’s set, the Biscuits gradually came out for another New Deal/Biscuits jam that segued into the end of Basis, complete with New Year’s countdown.<br/></p><p></p><p>In the twilight years of 1.0, Basis stayed in the rotation but seemed to have lost some of its luster. It was played six times total with Sammy in 2004-2005. Of these, the only one really worth hearing is the standalone version played 12/29/04 as the second part of the encore. Fans who left to beat the traffic as the band started up Eulogy were no doubt dismayed to learn that, not only had the band treated the remaining faithful to an excellent Basis, they had reprised the jam that would eventually become Gangster in the intro jam.<br/></p><p></p><p>With Allen joining the band, Basis regained its status as a once-every-five-shows song (from 2003-2005 it was more a once-every-eight-or-nine-shows song). Allen’s first Basis was on New Year’s Eve 2005, and he tackled the song on sixteen occasions in 2006. As he grew more and more comfortable with his place in the band, so too did the Bases he played become gradually more confident. There aren’t many must-hear versions from 2006, but they can be found towards the end of the year: 9/23/06, 11/4/06, and especially 11/25/06 all have moments of greatness.<br/></p><p></p><p>Like the song’s golden age in 1.0, the golden age for Basis in 2.0 coincides with the golden age of Biscuits 2.0, beginning sometime in 2007 and ending sometime in 2009. The first extant version of 2007, 5/20/07, was the first best Basis of the year, and strong versions from the summer and fall include 6/28/07, 8/17/07, 10/12/07 and 11/4/07. In early 2008 monster versions of Basis were incorporated into jam-heavy three and four song sets, such as 1/19/08’s I-Man &gt; Nughuffer (&gt;&lt;) &gt; Basis or 3/1/08’s Triumph &gt; Shelby (&gt;&lt;) &gt; Basis (both excellent versions). In the summer, strong versions of Basis were played at major festival appearances, including 6/7/08 at Starscape and 6/13/08 at Bonnaroo.<br/></p><p></p><p>2009 was arguably the strongest year for Basis in 2.0, with 6/5/09 and 9/19/09 being some of the best versions of the song for any era. In 2009 the three-part Basis became ubiquitous. 1/24/09 saw Basis split into beginning/middle, end and tag, but the first proper three-part Basis since 1/30/97 was played on 2/27/09 (beginning) and 2/28/09 (middle and end). This is, in fact, the first four-part Basis (in practice, the most number of pieces Basis can be split into), since the tag is played separately as well. Another three-part Basis was played over the New Year’s run, and the trend continued into later years.<br/></p><p></p><p>After 2009 there were considerably fewer meaningful versions of Basis, although the song remained a catalog staple and guaranteed crowd pleaser. 1/31/10 and 3/15/10 are solid pre-wristgate fare, although nothing groundbreaking, and 7/8/11 is a strong portion of a strong show. Basis was played almost exclusively as a three-part or four-part song in 2012 and 2013, and remained stagnant until an earth-shattering standalone performed at the Mann Center on 9/27/13 as part of City Bisco. Breaking the 47 minute mark, it is the longest standalone Basis played, breaking the record previously held by 4/6/03 by over a minute. In addition to its length, it is widely considered the strongest Basis of the setbreak era (and one of the strongest of any era).<br/></p><p></p><p>Basis continued to recover ground as the band did, and was mostly solid in 2014 and 2015. In 2016, Basis entered what might be called a silver age, with mostly solid versions appearing over the next four years. Basis also became more common, played a whopping seven times each year in 2016 and 2017, the most since 2010. After a few strong performances in 2016, most notably 2/6/16 at the Fillmore Philadelphia, Basis was inverted for the first and only time on 7/16/16 at Camp Bisco in one of the most memorable sets of the setbreak era. 2017 is similarly solid, with strong versions on 2/4/17 at the Fillmore, and 12/31/17 at the Playstation Theater, in what was also the most recent three-part Basis.<br/></p><p></p><p>After two strong years, Basis was not played for over six months and 18 shows (its second-longest show gap and longest since 2003). It made its reappearance as the encore of the final night of Camp Bisco, 7/14/18, and was played twice more that year. The latter, played 12/28/18, is a particularly unique and interesting version with a wide variety in synth choices. After another strong performance on 1/31/19, Basis disappeared for another 18 shows until reappearing in November, its longest calendar gap. The Basis delivered on 12/31/19 is excellent, one of the strongest versions of the past decade.<br/></p><p></p><p>Basis has been a staple of the band’s catalog for decades, nearly since it was written. It has been played more times than any other song except for two: Morph and I-Man. Disappearances of more than ten shows are very infrequent.<br/></p><p></p>",Whoa.,328,2024-11-20,"{""1995"": 3, ""1996"": 14, ""1997"": 32, ""1998"": 34, ""1999"": 36, ""2000"": 11, ""2001"": 21, ""2002"": 18, ""2003"": 8, ""2004"": 4, ""2005"": 3, ""2006"": 16, ""2007"": 12, ""2008"": 10, ""2009"": 19, ""2010"": 15, ""2011"": 5, ""2012"": 5, ""2013"": 4, ""2014"": 5, ""2015"": 5, ""2016"": 7, ""2017"": 7, ""2018"": 3, ""2019"": 3, ""2020"": 1, ""2021"": 5, ""2022"": 6, ""2023"": 8, ""2024"": 8}","{""19"": {""date"": ""2019-11-20"", ""previous"": ""2019-01-31"", ""delta_days"": 293}, ""20"": {""date"": ""2022-11-12"", ""previous"": ""2022-08-14"", ""delta_days"": 90}, ""25"": {""date"": ""1997-11-17"", ""previous"": ""1997-10-02"", ""delta_days"": 46}, ""27"": {""date"": ""2003-12-31"", ""previous"": ""2003-08-16"", ""delta_days"": 137}}",1999,2020,http://sickbarberlicks.weebly.com/basis-for-a-day.html
1b2cdf23-a0c7-4663-8890-d804000441ea,Bernstein and Chasnoff,bernstein-and-chasnoff,2020-02-22 15:50:22.697566,2024-12-07 20:13:57.808004,"<p>Oh Bernstein and Chasnoff,<br/>Where do you get off,<br/>Thinking you&#x27;re only two of twenty.<br/><br/>Oh Andy and Larry,<br/>You&#x27;re so damn hairy,<br/>Why don&#x27;t you go and take a bath?<br/><br/>(Because..)<br/>You&#x27;re getting sued.<br/>Bummer, dude.<br/>But you just don&#x27;t know when it&#x27;ll happen.<br/><br/>You&#x27;re getting sued.<br/>Bummer, dude.<br/>But the time&#x27;s just not right for that action.<br/><br/>Klopstein and Cabot,<br/>We just won&#x27;t have it,<br/>We know exactly who you are.<br/><br/>Tariq and Shep Williams,<br/>The pages they will fill &#x27;em<br/>Well, phony names will only go so far.<br/><br/>You&#x27;re getting sued.<br/>Bummer, dude.<br/>But you just don&#x27;t know when it&#x27;ll happen.<br/><br/>You&#x27;re getting sued.<br/>Bummer, dude.<br/>But the time&#x27;s just not right for that action.<br/><br/>You&#x27;re getting sued.<br/>Bummer, dude.<br/>But you just don&#x27;t know when it&#x27;ll happen.<br/><br/>You&#x27;re getting sued.<br/>Bummer, dude.<br/>But the time&#x27;s just not right for that action.</p>",transcribed by Rich Steele<br/><br/>(main riff)<br/><br/>C > A > D > G<br/><br/>(chords over the chorus)<br/><br/>C > Bb > G > C > F <br/>C > Bb > G > C > Bb > F > G<br/><br/><br/>(ending riff)<br/><br/>E   15 12 12 12(h)13 12 12         17 17 14 14 14(h)15 14 14<br/>B 13                      13     15                          15<br/>G                           12                                  14<br/>D<br/>A<br/>E,"",bandc,14,false,e2397ce3-857e-425f-925e-1cb30de780d7,Marc Brownstein,"<p><em>Larry Chasnoff, Marc, and a mutual friend of ours, Keith Koslov, all spent their summers growing up together in upstate NY at a place called Schroon Lake. </em></p><p><em>I went to high school with Keith and knew Marc as his annoying prep school friend, way too soft for us public school Brooklyn thugs. Then a bunch of us went to see Phish in Sugarbush in 95, and Marc started telling about this band he was in, and I started telling him about this idea I had for a book. </em></p><p><em>Walking around the lots a kid from Penn recognized Marc from his band and got all excited. I thought to myself, &quot;hmmm, if the book thing doesn&#x27;t work out, maybe I can ride Brownstein&#x27;s coattails a little.&quot; </em></p><p><em>A few months later, as the Biscuits toiled in relative obscurity, we came out with the first Pharmer&#x27;s Almanac. Only about 6 people worked on it, but we wanted to make it look more like a community project, so we put a lot of fake names in the staff box. It was a mix of names of people from Schoon Lake (Nick Weiss) and completely absurd names like Harvey Klopstein, Tariq Ali and Shep Williams. </em></p><p><em>When Marc and Keith saw the book a few months later, they thought the fake names were hysterical. While I wasn&#x27;t there, I assume they spent the next few hours making fun of Chasnoff and I on every possible level. And at some point Keith pulled out a guitar. The rest was history. </em></p><p><em>So that&#x27;s where the song came from. (&quot;Klopstein and Cabot/ we just won&#x27;t have it/we know exactly who you are/Tariq and Shep Williams/ pages we&#x27;ll fill&#x27;em/ but phony names will only go so far.) </em></p><p><em>I was all excited that I had a song with my name in it until people started coming up to me and asking &quot;Hey, why did you get sued by Phish?&quot; </em></p><p><em>I want to state, for the record, that we never were sued by Phish, never threatened to be sued by Phish, and never had any legal issues with Phish regarding the Almanac. Every interaction we&#x27;ve had with management has been positive. </em></p><p><em>We caught a lot of grief in the early years from about a dozen people on rec.music.Phish (I know, what a shocker, someone getting grief on an Internet discussion group) but we never got the same from management. </em></p><p><em>I&#x27;m not actually sure where the &quot;You&#x27;re getting sued/bummer dude&quot; line came from, but I think it had to do with the fake names or maybe some of the flack we were getting on the Internet. </em></p><p><em>The Almanac ended up selling about 70,000 copies, but at some point I got tired of going to Phish shows and decided it was a lot more fun to see the Disco Biscuits.</em> </p><p>~Andy Bernstein</p><p></p><p>Although its lyrics were never cerebral, Bernstein &amp; Chasnoff connects the band to greater jamband lore. Musically the song is not much more complicated: There are two verses, each followed by a chorus, a bridge and chorus, a jam section, and a triumphant ending. At various points in its history, the ending has contained a bonus section (referred to as “Smell The Funk” only after it had been shelved).</p><p></p><p>For its first year, B&amp;C did not contain any jamming of note (refer to 1/30/97 for some truly bizarre sound effects in the pre-Trancefusion era). Trancefusion era versions of 97 (of which 11/17 and 11/18 are extant) do little to suggest the song’s eventual heavy hitter potential. Beginning early in 1998, the song became a vehicle for some of the band’s most interesting early experimentations. 2/26/98 is of particular note, a 25-minute version that contains elements of what would make the song great. Even more significant is 3/21/98, the “Techno B&amp;C,” and what is considered to be the first “Perfume version” of any song. The song remained strong, if slightly less noteworthy, for the remainder of 1998. Already its M.O. was becoming pretty clearly established—the song would regularly depart from blissful type one territory for spacey, sinister territory, and was the earliest example of this style of exploratory jamming.</p><p></p><p>One of the first jams of 1999 was a B&amp;C jam, in the early morning hours of January 1. This B&amp;C &gt; Nughuffer was likely the greatest example of pure Trancefusion yet played at the time. The song stayed strong through 1999 (a high water mark for both the band and the song), with standout versions played on 4/24, 4/30, 5/5, and 9/11 of that year. In particular, the latter two are frequently cited as the strongest versions of the song.</p><p></p><p>The band took a hiatus from B&amp;C during its author’s departure from the band, but it returned with a vengeance at Camp Bisco, split-up dyslexically over 8/25/00 and 8/26/00. Despite the fewer shows played in 2000, there is no shortage of strong B&amp;Cs from the fall tour. Of these 10/27 is thoroughly unique, and a sleeper choice for best ever, while 12/28/00 is more reminiscent of the classic 1999 style B&amp;C.</p><p></p><p>After 2000, B&amp;C faded a bit into the background, although some standout versions do exist from this era. 4/24/01 received some attention for its inclusion in Steele’s Picks, 9/6/01 contains some fantastic fall 2001 jamming and one of the early Sound 1s, and 10/5/02 is remarkably strong (of course, as is everything from that show). 11/29/03 is a lesser-known but very interesting version, which may be the first to be jammed out of the bridge rather than the main jam section.</p><p></p><p>B&amp;C was played just thrice in 04 and once in 05 before Allen joined the band. After a few versions in the winter and spring shows, it was absent for nearly the whole of 06, from 4/26 until 12/29. The 12/29 version is a much-loved mashup with Joy to the World, and features the return of the Smell the Funk section, shelved in January 1999 and busted out only once on 5/5/01. It would be played on every 07 version and then shelved again indefinitely.</p><p></p><p>2007 would be B&amp;C’s second golden era, as nearly every version from that year is excellent and highly regarded. After the fairly standard Jam Cruise version, it was split three ways for the first time at the legendary Starland Ballroom run on 2/17, which featured numerous debuts, Allen first-timers, and bustouts. While it didn’t surface over the spring tour, the standalone version that opened Camp Bisco VI is probably the strongest standalone with Allen. In the fall tour, 10/16 is a particularly strong version (flying slightly under the radar due to a lack of available soundboard) and 11/1 contains the first jam into the beginning of the song with Allen, and since 4/4/02.</p><p></p><p>B&amp;C was only played twice in 08, although 4/19/08’s monster inverted version (first inversion with Allen and first since 7/23/03) is a must-hear. After a single performance each in the winter tour and spring tour of 09, B&amp;C was played six times in the four months from 10/3/09 to 1/28/10. Each of those 6 versions is inverted. In the post-wristgate era, B&amp;C rarely produces a memorable jam, with two glaring exceptions: the stellar and spacey 2/3/17 B&amp;C &gt; Voices &gt; B&amp;C, and the monster dyslexic beginning that opened the second set of 10/19/20.</p><p></p>",You’re getting sued. Bummer Dude,237,2024-02-09,"{""1995"": 0, ""1996"": 9, ""1997"": 47, ""1998"": 32, ""1999"": 36, ""2000"": 8, ""2001"": 16, ""2002"": 16, ""2003"": 6, ""2004"": 3, ""2005"": 1, ""2006"": 4, ""2007"": 8, ""2008"": 2, ""2009"": 7, ""2010"": 6, ""2011"": 2, ""2012"": 3, ""2013"": 2, ""2014"": 5, ""2015"": 1, ""2016"": 3, ""2017"": 3, ""2018"": 3, ""2019"": 2, ""2020"": 1, ""2021"": 2, ""2022"": 1, ""2023"": 6, ""2024"": 2}","{""41"": {""date"": ""2012-07-14"", ""previous"": ""2011-04-15"", ""delta_days"": 456}, ""54"": {""date"": ""2022-11-11"", ""previous"": ""2021-10-28"", ""delta_days"": 379}, ""62"": {""date"": ""2006-12-29"", ""previous"": ""2006-04-26"", ""delta_days"": 247}}",1997,2005,http://sickbarberlicks.weebly.com/bernstein-and-chasnoff.html
5f1234b4-76d8-4bc9-862a-71ad4f88a03d,Born to be Alive ,born-to-be-alive,2020-02-22 15:50:29.120743,2022-09-02 08:59:05.175835,"","","",bornto,453,true,e06e15cb-2aea-4d41-a4c9-1b52da282dd8,Patrick Hernandez ,,,1,2015-10-31,"{""1995"": 0, ""1996"": 0, ""1997"": 0, ""1998"": 0, ""1999"": 0, ""2000"": 0, ""2001"": 0, ""2002"": 0, ""2003"": 0, ""2004"": 0, ""2005"": 0, ""2006"": 0, ""2007"": 0, ""2008"": 0, ""2009"": 0, ""2010"": 0, ""2011"": 0, ""2012"": 0, ""2013"": 0, ""2014"": 0, ""2015"": 1, ""2016"": 0, ""2017"": 0, ""2018"": 0, ""2019"": 0, ""2020"": 0, ""2021"": 0, ""2022"": 0}","{""0"": {""date"": ""2015-10-31"", ""previous"": null, ""delta_days"": null}}",2015,2015,
4704b8ec-ecf2-4873-94c3-d53fe64a5dee,Sirius,sirius,2023-01-03 03:53:08.657709,2023-06-04 00:10:54.215504,"","","",,,true,67be7840-c5c5-4c5c-9add-e7386d79bbef,,"","",1,2022-12-31,"{""1995"": 0, ""1996"": 0, ""1997"": 0, ""1998"": 0, ""1999"": 0, ""2000"": 0, ""2001"": 0, ""2002"": 0, ""2003"": 0, ""2004"": 0, ""2005"": 0, ""2006"": 0, ""2007"": 0, ""2008"": 0, ""2009"": 0, ""2010"": 0, ""2011"": 0, ""2012"": 0, ""2013"": 0, ""2014"": 0, ""2015"": 0, ""2016"": 0, ""2017"": 0, ""2018"": 0, ""2019"": 0, ""2020"": 0, ""2021"": 0, ""2022"": 1, ""2023"": 0}","{""0"": {""date"": ""2022-12-31"", ""previous"": null, ""delta_days"": null}}",2022,2022,""
626d2c0c-78c9-480d-9438-89fd26b61420,Helicopters,helicopters,2020-02-22 15:50:22.697566,2024-11-26 01:37:51.151035,"<p>Three, three.<br/>Fly high.<br/>No wings.<br/>To show.<br/>Show, show.<br/><br/>HEY!<br/>Helicopters, look out below.<br/>Helicopters, flying low.<br/><br/>Night, night.<br/>In the red sky.<br/>Three fly.<br/>All in a line.<br/>Running out of time.<br/><br/>HEY!<br/>Helicopters, look out below.<br/>Helicopters, flying low.</p>",transcribed by Rich Steele<br/><br/><br/>(intro)<br/>E                                        12~~<br/>B                                        12~~<br/>G                                        12~~<br/>D                                        12~~<br/>A 5 6 7 (play this  7 5 7 7 7 7 5 7 7    12~~<br/>E        4 times)                        <br/>                                         (twice)<br/>E<br/>B<br/>G          (play this twice)<br/>D                                     5 7<br/>A               3                   5 <br/>E 3(h)5 5 5 5 5   5   3(h)5 5 5 5 5 <br/><br/><br/>E<br/>B<br/>G<br/>D       7   5 7      (just keep looping<br/>A   7 7   5          this riff over and over<br/>E 5                  till the chorus. <br/>                     the ,"",copters,38,false,4338604b-38e0-432c-855b-bcd9091d4409,Jon Gutwillig,,Look out below!,335,2024-11-21,"{""1995"": 0, ""1996"": 0, ""1997"": 0, ""1998"": 22, ""1999"": 48, ""2000"": 14, ""2001"": 25, ""2002"": 25, ""2003"": 11, ""2004"": 5, ""2005"": 7, ""2006"": 18, ""2007"": 12, ""2008"": 11, ""2009"": 21, ""2010"": 10, ""2011"": 8, ""2012"": 6, ""2013"": 6, ""2014"": 7, ""2015"": 6, ""2016"": 7, ""2017"": 5, ""2018"": 7, ""2019"": 7, ""2020"": 2, ""2021"": 11, ""2022"": 11, ""2023"": 13, ""2024"": 10}","{""14"": {""date"": ""2024-07-20"", ""previous"": ""2024-04-13"", ""delta_days"": 98}, ""16"": {""date"": ""2010-10-30"", ""previous"": ""2010-08-29"", ""delta_days"": 62}, ""17"": {""date"": ""2007-05-19"", ""previous"": ""2006-12-31"", ""delta_days"": 139}}",1999,2020,http://sickbarberlicks.weebly.com/helicopters.html
7bb7deff-61b9-4aab-adb7-cf8e3847b468,Solstice,solstice,2020-02-22 15:50:23.818238,2021-11-13 08:17:11.723794,"","","The version the Disco Biscuits play is the \""Warwick Bassmonkey\"" dub remix off of the \""Hallucinogen In Dub\"" album",solstice,292,true,2a4cf776-7f65-4bc7-8c3e-5797404d9665,Hallucinogen,,,4,2017-07-14,"{""1995"": 0, ""1996"": 0, ""1997"": 0, ""1998"": 0, ""1999"": 0, ""2000"": 0, ""2001"": 0, ""2002"": 0, ""2003"": 0, ""2004"": 0, ""2005"": 0, ""2006"": 1, ""2007"": 2, ""2008"": 0, ""2009"": 0, ""2010"": 0, ""2011"": 0, ""2012"": 0, ""2013"": 0, ""2014"": 0, ""2015"": 0, ""2016"": 0, ""2017"": 1, ""2018"": 0, ""2019"": 0, ""2020"": 0, ""2021"": 0}","{""0"": {""date"": ""2006-12-28"", ""previous"": null, ""delta_days"": null}, ""9"": {""date"": ""2007-02-16"", ""previous"": ""2006-12-28"", ""delta_days"": 50}, ""13"": {""date"": ""2007-05-20"", ""previous"": ""2007-02-16"", ""delta_days"": 93}, ""494"": {""date"": ""2017-07-14"", ""previous"": ""2007-05-20"", ""delta_days"": 3708}}",2007,2006,
e87f1301-13fd-483d-ba09-e1eba595a9c3,Controversy,controversy,2020-02-22 15:50:29.120743,2022-09-13 22:49:37.908549,"","","",controversy,469,true,f14f9461-8cd5-44b6-8775-beb020a67486,Prince,,,2,2017-12-03,"{""1995"": 0, ""1996"": 0, ""1997"": 0, ""1998"": 0, ""1999"": 0, ""2000"": 0, ""2001"": 0, ""2002"": 0, ""2003"": 0, ""2004"": 0, ""2005"": 0, ""2006"": 0, ""2007"": 0, ""2008"": 0, ""2009"": 0, ""2010"": 0, ""2011"": 0, ""2012"": 0, ""2013"": 0, ""2014"": 0, ""2015"": 0, ""2016"": 0, ""2017"": 2, ""2018"": 0, ""2019"": 0, ""2020"": 0, ""2021"": 0, ""2022"": 0}","{""0"": {""date"": ""2017-07-14"", ""previous"": null, ""delta_days"": null}, ""14"": {""date"": ""2017-12-03"", ""previous"": ""2017-07-14"", ""delta_days"": 142}}",2017,2017,
0a3c4af6-1731-44de-98fb-a2dd50cbbacf,Rock and Roll Fantasy,rock-and-roll-fantasy,2020-02-22 15:50:23.818238,2023-04-21 08:59:22.111027,"","","",fantasy,274,false,4338604b-38e0-432c-855b-bcd9091d4409,Jon Gutwillig,,,3,2006-11-16,"{""1995"": 0, ""1996"": 0, ""1997"": 0, ""1998"": 0, ""1999"": 0, ""2000"": 0, ""2001"": 0, ""2002"": 0, ""2003"": 0, ""2004"": 0, ""2005"": 0, ""2006"": 3, ""2007"": 0, ""2008"": 0, ""2009"": 0, ""2010"": 0, ""2011"": 0, ""2012"": 0, ""2013"": 0, ""2014"": 0, ""2015"": 0, ""2016"": 0, ""2017"": 0, ""2018"": 0, ""2019"": 0, ""2020"": 0, ""2021"": 0, ""2022"": 0, ""2023"": 0}","{""0"": {""date"": ""2006-04-29"", ""previous"": null, ""delta_days"": null}, ""12"": {""date"": ""2006-05-28"", ""previous"": ""2006-04-29"", ""delta_days"": 29}, ""32"": {""date"": ""2006-11-16"", ""previous"": ""2006-05-28"", ""delta_days"": 172}}",2006,2006,
6cd8afe6-5095-46c0-b5d3-0276dd5c1898,The Moon,the-moon,2020-02-22 15:50:23.989311,2023-04-06 02:18:36.970879,"","","",moontheme,411,true,e121f335-994b-4e15-886d-2e40597f2b53,Nintendo,,,4,2019-07-20,"{""1995"": 0, ""1996"": 0, ""1997"": 0, ""1998"": 0, ""1999"": 0, ""2000"": 0, ""2001"": 0, ""2002"": 0, ""2003"": 0, ""2004"": 0, ""2005"": 0, ""2006"": 0, ""2007"": 0, ""2008"": 0, ""2009"": 0, ""2010"": 2, ""2011"": 0, ""2012"": 0, ""2013"": 0, ""2014"": 0, ""2015"": 0, ""2016"": 0, ""2017"": 1, ""2018"": 0, ""2019"": 1, ""2020"": 0, ""2021"": 0, ""2022"": 0, ""2023"": 0}","{""0"": {""date"": ""2010-09-01"", ""previous"": null, ""delta_days"": null}, ""4"": {""date"": ""2010-09-05"", ""previous"": ""2010-09-01"", ""delta_days"": 4}, ""50"": {""date"": ""2019-07-20"", ""previous"": ""2017-12-31"", ""delta_days"": 566}, ""232"": {""date"": ""2017-12-31"", ""previous"": ""2010-09-05"", ""delta_days"": 2674}}",2010,2017,
a50f73d7-8ebd-4a8b-89a5-1474c17b4bf7,4th of July,4th-of-july,2020-02-22 15:50:29.120743,2024-09-09 17:49:40.219293,"","","",fourthofjuly,493,false,e29db38d-5b63-4e2c-b5bc-8f4ed3fe1c64,"",,,15,2023-07-06,"{""1995"": 0, ""1996"": 0, ""1997"": 0, ""1998"": 0, ""1999"": 0, ""2000"": 0, ""2001"": 0, ""2002"": 0, ""2003"": 0, ""2004"": 0, ""2005"": 0, ""2006"": 0, ""2007"": 0, ""2008"": 0, ""2009"": 0, ""2010"": 0, ""2011"": 0, ""2012"": 0, ""2013"": 0, ""2014"": 0, ""2015"": 0, ""2016"": 0, ""2017"": 0, ""2018"": 0, ""2019"": 4, ""2020"": 2, ""2021"": 6, ""2022"": 2, ""2023"": 1, ""2024"": 0}","{""14"": {""date"": ""2021-12-04"", ""previous"": ""2021-09-18"", ""delta_days"": 77}, ""16"": {""date"": ""2022-05-07"", ""previous"": ""2021-12-04"", ""delta_days"": 154}, ""18"": {""date"": ""2021-04-24"", ""previous"": ""2020-10-16"", ""delta_days"": 190}, ""29"": {""date"": ""2022-11-10"", ""previous"": ""2022-05-07"", ""delta_days"": 187}, ""44"": {""date"": ""2023-07-06"", ""previous"": ""2022-11-10"", ""delta_days"": 238}}",2021,2023,http://sickbarberlicks.weebly.com/4th-of-july.html
29cb5660-4167-4c45-8065-697b200ed983,Widow In The Rain,widow-in-the-rain,2020-02-22 15:50:23.818238,2024-08-07 03:35:27.397017,"Underneath the white streetlight,<br/>Walkin' like a widow in the rain<br/>Every day is another day gone by<br/><br/>Capsule dreams & capsule eyes<br/>Houses glowing brightly up in flames<br/>So I take this chance and close my eyes<br/><br/>Walking down the avenue, a taxi in the road<br/>I guess this must be time to hitch a ride<br/>Can't forget the voices of the things that I've been told<br/>It's not to say in time I haven't tried<br/><br/>Underneath the white streetlight,<br/>Walkin' like a widow in the rain<br/>Every day is another day gone by<br/><br/>Corners scraped and pulvarized,<br/>Passion beats a heart of (?) pain<br/>So I do my best to galvanize<br/><br/>Someday I'll be better, like myself of old<br/>Someday I'll be better than before<br/>Caught in a vendetta, but left out in the cold<br/>There's simply just no room for anymore<br/><br/>Underneath the white streetlight,<br/>Walkin' like a widow in the rain<br/>Every day is another day gone by<br/><br/>I hope this song will make me sane,<br/>I hope these words will rationalize my life<br/>But still tomorrow brings another day<br/><br/>The love that I gave easy, but sold for nothing more<br/>Than pocket change you'd find on the ground<br/>And I question all the reasons, but come up with nothing more<br/>Than the road that I walk heading out of town.","","",widow,206,false,4338604b-38e0-432c-855b-bcd9091d4409,Jon Gutwillig,,,22,2022-12-29,"{""1995"": 0, ""1996"": 0, ""1997"": 0, ""1998"": 0, ""1999"": 0, ""2000"": 7, ""2001"": 5, ""2002"": 1, ""2003"": 3, ""2004"": 0, ""2005"": 0, ""2006"": 0, ""2007"": 0, ""2008"": 0, ""2009"": 0, ""2010"": 2, ""2011"": 0, ""2012"": 0, ""2013"": 0, ""2014"": 0, ""2015"": 0, ""2016"": 1, ""2017"": 1, ""2018"": 0, ""2019"": 0, ""2020"": 1, ""2021"": 0, ""2022"": 1, ""2023"": 0, ""2024"": 0}","{""84"": {""date"": ""2002-08-16"", ""previous"": ""2001-09-25"", ""delta_days"": 325}, ""97"": {""date"": ""2022-12-29"", ""previous"": ""2020-10-29"", ""delta_days"": 791}, ""99"": {""date"": ""2020-10-29"", ""previous"": ""2017-09-20"", ""delta_days"": 1135}, ""162"": {""date"": ""2016-06-02"", ""previous"": ""2010-10-31"", ""delta_days"": 2041}, ""416"": {""date"": ""2010-04-18"", ""previous"": ""2003-10-01"", ""delta_days"": 2391}}",2000,2002,http://sickbarberlicks.weebly.com/widow-in-the-rain.html
747bebf1-ad9c-4e63-9aab-a8d518b33223,42,42,2020-02-22 15:50:22.856762,2024-11-25 12:04:59.547630,"<p>vast consumption by the fog<br/>seasaw sandy drifting log<br/>level headed cosmonaut <br/>creature living as he&#x27;s sought<br/><br/><br/>Souls are wrapped around each other.<br/><br/>cynicism in the wick<br/>power down and candle lit<br/>Eucalyptus burning bees<br/>splendid moment, funny tree<br/><br/>Souls are wrapped around each other.<br/><br/>Monarch mission, on the vine.<br/>Kinetic vision intertwined.<br/>Crystal dripping, icicle.<br/>Aquifer is running full.<br/><br/>Souls are wrapped around each other.<br/><br/>Red cliff flux capacitor.<br/>Little trouble finding her.<br/>Royal pepper, tidal wave.<br/>Restless fellow, yearning rave.<br/><br/>Souls are wrapped around each other.<br/>(Souls are wrapped around me.)<br/>Souls are wrapped around each other.<br/>(Souls are wrapped around me.)<br/>Souls are wrapped around each other.<br/>(Souls are wrapped around me.)<br/>Souls are wrapped around each other.<br/>(Souls are wrapped around me.)<br/><br/>Does the sun revolve around the earth?<br/>Does reflection make the water blue?<br/>Should I forget the dream I had last night?<br/>Or remember it and follow through?<br/><br/>I ask that question to myself,<br/>I don&#x27;t know what to do.<br/>Chin is rested in my hands,<br/>I feel like I&#x27;m on 42.<br/><br/><br/>I ask that question to myself,<br/>I don&#x27;t know what to do.<br/>Chin is rested in my hands,<br/>I feel like I&#x27;m on 42.<br/><br/>Mysticism in my thoughts.<br/>But further now than astronauts.<br/>Dictionary, silent speak.<br/>Maybe in the middle week.<br/><br/>Souls are wrapped around each other.<br/><br/>Reside beneath the covered bridge.<br/>With subtle precious words again<br/>Ray of light break through the roof,<br/>Right on time and bring the truth.<br/><br/>Nighttime frozen in parking lots<br/>Backside winter and I forgot<br/>Early morning china bowls<br/>Silent shell in control<br/><br/>No three color basketball<br/>Mother painting on the wall<br/>Bedtime story, lesson learned<br/>Lifetime mission overturned.<br/><br/>Souls are wrapped around each other.<br/>(Souls are wrapped around me.)<br/>Souls are wrapped around each other.<br/>(Souls are wrapped around me.)<br/>Souls are wrapped around each other.<br/>(Souls are wrapped around me.)<br/>Souls are wrapped around each other.<br/>(Souls are wrapped around me.)<br/><br/>Does the sun revolve around the earth?<br/>Does reflection make the water blue?<br/>Should I forget the dream I had last night?<br/>Will I ever know just what to do?<br/><br/>I ask that question to myself,<br/>I don&#x27;t know what to do.<br/>Chin is rested in my hands,<br/>I feel like I&#x27;m on 42.<br/><br/>I ask that question to myself,<br/>I don&#x27;t know what to do.<br/>Chin is rested in my hands,<br/>I feel like I&#x27;m on 42.<br/><br/>I ask that question to myself,<br/>I don&#x27;t know what to do.<br/>Chin is rested in my hands,<br/>I feel like I&#x27;m on 42.<br/><br/>I ask that question to myself,<br/>I don&#x27;t know what to do.<br/>Chin is rested in my hands,<br/>I feel like I&#x27;m on 42.<br/><br/>I ask that question to myself,<br/>I don&#x27;t know what to do.<br/>Chin is rested in my hands,<br/>I feel like I&#x27;m on 42.<br/><br/>I ask that question to myself,<br/>I don&#x27;t know what to do.<br/>Chin is rested in my hands,<br/>I feel like I&#x27;m on 42.<br/><br/>I ask that question to myself,<br/>I don&#x27;t know what to do.<br/>Chin is rested in my hands,<br/>I feel like I&#x27;m on 42.<br/><br/>I ask that question to myself,<br/>I don&#x27;t know what to do.<br/>Chin is rested in my hands,<br/>I feel like I&#x27;m on 42.</p>","","",fortytwo,66,false,e2397ce3-857e-425f-925e-1cb30de780d7,Marc Brownstein,"<p>Inarguably one of the longest songs in the Biscuits catalog, 42 features repetitive trancey guitar riffs and catchy synth hooks, cryptic lyrics, and the potential for a powerful peak that, at times, would cause even the most seasoned vets to incorrectly call Run Like Hell. 42 alienated some fans at first with its lengthy verses and slow pre-choruses, and at its first performance, 4/3/03, the only jam was a short and very type one solo. The band did not waste any time fleshing out 42, however: it was segued into the first performance and split up by its fifth, 4/16/03--into Run Like Hell, unsurprisingly. By 4/26/03, which featured a standalone 42, the song had a reliable jam section. It was inverted for the first time on 7/26/03, a show which features numerous other setlist innovations such as the second inverted Aceetobee, the first three-part Buddha, and the first split unfinished Shimmy.</p><p></p><p>The band continued to flesh out 42 for the remainder of Sammy’s tenure, but it wasn’t until Allen joined the band that the song’s full potential as trance juggernaut was realized. It was played twice over New Year’s Run 2005, and nineteen times in 2006 (the most times played after 2003). The song quickly became a centerpiece of the band’s spacey psychedelic sound of 06-07. Important versions include 5/4/06 (mainly for the jam into it but a solid full version as well), 11/22/06, and 6/9/07.</p><p></p><p>If the song fared well in the early era of 2.0, it was perhaps at its peak in the high-energy later years of 2.0, late 08-early 10. Numerous high-energy, exploratory versions abound from this era, such as 12/27/08, 2/15/09, 4/18/09 (widely regarded as the best standalone version), and 6/6/09. </p><p></p><p>42 remained a staple of the band&#x27;s catalog through the setbreak years, with a brief renaissance in 2017-2018. 6/1/17 is a powerful 2009-esque version, while 10/20/18 and 12/29/18 recall more experimental early versions.</p><p></p>",Shall I forget the dream I had last night?,156,2024-11-21,"{""1995"": 0, ""1996"": 0, ""1997"": 0, ""1998"": 0, ""1999"": 0, ""2000"": 0, ""2001"": 0, ""2002"": 0, ""2003"": 22, ""2004"": 7, ""2005"": 5, ""2006"": 19, ""2007"": 14, ""2008"": 10, ""2009"": 17, ""2010"": 7, ""2011"": 5, ""2012"": 2, ""2013"": 4, ""2014"": 3, ""2015"": 3, ""2016"": 1, ""2017"": 4, ""2018"": 4, ""2019"": 3, ""2020"": 3, ""2021"": 5, ""2022"": 5, ""2023"": 9, ""2024"": 4}","{""29"": {""date"": ""2017-06-01"", ""previous"": ""2016-07-14"", ""delta_days"": 322}, ""32"": {""date"": ""2010-09-07"", ""previous"": ""2010-04-22"", ""delta_days"": 138}, ""33"": {""date"": ""2024-11-21"", ""previous"": ""2024-07-13"", ""delta_days"": 131}}",2003,2016,http://sickbarberlicks.weebly.com/42.html
ae28b23e-e42b-4d61-9948-0f53e0c981b2,I-Man,i-man,2020-02-22 15:50:23.009469,2024-12-07 20:14:45.475492,"<p>Well I&#x27;m lost without I-Man<br/>Without my gun in my hand<br/>My ladybug don&#x27;t understand how I&#x27;ve tried<br/><br/>But I&#x27;ve got time on my side<br/>And now my heart, all filled with pride<br/>Many days to realize my final plan<br/><br/>All I need my arms to provide<br/>Make my coccoon to bask inside<br/>My ladybug is on the rise with another man<br/><br/>So I got my gun in my hand<br/>And I feel its time to take my stand<br/>All love aside, I&#x27;m denied a second time<br/><br/>Over it goes, I&#x27;m breakin through<br/>I got my gun in my hand<br/>I-Man&#x27;s out and on the loose<br/>Now that it&#x27;s time to take my stand<br/><br/>Now I&#x27;m only doing what I can<br/>When everyday I kiss her hand<br/>My ladybug sent her new man to his demise<br/><br/>Now it&#x27;s aglow inside her eyes<br/>Like a summer sunset on the tides<br/>My ladybug, believes inside, she&#x27;s got her man<br/><br/>Over it goes, I&#x27;m breakin through<br/>I got my gun in my hand<br/>I-Man&#x27;s out and on the loose<br/>Now that it&#x27;s time to take my stand</p>","Transcribed by Rob Gibbs<br/>Middle section transcribed by Evan Leon<br/><br/>These are chords that differ from basic major/minor formations that<br/>everyone knows<br/> <br/>         D/F#        A(II)        B7     Bm7<br/>e--------2--------------0---------------------2-----<br/>b--------3--------------5---------------------3-----<br/>g--------2--------------6-----------2---------2-----<br/>d--------0--------------7-----------1---------4-----<br/>a--------0--------------0-----------2---------2-----<br/>E--------2------------------------------------2-----<br/><br/>Listen to CD for strum patterns and timing - too lengthy to try and <br/>transcribe everything<br/><br/> Intro:  E      G      D/F#<br/><br/> E                          G     D/F#<br/>Well I'm lost without I-----Man<br/>E                           G     D/F#<br/>Without my gun in my    hand<br/>E         C   A          D              E       G   D/F#<br/>My lady   bug don't understand how I've tried<br/><br/>(Chords are same for all verses as above)<br/><br/>But I've got time on my side<br/>And now my heart, all filled with pride<br/>Many days to realize my final plan<br/><br/>All I need my arms to provide<br/>Make my coccoon to bask inside<br/>My ladybug is on the rise with another man<br/><br/>So I got my gun in my hand<br/>And I feel its time to take my stand<br/>On the other side, undenied a second time<br/><br/>Chorus:     A    A(II)    D    G<br/>A    A(II)       D       G            A                   A(II)    <br/>                         Old brick walls, I'm breakin through<br/>D              G      A              A(II)<br/>I got my gun in my hand<br/>D           G                       A             A(II)<br/>I-Man's out and on the loose<br/>D                    G                 A             A(II)<br/>Now that it's time to take my stand<br/><br/>Bm7    A      B7    E (this E is actually the first chord <br/>in the verse progression)<br/><br/>E                      G    D/F#<br/>I'm only doing what I     can<br/>And everyday I kiss her hand<br/>My ladybug sent her new man to his demise<br/><br/>That winter glow inside her eyes<br/>Like a summer sunset on the tide<br/>My ladybug, when he's inside, she's got her man<br/><br/>Old brick walls, I'm breakin through<br/>I got my gun in my hand<br/>I-Man's out and on the loose<br/>Now that it's time to take my stand<br/><br/><br/>MIDDLE SECTION <br/><br/>(7/9 means slide from fret 7 to 9, 12p10 means pull-off 12 to 10, <br/>10h12 means hammer-on 10 to 12)<br/><br/>e    5  5         9  9         7  7         5  5         5<br/>b   5            5            5            5            8   8<br/>g  6      6     6      6     6      6     6      6     6      6<br/>d 7         7  7         7  7         7  7         7  7         7<br/>a(0)          (0)          (0)                       (0)<br/><br/>e 5       5 5  5 5 5     3  3  1  7  5  3  1      5 5     7/9<br/>b     8   5 5  5 5 5     3  3  1  3  3  3  1     5<br/>g         6 6  6 6 6     4  4  2  4  4  4  2    6     6<br/>d   7   7 7 7  7 7 7     5  5  3  5  5  5  3   7        7<br/><br/>Repeat that whole section once, then:<br/><br/>                                                    *<br/>e  9h10h12  12 12p10p9     10 10p9p7      8 8p7p5     9 9 9<br/>b                      12            10            5<br/>g<br/>d<br/><br/>Then repeat that line up to the *, and add at the end:<br/><br/>e <br/>b 5<br/>g   6 6 6<br/>d         7 7 7<br/><br/>Repeat this entire section, then this goes right into the jam.","",iman,86,false,4338604b-38e0-432c-855b-bcd9091d4409,Jon Gutwillig,<p></p>,,367,2024-11-20,"{""1995"": 0, ""1996"": 0, ""1997"": 48, ""1998"": 56, ""1999"": 39, ""2000"": 12, ""2001"": 20, ""2002"": 16, ""2003"": 7, ""2004"": 3, ""2005"": 4, ""2006"": 16, ""2007"": 11, ""2008"": 10, ""2009"": 23, ""2010"": 13, ""2011"": 7, ""2012"": 7, ""2013"": 4, ""2014"": 6, ""2015"": 4, ""2016"": 4, ""2017"": 7, ""2018"": 5, ""2019"": 6, ""2020"": 1, ""2021"": 8, ""2022"": 7, ""2023"": 13, ""2024"": 10}","{""15"": {""date"": ""2024-08-30"", ""previous"": ""2024-06-20"", ""delta_days"": 71}, ""16"": {""date"": ""2007-04-22"", ""previous"": ""2006-12-28"", ""delta_days"": 115}, ""17"": {""date"": ""2004-01-06"", ""previous"": ""2003-10-23"", ""delta_days"": 75}, ""19"": {""date"": ""2010-09-04"", ""previous"": ""2010-06-03"", ""delta_days"": 93}}",1998,2020,http://sickbarberlicks.weebly.com/i-man.html
f2b34d69-51d3-4f2e-925f-f03bc30074ac,That Sample Has a Name,that-sample-has-a-name,2020-02-22 15:50:29.120743,2023-08-30 10:41:55.081723,"","","",sample,482,false,,"",,,4,2019-10-05,"{""1995"": 0, ""1996"": 0, ""1997"": 0, ""1998"": 0, ""1999"": 0, ""2000"": 0, ""2001"": 0, ""2002"": 0, ""2003"": 0, ""2004"": 0, ""2005"": 0, ""2006"": 0, ""2007"": 0, ""2008"": 0, ""2009"": 0, ""2010"": 0, ""2011"": 0, ""2012"": 0, ""2013"": 0, ""2014"": 0, ""2015"": 0, ""2016"": 0, ""2017"": 0, ""2018"": 0, ""2019"": 4, ""2020"": 0, ""2021"": 0, ""2022"": 0, ""2023"": 0}","{""0"": {""date"": ""2019-04-26"", ""previous"": null, ""delta_days"": null}, ""3"": {""date"": ""2019-10-05"", ""previous"": ""2019-07-20"", ""delta_days"": 77}, ""5"": {""date"": ""2019-07-20"", ""previous"": ""2019-05-24"", ""delta_days"": 57}}",2019,2019,
522207ed-a93a-4987-a30d-4b771c3d4640,Whiskey River,whiskey-river,2020-02-22 15:50:23.818238,2023-04-06 03:15:54.152583,"","","",whiskey,205,true,68f78405-1ad4-4f3b-bec5-d21dbf6a1047,Willie Nelson,,,2,2002-07-30,"{""1995"": 0, ""1996"": 0, ""1997"": 0, ""1998"": 0, ""1999"": 0, ""2000"": 0, ""2001"": 0, ""2002"": 2, ""2003"": 0, ""2004"": 0, ""2005"": 0, ""2006"": 0, ""2007"": 0, ""2008"": 0, ""2009"": 0, ""2010"": 0, ""2011"": 0, ""2012"": 0, ""2013"": 0, ""2014"": 0, ""2015"": 0, ""2016"": 0, ""2017"": 0, ""2018"": 0, ""2019"": 0, ""2020"": 0, ""2021"": 0, ""2022"": 0, ""2023"": 0}","{""0"": {""date"": ""2002-07-27"", ""previous"": null, ""delta_days"": null}, ""2"": {""date"": ""2002-07-30"", ""previous"": ""2002-07-27"", ""delta_days"": 3}}",2002,2002,
b13c4a3b-eb7f-4707-b65b-56c40c79b6c3,Electric Slinky,electric-slinky,2020-02-22 15:50:29.120743,2023-08-30 10:45:52.839673,"","","",eslinky,489,false,4338604b-38e0-432c-855b-bcd9091d4409,Allen Aucoin,,,8,2020-10-24,"{""1995"": 0, ""1996"": 0, ""1997"": 0, ""1998"": 0, ""1999"": 0, ""2000"": 0, ""2001"": 0, ""2002"": 0, ""2003"": 0, ""2004"": 0, ""2005"": 0, ""2006"": 0, ""2007"": 0, ""2008"": 0, ""2009"": 0, ""2010"": 0, ""2011"": 0, ""2012"": 0, ""2013"": 0, ""2014"": 0, ""2015"": 0, ""2016"": 0, ""2017"": 0, ""2018"": 0, ""2019"": 5, ""2020"": 3, ""2021"": 0, ""2022"": 0, ""2023"": 0}","{""3"": {""date"": ""2020-06-22"", ""previous"": ""2020-01-02"", ""delta_days"": 172}, ""4"": {""date"": ""2019-12-27"", ""previous"": ""2019-12-11"", ""delta_days"": 16}, ""5"": {""date"": ""2020-01-02"", ""previous"": ""2019-12-27"", ""delta_days"": 6}, ""7"": {""date"": ""2020-10-24"", ""previous"": ""2020-06-22"", ""delta_days"": 124}}",2019,2020,http://sickbarberlicks.weebly.com/electric-slinky.html
92e66db0-c88c-4450-8ad6-c41cb1d3328a,Jam on the River Song,jam-on-the-river-song,2020-02-22 15:50:23.818238,2023-09-13 11:40:56.443091,"","","",river,258,false,e29db38d-5b63-4e2c-b5bc-8f4ed3fe1c64,The Disco Biscuits,,,1,2004-05-29,"{""1995"": 0, ""1996"": 0, ""1997"": 0, ""1998"": 0, ""1999"": 0, ""2000"": 0, ""2001"": 0, ""2002"": 0, ""2003"": 0, ""2004"": 1, ""2005"": 0, ""2006"": 0, ""2007"": 0, ""2008"": 0, ""2009"": 0, ""2010"": 0, ""2011"": 0, ""2012"": 0, ""2013"": 0, ""2014"": 0, ""2015"": 0, ""2016"": 0, ""2017"": 0, ""2018"": 0, ""2019"": 0, ""2020"": 0, ""2021"": 0, ""2022"": 0, ""2023"": 0}","{""0"": {""date"": ""2004-05-29"", ""previous"": null, ""delta_days"": null}}",2004,2004,
9a18bfeb-07b0-498d-912b-3b6dd0f18da9,Awol's Blues,awol-s-blues,2020-02-22 15:50:22.697566,2024-11-12 13:19:26.796656,"<p>When my baby said she loved me,<br/>Why did I just not care?<br/>When she damn well got up and left me,<br/>Why didn&#x27;t I keep her here?<br/>Well I never had the heart to leave her.<br/>Something else just kept me there.<br/><br/>Then came Awol with the lovelies.<br/>Me&#x27;n Awol go way back when.<br/>Back before I knew my lady,<br/>Me and Awol were the best of friends.<br/>He said that when we get in the swing of things,<br/>We&#x27;ll be looking at some perfect 10s.<br/><br/>Well I used to love a lady,<br/>But I don&#x27;t know what went wrong!<br/>Whoa no!<br/><br/>I used to love that lady<br/>But I don&#x27;t know what went wrong<br/>Whoa, no!<br/><br/>And I never had the heart to leave her<br/>But she left me on her own</p>","","",awol,12,false,4338604b-38e0-432c-855b-bcd9091d4409,Jon Gutwillig,"<p>Awol’s Blues is a pretty standard early Biscuits blues tune. It is fairly unremarkable except for the fact that it was played so often, a whopping sixty times in 1997-1998. The band so loved this tune that it found its way onto Uncivilized Area, the final song on the album.</p><p></p><p>After a few performances in 1999, the last of which being 9/24/99, Awol’s Blues returned to the shelf, a relic of the bygone pre-Trance-Fusion days. It was busted out on three occasions. The first was 7/28/02, representing a gap of 225 shows (just one more than the current gap). It was performed a few more times and then sat on the shelf for 111 shows until a one-time performance on 9/3/04. After that it sat on the shelf for the rest of the Sammy days and well into the Allen era, when it was busted out for one final performance on 12/29/12 after 491 shows. The Biscuits have not performed the song since.</p><p></p>",I used to love a lady but I don’t know what went wrong,77,2023-09-21,"{""1995"": 0, ""1996"": 0, ""1997"": 36, ""1998"": 25, ""1999"": 10, ""2000"": 0, ""2001"": 0, ""2002"": 3, ""2003"": 0, ""2004"": 1, ""2005"": 0, ""2006"": 0, ""2007"": 0, ""2008"": 0, ""2009"": 0, ""2010"": 0, ""2011"": 0, ""2012"": 1, ""2013"": 0, ""2014"": 0, ""2015"": 0, ""2016"": 0, ""2017"": 0, ""2018"": 0, ""2019"": 0, ""2020"": 0, ""2021"": 0, ""2022"": 0, ""2023"": 1, ""2024"": 0}","{""58"": {""date"": ""1999-09-24"", ""previous"": ""1999-04-21"", ""delta_days"": 156}, ""110"": {""date"": ""2004-09-03"", ""previous"": ""2002-10-29"", ""delta_days"": 675}, ""226"": {""date"": ""2002-07-28"", ""previous"": ""1999-09-24"", ""delta_days"": 1038}, ""390"": {""date"": ""2023-09-21"", ""previous"": ""2012-12-29"", ""delta_days"": 3918}, ""497"": {""date"": ""2012-12-29"", ""previous"": ""2004-09-03"", ""delta_days"": 3039}}",1997,2004,http://sickbarberlicks.weebly.com/awols-blues.html
015e8eb8-6447-452b-a8df-6a0ff6dcb63a,Sister Judy's Soul Shack,sister-judy-s-soul-shack,2020-02-22 15:50:23.009469,2024-11-25 12:05:05.381109,<p>On the day that I looked at the sky<br/>Sister Judy said she&#x27;s giving the ice a try<br/>And I wondered if I was ever going to be the same<br/> <br/>They call it ice because it freezes your brain<br/>she told me about her mother that it had driven insane<br/>And Sister Judy walked her into town<br/> <br/>Then I saw something that I had never seen before<br/>A pelican fishin at a quarter to four<br/>And I knew Tragic Beach was a magical place<br/> <br/>We stayed at Sister Judy&#x27;s Shack<br/>With so much food with ice to pack<br/>And Sister Judy said these words to me<br/> <br/>Now I know that you can&#x27;t always get what you want<br/>And now I know that you can&#x27;t always get what you need<br/>And now I know that you can&#x27;t always get what you see<br/>And now I know that it&#x27;s never going to matter to me<br/> <br/>I said to the pelican pleasure to meet you<br/>He looked to his left and said &#x27;how do you do?&#x27;<br/>And the pelican continued with the matter at hand<br/> <br/>He looked at my friend and said I got an idea<br/>The two of them could take a walk and get us some beer<br/>And you and me can try to catch some dinner<br/> <br/>My friend took a hike and me and pelly took a seat<br/>and Sister Judy came around the brim of the tree<br/>the pelican said to Judy &#x27;did you have a wonderful day?&#x27;<br/> <br/>We walked in Sister Judy&#x27;s tracks<br/>within her soul and towards her shack<br/>and Sister Judy sang these words to me<br/> <br/>Now I know that you can&#x27;t always get what you want<br/>And now I know that you can&#x27;t always get what you need<br/>And now I know that you can&#x27;t always get what you see<br/>And now I know that it&#x27;s never going to matter to me</p>,"",'Sister Judy's Soul Shack' is a reworked version of The Maui Project's 'No Matter'.1,judy,94,false,e2397ce3-857e-425f-925e-1cb30de780d7,The Disco Biscuits,,,53,2024-03-15,"{""1995"": 0, ""1996"": 0, ""1997"": 0, ""1998"": 0, ""1999"": 0, ""2000"": 0, ""2001"": 6, ""2002"": 15, ""2003"": 8, ""2004"": 2, ""2005"": 1, ""2006"": 7, ""2007"": 0, ""2008"": 0, ""2009"": 1, ""2010"": 1, ""2011"": 1, ""2012"": 2, ""2013"": 0, ""2014"": 0, ""2015"": 1, ""2016"": 0, ""2017"": 2, ""2018"": 0, ""2019"": 0, ""2020"": 0, ""2021"": 3, ""2022"": 0, ""2023"": 0, ""2024"": 3}","{""83"": {""date"": ""2010-06-09"", ""previous"": ""2009-07-18"", ""delta_days"": 326}, ""104"": {""date"": ""2021-06-04"", ""previous"": ""2017-12-28"", ""delta_days"": 1254}, ""143"": {""date"": ""2024-02-02"", ""previous"": ""2021-09-19"", ""delta_days"": 866}, ""254"": {""date"": ""2009-07-18"", ""previous"": ""2006-05-12"", ""delta_days"": 1163}}",2002,2005,http://sickbarberlicks.weebly.com/sister-judyrsquos-soul-shack.html
4b236fe9-ac57-416e-88b0-28bb9065a5ec,Disco Inferno,disco-inferno,2020-02-22 15:50:29.120743,2023-04-04 19:27:49.300927,"Burn baby burn<br/>Burn baby burn<br/>Burn baby burn<br/>Burn baby burn<br/>Burnin'<br/><br/>To mass fires, yes<br/>One hundred stories high<br/>People gettin' loose y'all<br/>Gettin' down on the roof, do you hear?<br/><br/>The folks was flaming<br/>Out of control<br/>It was so entertainin'<br/>When the boogie started to explode<br/>I heard somebody say<br/><br/>Burn baby burn, disco inferno<br/>Burn baby burn, burn that mama down<br/>Burn baby burn, disco inferno<br/>Burn baby burn, burn that mama down<br/>Burnin'<br/><br/>Satisfaction<br/>Came in the chain reaction<br/>(Burnin')<br/>I couldn't get enough<br/>Till I had to self-destroy<br/><br/>The heat was on<br/>(Burnin')<br/>Rising to the top<br/>Everybody's goin' strong<br/>And that is when my spark got hot<br/>I heard somebody say<br/><br/>Burn baby burn, disco inferno<br/>Burn baby burn, burn that mama down, yo<br/>Burn baby burn, disco inferno<br/>Burn baby burn, burn that mama down<br/>Burnin'<br/><br/>Up above my head, I hear music in the air<br/>I hear music<br/>That makes me know<br/>There's somebody somewhere<br/><br/>Satisfaction<br/>Came in a chain reaction, do you hear?<br/>I couldn't get enough<br/>So I had to self destruct<br/><br/>The heat was on<br/>Rising to the top<br/>Everybody's goin' strong<br/>That is when my spark got hot<br/>I heard somebody say<br/><br/>Burn baby burn, disco inferno<br/>Burn baby burn, burn that mama down<br/>Burn baby burn, disco inferno, yeah<br/>Burn baby burn, burn that mama down<br/>Get it<br/><br/>Burn baby burn<br/>Burn baby burn, burn that mama down<br/>Burn baby burn, disco inferno<br/>Burn baby burn ","","",discoinferno,418,true,492d80d3-b814-4f81-8cea-0a09559bfb51,The Trammps,,,2,2013-09-28,"{""1995"": 0, ""1996"": 0, ""1997"": 0, ""1998"": 0, ""1999"": 0, ""2000"": 0, ""2001"": 0, ""2002"": 0, ""2003"": 0, ""2004"": 0, ""2005"": 0, ""2006"": 0, ""2007"": 0, ""2008"": 0, ""2009"": 0, ""2010"": 0, ""2011"": 0, ""2012"": 0, ""2013"": 2, ""2014"": 0, ""2015"": 0, ""2016"": 0, ""2017"": 0, ""2018"": 0, ""2019"": 0, ""2020"": 0, ""2021"": 0, ""2022"": 0, ""2023"": 0}","{""0"": {""date"": ""2013-04-27"", ""previous"": null, ""delta_days"": null}, ""8"": {""date"": ""2013-09-28"", ""previous"": ""2013-04-27"", ""delta_days"": 154}}",2013,2013,
da1858ce-f185-4803-a313-e802a03366a8,M1,m1,2021-09-18 01:42:30.790127,2024-11-09 13:09:29.066231,"","","",,,false,e2397ce3-857e-425f-925e-1cb30de780d7,,"","",33,2024-11-06,"{""1995"": 0, ""1996"": 0, ""1997"": 0, ""1998"": 0, ""1999"": 0, ""2000"": 0, ""2001"": 0, ""2002"": 0, ""2003"": 0, ""2004"": 0, ""2005"": 0, ""2006"": 0, ""2007"": 0, ""2008"": 0, ""2009"": 0, ""2010"": 0, ""2011"": 0, ""2012"": 0, ""2013"": 0, ""2014"": 0, ""2015"": 0, ""2016"": 0, ""2017"": 0, ""2018"": 0, ""2019"": 0, ""2020"": 0, ""2021"": 7, ""2022"": 8, ""2023"": 12, ""2024"": 6}","{""9"": {""date"": ""2024-03-31"", ""previous"": ""2024-03-09"", ""delta_days"": 22}, ""14"": {""date"": ""2023-06-17"", ""previous"": ""2023-05-05"", ""delta_days"": 43}, ""15"": {""date"": ""2024-07-11"", ""previous"": ""2024-03-31"", ""delta_days"": 102}, ""17"": {""date"": ""2022-11-12"", ""previous"": ""2022-08-20"", ""delta_days"": 84}, ""25"": {""date"": ""2024-11-06"", ""previous"": ""2024-07-11"", ""delta_days"": 118}}",2023,2024,http://www.sickbarberlicks.net/m1.html
02933a5b-e3d9-42cf-9cea-b8a8046a65c2,Dazed and Confused,dazed-and-confused,2020-02-22 15:50:23.818238,2022-09-01 18:21:06.583875,"","","",dazed,228,true,f59c90a1-64c6-4910-916e-81bd2a26052d,Led Zeppelin,,,2,2003-09-30,"{""1995"": 0, ""1996"": 0, ""1997"": 0, ""1998"": 0, ""1999"": 0, ""2000"": 0, ""2001"": 0, ""2002"": 0, ""2003"": 2, ""2004"": 0, ""2005"": 0, ""2006"": 0, ""2007"": 0, ""2008"": 0, ""2009"": 0, ""2010"": 0, ""2011"": 0, ""2012"": 0, ""2013"": 0, ""2014"": 0, ""2015"": 0, ""2016"": 0, ""2017"": 0, ""2018"": 0, ""2019"": 0, ""2020"": 0, ""2021"": 0, ""2022"": 0}","{""0"": {""date"": ""2003-09-27"", ""previous"": null, ""delta_days"": null}, ""3"": {""date"": ""2003-09-30"", ""previous"": ""2003-09-27"", ""delta_days"": 3}}",2003,2003,
7e91f36b-a423-41d1-8d3a-d5561aedd10b,1999,1999,2020-02-22 15:50:23.147147,2022-09-26 21:16:31.998330,"","","",ninetynine,129,true,f14f9461-8cd5-44b6-8775-beb020a67486,Prince,,,19,2018-11-02,"{""1995"": 0, ""1996"": 0, ""1997"": 0, ""1998"": 15, ""1999"": 0, ""2000"": 0, ""2001"": 0, ""2002"": 0, ""2003"": 0, ""2004"": 0, ""2005"": 0, ""2006"": 0, ""2007"": 0, ""2008"": 0, ""2009"": 0, ""2010"": 0, ""2011"": 0, ""2012"": 0, ""2013"": 0, ""2014"": 1, ""2015"": 1, ""2016"": 0, ""2017"": 0, ""2018"": 2, ""2019"": 0, ""2020"": 0, ""2021"": 0, ""2022"": 0}","{""12"": {""date"": ""1998-10-30"", ""previous"": ""1998-10-01"", ""delta_days"": 29}, ""21"": {""date"": ""1998-07-30"", ""previous"": ""1998-06-27"", ""delta_days"": 33}, ""28"": {""date"": ""2015-07-16"", ""previous"": ""2014-09-12"", ""delta_days"": 307}, ""100"": {""date"": ""2018-07-14"", ""previous"": ""2015-07-16"", ""delta_days"": 1094}, ""1035"": {""date"": ""2014-09-12"", ""previous"": ""1998-12-31"", ""delta_days"": 5734}}",1998,2014,
1441dbc2-7ed0-4b96-927e-addffa47ce85,Falling,falling,2023-05-30 12:32:11.554722,2024-12-07 21:38:46.846327,"<p>“Falling”</p><p></p><p>Swan dive off the mountainside,</p><p>Was a time I was paralyzed by heights.</p><p>Now the fear is gone inside,</p><p>Dance among the swallows in the skies.</p><p></p><p>Momentary bliss, eclipsed,</p><p>Dizziness comes on from vertigo.</p><p>Jagged rocks beneath the precipice,</p><p>Rushing up from down below.</p><p></p><p>(Down below, down below, down below)</p><p> I chase the sunshine,</p><p>Cannot help but wonder where’d the time fly,</p><p>Following the truth on the horizon,</p><p>Flying is more sorcery than science.</p><p> SOAR,</p><p>SOAR THROUGH THE AIR,</p><p>I SHOULD BE AFRAID,</p><p>BUT I’M NOT SCARED.</p><p></p><p>FALL,</p><p>FALL THROUGH THE CLOUDS,</p><p>I’M ON MY DESCENT,</p><p>BUT I’M NOT GOING DOWN!</p><p></p><p>So now I’m gliding,</p><p>Smitten by the ironies of life.</p><p>That on the brink of my own death,</p><p>Would be the time when I’d feel most alive.</p><p> Surfing those screaming winds,</p><p>Carry me beyond the rocky spires.</p><p>I’m lifted up by love,</p><p>Brings water to my eyes.</p><p></p><p>(My eyes, my eyes, my eyes)</p><p></p><p>I chase the sunshine,</p><p>Cannot help but wonder where’d the time fly,</p><p>Following the truth on the horizon,</p><p>Flying is more sorcery than science.</p><p> SOAR, SOAR THROUGH THE AIR,</p><p>I SHOULD BE AFRAID,</p><p>BUT I’M NOT SCARED.</p><p></p><p>FALL, FALL THROUGH THE CLOUDS,</p><p>I’M ON MY DESCENT,</p><p>BUT I’M NOT GOING DOWN!</p><p></p><p>(Gutwillig, Magner, Schmidle, Mazer) </p>","","",,,false,a182f8aa-b279-4ffa-8207-d599d56a7535,,"<p>S﻿ong was debuted as part of The Very Moon: A Steampunk Musical on May 13, 2023 at Fringe Arts in Philadelphia, PA.</p>","",24,2024-11-23,"{""1995"": 0, ""1996"": 0, ""1997"": 0, ""1998"": 0, ""1999"": 0, ""2000"": 0, ""2001"": 0, ""2002"": 0, ""2003"": 0, ""2004"": 0, ""2005"": 0, ""2006"": 0, ""2007"": 0, ""2008"": 0, ""2009"": 0, ""2010"": 0, ""2011"": 0, ""2012"": 0, ""2013"": 0, ""2014"": 0, ""2015"": 0, ""2016"": 0, ""2017"": 0, ""2018"": 0, ""2019"": 0, ""2020"": 0, ""2021"": 0, ""2022"": 0, ""2023"": 16, ""2024"": 8}","{""7"": {""date"": ""2023-10-25"", ""previous"": ""2023-09-21"", ""delta_days"": 34}, ""8"": {""date"": ""2024-11-06"", ""previous"": ""2024-09-13"", ""delta_days"": 54}, ""14"": {""date"": ""2024-07-14"", ""previous"": ""2024-04-06"", ""delta_days"": 99}, ""18"": {""date"": ""2024-03-28"", ""previous"": ""2024-01-28"", ""delta_days"": 60}}",2023,2024,""
59613464-2266-4104-a5de-763f9eef7e40,Sweat Box,sweat-box,2020-02-22 15:50:23.818238,2024-09-16 12:51:29.373602,"","","",sweat,307,false,e29db38d-5b63-4e2c-b5bc-8f4ed3fe1c64,"",,,2,2010-03-16,"{""1995"": 0, ""1996"": 0, ""1997"": 0, ""1998"": 0, ""1999"": 0, ""2000"": 0, ""2001"": 0, ""2002"": 0, ""2003"": 0, ""2004"": 0, ""2005"": 0, ""2006"": 0, ""2007"": 1, ""2008"": 0, ""2009"": 0, ""2010"": 1, ""2011"": 0, ""2012"": 0, ""2013"": 0, ""2014"": 0, ""2015"": 0, ""2016"": 0, ""2017"": 0, ""2018"": 0, ""2019"": 0, ""2020"": 0, ""2021"": 0, ""2022"": 0, ""2023"": 0, ""2024"": 0}","{""0"": {""date"": ""2007-02-15"", ""previous"": null, ""delta_days"": null}, ""250"": {""date"": ""2010-03-16"", ""previous"": ""2007-02-15"", ""delta_days"": 1125}}",2010,2007,
16c3f921-0bec-4ab1-b8c2-4707a0921c8c,Bring It On Home,bring-it-on-home,2020-02-22 15:50:22.697566,2024-01-20 19:50:20.636249,"","","",bringit,26,true,f59c90a1-64c6-4910-916e-81bd2a26052d,Led Zeppelin,,,4,2001-12-04,"{""1995"": 0, ""1996"": 0, ""1997"": 0, ""1998"": 0, ""1999"": 0, ""2000"": 0, ""2001"": 4, ""2002"": 0, ""2003"": 0, ""2004"": 0, ""2005"": 0, ""2006"": 0, ""2007"": 0, ""2008"": 0, ""2009"": 0, ""2010"": 0, ""2011"": 0, ""2012"": 0, ""2013"": 0, ""2014"": 0, ""2015"": 0, ""2016"": 0, ""2017"": 0, ""2018"": 0, ""2019"": 0, ""2020"": 0, ""2021"": 0, ""2022"": 0, ""2023"": 0, ""2024"": 0}","{""0"": {""date"": ""2001-06-28"", ""previous"": null, ""delta_days"": null}, ""3"": {""date"": ""2001-07-04"", ""previous"": ""2001-06-28"", ""delta_days"": 6}, ""4"": {""date"": ""2001-12-04"", ""previous"": ""2001-11-30"", ""delta_days"": 4}, ""43"": {""date"": ""2001-11-30"", ""previous"": ""2001-07-04"", ""delta_days"": 149}}",2001,2001,
3fcce504-2dc8-4da2-84ff-3976c8e091a5,Road Song,road-song,2020-02-22 15:50:23.147147,2024-02-29 14:48:47.451177,"","","",road,155,false,4338604b-38e0-432c-855b-bcd9091d4409,Jon Gutwillig,"<p>For the history of Road Song, see Above the Waves.</p>",,5,1998-06-04,"{""1995"": 0, ""1996"": 0, ""1997"": 0, ""1998"": 5, ""1999"": 0, ""2000"": 0, ""2001"": 0, ""2002"": 0, ""2003"": 0, ""2004"": 0, ""2005"": 0, ""2006"": 0, ""2007"": 0, ""2008"": 0, ""2009"": 0, ""2010"": 0, ""2011"": 0, ""2012"": 0, ""2013"": 0, ""2014"": 0, ""2015"": 0, ""2016"": 0, ""2017"": 0, ""2018"": 0, ""2019"": 0, ""2020"": 0, ""2021"": 0, ""2022"": 0, ""2023"": 0, ""2024"": 0}","{""0"": {""date"": ""1998-02-21"", ""previous"": null, ""delta_days"": null}, ""1"": {""date"": ""1998-03-14"", ""previous"": ""1998-03-05"", ""delta_days"": 9}, ""5"": {""date"": ""1998-03-20"", ""previous"": ""1998-03-14"", ""delta_days"": 6}, ""6"": {""date"": ""1998-03-05"", ""previous"": ""1998-02-21"", ""delta_days"": 12}, ""42"": {""date"": ""1998-06-04"", ""previous"": ""1998-03-20"", ""delta_days"": 76}}",1998,1998,
a14f8f98-42db-4880-96af-09c2c377fff8,Law And Order Theme,law-and-order-theme,2020-02-22 15:50:23.009469,2024-02-29 14:49:52.920789,"","","",laworder,103,true,66ae348b-7c75-4c34-b886-d2d9a99a60a1,Mike Post,,,3,2002-12-28,"{""1995"": 0, ""1996"": 0, ""1997"": 0, ""1998"": 2, ""1999"": 0, ""2000"": 0, ""2001"": 0, ""2002"": 1, ""2003"": 0, ""2004"": 0, ""2005"": 0, ""2006"": 0, ""2007"": 0, ""2008"": 0, ""2009"": 0, ""2010"": 0, ""2011"": 0, ""2012"": 0, ""2013"": 0, ""2014"": 0, ""2015"": 0, ""2016"": 0, ""2017"": 0, ""2018"": 0, ""2019"": 0, ""2020"": 0, ""2021"": 0, ""2022"": 0, ""2023"": 0, ""2024"": 0}","{""0"": {""date"": ""1998-03-17"", ""previous"": null, ""delta_days"": null}, ""4"": {""date"": ""1998-03-21"", ""previous"": ""1998-03-17"", ""delta_days"": 4}, ""528"": {""date"": ""2002-12-28"", ""previous"": ""1998-03-21"", ""delta_days"": 1743}}",1998,2002,
2f17991a-6e3d-4e3d-a97b-5fc6038b9335,Air Song,air-song,2020-02-22 15:50:23.818238,2024-11-23 07:15:05.462127,"<p>i can see it in your eyes, that you don&#x27;t know what to say<br/>i say goodbye, and walk away<br/><br/>message in the writings on the wall<br/>and in the ads that make the subway car<br/>and on the billboards in the city lights<br/>and on the tv stations late at night </p>","","",air,302,false,ce699602-28b5-469b-b893-cf81a9aa36a0,"","<p><strong><em>I say goodbye and walk away</em></strong></p><p></p><p>One of many debuts of the storied 2007 Starland Ballroom run, Air Song, like many other debuts from 2/15/07, sat on the shelf for several months after its first performance before entering the rotation. It was a little over a year later, in the same building where it was debuted, that Air Song was played for the second time.</p><p></p><p>Air Song was played 17 times, on average roughly every 3.5 shows, in 2008. Although the first few versions were played as a standalone, it quickly developed into a jam vehicle and setlist juggernaut in the early days of 08. Early standout versions include 3/23/08 and 4/2/08 (the first split-up version). On 4/12/08 Air Song was inverted for the first time, and on 4/25/08 it was used to bookend a palindrome set. The remaining Air Songs of the year were played unfinished or full.</p><p></p><p>After 2008, Air Song became a much rarer occurrence. It was played only five times in 2009 (once every 20 shows on average), but all five versions are excellent. 1/16/09 saw the return of the inverted Air Song, which features a spectacular and unconventional jam back into Spacebird. On 4/4/09 it was used as the meat in a solid Voices sandwich. 6/27/09 might be the best known Air Song simply because of how legendary the segment is: Story &gt; Pilin’ &gt; Air Song &gt; Story. The jam out of Air Song is one of two absolute must-hear jams from that segment, but the jam into it merits attention as well. 9/22/09 featured a four song second set with fantastic jams into and out of Air Song, and 10/10/09 featured an excellent Air Song sandwiched within House Dog.</p><p></p><p>After 2009 the quality of the average Air Song began to dip, while it still remained a rarity. Although it was never “shelved” (besides the time between its first and second performances) it became increasingly rare after 2011, played only once per year in 2012 and 2013, twice in 2014, once in 2015 and twice in 2016. After this, it had a brief resurgence, played three times in 2017 four times in 2018 (or roughly once every 9.3 shows, the most frequently since 08) and three times in 2019.</p><p></p>",,60,2024-11-17,"{""1995"": 0, ""1996"": 0, ""1997"": 0, ""1998"": 0, ""1999"": 0, ""2000"": 0, ""2001"": 0, ""2002"": 0, ""2003"": 0, ""2004"": 0, ""2005"": 0, ""2006"": 0, ""2007"": 1, ""2008"": 17, ""2009"": 5, ""2010"": 7, ""2011"": 3, ""2012"": 1, ""2013"": 1, ""2014"": 2, ""2015"": 1, ""2016"": 2, ""2017"": 3, ""2018"": 4, ""2019"": 3, ""2020"": 1, ""2021"": 2, ""2022"": 1, ""2023"": 4, ""2024"": 2}","{""31"": {""date"": ""2009-04-04"", ""previous"": ""2009-01-16"", ""delta_days"": 78}, ""40"": {""date"": ""2023-07-06"", ""previous"": ""2022-11-18"", ""delta_days"": 230}, ""51"": {""date"": ""2024-07-15"", ""previous"": ""2023-10-25"", ""delta_days"": 264}, ""64"": {""date"": ""2022-11-18"", ""previous"": ""2021-09-17"", ""delta_days"": 427}, ""81"": {""date"": ""2008-02-29"", ""previous"": ""2007-02-15"", ""delta_days"": 379}}",2008,2007,http://sickbarberlicks.weebly.com/air-song.html
c7cf2bc4-4a02-48ee-947b-d8680ad7fbe7,New Deal/Biscuits Jam,new-deal-biscuits-jam,2020-02-22 15:50:23.818238,2022-09-07 17:10:29.155129,"","","",newdealbiscuits,255,false,6a561edc-ee55-4638-b407-2cc092bffab8,The New Deal/The Disco Biscuits,,,2,2004-01-03,"{""1995"": 0, ""1996"": 0, ""1997"": 0, ""1998"": 0, ""1999"": 0, ""2000"": 0, ""2001"": 0, ""2002"": 0, ""2003"": 1, ""2004"": 1, ""2005"": 0, ""2006"": 0, ""2007"": 0, ""2008"": 0, ""2009"": 0, ""2010"": 0, ""2011"": 0, ""2012"": 0, ""2013"": 0, ""2014"": 0, ""2015"": 0, ""2016"": 0, ""2017"": 0, ""2018"": 0, ""2019"": 0, ""2020"": 0, ""2021"": 0, ""2022"": 0}","{""0"": {""date"": ""2003-12-31"", ""previous"": null, ""delta_days"": null}, ""2"": {""date"": ""2004-01-03"", ""previous"": ""2003-12-31"", ""delta_days"": 3}}",2004,2003,
ee85adfb-7963-4787-8801-172baef12c14,Friend Like Steve,friend-like-steve,2022-03-12 04:51:51.231679,2024-10-03 15:43:21.583749,"","","",,,false,e29db38d-5b63-4e2c-b5bc-8f4ed3fe1c64,,"","",3,2022-04-01,"{""1995"": 0, ""1996"": 0, ""1997"": 0, ""1998"": 0, ""1999"": 0, ""2000"": 0, ""2001"": 0, ""2002"": 0, ""2003"": 0, ""2004"": 0, ""2005"": 0, ""2006"": 0, ""2007"": 0, ""2008"": 0, ""2009"": 0, ""2010"": 0, ""2011"": 0, ""2012"": 0, ""2013"": 0, ""2014"": 0, ""2015"": 0, ""2016"": 0, ""2017"": 0, ""2018"": 0, ""2019"": 0, ""2020"": 0, ""2021"": 0, ""2022"": 3, ""2023"": 0, ""2024"": 0}","{""0"": {""date"": ""2022-03-05"", ""previous"": null, ""delta_days"": null}, ""2"": {""date"": ""2022-03-11"", ""previous"": ""2022-03-05"", ""delta_days"": 6}, ""3"": {""date"": ""2022-04-01"", ""previous"": ""2022-03-11"", ""delta_days"": 21}}",2022,2022,""
dc14e932-4384-4f8a-bf69-102db04ad7bd,Same Ol' G,same-ol-g,2020-02-22 15:50:29.120743,2024-08-25 20:30:13.659475,"","","",sameol,475,true,a5bd067f-4d71-4ad3-b541-addbbaf45ad4,Ginuwine,,,1,2017-11-18,"{""1995"": 0, ""1996"": 0, ""1997"": 0, ""1998"": 0, ""1999"": 0, ""2000"": 0, ""2001"": 0, ""2002"": 0, ""2003"": 0, ""2004"": 0, ""2005"": 0, ""2006"": 0, ""2007"": 0, ""2008"": 0, ""2009"": 0, ""2010"": 0, ""2011"": 0, ""2012"": 0, ""2013"": 0, ""2014"": 0, ""2015"": 0, ""2016"": 0, ""2017"": 1, ""2018"": 0, ""2019"": 0, ""2020"": 0, ""2021"": 0, ""2022"": 0, ""2023"": 0, ""2024"": 0}","{""0"": {""date"": ""2017-11-18"", ""previous"": null, ""delta_days"": null}}",2017,2017,
33087776-3ba5-4ddb-8322-e63692c1f21f,Latin Pussy,latin-pussy,2020-02-22 15:50:23.009469,2020-04-26 15:18:28.496765,"","","",latin,102,false,9ff6cb71-06e9-4fb2-81bf-8a313752e718,Sam Altman,,,7,1998-03-27,"{""1995"": 0, ""1996"": 1, ""1997"": 3, ""1998"": 3, ""1999"": 0, ""2000"": 0, ""2001"": 0, ""2002"": 0, ""2003"": 0, ""2004"": 0, ""2005"": 0, ""2006"": 0, ""2007"": 0, ""2008"": 0, ""2009"": 0, ""2010"": 0, ""2011"": 0, ""2012"": 0, ""2013"": 0, ""2014"": 0, ""2015"": 0, ""2016"": 0, ""2017"": 0, ""2018"": 0, ""2019"": 0, ""2020"": 0}","{""17"": {""date"": ""1998-01-15"", ""previous"": ""1997-11-17"", ""delta_days"": 59}, ""21"": {""date"": ""1997-09-08"", ""previous"": ""1997-07-10"", ""delta_days"": 60}, ""29"": {""date"": ""1998-03-27"", ""previous"": ""1998-01-28"", ""delta_days"": 58}, ""40"": {""date"": ""1997-11-17"", ""previous"": ""1997-09-08"", ""delta_days"": 70}, ""84"": {""date"": ""1997-07-10"", ""previous"": ""1996-03-30"", ""delta_days"": 467}}",1998,1996,http://sickbarberlicks.weebly.com/latin-pussy.html
fddd94f9-f881-47bf-82d6-c212bf1ce005,She's Gone ,she-s-gone,2020-02-22 15:50:29.120743,2023-04-06 04:05:32.190485,"","","",shesgone,446,true,01e47aa0-9b75-473f-b598-30adbb912814,Hall and Oates ,,,1,2015-07-17,"{""1995"": 0, ""1996"": 0, ""1997"": 0, ""1998"": 0, ""1999"": 0, ""2000"": 0, ""2001"": 0, ""2002"": 0, ""2003"": 0, ""2004"": 0, ""2005"": 0, ""2006"": 0, ""2007"": 0, ""2008"": 0, ""2009"": 0, ""2010"": 0, ""2011"": 0, ""2012"": 0, ""2013"": 0, ""2014"": 0, ""2015"": 1, ""2016"": 0, ""2017"": 0, ""2018"": 0, ""2019"": 0, ""2020"": 0, ""2021"": 0, ""2022"": 0, ""2023"": 0}","{""0"": {""date"": ""2015-07-17"", ""previous"": null, ""delta_days"": null}}",2015,2015,
34893bb1-8ea6-480c-9412-526a9e2513ea,In the Hall of the Mountain King,in-the-hall-of-the-mountain-king,2020-02-22 15:50:23.818238,2024-08-25 20:30:20.210905,"","","",mountainking,218,true,2876048e-ba97-4544-9fea-1cb4d339cefd,Grieg,,,9,2017-12-30,"{""1995"": 0, ""1996"": 0, ""1997"": 0, ""1998"": 0, ""1999"": 0, ""2000"": 0, ""2001"": 0, ""2002"": 0, ""2003"": 5, ""2004"": 2, ""2005"": 0, ""2006"": 0, ""2007"": 0, ""2008"": 0, ""2009"": 0, ""2010"": 0, ""2011"": 0, ""2012"": 0, ""2013"": 0, ""2014"": 0, ""2015"": 0, ""2016"": 0, ""2017"": 2, ""2018"": 0, ""2019"": 0, ""2020"": 0, ""2021"": 0, ""2022"": 0, ""2023"": 0, ""2024"": 0}","{""6"": {""date"": ""2017-12-30"", ""previous"": ""2017-11-18"", ""delta_days"": 42}, ""7"": {""date"": ""2003-08-31"", ""previous"": ""2003-08-16"", ""delta_days"": 15}, ""31"": {""date"": ""2004-05-29"", ""previous"": ""2003-10-22"", ""delta_days"": 220}, ""642"": {""date"": ""2017-11-18"", ""previous"": ""2004-07-10"", ""delta_days"": 4879}}",2003,2004,
40fb60bb-071c-4a34-a3c8-76954414b47c,Rivers,rivers,2020-02-22 15:50:23.989311,2024-08-25 20:32:41.080930,"<p>Looking out the window,<br/>Searching for the sky.<br/>Clouds part in the distance, <br/>And hopes are rising high.<br/><br/>All the things below me,<br/>Fly past us in a trance  <br/>Twisting ideas brightly;<br/>Doing the sacred dance.<br/><br/>Away from here this wind will bring us,<br/>Across to every sea.<br/>Imagination’s running wild <br/>When you’re flying next to me.<br/><br/>Poss’bilities fill my head, <br/>depending where we go.<br/>Take me  there, or anywhere,<br/>that the rivers overflow<br/><br/><br/>Landing somewhere distant,<br/>Away from all we know.<br/>seeking out the beauty&#x27;<br/>Of nature’s primal glow.<br/><br/>Floating deeper underneath<br/>to The water and the sand,<br/>To a place that you once knew well,<br/>a mystic wonderland.<br/><br/>Soon we’ll be there, side by side<br/>and we&#x27;re Comfortably ashore.<br/>Warming in the morning sun,<br/>You unlock another door.<br/><br/>Hand in hand we will remain<br/>In this new reality,<br/>and when nature breathes upon us<br/>the wind for you and me</p>","",appeared on setlist as New Autumn Hop on 12/26 and 12/31/08,rivers,356,false,e2397ce3-857e-425f-925e-1cb30de780d7,"",,,45,2023-03-31,"{""1995"": 0, ""1996"": 0, ""1997"": 0, ""1998"": 0, ""1999"": 0, ""2000"": 0, ""2001"": 0, ""2002"": 0, ""2003"": 0, ""2004"": 0, ""2005"": 0, ""2006"": 0, ""2007"": 0, ""2008"": 2, ""2009"": 21, ""2010"": 8, ""2011"": 0, ""2012"": 0, ""2013"": 0, ""2014"": 0, ""2015"": 0, ""2016"": 0, ""2017"": 1, ""2018"": 5, ""2019"": 0, ""2020"": 2, ""2021"": 3, ""2022"": 1, ""2023"": 2, ""2024"": 0}","{""24"": {""date"": ""2010-02-21"", ""previous"": ""2009-11-01"", ""delta_days"": 112}, ""38"": {""date"": ""2021-09-19"", ""previous"": ""2020-10-18"", ""delta_days"": 336}, ""45"": {""date"": ""2020-01-04"", ""previous"": ""2018-12-08"", ""delta_days"": 392}, ""54"": {""date"": ""2023-03-10"", ""previous"": ""2022-03-10"", ""delta_days"": 365}, ""227"": {""date"": ""2017-12-04"", ""previous"": ""2010-09-07"", ""delta_days"": 2645}}",2009,2017,http://sickbarberlicks.weebly.com/rivers.html
9ad029d2-c7d4-4b66-a87d-bda5a60f63bd,Mariel Bop Bop,mariel-bop-bop,2020-02-22 15:50:23.009469,2020-04-26 15:18:41.127435,"","",'Mariel Bop Bop' is a reworked version of 'One Way Flight'.,mariel,114,false,4338604b-38e0-432c-855b-bcd9091d4409,Jon Gutwillig,,,3,2003-04-16,"{""1995"": 0, ""1996"": 0, ""1997"": 0, ""1998"": 0, ""1999"": 0, ""2000"": 0, ""2001"": 0, ""2002"": 0, ""2003"": 3, ""2004"": 0, ""2005"": 0, ""2006"": 0, ""2007"": 0, ""2008"": 0, ""2009"": 0, ""2010"": 0, ""2011"": 0, ""2012"": 0, ""2013"": 0, ""2014"": 0, ""2015"": 0, ""2016"": 0, ""2017"": 0, ""2018"": 0, ""2019"": 0, ""2020"": 0}","{""0"": {""date"": ""2003-04-05"", ""previous"": null, ""delta_days"": null}, ""3"": {""date"": ""2003-04-10"", ""previous"": ""2003-04-05"", ""delta_days"": 5}, ""5"": {""date"": ""2003-04-16"", ""previous"": ""2003-04-10"", ""delta_days"": 6}}",2003,2003,http://sickbarberlicks.weebly.com/mariel-bop-bop.html
9640e897-30ed-406f-8c02-19ae1e27a36d,Don't Cry On Your Birthday,don-t-cry-on-your-birthday,2020-02-22 15:50:22.697566,2023-04-06 03:16:38.894041,"(Thanks to Colin Borchert for the submission.)<br/><br/>Don't cry little girl, don't cry<br/>I'm not here to tell you goodbye,<br/>If you don't ever leave me you won't hear me say<br/>Goodbye little girl, goodbye.<br/><br/>We could run away to Mexico<br/>or we could see the lights on the boardwalk.<br/>I could maybe sing alone with the radio<br/>but I won't sing the parts out of order<br/>If you want you could lay in bed until the sun goes down,<br/>And you know about the stars over Broadway<br/>And you know I could give you cheer when the lights go out<br/>But I can't feel my way in the darkness.<br/><br/>C: Don't cry on your birthday,<br/>My tank is full,<br/>I'll bring (drive) you to your party<br/>Just like I said I would.<br/>Don't cry on your birthday,<br/>If you're waiting (driving) in the car.<br/>We're still a little early<br/>And we haven't come that far.<br/><br/>You could make me drive around in an evening gown<br/>or we could have the party in a Bronco<br/>and I would stay alone at night because the ____ is gone<br/>but you know all that walking makes me crazy.<br/>And I've been all around the world a thousand times,<br/>And I've been out fishing with my Honda<br/>And don't cry when you see another year go by<br/>Cause you know I'm not getting any older.","","",birthday,21,false,9ff6cb71-06e9-4fb2-81bf-8a313752e718,Sam Altman,,,1,2002-10-17,"{""1995"": 0, ""1996"": 0, ""1997"": 0, ""1998"": 0, ""1999"": 0, ""2000"": 0, ""2001"": 0, ""2002"": 1, ""2003"": 0, ""2004"": 0, ""2005"": 0, ""2006"": 0, ""2007"": 0, ""2008"": 0, ""2009"": 0, ""2010"": 0, ""2011"": 0, ""2012"": 0, ""2013"": 0, ""2014"": 0, ""2015"": 0, ""2016"": 0, ""2017"": 0, ""2018"": 0, ""2019"": 0, ""2020"": 0, ""2021"": 0, ""2022"": 0, ""2023"": 0}","{""0"": {""date"": ""2002-10-17"", ""previous"": null, ""delta_days"": null}}",2002,2002,http://sickbarberlicks.weebly.com/dont-cry-on-your-birthday.html
a8f77ccb-885f-42d3-a404-78c5c5d12591,Risky Business,risky-business,2024-07-14 00:41:47.200043,2024-11-25 02:34:36.690988,"<p>Risky Business </p><p></p><p>VERSE </p><p>U came into my home</p><p>before the sun started showin </p><p>we floated some dimes</p><p>It was the best time of my life</p><p>I guess I needed to know</p><p>That my window was closing </p><p>The night had arrived </p><p>And we found paradise</p><p></p><p>CHORUS</p><p>Don’t say im innocent, i put you through it </p><p>Ain’t that the reason that i live in your head, oh yeah</p><p>It’s risky business if ur here to be friends</p><p>Gotta pay the rent that’s how we do it</p><p>I see your message and i leave it on read, oh yeah</p><p>It’s risky business if ur here to be friends</p><p></p><p>VERSE 2</p><p>As the danger has grown</p><p>Like a hurricane blowing (and) i feel alive for the first time in my life</p><p>Do you reap what u sow?</p><p>Would you leave it alone now night has arrived</p><p>And we found paradise</p><p></p><p>CHORUS</p><p>JAM</p><p>CHORUS</p>","","Taken from the 4/13/24 Rock Candy jam, the band added lyrics for the 9/7/24 debut after playing the instrumental part 8/30/24 in Chicago",,,false,8a2d334a-3281-4a86-a2b4-5f161f819988,,"","",7,2024-11-24,"{""1995"": 0, ""1996"": 0, ""1997"": 0, ""1998"": 0, ""1999"": 0, ""2000"": 0, ""2001"": 0, ""2002"": 0, ""2003"": 0, ""2004"": 0, ""2005"": 0, ""2006"": 0, ""2007"": 0, ""2008"": 0, ""2009"": 0, ""2010"": 0, ""2011"": 0, ""2012"": 0, ""2013"": 0, ""2014"": 0, ""2015"": 0, ""2016"": 0, ""2017"": 0, ""2018"": 0, ""2019"": 0, ""2020"": 0, ""2021"": 0, ""2022"": 0, ""2023"": 0, ""2024"": 7}","{""3"": {""date"": ""2024-09-15"", ""previous"": ""2024-09-11"", ""delta_days"": 4}, ""4"": {""date"": ""2024-11-16"", ""previous"": ""2024-11-09"", ""delta_days"": 7}, ""6"": {""date"": ""2024-11-24"", ""previous"": ""2024-11-16"", ""delta_days"": 8}}",2024,2024,""
3e64ba98-69d5-42ff-b9f1-9a914ef7f26f,Smoothie King,smoothie-king,2020-02-22 15:50:23.147147,2023-09-15 17:55:08.023605,"","","",smooth,170,false,a827e021-ab19-4d94-9aa8-6097e0fba28b,Aron Magner,,,33,2002-04-18,"{""1995"": 0, ""1996"": 0, ""1997"": 0, ""1998"": 10, ""1999"": 17, ""2000"": 3, ""2001"": 2, ""2002"": 1, ""2003"": 0, ""2004"": 0, ""2005"": 0, ""2006"": 0, ""2007"": 0, ""2008"": 0, ""2009"": 0, ""2010"": 0, ""2011"": 0, ""2012"": 0, ""2013"": 0, ""2014"": 0, ""2015"": 0, ""2016"": 0, ""2017"": 0, ""2018"": 0, ""2019"": 0, ""2020"": 0, ""2021"": 0, ""2022"": 0, ""2023"": 0}","{""29"": {""date"": ""2002-04-18"", ""previous"": ""2001-12-06"", ""delta_days"": 133}, ""39"": {""date"": ""1999-09-15"", ""previous"": ""1999-05-05"", ""delta_days"": 133}, ""42"": {""date"": ""2001-05-08"", ""previous"": ""2000-12-28"", ""delta_days"": 131}, ""43"": {""date"": ""2000-12-28"", ""previous"": ""2000-05-19"", ""delta_days"": 223}, ""57"": {""date"": ""2001-12-06"", ""previous"": ""2001-05-08"", ""delta_days"": 212}}",1999,2002,http://sickbarberlicks.weebly.com/smoothie-king.html
b7c85cf4-cc18-4da1-b5e1-c9c6923fb9ac,Feel Good Inc.,feel-good-inc,2020-02-22 15:50:23.989311,2024-11-04 18:11:39.495389,"","",First time played on 02/20/2010,feel,394,true,95da34d7-c5b9-4630-b519-6a6c992161d3,Gorillaz,,,5,2010-09-05,"{""1995"": 0, ""1996"": 0, ""1997"": 0, ""1998"": 0, ""1999"": 0, ""2000"": 0, ""2001"": 0, ""2002"": 0, ""2003"": 0, ""2004"": 0, ""2005"": 0, ""2006"": 0, ""2007"": 0, ""2008"": 0, ""2009"": 0, ""2010"": 5, ""2011"": 0, ""2012"": 0, ""2013"": 0, ""2014"": 0, ""2015"": 0, ""2016"": 0, ""2017"": 0, ""2018"": 0, ""2019"": 0, ""2020"": 0, ""2021"": 0, ""2022"": 0, ""2023"": 0, ""2024"": 0}","{""0"": {""date"": ""2010-02-20"", ""previous"": null, ""delta_days"": null}, ""6"": {""date"": ""2010-04-23"", ""previous"": ""2010-04-16"", ""delta_days"": 7}, ""10"": {""date"": ""2010-06-03"", ""previous"": ""2010-04-23"", ""delta_days"": 41}, ""12"": {""date"": ""2010-04-16"", ""previous"": ""2010-02-20"", ""delta_days"": 55}, ""20"": {""date"": ""2010-09-05"", ""previous"": ""2010-06-03"", ""delta_days"": 94}}",2010,2010,
8bf4e0b4-3e17-4347-8240-31aefbdffa6c,Wanna Be Startin' Somethin',wanna-be-startin-somethin,2020-02-22 15:50:23.989311,2021-08-29 19:46:37.667010,"","","",wannabe,334,true,1e73f465-549d-4a7b-88a6-7cfd6ed1fce6,Michael Jackson,,,1,2007-12-31,"{""1995"": 0, ""1996"": 0, ""1997"": 0, ""1998"": 0, ""1999"": 0, ""2000"": 0, ""2001"": 0, ""2002"": 0, ""2003"": 0, ""2004"": 0, ""2005"": 0, ""2006"": 0, ""2007"": 1, ""2008"": 0, ""2009"": 0, ""2010"": 0, ""2011"": 0, ""2012"": 0, ""2013"": 0, ""2014"": 0, ""2015"": 0, ""2016"": 0, ""2017"": 0, ""2018"": 0, ""2019"": 0, ""2020"": 0, ""2021"": 0}","{""0"": {""date"": ""2007-12-31"", ""previous"": null, ""delta_days"": null}}",2007,2007,
b481c006-0042-49c5-8d8e-c6694aad14ae,Sgt. Pepper's Lonely Hearts Club Band (Reprise),sgt-pepper-s-lonely-hearts-club-band-reprise,2020-02-22 15:50:23.989311,2023-04-06 03:43:08.857621,"","","",peppersreprise,327,true,4c05e770-de89-4034-970d-7841d064b9e6,The Beatles,,,2,2008-03-08,"{""1995"": 0, ""1996"": 0, ""1997"": 0, ""1998"": 0, ""1999"": 0, ""2000"": 0, ""2001"": 0, ""2002"": 0, ""2003"": 0, ""2004"": 0, ""2005"": 0, ""2006"": 0, ""2007"": 1, ""2008"": 1, ""2009"": 0, ""2010"": 0, ""2011"": 0, ""2012"": 0, ""2013"": 0, ""2014"": 0, ""2015"": 0, ""2016"": 0, ""2017"": 0, ""2018"": 0, ""2019"": 0, ""2020"": 0, ""2021"": 0, ""2022"": 0, ""2023"": 0}","{""0"": {""date"": ""2007-11-04"", ""previous"": null, ""delta_days"": null}, ""17"": {""date"": ""2008-03-08"", ""previous"": ""2007-11-04"", ""delta_days"": 125}}",2008,2007,
3eda0580-1a5b-4e37-b636-1c9537f8b91d,Astronomy Domine,astronomy-domine,2020-02-22 15:50:23.989311,2023-04-06 03:44:07.000465,"","","",astronomy,332,true,0613f1fa-e69e-4913-8ca0-f7bb72e5d6ec,Pink Floyd,,,5,2009-04-19,"{""1995"": 0, ""1996"": 0, ""1997"": 0, ""1998"": 0, ""1999"": 0, ""2000"": 0, ""2001"": 0, ""2002"": 0, ""2003"": 0, ""2004"": 0, ""2005"": 0, ""2006"": 0, ""2007"": 1, ""2008"": 2, ""2009"": 2, ""2010"": 0, ""2011"": 0, ""2012"": 0, ""2013"": 0, ""2014"": 0, ""2015"": 0, ""2016"": 0, ""2017"": 0, ""2018"": 0, ""2019"": 0, ""2020"": 0, ""2021"": 0, ""2022"": 0, ""2023"": 0}","{""0"": {""date"": ""2007-12-29"", ""previous"": null, ""delta_days"": null}, ""5"": {""date"": ""2008-01-18"", ""previous"": ""2007-12-29"", ""delta_days"": 20}, ""7"": {""date"": ""2008-03-14"", ""previous"": ""2008-01-18"", ""delta_days"": 56}, ""11"": {""date"": ""2009-04-19"", ""previous"": ""2009-03-06"", ""delta_days"": 44}, ""77"": {""date"": ""2009-03-06"", ""previous"": ""2008-03-14"", ""delta_days"": 357}}",2009,2007,
8d7c102b-cd98-499d-9ff6-bd8fd579e91d,Tomorrow Never Knows,tomorrow-never-knows,2020-02-22 15:50:23.818238,2024-01-18 18:33:00.231131,"","","",tomorrow,188,true,4c05e770-de89-4034-970d-7841d064b9e6,The Beatles,,,3,2008-04-16,"{""1995"": 0, ""1996"": 0, ""1997"": 0, ""1998"": 0, ""1999"": 0, ""2000"": 1, ""2001"": 0, ""2002"": 0, ""2003"": 0, ""2004"": 0, ""2005"": 0, ""2006"": 0, ""2007"": 0, ""2008"": 2, ""2009"": 0, ""2010"": 0, ""2011"": 0, ""2012"": 0, ""2013"": 0, ""2014"": 0, ""2015"": 0, ""2016"": 0, ""2017"": 0, ""2018"": 0, ""2019"": 0, ""2020"": 0, ""2021"": 0, ""2022"": 0, ""2023"": 0, ""2024"": 0}","{""0"": {""date"": ""2000-06-22"", ""previous"": null, ""delta_days"": null}, ""17"": {""date"": ""2008-04-16"", ""previous"": ""2008-03-08"", ""delta_days"": 39}, ""546"": {""date"": ""2008-03-08"", ""previous"": ""2000-06-22"", ""delta_days"": 2816}}",2008,2000,
5e56c3be-1ef5-4f58-ab37-13471b799ae0,The Fifth Element Jam,5th-element-jam,2023-03-14 16:25:38.710133,2023-03-14 16:27:51.124598,"","","",,,false,e29db38d-5b63-4e2c-b5bc-8f4ed3fe1c64,,"","",1,2023-03-11,"{""1995"": 0, ""1996"": 0, ""1997"": 0, ""1998"": 0, ""1999"": 0, ""2000"": 0, ""2001"": 0, ""2002"": 0, ""2003"": 0, ""2004"": 0, ""2005"": 0, ""2006"": 0, ""2007"": 0, ""2008"": 0, ""2009"": 0, ""2010"": 0, ""2011"": 0, ""2012"": 0, ""2013"": 0, ""2014"": 0, ""2015"": 0, ""2016"": 0, ""2017"": 0, ""2018"": 0, ""2019"": 0, ""2020"": 0, ""2021"": 0, ""2022"": 0, ""2023"": 1}","{""0"": {""date"": ""2023-03-11"", ""previous"": null, ""delta_days"": null}}",2023,2023,""
fad86275-66a9-44de-8048-5221afcfac56,Moshi-Moshi Jam,moshi-moshi-jam,2020-02-22 15:50:23.818238,2024-10-03 15:36:06.723212,"","","Just Magner and Sammy on stage, drums and keyboards",moshi,229,false,a827e021-ab19-4d94-9aa8-6097e0fba28b,"",,,7,2004-01-03,"{""1995"": 0, ""1996"": 0, ""1997"": 0, ""1998"": 0, ""1999"": 0, ""2000"": 0, ""2001"": 0, ""2002"": 0, ""2003"": 6, ""2004"": 1, ""2005"": 0, ""2006"": 0, ""2007"": 0, ""2008"": 0, ""2009"": 0, ""2010"": 0, ""2011"": 0, ""2012"": 0, ""2013"": 0, ""2014"": 0, ""2015"": 0, ""2016"": 0, ""2017"": 0, ""2018"": 0, ""2019"": 0, ""2020"": 0, ""2021"": 0, ""2022"": 0, ""2023"": 0, ""2024"": 0}","{""1"": {""date"": ""2003-09-30"", ""previous"": ""2003-09-29"", ""delta_days"": 1}, ""6"": {""date"": ""2004-01-03"", ""previous"": ""2003-11-28"", ""delta_days"": 36}, ""11"": {""date"": ""2003-11-28"", ""previous"": ""2003-10-01"", ""delta_days"": 58}}",2003,2004,
ec7fff31-2ad3-44c5-afd4-b02de18d3022,One Way Flight,one-way-flight,2020-02-22 15:50:22.856762,2023-04-06 03:10:51.526398,"","",'Mariel Bop Bop' is a reworked version of 'One Way Flight'.,flight,63,false,,"",,,1,2002-03-30,"{""1995"": 0, ""1996"": 0, ""1997"": 0, ""1998"": 0, ""1999"": 0, ""2000"": 0, ""2001"": 0, ""2002"": 1, ""2003"": 0, ""2004"": 0, ""2005"": 0, ""2006"": 0, ""2007"": 0, ""2008"": 0, ""2009"": 0, ""2010"": 0, ""2011"": 0, ""2012"": 0, ""2013"": 0, ""2014"": 0, ""2015"": 0, ""2016"": 0, ""2017"": 0, ""2018"": 0, ""2019"": 0, ""2020"": 0, ""2021"": 0, ""2022"": 0, ""2023"": 0}","{""0"": {""date"": ""2002-03-30"", ""previous"": null, ""delta_days"": null}}",2002,2002,http://sickbarberlicks.weebly.com/one-way-flight.html
2c6b20e2-0fc0-4e65-b9ab-a5cec6d3195d,Let's Go Crazy,let-s-go-crazy,2020-02-22 15:50:29.120743,2023-04-06 02:00:41.258138,"","","",letsgo,422,true,f14f9461-8cd5-44b6-8775-beb020a67486,Prince ,,,4,2018-05-25,"{""1995"": 0, ""1996"": 0, ""1997"": 0, ""1998"": 0, ""1999"": 0, ""2000"": 0, ""2001"": 0, ""2002"": 0, ""2003"": 0, ""2004"": 0, ""2005"": 0, ""2006"": 0, ""2007"": 0, ""2008"": 0, ""2009"": 0, ""2010"": 0, ""2011"": 0, ""2012"": 0, ""2013"": 0, ""2014"": 1, ""2015"": 0, ""2016"": 2, ""2017"": 0, ""2018"": 1, ""2019"": 0, ""2020"": 0, ""2021"": 0, ""2022"": 0, ""2023"": 0}","{""0"": {""date"": ""2014-02-21"", ""previous"": null, ""delta_days"": null}, ""17"": {""date"": ""2016-10-27"", ""previous"": ""2016-04-21"", ""delta_days"": 189}, ""56"": {""date"": ""2018-05-25"", ""previous"": ""2016-10-27"", ""delta_days"": 575}, ""59"": {""date"": ""2016-04-21"", ""previous"": ""2014-02-21"", ""delta_days"": 790}}",2016,2014,
83385866-4397-427b-83af-27c232d73733,Papercut,papercut,2020-02-22 15:50:23.989311,2024-02-23 08:39:49.693091,"","","",papercut,320,false,e2397ce3-857e-425f-925e-1cb30de780d7,"",,,28,2018-12-12,"{""1995"": 0, ""1996"": 0, ""1997"": 0, ""1998"": 0, ""1999"": 0, ""2000"": 0, ""2001"": 0, ""2002"": 0, ""2003"": 0, ""2004"": 0, ""2005"": 0, ""2006"": 0, ""2007"": 2, ""2008"": 3, ""2009"": 8, ""2010"": 7, ""2011"": 2, ""2012"": 0, ""2013"": 0, ""2014"": 0, ""2015"": 0, ""2016"": 3, ""2017"": 2, ""2018"": 1, ""2019"": 0, ""2020"": 0, ""2021"": 0, ""2022"": 0, ""2023"": 0, ""2024"": 0}","{""32"": {""date"": ""2018-12-12"", ""previous"": ""2017-12-29"", ""delta_days"": 348}, ""50"": {""date"": ""2009-09-25"", ""previous"": ""2009-02-27"", ""delta_days"": 210}, ""63"": {""date"": ""2008-04-25"", ""previous"": ""2007-08-30"", ""delta_days"": 239}, ""146"": {""date"": ""2016-07-14"", ""previous"": ""2011-05-27"", ""delta_days"": 1875}}",2009,2018,http://sickbarberlicks.weebly.com/papercut.html
7cc00989-c864-4104-9a07-af3d0801cc61,Spy,spy,2020-02-22 15:50:23.147147,2024-11-13 14:07:29.181367,"The answer please, Will not occur to me<br/>The secrets of our lives, Are there for all to see<br/>The innocence of our lies, That come so naturally,<br/>So how to get out of...<br/>Livin' in the public eye?<br/><br/>She came to me last fall<br/>I was drinking Joe and smoking Strikes<br/>Now I moved out of the hall, but now Java, switched to lights<br/>Time's a ticking, this charade<br/>Hidin'  clues left and right<br/>Didn't know that masquerade, was hiding them all out of sight<br/>So how to get out of...<br/>Livin' as a private eye<br/><br/>When dreams escape reality<br/>They never get where you need them to be<br/>Distorted views of what we all see<br/>How should we except the plea?<br/>Forgiving as the days go by.<br/>Forgiving as the days' goodbye.<br/><br/>Just like that I'm on the run<br/>But my past out to play.<br/>I'm still chasing the sun,<br/>For yet another day.","",Everyone originally thought the name of this song was 'Sly'.,spy,168,false,a827e021-ab19-4d94-9aa8-6097e0fba28b,Aron Magner,,,89,2024-07-15,"{""1995"": 0, ""1996"": 0, ""1997"": 0, ""1998"": 0, ""1999"": 0, ""2000"": 0, ""2001"": 17, ""2002"": 15, ""2003"": 7, ""2004"": 4, ""2005"": 3, ""2006"": 14, ""2007"": 6, ""2008"": 4, ""2009"": 5, ""2010"": 1, ""2011"": 1, ""2012"": 0, ""2013"": 2, ""2014"": 1, ""2015"": 0, ""2016"": 1, ""2017"": 0, ""2018"": 1, ""2019"": 2, ""2020"": 1, ""2021"": 2, ""2022"": 0, ""2023"": 1, ""2024"": 1}","{""58"": {""date"": ""2009-09-27"", ""previous"": ""2009-02-08"", ""delta_days"": 231}, ""70"": {""date"": ""2013-07-13"", ""previous"": ""2011-01-16"", ""delta_days"": 909}, ""74"": {""date"": ""2018-04-19"", ""previous"": ""2016-01-02"", ""delta_days"": 838}, ""75"": {""date"": ""2023-02-03"", ""previous"": ""2021-09-17"", ""delta_days"": 504}, ""108"": {""date"": ""2024-07-15"", ""previous"": ""2023-02-03"", ""delta_days"": 528}}",2001,2010,http://sickbarberlicks.weebly.com/spy.html
f4c53852-7558-40f9-886c-826383000cc3,Cyclone,cyclone,2020-02-22 15:50:23.818238,2024-11-25 15:31:49.550849,"","",Originally Debuted by JM2,cyc,265,true,d657e1ed-b1a5-4ef2-bc01-df0196296b69,JM2,,,169,2024-11-22,"{""1995"": 0, ""1996"": 0, ""1997"": 0, ""1998"": 0, ""1999"": 0, ""2000"": 0, ""2001"": 0, ""2002"": 0, ""2003"": 0, ""2004"": 0, ""2005"": 2, ""2006"": 24, ""2007"": 18, ""2008"": 8, ""2009"": 20, ""2010"": 14, ""2011"": 8, ""2012"": 5, ""2013"": 7, ""2014"": 5, ""2015"": 4, ""2016"": 6, ""2017"": 3, ""2018"": 4, ""2019"": 5, ""2020"": 1, ""2021"": 9, ""2022"": 7, ""2023"": 10, ""2024"": 9}","{""14"": {""date"": ""2023-03-23"", ""previous"": ""2022-12-29"", ""delta_days"": 84}, ""15"": {""date"": ""2018-01-12"", ""previous"": ""2017-09-22"", ""delta_days"": 112}, ""17"": {""date"": ""2024-11-02"", ""previous"": ""2024-07-19"", ""delta_days"": 106}, ""20"": {""date"": ""2008-06-05"", ""previous"": ""2008-03-21"", ""delta_days"": 76}, ""23"": {""date"": ""2018-12-15"", ""previous"": ""2018-05-18"", ""delta_days"": 211}}",2006,2020,http://sickbarberlicks.weebly.com/cyclone.html
def00c7f-c69f-42a2-ab12-15acecad87e4,Spacebirdmatingcall,spacebirdmatingcall,2020-02-22 15:50:23.147147,2024-11-25 15:31:51.482501,"Now i'm at ease deflating on a whim,<br/>and I found peace in the waiting room,<br/><br/>And in my sleep I heard a maiden call.<br/>so tell me please where you wanna be now.<br/><br/>All while your dreams are fading like the sea,<br/>now I'm at ease deflating on a whim,<br/>and I found peace on the waiting room floor.<br/><br/>Now I'm at ease deflating on a whim,<br/>And i found peace on the waiting room floor,<br/>and In my sleep, I heard a mating bird call.<br/><br/>All while your dreams are fading like the sea,<br/>and in my sleep I heard a mating bird call,<br/>So tell me please where you wanna be,<br/>Now I found peace on the waiting room floor.<br/><br/>Now I'm at ease deflating on a whim,<br/>And I found peace on the waiting room floor,<br/>and In my sleep, I heard a mating bird call.",transcribed by Rich Steele<br/><br/>D > G > A > G > A<br/><br/><br/>E<br/>B 17~ 15 15 15 14   14 15 17 15 17 15          17 19   17 19<br/>G                 14                  14 16  16      16<br/>D<br/>A<br/>E<br/><br/>E<br/>B 17 19 17 15 17 15 15 14~   14 15 17 15 17 15 <br/>G                          14                  14 16  <br/>D<br/>A<br/>E<br/><br/>E<br/>B   17 19   17 19   17 19 17 15 17  > D > G > A > G > A<br/>G 16      16<br/>D<br/>A<br/>E,"",spacebird,176,false,e29db38d-5b63-4e2c-b5bc-8f4ed3fe1c64,The Disco Biscuits,,,218,2024-11-15,"{""1995"": 0, ""1996"": 0, ""1997"": 0, ""1998"": 0, ""1999"": 0, ""2000"": 0, ""2001"": 29, ""2002"": 20, ""2003"": 9, ""2004"": 2, ""2005"": 1, ""2006"": 16, ""2007"": 12, ""2008"": 12, ""2009"": 19, ""2010"": 8, ""2011"": 7, ""2012"": 5, ""2013"": 5, ""2014"": 7, ""2015"": 5, ""2016"": 6, ""2017"": 6, ""2018"": 3, ""2019"": 6, ""2020"": 1, ""2021"": 9, ""2022"": 9, ""2023"": 11, ""2024"": 10}","{""16"": {""date"": ""2011-12-31"", ""previous"": ""2011-08-21"", ""delta_days"": 132}, ""18"": {""date"": ""2004-01-02"", ""previous"": ""2003-09-29"", ""delta_days"": 95}, ""22"": {""date"": ""2006-02-22"", ""previous"": ""2005-03-20"", ""delta_days"": 339}, ""24"": {""date"": ""2009-12-31"", ""previous"": ""2009-10-08"", ""delta_days"": 84}, ""29"": {""date"": ""2010-05-08"", ""previous"": ""2009-12-31"", ""delta_days"": 128}}",2001,2005,http://sickbarberlicks.weebly.com/spacebirdmatingcall.html
57236e15-a375-4be9-8776-504c5de4c4f0,Fever,fever,2020-02-22 15:50:23.818238,2023-04-06 03:18:41.582600,"","","",fever,224,false,4338604b-38e0-432c-855b-bcd9091d4409,Jon Gutwillig,,,7,2004-01-04,"{""1995"": 0, ""1996"": 0, ""1997"": 0, ""1998"": 0, ""1999"": 0, ""2000"": 0, ""2001"": 0, ""2002"": 0, ""2003"": 6, ""2004"": 1, ""2005"": 0, ""2006"": 0, ""2007"": 0, ""2008"": 0, ""2009"": 0, ""2010"": 0, ""2011"": 0, ""2012"": 0, ""2013"": 0, ""2014"": 0, ""2015"": 0, ""2016"": 0, ""2017"": 0, ""2018"": 0, ""2019"": 0, ""2020"": 0, ""2021"": 0, ""2022"": 0, ""2023"": 0}","{""3"": {""date"": ""2003-11-29"", ""previous"": ""2003-11-01"", ""delta_days"": 28}, ""4"": {""date"": ""2003-11-01"", ""previous"": ""2003-10-28"", ""delta_days"": 4}, ""5"": {""date"": ""2003-10-28"", ""previous"": ""2003-10-01"", ""delta_days"": 27}, ""6"": {""date"": ""2004-01-04"", ""previous"": ""2003-11-29"", ""delta_days"": 36}}",2003,2004,http://sickbarberlicks.weebly.com/fever.html
1b34bf8d-50e9-487a-ad21-ef116849bd1f,Paul Revere,paul-revere,2020-02-22 15:50:23.818238,2024-09-16 12:49:53.969018,"","","",revere,295,true,2808b6a7-afe1-4ccb-bef6-ee4005dde2c0,Beastie Boys,,,5,2008-04-23,"{""1995"": 0, ""1996"": 0, ""1997"": 0, ""1998"": 0, ""1999"": 0, ""2000"": 0, ""2001"": 0, ""2002"": 0, ""2003"": 0, ""2004"": 0, ""2005"": 0, ""2006"": 1, ""2007"": 3, ""2008"": 1, ""2009"": 0, ""2010"": 0, ""2011"": 0, ""2012"": 0, ""2013"": 0, ""2014"": 0, ""2015"": 0, ""2016"": 0, ""2017"": 0, ""2018"": 0, ""2019"": 0, ""2020"": 0, ""2021"": 0, ""2022"": 0, ""2023"": 0, ""2024"": 0}","{""0"": {""date"": ""2006-12-31"", ""previous"": null, ""delta_days"": null}, ""1"": {""date"": ""2007-01-04"", ""previous"": ""2006-12-31"", ""delta_days"": 4}, ""7"": {""date"": ""2007-03-10"", ""previous"": ""2007-01-04"", ""delta_days"": 65}, ""29"": {""date"": ""2007-07-14"", ""previous"": ""2007-03-10"", ""delta_days"": 126}, ""73"": {""date"": ""2008-04-23"", ""previous"": ""2007-07-14"", ""delta_days"": 284}}",2007,2006,
9e0097fe-8eef-4c14-b48f-8c631879c27f,Eye Of The Tiger,eye-of-the-tiger,2024-01-04 15:49:33.796976,2024-09-19 17:48:02.033363,"<p>Rising up, back on the street</p><p>Did my time, took my chances</p><p>Went the distance, now I&#x27;m back on my feet</p><p>Just a man and his will to survive</p><p>So many times it happens too fast</p><p>You trade your passion for glory</p><p>Don&#x27;t lose your grip on the dreams of the past</p><p>You must fight just to keep them alive</p><p></p><p>It&#x27;s the eye of the tiger</p><p>It&#x27;s the thrill of the fight</p><p>Rising up to the challenge of our rival</p><p>And the last known survivor</p><p>Stalks his prey in the night</p><p>And he&#x27;s watching us all with the eye of the tiger</p><p></p><p>Face to face, out in the heat</p><p>Hanging tough, staying hungry</p><p>They stack the odds &#x27;til we take to the street</p><p>For the kill with the skill to survive</p><p></p><p>It&#x27;s the eye of the tiger</p><p>It&#x27;s the thrill of the fight</p><p>Rising up to the challenge of our rival</p><p>And the last known survivor</p><p>Stalks his prey in the night</p><p>And he&#x27;s watching us all with the eye of the tiger</p><p></p><p>Rising up, straight to the top</p><p>Had the guts, got the glory</p><p>Went the distance, now I&#x27;m not gonna stop</p><p>Just a man and his will to survive</p><p></p><p>It&#x27;s the eye of the tiger</p><p>It&#x27;s the thrill of the fight</p><p>Rising up to the challenge of our rival</p><p>And the last known survivor</p><p>Stalks his prey in the night</p><p>And he&#x27;s watching us all with the eye of the tiger</p><p></p><p>The eye of the tiger</p><p></p><p>The eye of the tiger</p><p></p><p>The eye of the tiger</p><p></p><p>The eye of the tiger</p>","","",,,true,21604205-4f7f-44d4-bb25-eb7cac506787,,"","",2,2024-04-13,"{""1995"": 0, ""1996"": 0, ""1997"": 0, ""1998"": 0, ""1999"": 0, ""2000"": 0, ""2001"": 0, ""2002"": 0, ""2003"": 0, ""2004"": 0, ""2005"": 0, ""2006"": 0, ""2007"": 0, ""2008"": 0, ""2009"": 0, ""2010"": 0, ""2011"": 0, ""2012"": 0, ""2013"": 0, ""2014"": 0, ""2015"": 0, ""2016"": 0, ""2017"": 0, ""2018"": 0, ""2019"": 0, ""2020"": 0, ""2021"": 0, ""2022"": 0, ""2023"": 1, ""2024"": 1}","{""0"": {""date"": ""2023-12-30"", ""previous"": null, ""delta_days"": null}, ""34"": {""date"": ""2024-04-13"", ""previous"": ""2023-12-30"", ""delta_days"": 105}}",2024,2023,""
75402bfc-619a-4225-9fdf-36f98cbb57dd,Onery Funk,onery-funk,2020-02-22 15:50:23.147147,2022-07-07 02:23:07.815821,<p></p>,"","Pat And Dex is made up of three parts: <A HREF=\""/songs/pandd.html\"">Pat And Dex</A>, <A HREF=\""/songs/onery.html\"">Onery Funk</A>, and <A HREF=\""/songs/lazer.html\"">Liquid Lazer</A>.  Pat And Dex on a setlist usually implies all three parts played, unless Liquid Lazer is played soon after (i.e. in the same show, or the next night, \""completing\"" the song).",onery,132,false,4338604b-38e0-432c-855b-bcd9091d4409,Jon Gutwillig,,,2,1998-01-30,"{""1995"": 1, ""1996"": 0, ""1997"": 0, ""1998"": 1, ""1999"": 0, ""2000"": 0, ""2001"": 0, ""2002"": 0, ""2003"": 0, ""2004"": 0, ""2005"": 0, ""2006"": 0, ""2007"": 0, ""2008"": 0, ""2009"": 0, ""2010"": 0, ""2011"": 0, ""2012"": 0, ""2013"": 0, ""2014"": 0, ""2015"": 0, ""2016"": 0, ""2017"": 0, ""2018"": 0, ""2019"": 0, ""2020"": 0, ""2021"": 0, ""2022"": 0}","{""0"": {""date"": ""1995-10-23"", ""previous"": null, ""delta_days"": null}, ""185"": {""date"": ""1998-01-30"", ""previous"": ""1995-10-23"", ""delta_days"": 830}}",1998,1995,
a7eeb2bc-d5ea-4ead-b1f7-3d01a25f1520,Waltz of the Flowers,waltz-of-the-flowers,2020-02-22 15:50:23.818238,2024-05-07 19:28:00.664923,"","","",flowers,219,true,a7b67347-168e-45ff-9b19-e9b399e831ac,Tchaikovsky,,,4,2003-09-30,"{""1995"": 0, ""1996"": 0, ""1997"": 0, ""1998"": 0, ""1999"": 0, ""2000"": 0, ""2001"": 0, ""2002"": 0, ""2003"": 4, ""2004"": 0, ""2005"": 0, ""2006"": 0, ""2007"": 0, ""2008"": 0, ""2009"": 0, ""2010"": 0, ""2011"": 0, ""2012"": 0, ""2013"": 0, ""2014"": 0, ""2015"": 0, ""2016"": 0, ""2017"": 0, ""2018"": 0, ""2019"": 0, ""2020"": 0, ""2021"": 0, ""2022"": 0, ""2023"": 0, ""2024"": 0}","{""0"": {""date"": ""2003-08-11"", ""previous"": null, ""delta_days"": null}, ""4"": {""date"": ""2003-08-16"", ""previous"": ""2003-08-11"", ""delta_days"": 5}, ""5"": {""date"": ""2003-08-23"", ""previous"": ""2003-08-16"", ""delta_days"": 7}, ""6"": {""date"": ""2003-09-30"", ""previous"": ""2003-08-23"", ""delta_days"": 38}}",2003,2003,
fdf453e6-0378-48bd-85a7-6d4716291bcf,Poncho The Cat,poncho-the-cat,2020-02-22 15:50:23.147147,2024-02-29 15:01:12.834072,"","","",poncho,141,false,4338604b-38e0-432c-855b-bcd9091d4409,Jon Gutwillig,,,1,1998-10-28,"{""1995"": 0, ""1996"": 0, ""1997"": 0, ""1998"": 1, ""1999"": 0, ""2000"": 0, ""2001"": 0, ""2002"": 0, ""2003"": 0, ""2004"": 0, ""2005"": 0, ""2006"": 0, ""2007"": 0, ""2008"": 0, ""2009"": 0, ""2010"": 0, ""2011"": 0, ""2012"": 0, ""2013"": 0, ""2014"": 0, ""2015"": 0, ""2016"": 0, ""2017"": 0, ""2018"": 0, ""2019"": 0, ""2020"": 0, ""2021"": 0, ""2022"": 0, ""2023"": 0, ""2024"": 0}","{""0"": {""date"": ""1998-10-28"", ""previous"": null, ""delta_days"": null}}",1998,1998,http://sickbarberlicks.weebly.com/poncho-the-cat.html
b09b7fed-2601-488d-8134-40b8111b6f68,Station,station,2020-02-22 15:50:29.120743,2024-06-13 17:22:53.274811,"","","",station,490,false,e29db38d-5b63-4e2c-b5bc-8f4ed3fe1c64,"",,,11,2021-11-26,"{""1995"": 0, ""1996"": 0, ""1997"": 0, ""1998"": 0, ""1999"": 0, ""2000"": 0, ""2001"": 0, ""2002"": 0, ""2003"": 0, ""2004"": 0, ""2005"": 0, ""2006"": 0, ""2007"": 0, ""2008"": 0, ""2009"": 0, ""2010"": 0, ""2011"": 0, ""2012"": 0, ""2013"": 0, ""2014"": 0, ""2015"": 0, ""2016"": 0, ""2017"": 0, ""2018"": 0, ""2019"": 5, ""2020"": 4, ""2021"": 2, ""2022"": 0, ""2023"": 0, ""2024"": 0}","{""5"": {""date"": ""2020-10-30"", ""previous"": ""2020-10-19"", ""delta_days"": 11}, ""6"": {""date"": ""2019-12-30"", ""previous"": ""2019-12-12"", ""delta_days"": 18}, ""18"": {""date"": ""2021-06-05"", ""previous"": ""2020-10-30"", ""delta_days"": 218}, ""25"": {""date"": ""2021-11-26"", ""previous"": ""2021-06-05"", ""delta_days"": 174}}",2019,2021,http://sickbarberlicks.weebly.com/station.html
702f3c63-b260-4ad8-8258-37c01df27ba3,Eulogy,eulogy,2020-02-22 15:50:22.856762,2024-02-29 15:03:09.208395,"There's more to the world than what I've seen<br/>There's more to my life than my eulogy<br/>and if I ask my maker for one more day<br/>When all of my chances are slipping away<br/><br/>I hear the bells and I see the clouds<br/>All of the people out thinking aloud<br/>All of the whispers and laughter and calls<br/>People out frantic in search of it all<br/><br/>There's one in a million I'd be here today<br/>There's one in a million that I get to stay<br/>And if I ask my maker to see me through<br/>When it seems there's nothing more that I can do<br/><br/>There's more who will live when gone are my days<br/>and the sands waiting last to be swept away<br/>but I still have time to look to the sky<br/>and search through the clouds for some kind of sign<br/><br/>Bring on the lightning in bolts like a train<br/>Let loose the screams of a mad hurricane<br/>Bring down the water in buckets and all<br/>Shake up the earth where all here will fall<br/><br/>But nothing, no splash, no flash and no sound<br/>all that is left is my feet on the ground<br/>Now I remember that life was a ball<br/>When I was the person in search of it all<br/><br/>There's one in a million I'd be here today<br/>There's one in a million that I get to stay<br/>And if I ask my maker to see me through<br/>When it seems there's nothing more that I can do","Chords transcribed by mrparker@OWLNET.RICE.EDU<br/>Guitar solo transcribed by Diechick@AOL.COM<br/><br/><br/>Eulogy (the band plays this in Ab, I guess because it requires <br/>a fairly large vocal range and that's the key where it fits <br/>Barber's voice the best.  I recommend doing it in A, if you're <br/>playing alone.....much easier on the wrists):<br/><br/>Intro: Ab<br/><br/>Ab<br/>There's more the world than what I've seen<br/><br/>Db/Ab<br/>There's more to my life than my eulogy<br/><br/>Dbsus/Ab<br/>If I ask my maker for one more day<br/><br/>Gb/Ab<br/>When all of my chances are slipping away<br/><br/>Ab<br/>But I hear the bells and I see the clouds<br/><br/>Db/Ab<br/>All of the people out thinking aloud<br/><br/>Gb/Ab<br/>All of the whispers and laughter and calls<br/><br/>Eb/Ab<br/>People out frantic in search of it all<br/><br/>Ab<br/>There's one in a million I'd be here today<br/><br/>Db/Ab<br/>There's one in a million that I get to stay<br/><br/>Gb<br/>And if I ask my maker to see me through<br/><br/>Eb<br/>When it seems that there's nothing more that I can do<br/><br/><br/>Solo:<br/>Ab  Eb  (x4)<br/><br/>Db  B  D  Ab  (x2)<br/><br/><br/>Ab<br/>There's more who will live when gone are my days<br/><br/>Db/Ab<br/>And the sand waiting last to be swept away<br/><br/>Dbsus/Ab<br/>But I still have time to look to the sky<br/><br/>Gb/Ab<br/>And searching the clouds for some kind of sign<br/><br/>D<br/>Bring on the lightning in bolts like a train<br/><br/>Em<br/>Let loose the screams of a mad hurricane<br/><br/>C<br/>Bring on the water in buckets and all<br/><br/>A<br/>Let loose the earth where all here will fall<br/><br/>Fm<br/>But nothing, no splash, no flash and no sound<br/><br/>Db<br/>All that is left is my feet on the ground<br/><br/>Bbm<br/>And I can remember when life was a ball<br/><br/>Eb<br/>When I was a person in search of it all<br/><br/>Ab<br/>There's one in a million I'd be here today<br/><br/>Db/Ab<br/>There's one in a million that I get to stay<br/><br/>Gb<br/>And if I ask my maker to see me through<br/><br/>Eb<br/>When it seems that there's nothing more that I can do<br/><br/>(solo again...repeat second part ad infinitum)<br/><br/>(collapse)<br/><br/>Ab<br/>There's more to the world than what I've seen<br/><br/>Db/Ab<br/>There's more to my life than my eulogy<br/><br/>Gb/Ab<br/>And if I ask my maker for one more day<br/><br/>Eb<br/><br/>======<br/><br/>I can't seem to get the chord structure of this song down, <br/>so I won't bother.  This is just that little guitar solo <br/>Barber plays a couple of times in the song.  <br/>Part of it, anyhow.<br/><br/>e-------------------------------------------------------4--6<br/>b-----------4-4-----------------4-4--------------4--6-------<br/>g--1-1-1/5------3-3---1-1-1/5----3-3-----1-1/5--------------<br/><br/><br/>e---4--6/8--8----4--86--6----3--6--4-------<br/>b-------------------------------------------<br/>g-------------------------------------------<br/><br/>Repeat, and then add:<br/><br/>e --3----------------------------------<br/>b ------4--1--4------------------------<br/>g -----------------3-------------------","",eulogy,56,false,4338604b-38e0-432c-855b-bcd9091d4409,Jon Gutwillig,,,50,2018-12-31,"{""1995"": 0, ""1996"": 0, ""1997"": 0, ""1998"": 2, ""1999"": 25, ""2000"": 3, ""2001"": 1, ""2002"": 7, ""2003"": 1, ""2004"": 3, ""2005"": 1, ""2006"": 0, ""2007"": 2, ""2008"": 0, ""2009"": 1, ""2010"": 1, ""2011"": 0, ""2012"": 0, ""2013"": 1, ""2014"": 0, ""2015"": 0, ""2016"": 0, ""2017"": 0, ""2018"": 2, ""2019"": 0, ""2020"": 0, ""2021"": 0, ""2022"": 0, ""2023"": 0, ""2024"": 0}","{""105"": {""date"": ""2009-04-17"", ""previous"": ""2007-11-04"", ""delta_days"": 530}, ""126"": {""date"": ""2001-12-29"", ""previous"": ""2000-10-23"", ""delta_days"": 432}, ""152"": {""date"": ""2013-12-27"", ""previous"": ""2010-02-19"", ""delta_days"": 1407}, ""164"": {""date"": ""2018-12-30"", ""previous"": ""2013-12-27"", ""delta_days"": 1829}, ""169"": {""date"": ""2007-10-31"", ""previous"": ""2005-03-24"", ""delta_days"": 951}}",1999,2001,http://sickbarberlicks.weebly.com/eulogy.html
f5bb91e9-7e55-4911-b2d5-9dffeacaf345,Last Day Of Everything,last-day-of-everything,2020-02-22 15:50:23.989311,2022-07-18 22:27:11.532235,"Oh no not again, not another last day of everything,<br/>But the second time around you can make it.<br/>Youâ€™ll always get a second chance.<br/>Oh no not again, another recapitulation with a better end<br/>I said I wouldnâ€™t let it happen,<br/>I couldnâ€™t let you go, I wouldnâ€™t let it happen, no.<br/><br/>No, no Iâ€™ll never let you go<br/>Cuz this is who I am and you are all I know<br/>at the same time, I know Iâ€™ve had enough<br/>I think Iâ€™ve had enough<br/><br/>No, no Iâ€™ll never let you go<br/>Cuz this is who I am and you are all I know<br/>But at the same time, I know we had more fun .<br/>I know we had more fun.<br/><br/>Hold on to my hand and Iâ€™ll take you to a dream that I always have<br/>where the people almost never have faces<br/>and the clocks never really tell time.<br/>Stay close if you can, I donâ€™t want to lose you to another man.<br/>I wouldnâ€™t let it happen, I couldnâ€™t let you go.<br/>Tell me that you want to come home.<br/><br/>No, no Iâ€™ll never let you go<br/>Cuz this is who I am and you are all I know<br/>at the same time, I think Iâ€™ve had enough<br/>I think Iâ€™ve had enough<br/><br/>No, no Iâ€™ll never let you go<br/>Cuz this is who I am and you are all I know<br/>But at the same time, I know we had more fun .<br/>I know we had more fun.<br/><br/>Oh no Iâ€™ll never let you go<br/>Cuz this is who I am and you are all I know<br/>at the same time, I think Iâ€™ve had enough<br/>I think Iâ€™ve had enough<br/><br/>Oh no Iâ€™ll never let you go<br/>Cuz this is who I am and you are all I know<br/>But at the same time, I know we had more fun .<br/>I know we had more fun.<br/><br/>Try not to be scared, but the stairs don't lead to anywhere<br/>Step into an elevator, and it takes you up through the cold air<br/>You have no fear, step out on the deck and im always there<br/>and the colors seem brighter and they wouldn't let you go,<br/>I couldn't let it happen, no.<br/><br/>No, no Iâ€™ll never let you go<br/>Cuz this is who I am and you are all I know<br/>at the same time, I think Iâ€™ve had enough<br/>I think Iâ€™ve had enough<br/><br/>No, no Iâ€™ll never let you go<br/>Cuz this is who I am and you are all I know<br/>But at the same time, I know we had more fun .<br/>I know we had more fun.<br/><br/>No, no Iâ€™ll never let you go<br/>Cuz this is who I am and you are all I know<br/>at the same time, I think Iâ€™ve had enough<br/>I think Iâ€™ve had enough<br/><br/>Oh no Iâ€™ll never let you go<br/>Cuz this is who I am and you are all I know<br/>But at the same time, I know we had more fun .<br/>I know we had more fun. ","",Debuted on 10/25/2010,lastday,413,false,e2397ce3-857e-425f-925e-1cb30de780d7,Marc Brownstein,,,3,2010-10-30,"{""1995"": 0, ""1996"": 0, ""1997"": 0, ""1998"": 0, ""1999"": 0, ""2000"": 0, ""2001"": 0, ""2002"": 0, ""2003"": 0, ""2004"": 0, ""2005"": 0, ""2006"": 0, ""2007"": 0, ""2008"": 0, ""2009"": 0, ""2010"": 3, ""2011"": 0, ""2012"": 0, ""2013"": 0, ""2014"": 0, ""2015"": 0, ""2016"": 0, ""2017"": 0, ""2018"": 0, ""2019"": 0, ""2020"": 0, ""2021"": 0, ""2022"": 0}","{""0"": {""date"": ""2010-10-25"", ""previous"": null, ""delta_days"": null}, ""2"": {""date"": ""2010-10-30"", ""previous"": ""2010-10-28"", ""delta_days"": 2}}",2010,2010,http://sickbarberlicks.weebly.com/last-day-of-everything.html
faaee1a3-efeb-49be-92c4-cbdf843803a2,Cars,cars,2020-02-22 15:50:23.989311,2023-02-03 14:28:26.514374,Here in my car<br/>I feel safest of all<br/>I can lock all my doors<br/>It's the only way to live<br/>In cars<br/><br/>Here in my car<br/>I can only receive<br/>I can listen to you<br/>It keeps me stable for days<br/>In cars<br/><br/><br/>Here in my car<br/>Where the image breaks down<br/>Will you visit me please?<br/>If I open my door<br/>In cars<br/><br/><br/>Here in my car<br/>I know I've started to think<br/>About leaving tonight<br/>Although nothing seems right<br/>In cars<br/><br/>,"",First time played on 02/19/2010 ,cars,393,true,f226cbad-3fbe-4fcc-8a14-b84771c284c0,Gary Numan,,,5,2020-10-31,"{""1995"": 0, ""1996"": 0, ""1997"": 0, ""1998"": 0, ""1999"": 0, ""2000"": 0, ""2001"": 0, ""2002"": 0, ""2003"": 0, ""2004"": 0, ""2005"": 0, ""2006"": 0, ""2007"": 0, ""2008"": 0, ""2009"": 0, ""2010"": 4, ""2011"": 0, ""2012"": 0, ""2013"": 0, ""2014"": 0, ""2015"": 0, ""2016"": 0, ""2017"": 0, ""2018"": 0, ""2019"": 0, ""2020"": 1, ""2021"": 0, ""2022"": 0, ""2023"": 0}","{""3"": {""date"": ""2010-03-15"", ""previous"": ""2010-02-19"", ""delta_days"": 24}, ""10"": {""date"": ""2010-06-02"", ""previous"": ""2010-04-22"", ""delta_days"": 41}, ""15"": {""date"": ""2010-04-22"", ""previous"": ""2010-03-15"", ""delta_days"": 38}, ""338"": {""date"": ""2020-10-31"", ""previous"": ""2010-06-02"", ""delta_days"": 3804}}",2010,2020,
429bdd95-515e-4fb7-bdb7-9da790426749,Run Lola Run Jam,run-lola-run-jam,2020-02-22 15:50:23.009469,2023-04-06 21:25:42.690934,"","","",lolajam,110,false,,"",,,1,2001-11-03,"{""1995"": 0, ""1996"": 0, ""1997"": 0, ""1998"": 0, ""1999"": 0, ""2000"": 0, ""2001"": 1, ""2002"": 0, ""2003"": 0, ""2004"": 0, ""2005"": 0, ""2006"": 0, ""2007"": 0, ""2008"": 0, ""2009"": 0, ""2010"": 0, ""2011"": 0, ""2012"": 0, ""2013"": 0, ""2014"": 0, ""2015"": 0, ""2016"": 0, ""2017"": 0, ""2018"": 0, ""2019"": 0, ""2020"": 0, ""2021"": 0, ""2022"": 0, ""2023"": 0}","{""0"": {""date"": ""2001-11-03"", ""previous"": null, ""delta_days"": null}}",2001,2001,
5f2ef546-34f6-4bb4-b38f-3823be04cc14,Dwaddle,dwaddle,2020-02-22 15:50:23.989311,2022-06-22 21:15:04.477698,"","","",dwaddle,378,false,6d43f65e-15af-4fee-9fab-9a18d6526410,"",,,3,2009-10-30,"{""1995"": 0, ""1996"": 0, ""1997"": 0, ""1998"": 0, ""1999"": 0, ""2000"": 0, ""2001"": 0, ""2002"": 0, ""2003"": 0, ""2004"": 0, ""2005"": 0, ""2006"": 0, ""2007"": 0, ""2008"": 0, ""2009"": 3, ""2010"": 0, ""2011"": 0, ""2012"": 0, ""2013"": 0, ""2014"": 0, ""2015"": 0, ""2016"": 0, ""2017"": 0, ""2018"": 0, ""2019"": 0, ""2020"": 0, ""2021"": 0, ""2022"": 0}","{""0"": {""date"": ""2009-09-17"", ""previous"": null, ""delta_days"": null}, ""6"": {""date"": ""2009-09-25"", ""previous"": ""2009-09-17"", ""delta_days"": 8}, ""15"": {""date"": ""2009-10-30"", ""previous"": ""2009-09-25"", ""delta_days"": 35}}",2009,2009,http://sickbarberlicks.weebly.com/dwaddle.html
30718119-6f98-48ac-a5a9-4682067e9671,Gimme Three Steps,gimme-three-steps,2020-02-22 15:50:23.818238,2023-04-06 03:22:52.512840,"","","",steps,241,true,6607ef3b-ca9c-4ba2-8ef4-f1370ddfc63a,Lynyrd Skynyrd,,,2,2003-10-29,"{""1995"": 0, ""1996"": 0, ""1997"": 0, ""1998"": 0, ""1999"": 0, ""2000"": 0, ""2001"": 0, ""2002"": 0, ""2003"": 2, ""2004"": 0, ""2005"": 0, ""2006"": 0, ""2007"": 0, ""2008"": 0, ""2009"": 0, ""2010"": 0, ""2011"": 0, ""2012"": 0, ""2013"": 0, ""2014"": 0, ""2015"": 0, ""2016"": 0, ""2017"": 0, ""2018"": 0, ""2019"": 0, ""2020"": 0, ""2021"": 0, ""2022"": 0, ""2023"": 0}","{""0"": {""date"": ""2003-10-22"", ""previous"": null, ""delta_days"": null}, ""5"": {""date"": ""2003-10-29"", ""previous"": ""2003-10-22"", ""delta_days"": 7}}",2003,2003,
9bd4630a-5316-4d0c-9156-7d70774a7f1d,Theme from Shaft,theme-from-shaft,2020-02-22 15:50:29.120743,2022-09-13 22:42:28.322784,"Who's the black private dick<br/>That's a sex machine to all the chicks?<br/>Shaft!<br/>Ya damn right<br/><br/>Who is the man that would risk his neck for his brother man?<br/>Shaft!<br/>Can you dig it?<br/><br/>Who's the cat that won't cop out when there's danger all about?<br/>[ From: http://www.elyrics.net ]<br/>Shaft!<br/>Right On<br/><br/>They say this cat Shaft is a bad mother<br/>Shut your mouth!<br/>I'm talkin' 'bout Shaft.<br/>Then we can dig it<br/><br/>He's a complicated man<br/>But no one understands him but his woman<br/>John Shaft!<br/>Lyrics from <a href=\""http://www.elyrics.net\"">eLyrics.net</a>","",First time played on 09/27/13,shaft,420,true,e58e50f8-a33c-427a-9714-6dd229b5e8df,Issac Hayes,,,1,2013-09-27,"{""1995"": 0, ""1996"": 0, ""1997"": 0, ""1998"": 0, ""1999"": 0, ""2000"": 0, ""2001"": 0, ""2002"": 0, ""2003"": 0, ""2004"": 0, ""2005"": 0, ""2006"": 0, ""2007"": 0, ""2008"": 0, ""2009"": 0, ""2010"": 0, ""2011"": 0, ""2012"": 0, ""2013"": 1, ""2014"": 0, ""2015"": 0, ""2016"": 0, ""2017"": 0, ""2018"": 0, ""2019"": 0, ""2020"": 0, ""2021"": 0, ""2022"": 0}","{""0"": {""date"": ""2013-09-27"", ""previous"": null, ""delta_days"": null}}",2013,2013,
8b4845a1-0761-4343-84e1-b32dc919c4e9,Mary Had A Little Lamb,mary-had-a-little-lamb,2020-02-22 15:50:23.009469,2024-08-11 11:41:36.062104,"","","",marylamb,116,true,337b1646-6f56-4c72-a5d6-68708d1e71b5,Buddy Guy,,,40,2014-02-20,"{""1995"": 3, ""1996"": 3, ""1997"": 3, ""1998"": 16, ""1999"": 7, ""2000"": 1, ""2001"": 1, ""2002"": 3, ""2003"": 1, ""2004"": 0, ""2005"": 0, ""2006"": 0, ""2007"": 0, ""2008"": 1, ""2009"": 0, ""2010"": 0, ""2011"": 0, ""2012"": 0, ""2013"": 0, ""2014"": 1, ""2015"": 0, ""2016"": 0, ""2017"": 0, ""2018"": 0, ""2019"": 0, ""2020"": 0, ""2021"": 0, ""2022"": 0, ""2023"": 0, ""2024"": 0}","{""102"": {""date"": ""2002-03-30"", ""previous"": ""2001-03-31"", ""delta_days"": 364}, ""107"": {""date"": ""2000-11-09"", ""previous"": ""1999-05-14"", ""delta_days"": 545}, ""142"": {""date"": ""2003-10-01"", ""previous"": ""2002-04-14"", ""delta_days"": 535}, ""241"": {""date"": ""2008-03-15"", ""previous"": ""2003-10-01"", ""delta_days"": 1627}, ""320"": {""date"": ""2014-02-20"", ""previous"": ""2008-03-15"", ""delta_days"": 2168}}",1998,2000,
f3b6eb30-5977-4ac9-9e4c-dc10683f922e,Bazaar Escape,bazaar-escape,2020-02-22 15:50:22.697566,2024-11-04 18:41:29.951901,"<p>Corrinado slipped the chopping block<br/>The onlookers in fear and shock<br/>He bolted swiftly through the crowd<br/>The women yelled and screamed aloud<br/><br/>Manilla&#x27;s words rang through the air<br/>&#x27;Kill that man or all Beware!&#x27;<br/>Corrinado tookoff all for bust<br/>Gone behind a cloud of dust<br/><br/>Passed on tragedy Corrinado moves with ease<br/>Eluding all authority with his own agility<br/>Ducks down an alley to the center square bazaar<br/>Soldiers yell, soldiers scream, don&#x27;t let him get too far.<br/><br/>Corrinado hides down an alley<br/>As Manilla&#x27;s troops begin to rally<br/>He lays behind the street snake charmer<br/>and slips out of his prison pajamas<br/><br/>The Matador, the bull can run<br/>Corrinado sidestepped everyone<br/>Takes off towards the end of town<br/>Drawing troops from all around<br/><br/>He knows he&#x27;s got but one way out<br/>His only route without a doubt<br/>be fastest to the mighty cliffs<br/>and jump for his own benefit<br/><br/>Passed on tragedy Corrinado moves with ease<br/>Eluding all authority with his own agility<br/>Ducks down an alley to the center square bazaar<br/>Soldiers yell, soldiers scream, don&#x27;t let him get too far.<br/><br/>Carooning down the mountain top<br/>A bouncing rock no will can stop<br/>Their chasing our strong hero down<br/>Who dodges trees with swift abounds<br/>He spins the air like a carousel<br/>While dodging shots adeptly till<br/>His steps no longer make a sound<br/>His feet are well above the ground</p>","","",bazaar,18,false,4338604b-38e0-432c-855b-bcd9091d4409,Jon Gutwillig,"<p>The median debut of the Hot Air Balloon (The Overture, Fiddler, Voices and Mulberry’s debuted before, while The Very Moon, Eulogy, Waves and Hot Air Balloon debuted after), Bazaar is very arguably the technical high-water mark of the entire opera. The composition consists of a slow intro riff evocative of Middle Eastern styles of music, a faster instrumental section, a verse chorus combo, a very slow breakdown and bridge verse, a second faster instrumental section, a second verse and chorus, the same fast instrumental section from the intro, a third verse, and a closing riff reprising a section from Above the Waves. Due to its rigid and relatively complex composition, it is rarely played and even more rarely jammed. Over its history, the “jam section” in Bazaar Escape has moved multiple times.</p><p></p><p></p><p></p><p>The debut of Bazaar Escape, like the other Hot Air Balloon songs, occurred at the tail end of 1998, on 11/14 at Carnegie Mellon. The debut version was considerably more adventurous than most versions; it is jammed into out of an unfinished Boop. For the next few months, an intro jam was the most improv fans could expect from Bazaar Escape. It was more frequently either played as a standalone, or, on special occasions such as performances of the full Hot Air Balloon opera, segued into Mulberry’s Dream by way of a composed bridge lifted from Voices Insane.</p><p></p><p></p><p></p><p>Although it continued to be played primarily as a standalone in 1999, there were significant developments to the song. On 1/28/99, for the first time, Bazaar Escape was outro’d. The jam emerges from the Waves instrumental section and slowly evolves into an Aceetobee intro. Less than a month later, Bazaar Escape was outro’d a second time, this time prior to the Waves section. Unlike the first outro, this jam maintains the high energy level of the ending of Bazaar Escape and evolves into a type two vehicle.</p><p></p><p></p><p></p><p>For most of its history, any jamming on Bazaar Escape took the form of an outro or (more typically) an intro jam. It was split up twice in 1999. The first, 5/11/99, was part of a very scripted Hot Air Balloon opera show, and all the segues around the song were jamless (the song was split seamlessly in the middle of a verse). The second split version was performed as part of the very different “Spagopera” of 10/28/99; the segue out of Bazaar is jamless, but the jam back into the ending is spectacular. Here, the split in the song takes place in the slow bridge, preceding the “Corrinado hides down an alley” verse.</p><p></p><p></p><p></p><p>After a whopping 37 performances in 1999, Bazaar Escape became a rarity. Its first performance in 2000 was 6/27/00 with Jordan Crisman on bass. After this performance, it was played five times in the fall tour and once more over the New Year’s run. The most significant of these was 11/24/00 at the Trocadero, which was a jammed out extravaganza: it has a solid intro jam out of Shimmy and is split up, this time out of the fast instrumental section before the final verse. This would be the jam section in Bazaar for almost all future versions. Although the standard was always a jamelss standalone, Bazaar was jammed out on a few other memorable occasions in the latter half of Sammy’s tenure, including 4/4/01 (one of only two three-part versions) and 7/26/02 (the midpoint of the famous “almost palindrome” set).</p><p></p><p></p><p></p><p>Bazaar became increasingly rare in the final years of 1.0, played only 7 times from 03-05. Allen took his first stab at the song at Camp Bisco V, 8/25/06, segued out of the first inverted Spaga. This bold setlisting signaled that a more adventurous approach to Bazaar was to come, and almost none of the versions from 06-08 were true standalones. It was used as the landing pad to a massive Dribble outro on 11/2/06, as the meat of a palindrome (and out of a Moshi-Fameus jam no less) on 11/10/06, and, perhaps most memorably, as the three-part centerpiece to the massive second set from 12/31/06, complete with New Year’s countdown.</p><p></p><p></p><p></p><p>The golden age of Bazaar Escape continued into 07. Its first appearance was 5/17/07, which featured a gorgeous ambient outro jam into Robots. Other significant appearances over the summer include 7/8/07, in which it was used to sandwich the opening segment, and 7/19/07, the first and so-far-only inverted version. Almost every version from the fall tour was jammed out and split up, usually across multiple dates. </p><p></p><p></p><p></p><p>The first Bazaar of 08 is considered by many to be the definitive version. It is segued into from Rockafella, has a gorgeous psychedelic space jam in the usually very staid breakdown, and a fantastic main jam. Unlike many others from the era, it is not split. Bazaar was played ending-only two more times in 08 (and ever), 4/12/08 and 6/9/08, and a jamless standalone on 12/11/08 signaled the end of the golden age of Bazaar.</p><p></p><p></p><p></p><p>After 08, the jamless standalone Bazaar once again became the norm, and the song became once again a perennial rarity. It was last jammed out of on 4/26/13, last jammed into on 4/22/16, and has been relegated to a once-every-couple-of-years bustout.</p><p></p>","Soldiers yell, soldiers scream, don't let him get too far.",112,2023-06-14,"{""1995"": 0, ""1996"": 0, ""1997"": 0, ""1998"": 5, ""1999"": 37, ""2000"": 7, ""2001"": 10, ""2002"": 7, ""2003"": 2, ""2004"": 3, ""2005"": 2, ""2006"": 7, ""2007"": 11, ""2008"": 4, ""2009"": 2, ""2010"": 2, ""2011"": 1, ""2012"": 0, ""2013"": 1, ""2014"": 3, ""2015"": 0, ""2016"": 1, ""2017"": 0, ""2018"": 2, ""2019"": 1, ""2020"": 0, ""2021"": 1, ""2022"": 1, ""2023"": 2, ""2024"": 0}","{""60"": {""date"": ""2006-08-25"", ""previous"": ""2005-09-13"", ""delta_days"": 346}, ""73"": {""date"": ""2009-09-12"", ""previous"": ""2008-12-11"", ""delta_days"": 275}, ""76"": {""date"": ""2010-08-25"", ""previous"": ""2009-09-30"", ""delta_days"": 329}, ""91"": {""date"": ""2022-11-19"", ""previous"": ""2021-03-25"", ""delta_days"": 604}}",1999,2011,http://sickbarberlicks.weebly.com/bazaar-escape.html
8035d2a3-9fbd-4855-8374-b241292011a7,Seven Nation Army,seven-nation-army,2020-02-22 15:50:23.989311,2023-12-08 06:28:28.914203,"","","",sevennation,318,true,bd518a4c-5138-4c93-ab13-3aa1515e00b4,The White Stripes,,,1,2007-07-13,"{""1995"": 0, ""1996"": 0, ""1997"": 0, ""1998"": 0, ""1999"": 0, ""2000"": 0, ""2001"": 0, ""2002"": 0, ""2003"": 0, ""2004"": 0, ""2005"": 0, ""2006"": 0, ""2007"": 1, ""2008"": 0, ""2009"": 0, ""2010"": 0, ""2011"": 0, ""2012"": 0, ""2013"": 0, ""2014"": 0, ""2015"": 0, ""2016"": 0, ""2017"": 0, ""2018"": 0, ""2019"": 0, ""2020"": 0, ""2021"": 0, ""2022"": 0, ""2023"": 0}","{""0"": {""date"": ""2007-07-13"", ""previous"": null, ""delta_days"": null}}",2007,2007,
72e7f778-0f6c-4a4f-bfff-78515dba280e,Fuck The Robots 1,fuck-the-robots-1,2020-02-22 15:50:23.818238,2023-04-06 03:26:31.118346,"","","",ftr1,250,false,e3b85783-5df5-436a-a497-8bb3e40e8a99,Disco Biscuits,,,1,2003-12-31,"{""1995"": 0, ""1996"": 0, ""1997"": 0, ""1998"": 0, ""1999"": 0, ""2000"": 0, ""2001"": 0, ""2002"": 0, ""2003"": 1, ""2004"": 0, ""2005"": 0, ""2006"": 0, ""2007"": 0, ""2008"": 0, ""2009"": 0, ""2010"": 0, ""2011"": 0, ""2012"": 0, ""2013"": 0, ""2014"": 0, ""2015"": 0, ""2016"": 0, ""2017"": 0, ""2018"": 0, ""2019"": 0, ""2020"": 0, ""2021"": 0, ""2022"": 0, ""2023"": 0}","{""0"": {""date"": ""2003-12-31"", ""previous"": null, ""delta_days"": null}}",2003,2003,
ed6175ef-2464-406d-b5be-25207287c5f8,Koyaanisqatsi Jam,koyaanisqatsi-jam,2020-02-22 15:50:23.009469,2023-05-18 19:45:06.312642,"","","",koyaanjam,98,false,,"",,,1,2001-11-02,"{""1995"": 0, ""1996"": 0, ""1997"": 0, ""1998"": 0, ""1999"": 0, ""2000"": 0, ""2001"": 1, ""2002"": 0, ""2003"": 0, ""2004"": 0, ""2005"": 0, ""2006"": 0, ""2007"": 0, ""2008"": 0, ""2009"": 0, ""2010"": 0, ""2011"": 0, ""2012"": 0, ""2013"": 0, ""2014"": 0, ""2015"": 0, ""2016"": 0, ""2017"": 0, ""2018"": 0, ""2019"": 0, ""2020"": 0, ""2021"": 0, ""2022"": 0, ""2023"": 0}","{""0"": {""date"": ""2001-11-02"", ""previous"": null, ""delta_days"": null}}",2001,2001,
571338ee-bc3f-4297-be2e-2e608f2df0c5,Ulua,ulua,2020-02-22 15:50:23.818238,2023-12-08 06:39:35.542240,I take a drive in my car<br/>Along the shoulder of the world (road?)<br/>And I stare at the horizon<br/>Beside my favorite girl<br/>And no matter how fast we drive <br/>It keeps slipping away<br/>Like so many other things in my life<br/>Each and every day<br/><br/>Ulua in the morning and night<br/>Curly's on the hill eating cherries with his girl<br/>Ulua in the morning and night<br/>Curly's on the hill never cold but always chill,"","",ulua,196,false,e2397ce3-857e-425f-925e-1cb30de780d7,Marc Brownstein,,,15,2003-04-23,"{""1995"": 0, ""1996"": 0, ""1997"": 0, ""1998"": 0, ""1999"": 0, ""2000"": 0, ""2001"": 0, ""2002"": 14, ""2003"": 1, ""2004"": 0, ""2005"": 0, ""2006"": 0, ""2007"": 0, ""2008"": 0, ""2009"": 0, ""2010"": 0, ""2011"": 0, ""2012"": 0, ""2013"": 0, ""2014"": 0, ""2015"": 0, ""2016"": 0, ""2017"": 0, ""2018"": 0, ""2019"": 0, ""2020"": 0, ""2021"": 0, ""2022"": 0, ""2023"": 0}","{""6"": {""date"": ""2002-08-09"", ""previous"": ""2002-08-01"", ""delta_days"": 8}, ""10"": {""date"": ""2002-07-28"", ""previous"": ""2002-04-27"", ""delta_days"": 92}, ""11"": {""date"": ""2002-12-30"", ""previous"": ""2002-11-03"", ""delta_days"": 57}, ""17"": {""date"": ""2003-04-23"", ""previous"": ""2002-12-30"", ""delta_days"": 114}, ""37"": {""date"": ""2002-11-03"", ""previous"": ""2002-08-14"", ""delta_days"": 81}}",2002,2003,http://sickbarberlicks.weebly.com/ulua.html
49e3a20e-7a3f-4e71-9518-86fc3c08efb2,A Fifth of Beethoven,a-fifth-of-beethoven,2020-02-22 15:50:29.120743,2022-11-30 20:29:31.314348,"","","",beethoven,434,true,e4a8d427-c523-4156-af9b-2e67e3321a2c,Walter Murphy,,,8,2022-04-02,"{""1995"": 0, ""1996"": 0, ""1997"": 0, ""1998"": 0, ""1999"": 0, ""2000"": 0, ""2001"": 0, ""2002"": 0, ""2003"": 0, ""2004"": 0, ""2005"": 0, ""2006"": 0, ""2007"": 0, ""2008"": 0, ""2009"": 0, ""2010"": 0, ""2011"": 0, ""2012"": 0, ""2013"": 0, ""2014"": 1, ""2015"": 3, ""2016"": 1, ""2017"": 0, ""2018"": 2, ""2019"": 0, ""2020"": 0, ""2021"": 0, ""2022"": 1}","{""8"": {""date"": ""2015-07-17"", ""previous"": ""2015-04-17"", ""delta_days"": 91}, ""12"": {""date"": ""2018-11-03"", ""previous"": ""2018-05-25"", ""delta_days"": 162}, ""17"": {""date"": ""2016-03-05"", ""previous"": ""2015-07-17"", ""delta_days"": 232}, ""76"": {""date"": ""2018-05-25"", ""previous"": ""2016-03-05"", ""delta_days"": 811}, ""117"": {""date"": ""2022-04-02"", ""previous"": ""2018-11-03"", ""delta_days"": 1246}}",2015,2014,
1ae8af61-4a29-4263-935a-9853bbe6e9d8,Vacation,vacation,2020-02-22 15:50:23.989311,2024-06-09 16:28:20.816906,Ride on in like a troubadour<br/>Break on in through the door<br/>Armored up a man of war<br/>Don't even know whats true<br/>Spend your life misunderstood<br/>Like high priests who never could<br/>Speak with the heavens like they thought they would<br/>So whos gonna save you<br/><br/>Dont wait ever again<br/>We'll play every day my love<br/>Like out of a dream you'll come <br/>Listen to me<br/><br/>Dreams escape like lightnings roar<br/>Imagine those year long for<br/>See the light reach for the door<br/>No one there to meet you<br/>Another year still not there<br/>Fade away into the air<br/>Old man in his rockin chair<br/>Silently became you<br/><br/>Then we'll roll down<br/>The hill we live on<br/>We lie and the angels wave<br/>Then we lay there some days for hours<br/>Till the sun starts to fade away,"","",vacation,339,false,e2397ce3-857e-425f-925e-1cb30de780d7,Marc Brownstein,,,4,2010-03-16,"{""1995"": 0, ""1996"": 0, ""1997"": 0, ""1998"": 0, ""1999"": 0, ""2000"": 0, ""2001"": 0, ""2002"": 0, ""2003"": 0, ""2004"": 0, ""2005"": 0, ""2006"": 0, ""2007"": 0, ""2008"": 3, ""2009"": 0, ""2010"": 1, ""2011"": 0, ""2012"": 0, ""2013"": 0, ""2014"": 0, ""2015"": 0, ""2016"": 0, ""2017"": 0, ""2018"": 0, ""2019"": 0, ""2020"": 0, ""2021"": 0, ""2022"": 0, ""2023"": 0, ""2024"": 0}","{""0"": {""date"": ""2008-03-19"", ""previous"": null, ""delta_days"": null}, ""3"": {""date"": ""2008-04-04"", ""previous"": ""2008-03-23"", ""delta_days"": 12}, ""155"": {""date"": ""2010-03-16"", ""previous"": ""2008-04-04"", ""delta_days"": 711}}",2008,2010,http://sickbarberlicks.weebly.com/vacation.html
b5447608-ec07-4768-818e-d2d12afe89be,1/30/97 Jam,1-30-97-jam,2020-02-22 15:50:22.697566,2024-05-17 18:49:42.470481,"","","",13097jam,1,false,e29db38d-5b63-4e2c-b5bc-8f4ed3fe1c64,The Disco Biscuits,,,2,1998-01-30,"{""1995"": 0, ""1996"": 0, ""1997"": 1, ""1998"": 1, ""1999"": 0, ""2000"": 0, ""2001"": 0, ""2002"": 0, ""2003"": 0, ""2004"": 0, ""2005"": 0, ""2006"": 0, ""2007"": 0, ""2008"": 0, ""2009"": 0, ""2010"": 0, ""2011"": 0, ""2012"": 0, ""2013"": 0, ""2014"": 0, ""2015"": 0, ""2016"": 0, ""2017"": 0, ""2018"": 0, ""2019"": 0, ""2020"": 0, ""2021"": 0, ""2022"": 0, ""2023"": 0, ""2024"": 0}","{""0"": {""date"": ""1997-01-30"", ""previous"": null, ""delta_days"": null}, ""146"": {""date"": ""1998-01-30"", ""previous"": ""1997-01-30"", ""delta_days"": 365}}",1998,1997,
6a762b17-db6d-45f5-a654-19dcb6886a28,Strawberry Girl,strawberry-girl,2020-02-22 15:50:23.818238,2023-04-06 03:28:52.926439,"Strawberry Girl sings like bird<br/>Walks on the street<br/>Everyone Loves her<br/>She likes to go up and bop and around<br/>And she never puts her feet on the ground<br/><br/>Mulberry Girl she's like a dream<br/>I lay with her in the middle of the street<br/>I follow her today, walking into town<br/>Losing all the spies that follow her around<br/>Well she gives them tears? shows me joy?<br/> Strawberry Girl, they sure are toys?<br/>She likes to hear everyone get it all out<br/>Cuz the girl is just a face in the crowd<br/><br/>(Chorus)<br/>Strawberry Girl (4x)<br/><br/>Hard to control, she'll make you hustle more<br/>And you can't figure out what it is you adore<br/>All this trim? and meshing? men? Around<br/>And we all hold brave to the (guitar/key answer)<br/>Strawberry Girl she's like a dream<br/>I love her and she is with me<br/>We'd like to hear everyone dream out loud<br/>Cuz the girl is just a face in the crowd<br/><br/>(Chorus 4x)<br/><br/>She's gonna rise up in the air? (and here she comes)<br/>(4x)<br/><br/>She slips and slides and you know she hides<br/>She laughs and smiles with a ???? like a child<br/>She tears? you up and it's never enough<br/>She took some time ??????? out of her mind","","",straw,264,false,4338604b-38e0-432c-855b-bcd9091d4409,Jon Gutwillig,,,8,2006-05-12,"{""1995"": 0, ""1996"": 0, ""1997"": 0, ""1998"": 0, ""1999"": 0, ""2000"": 0, ""2001"": 0, ""2002"": 0, ""2003"": 0, ""2004"": 0, ""2005"": 1, ""2006"": 7, ""2007"": 0, ""2008"": 0, ""2009"": 0, ""2010"": 0, ""2011"": 0, ""2012"": 0, ""2013"": 0, ""2014"": 0, ""2015"": 0, ""2016"": 0, ""2017"": 0, ""2018"": 0, ""2019"": 0, ""2020"": 0, ""2021"": 0, ""2022"": 0, ""2023"": 0}","{""4"": {""date"": ""2006-03-21"", ""previous"": ""2006-03-10"", ""delta_days"": 11}, ""5"": {""date"": ""2006-04-18"", ""previous"": ""2006-03-21"", ""delta_days"": 28}, ""8"": {""date"": ""2006-04-28"", ""previous"": ""2006-04-18"", ""delta_days"": 10}}",2006,2005,http://sickbarberlicks.weebly.com/strawberry-girl.html
a9ed8d27-4dbb-4d7c-860e-cd09e19ed211,12345 678910 11 12,12345-678910-11-12,2020-02-22 15:50:23.147147,2023-04-24 12:30:11.724762,"","","",sesamest,162,true,37c37be7-145c-4b50-9b86-350f2b53fe9b,Sesame Street,,,2,1999-07-03,"{""1995"": 0, ""1996"": 0, ""1997"": 0, ""1998"": 0, ""1999"": 2, ""2000"": 0, ""2001"": 0, ""2002"": 0, ""2003"": 0, ""2004"": 0, ""2005"": 0, ""2006"": 0, ""2007"": 0, ""2008"": 0, ""2009"": 0, ""2010"": 0, ""2011"": 0, ""2012"": 0, ""2013"": 0, ""2014"": 0, ""2015"": 0, ""2016"": 0, ""2017"": 0, ""2018"": 0, ""2019"": 0, ""2020"": 0, ""2021"": 0, ""2022"": 0, ""2023"": 0}","{""0"": {""date"": ""1999-04-10"", ""previous"": null, ""delta_days"": null}, ""42"": {""date"": ""1999-07-03"", ""previous"": ""1999-04-10"", ""delta_days"": 84}}",1999,1999,
19a46161-9055-4a69-9cac-5f40f0a87d4b,Two Cigarettes,two-cigarettes,2020-02-22 15:50:23.818238,2023-04-06 03:28:43.141522,"","","",cigs,263,false,4338604b-38e0-432c-855b-bcd9091d4409,Jon Gutwillig,,,1,2005-11-18,"{""1995"": 0, ""1996"": 0, ""1997"": 0, ""1998"": 0, ""1999"": 0, ""2000"": 0, ""2001"": 0, ""2002"": 0, ""2003"": 0, ""2004"": 0, ""2005"": 1, ""2006"": 0, ""2007"": 0, ""2008"": 0, ""2009"": 0, ""2010"": 0, ""2011"": 0, ""2012"": 0, ""2013"": 0, ""2014"": 0, ""2015"": 0, ""2016"": 0, ""2017"": 0, ""2018"": 0, ""2019"": 0, ""2020"": 0, ""2021"": 0, ""2022"": 0, ""2023"": 0}","{""0"": {""date"": ""2005-11-18"", ""previous"": null, ""delta_days"": null}}",2005,2005,http://sickbarberlicks.weebly.com/two-cigarettes.html
dcf97fe6-7231-41f3-a1e0-afa6e6075fa1,One,one,2020-02-22 15:50:23.147147,2023-12-08 06:43:04.964628,"","",From 'A Chorus Line'.,one,131,true,6e9875fc-cb50-4cf7-8210-5812e3a68186,"Hamlisch, Kleban",,,2,2002-04-08,"{""1995"": 0, ""1996"": 0, ""1997"": 0, ""1998"": 0, ""1999"": 0, ""2000"": 0, ""2001"": 0, ""2002"": 2, ""2003"": 0, ""2004"": 0, ""2005"": 0, ""2006"": 0, ""2007"": 0, ""2008"": 0, ""2009"": 0, ""2010"": 0, ""2011"": 0, ""2012"": 0, ""2013"": 0, ""2014"": 0, ""2015"": 0, ""2016"": 0, ""2017"": 0, ""2018"": 0, ""2019"": 0, ""2020"": 0, ""2021"": 0, ""2022"": 0, ""2023"": 0}","{""0"": {""date"": ""2002-04-06"", ""previous"": null, ""delta_days"": null}, ""1"": {""date"": ""2002-04-08"", ""previous"": ""2002-04-06"", ""delta_days"": 2}}",2002,2002,
c9b4e3f8-e401-478f-a18d-02dd56bb7292,The Great Abyss,the-great-abyss,2020-02-22 15:50:23.818238,2024-11-26 01:39:22.331128,"","","",abyss,269,false,e29db38d-5b63-4e2c-b5bc-8f4ed3fe1c64,Aron Magner,,,155,2024-11-17,"{""1995"": 0, ""1996"": 0, ""1997"": 0, ""1998"": 0, ""1999"": 0, ""2000"": 0, ""2001"": 0, ""2002"": 0, ""2003"": 0, ""2004"": 0, ""2005"": 0, ""2006"": 23, ""2007"": 11, ""2008"": 5, ""2009"": 16, ""2010"": 15, ""2011"": 8, ""2012"": 6, ""2013"": 5, ""2014"": 5, ""2015"": 4, ""2016"": 4, ""2017"": 4, ""2018"": 3, ""2019"": 5, ""2020"": 3, ""2021"": 9, ""2022"": 8, ""2023"": 11, ""2024"": 10}","{""16"": {""date"": ""2018-12-31"", ""previous"": ""2018-10-19"", ""delta_days"": 73}, ""17"": {""date"": ""2017-05-27"", ""previous"": ""2016-10-27"", ""delta_days"": 212}, ""18"": {""date"": ""2018-10-19"", ""previous"": ""2018-01-13"", ""delta_days"": 279}, ""19"": {""date"": ""2009-11-22"", ""previous"": ""2009-09-30"", ""delta_days"": 53}, ""28"": {""date"": ""2009-01-24"", ""previous"": ""2008-06-07"", ""delta_days"": 231}}",2006,2018,http://sickbarberlicks.weebly.com/the-great-abyss.html
4246facb-87ce-4128-ba07-a3b56a08a695,Leavemealone,leavemealone,2024-07-05 19:29:24.080652,2024-11-26 01:39:25.286389,"","","",,,true,e29db38d-5b63-4e2c-b5bc-8f4ed3fe1c64,,"","",9,2024-11-17,"{""1995"": 0, ""1996"": 0, ""1997"": 0, ""1998"": 0, ""1999"": 0, ""2000"": 0, ""2001"": 0, ""2002"": 0, ""2003"": 0, ""2004"": 0, ""2005"": 0, ""2006"": 0, ""2007"": 0, ""2008"": 0, ""2009"": 0, ""2010"": 0, ""2011"": 0, ""2012"": 0, ""2013"": 0, ""2014"": 0, ""2015"": 0, ""2016"": 0, ""2017"": 0, ""2018"": 0, ""2019"": 0, ""2020"": 0, ""2021"": 0, ""2022"": 0, ""2023"": 0, ""2024"": 9}","{""3"": {""date"": ""2024-07-11"", ""previous"": ""2024-07-04"", ""delta_days"": 7}, ""4"": {""date"": ""2024-07-15"", ""previous"": ""2024-07-11"", ""delta_days"": 4}, ""6"": {""date"": ""2024-09-07"", ""previous"": ""2024-08-11"", ""delta_days"": 27}, ""8"": {""date"": ""2024-11-17"", ""previous"": ""2024-11-06"", ""delta_days"": 11}, ""9"": {""date"": ""2024-11-06"", ""previous"": ""2024-09-11"", ""delta_days"": 56}}",2024,2024,""
1a892462-782c-4ef0-8414-ce643e4d7f09,Therapy,therapy,2020-02-22 15:50:23.989311,2024-08-25 20:32:53.959993,"Brand new car, VCR, just got back from the ice cream store<br/>American dream, a television screen and a Commodore 64<br/><br/>Two step mothers, and three half brothers, and another one is on the way<br/>You play Donkey Kong and the night goes on but you never eat dinner with dad<br/><br/>Try to have fun, coma eight coma one see the video screen, never see the sun<br/>Never play ball in the early fall, cause your old man never runs<br/><br/>You know he tries and he always comes by,<br/>forty seven minutes late but its not a surprise<br/>You get in the car and you hope you don't talk<br/>but you love the warm look in his eyes<br/><br/>Chorus:<br/><br/>You can always go for help<br/>I know a doctor right downtown<br/>You can always talk to me<br/>I know a doctor you should see<br/>And we can always talk it out<br/>And there's a doctor in the house<br/>You should always talk to me<br/>You can always talk to me<br/><br/>Sit the back of the chair every Monday night<br/>Try not to let him notice that you just got high<br/><br/>You dropped visine, look straight ahead<br/>You wished you could have talked to your dad instead<br/><br/>You talk about drugs, you talk about sex<br/>And they give you some paper with a Med RX<br/><br/>Crumple it up and walked out the door<br/>And you tossed that shit on the floor<br/><br/>(Chorus-2X with '1-2-3, got ADD, give me all the pills that they gave to me...Set you free!')<br/><br/>(Ending):<br/><br/>You can always talk to me(3X)<br/><br/>There's a doctor you should see...",e--------------------------------------------------------------------------------------------------------------------------<br/>B---------------------------------------8--------------------------------------10---------------------------------------<br/>G---------9--------9--7--9---7--9-------7---------11--9--11---9--11--------9----------9p7—9----------------<br/>D-------------------------------------------------------------------------------------------------------------------------<br/>A--------------------------------------------------------------------------------------------------------------------------<br/>E--------------------------------------------------------------------------------------------------------------------------<br/><br/><br/>e--------------------------------------------------------------------------------------------------------------------------<br/>B-------------------------8----------------------------------10-----------------------------12-12---13-13---15-15<br/>G-----9--7--9---7--9------7------11--9--11---9--11-------9-----12p11p9-7-9---------------------------------<br/>D--------------------------------------------------------------------------------------------------------------------------<br/>A--------------------------------------------------------------------------------------------------------------------------<br/>E--------------------------------------------------------------------------------------------------------------------------<br/><br/><br/>e------------------------------------------------13-13-13-15-10h12-------------13-13-13-15-10h12----------<br/>B-------13-13-13--11-11--15-13-------------------------------------13-----------------------------------13-----<br/>G-----------------------------------------(12)----------------------------------(12)------------------------------------<br/>D--------------------------------------------------------------------------------------------------------------------------<br/>A--------------------------------------------------------------------------------------------------------------------------<br/>E--------------------------------------------------------------------------------------------------------------------------<br/><br/><br/>e-----------------12~----------13p12p10------------------------------------------------------------------------------<br/>B----------13-------------------------------------------------------------------------------------------------------------<br/>G---12--------------------------------------------------------------------------------------------------------------------<br/>D--------------------------------------------------------------------------------------------------------------------------<br/>A--------------------------------------------------------------------------------------------------------------------------<br/>E--------------------------------------------------------------------------------------------------------------------------<br/><br/><br/>e---------------------------------------------------------------------------------------------------------------------------<br/>B---------10--8--10-----------10--8--10--8-----11--10--11-----------10--8--10--11------8h10--8-------8--<br/>G-----------------------10-------------------------------------------10-----------------------------------------10-----<br/>D--------------------------------------------------------------------------------------------------------------------------<br/>A--------------------------------------------------------------------------------------------------------------------------<br/>E---------------------------------------------------------------------------------------------------------------------------<br/>,"",therapy,392,false,e2397ce3-857e-425f-925e-1cb30de780d7,Marc Brownstein,,,45,2024-02-06,"{""1995"": 0, ""1996"": 0, ""1997"": 0, ""1998"": 0, ""1999"": 0, ""2000"": 0, ""2001"": 0, ""2002"": 0, ""2003"": 5, ""2004"": 2, ""2005"": 0, ""2006"": 7, ""2007"": 4, ""2008"": 3, ""2009"": 3, ""2010"": 0, ""2011"": 2, ""2012"": 2, ""2013"": 2, ""2014"": 1, ""2015"": 0, ""2016"": 1, ""2017"": 1, ""2018"": 3, ""2019"": 1, ""2020"": 0, ""2021"": 4, ""2022"": 2, ""2023"": 1, ""2024"": 1}","{""60"": {""date"": ""2009-09-19"", ""previous"": ""2009-01-29"", ""delta_days"": 233}, ""75"": {""date"": ""2016-08-18"", ""previous"": ""2014-01-23"", ""delta_days"": 938}, ""85"": {""date"": ""2006-08-26"", ""previous"": ""2004-09-03"", ""delta_days"": 722}, ""98"": {""date"": ""2011-01-14"", ""previous"": ""2009-10-09"", ""delta_days"": 462}}",2006,2014,http://sickbarberlicks.weebly.com/therapy.html
26d20559-9ba5-4cb1-adb2-fc179f378254,Down To The Bottom,down-to-the-bottom,2020-02-22 15:50:22.856762,2024-11-25 12:11:42.259789,"It's a love, but its not.<br/>Its a dove, when its shot<br/>how you feel when you're on top,<br/>and yet you know you're going to drop.<br/><br/>Once a great affection now gone bad<br/>Shouldn't be the cause of why you're sad<br/>Get it going it's just the same<br/>You drop, and sift, and fly without wings without sky.<br/><br/>a wise man's  little flaws,<br/>a friendly cats sharpened claws,<br/>the world of thought that makes you pause,<br/>and think about your life's great cause<br/><br/><br/>Once a great affection now gone bad<br/>Shouldn't be the cause of why you're sad<br/>Get it going it's just the same<br/>You drop, and sift, and fly without wings without sky.","","",dttb,49,false,4338604b-38e0-432c-855b-bcd9091d4409,Jon Gutwillig,,,115,2024-11-08,"{""1995"": 2, ""1996"": 4, ""1997"": 37, ""1998"": 7, ""1999"": 13, ""2000"": 4, ""2001"": 6, ""2002"": 5, ""2003"": 2, ""2004"": 2, ""2005"": 0, ""2006"": 0, ""2007"": 6, ""2008"": 0, ""2009"": 1, ""2010"": 7, ""2011"": 0, ""2012"": 1, ""2013"": 0, ""2014"": 1, ""2015"": 1, ""2016"": 1, ""2017"": 3, ""2018"": 2, ""2019"": 1, ""2020"": 0, ""2021"": 2, ""2022"": 0, ""2023"": 1, ""2024"": 6}","{""66"": {""date"": ""2012-12-31"", ""previous"": ""2010-12-29"", ""delta_days"": 733}, ""100"": {""date"": ""2023-07-15"", ""previous"": ""2021-11-21"", ""delta_days"": 601}, ""114"": {""date"": ""2007-02-15"", ""previous"": ""2004-12-28"", ""delta_days"": 779}, ""169"": {""date"": ""2009-12-31"", ""previous"": ""2007-12-27"", ""delta_days"": 735}}",1997,2009,http://sickbarberlicks.weebly.com/down-to-the-bottom.html
2abd0f94-5993-486f-8484-0b55aa8da445,Mulberry's Dream,mulberry-s-dream,2020-02-22 15:50:23.147147,2024-11-23 07:15:15.371185,"I first caught the sun at noon today<br/>To get another 24 hours<br/>I lept & broke my bedframe<br/>Which the termites have devoured<br/><br/>I lived a life in shambles<br/>With one idea left to scheme<br/>But if I ever built it<br/>then what would I have left to dream?<br/><br/>Mulberry's Dream was talkin to me,<br/>as we kickin' with time.<br/>Burnin' in the sun on the side of the street,<br/>we gotta be out of our minds.<br/>Life, he said, is all about style,<br/>and my flying machine.<br/>And we'll take the people cross miracle miles,<br/>and I believed him<br/><br/>I walked down to the corner<br/>To fetch myself some dollars<br/>I left later that afternoon<br/>When the streets began to holler<br/>and there I saw O'Farrell<br/>The old street corner pantomime<br/>and I simply could not shake him<br/>till old Mulberry came just in time<br/><br/>Mulberry's Dream was talkin to me,<br/>as we kickin' our time.<br/>Burnin' in the sun on the side of the street,<br/>we gotta be out of our minds.<br/>Life, he said, is all about style,<br/>and my flying machine.<br/>And we'll take the people cross miracle miles,<br/>and I believed him","Transcribed by Chris Reilly (dreilly@interaccess.com)<br/><br/>Intro                            *<br/>E-----------------------------------------------------<br/>B-----------------------------8-8-8------6-6-6--------<br/>G-----------------------------8-8-8-6h8--6-6-6-6h8----<br/>D---------------------8p6-----8-8-8------6-6-6--------<br/>A--------4-4h6p4----------8p7-6-6-6------4-4-4--------<br/>E-4h6-6---------h6------------------------------------<br/><br/>*For the second and third time replace 6h8 with 'hey'.<br/>Then for the fourth time end with:<br/><br/>E------------<br/>B-8-8-8---6--<br/>G-8-8-8---6--<br/>D-8-8-8---6--<br/>A-6-6-6---4--<br/>E------------<br/><br/>Verses Chords:<br/>    Ebm    Bb<br/>E----6-----6---<br/>B----7-----6---<br/>G----8-----7---<br/>D----8-----8--<br/>A----6-----8---<br/>E----------6--<br/><br/>-Verse 1-<br/>                                    Ebm    Bb<br/>I first caught the sun at noon today<br/>                         Ebm    Bb<br/>To get another 24 hours<br/>                          Ebm    Bb<br/>I lept & broke my bedframe<br/>                                Ebm    Bb<br/>Which the termites have devoured<br/>                         Ebm    Bb<br/>I lived my life in shambles<br/>                            Ebm    Bb<br/>With one idea left to scheme<br/>                     Ebm    Bb<br/>But if I ever built it<br/>                                Ebm    Bb<br/>then what would I have left to dream?<br/><br/>Chorus Riff:<br/>                                 Endings 1-7           8<br/>||:                             |----------------:||  |----------|<br/>E-----------------------------------------------      -----------<br/>B-----------------------------8-8-8------6-6-6--      -8-8-8--6--<br/>G-----------------------------8-8-8------6-6-6--      -8-8-8--6--<br/>D---------------------8p6-----8-8-8------6-6-6--      -8-8-8--6--<br/>A--------4-4h6p4----------8p7-6-6-6------4-4-4--      -6-6-6--4--<br/>E-4h6-6---------h6------------------------------      -----------<br/><br/>-Chorus-<br/>Mulberry's Dream was talkin to me,<br/>as we kickin' with time.<br/>Burnin' in the sun on the side of the street,<br/>we gotta be out of our minds.<br/>Life, he said, is all about style,<br/>and my flying machine.<br/>And we'll take the people cross miracle miles,<br/>and I believed him<br/><br/>Play ending 8, then Organ Solo/Jam begins in cut time.<br/>Play same chords as verse. (Ebm  Bb)<br/>Cut time is maintained for the duration of the song.<br/><br/>-Verse 2- (Same chords as Verse 1)<br/>I walked down to the corner<br/>To fetch myself some dollars<br/>I left later that afternoon<br/>When the streets began to holler<br/>and there I saw O'Farrell<br/>The old street corner pantomime<br/>and I simply could not shake him<br/>till old Mulberry came just in time<br/><br/>-Chorus-<br/>Mulberry's Dream was talkin to me,<br/>as we kickin' our time.<br/>Burnin' in the sun on the side of the street,<br/>we gotta be out of our minds.<br/>Life, he said, is all about style,<br/>and my flying machine.<br/>And we'll take the people cross miracle miles,<br/>and I believed him<br/><br/>-Then comes the Guitar Solo/Jam-<br/>Scale Possibilities:<br/>Bbm                                             Bbm Pentatonic<br/>E-----------------------------6--       -6--------9--<br/>B-----------------------6-7-9----       -6--------9--<br/>G-----------------5-6-8----------       -6-----8-----<br/>D-------------6-8----------------       -6-----8-----<br/>A-------6-8-9--------------------       -6-----8-----<br/>E-6-8-9--------------------------       -6--------9--<br/><br/>Guitar Solo ending:<br/>E-18--20-20-20-20-20-20-20h21-20-18h20---18-18-18-18-18-18h20-18----18-------<br/>B----------------------------------------------------------------21----18----<br/><br/>-Chorus-<br/>Mulberry's Dream was talkin to me,<br/>as we kickin' our time.<br/>Burnin' in the sun on the side of the street,<br/>we gotta be out of our minds.<br/>Life, he said, is all about style,<br/>and my flying machine.<br/>And we'll take the people cross miracle miles,<br/>and I believed him<br/><br/>Ending Riff:<br/>E----------------------------------------------------6~----<br/>B-----------------------------8-8-8------6-6-6-------6~----<br/>G-----------------------------8-8-8------6-6-6-------7~----<br/>D---------------------8p6-----8-8-8------6-6-6-6h7h8-8~----<br/>A--------4-4h6p4----------8p7-6-6-6------4-4-4-------8~----<br/>E-4h6-6---------h6-----------------------------------6~----","",mulberry,125,false,4338604b-38e0-432c-855b-bcd9091d4409,Jon Gutwillig,,,177,2024-11-17,"{""1995"": 0, ""1996"": 0, ""1997"": 0, ""1998"": 14, ""1999"": 42, ""2000"": 8, ""2001"": 10, ""2002"": 14, ""2003"": 7, ""2004"": 4, ""2005"": 1, ""2006"": 10, ""2007"": 8, ""2008"": 3, ""2009"": 8, ""2010"": 3, ""2011"": 4, ""2012"": 2, ""2013"": 1, ""2014"": 3, ""2015"": 3, ""2016"": 5, ""2017"": 5, ""2018"": 5, ""2019"": 3, ""2020"": 1, ""2021"": 4, ""2022"": 1, ""2023"": 5, ""2024"": 3}","{""50"": {""date"": ""2022-11-19"", ""previous"": ""2021-12-04"", ""delta_days"": 350}, ""55"": {""date"": ""2024-03-31"", ""previous"": ""2023-07-12"", ""delta_days"": 263}, ""58"": {""date"": ""2006-06-09"", ""previous"": ""2005-03-21"", ""delta_days"": 445}, ""61"": {""date"": ""2010-09-02"", ""previous"": ""2009-11-28"", ""delta_days"": 278}}",1999,2005,http://sickbarberlicks.weebly.com/mulberrys-dream.html
45ca4192-bb92-4d3c-b16c-6dc18c83b5e1,Times Square,times-square,2022-08-25 19:09:42.031913,2024-11-25 12:05:15.762554,"<p>Got a ticket tonight </p><p>Got a ticket tonight. Times Square! </p><p>Got a ticket tonight </p><p>Let me ask a question to all the people on the scene</p><p>Us acting crazy would you know it if you see</p><p>A slight mis-direction and you wonder what it means</p><p>Your wallets property of the bellevue wrecking crew of NYC</p><p>The bellevue wrecking crew of NYC x2</p><p>Stackin plastic..young money fills the street</p><p>It’s 730 glass of pinot in your hand</p><p>little self-production..bumped shoulder all you need</p><p>‘nother concession to the bellevue wrecking crew of NYC</p><p>Got a ticket tonight? Times Square!  Lotta action, you’re the attraction Got a ticket tonight? Times Square! Bet you came to party, hope you came prepared </p><p>Got a ticket tonight? </p><p>The bellevue wrecking crew of NYC</p><p>Got a ticket tonight</p><p>Got a ticket tonight. Times Square! </p><p>Got a ticket tonight </p><p>Let me ask a question to all the people on the scene </p><p>Us acting crazy would you know it if you see</p><p>A slight mis-direction and you wonder what it means</p><p>Your wallets property of the bellevue wrecking crew of NYC</p><p>The bellevue wrecking crew of NYC x2</p><p>Stackin plastic..young money fills the street</p><p>It’s 730 glass of pinot in your hand</p><p>little self-production..bumped shoulder all you need</p><p>‘nother concession to the bellevue wrecking crew of NYC</p><p></p><p>Got a ticket tonight? Times Square!</p><p></p><p>Lotta action, you’re the attraction </p><p></p><p>Got a ticket tonight? Times Square! </p><p></p><p>Bet you came to party, hope you came prepared </p><p></p><p>Got a ticket tonight? </p><p></p><p>The bellevue wrecking crew of NYC</p>","","",,,false,8a2d334a-3281-4a86-a2b4-5f161f819988,,"","",26,2024-11-22,"{""1995"": 0, ""1996"": 0, ""1997"": 0, ""1998"": 0, ""1999"": 0, ""2000"": 0, ""2001"": 0, ""2002"": 0, ""2003"": 0, ""2004"": 0, ""2005"": 0, ""2006"": 0, ""2007"": 0, ""2008"": 0, ""2009"": 0, ""2010"": 0, ""2011"": 0, ""2012"": 0, ""2013"": 0, ""2014"": 0, ""2015"": 0, ""2016"": 0, ""2017"": 0, ""2018"": 0, ""2019"": 0, ""2020"": 0, ""2021"": 0, ""2022"": 9, ""2023"": 10, ""2024"": 7}","{""11"": {""date"": ""2023-06-10"", ""previous"": ""2023-05-04"", ""delta_days"": 37}, ""12"": {""date"": ""2023-10-27"", ""previous"": ""2023-08-13"", ""delta_days"": 75}, ""15"": {""date"": ""2024-02-11"", ""previous"": ""2023-12-28"", ""delta_days"": 45}, ""27"": {""date"": ""2024-11-08"", ""previous"": ""2024-07-11"", ""delta_days"": 120}}",2023,2024,""
dc705eb6-4c1e-4267-93e8-5ec6b0505b68,Minions,minions,2020-02-22 15:50:23.989311,2024-11-22 22:40:24.740959,"<p>Another dreamy summer dog day afternoon<br/>running short of life from chasing after you<br/>people scamper by, all avert their eyes and walk away<br/><br/>Building blocks of mountains hidden in your soul<br/>and script a poem for you while I&#x27;m all alone<br/>Thoughts that can&#x27;t be stopped, my fingers hammer drop and type away<br/><br/>Baby I&#x27;m in space when I&#x27;m with you...<br/>Floating around nothing to do<br/>maybe we can take a walk on the moon<br/><br/>Saw you look around to see who plays the game<br/>And wishing I had spoken all I had to say<br/>Through your squinted eyes you see through my disguise<br/><br/>Minions winding by and speeding downt he road<br/>Trees arms line the street while my arms wait below<br/>Hope you&#x27;ll fall inside and lay beside and float away<br/><br/>Baby I&#x27;m in space when I&#x27;m with you...<br/>Floating around nothing to do<br/>maybe we can take a walk on the moon<br/><br/>Baby I&#x27;m in space when I&#x27;m with you...<br/>Floating around nothing to do<br/>maybe we can take a walk on the moon</p>","","",minions,308,false,e29db38d-5b63-4e2c-b5bc-8f4ed3fe1c64,"",,,50,2024-11-14,"{""1995"": 0, ""1996"": 0, ""1997"": 0, ""1998"": 0, ""1999"": 0, ""2000"": 0, ""2001"": 0, ""2002"": 0, ""2003"": 0, ""2004"": 0, ""2005"": 0, ""2006"": 0, ""2007"": 1, ""2008"": 0, ""2009"": 16, ""2010"": 8, ""2011"": 4, ""2012"": 0, ""2013"": 2, ""2014"": 1, ""2015"": 1, ""2016"": 2, ""2017"": 2, ""2018"": 2, ""2019"": 2, ""2020"": 1, ""2021"": 4, ""2022"": 1, ""2023"": 0, ""2024"": 3}","{""30"": {""date"": ""2018-07-14"", ""previous"": ""2017-10-26"", ""delta_days"": 261}, ""35"": {""date"": ""2011-04-15"", ""previous"": ""2010-08-29"", ""delta_days"": 229}, ""45"": {""date"": ""2013-09-26"", ""previous"": ""2011-08-27"", ""delta_days"": 761}, ""162"": {""date"": ""2024-07-14"", ""previous"": ""2022-03-03"", ""delta_days"": 864}, ""186"": {""date"": ""2009-06-26"", ""previous"": ""2007-02-15"", ""delta_days"": 862}}",2009,2007,http://sickbarberlicks.weebly.com/minions.html
c6a11ff2-a630-488e-9df5-0384e7c45efc,All Blues,all-blues,2020-02-22 15:50:22.697566,2024-08-29 19:17:00.570282,"","","",allblues,6,true,39c2cd2d-8b91-439b-bf17-53026b1401a3,Miles Davis,,,9,1999-05-28,"{""1995"": 0, ""1996"": 0, ""1997"": 0, ""1998"": 7, ""1999"": 2, ""2000"": 0, ""2001"": 0, ""2002"": 0, ""2003"": 0, ""2004"": 0, ""2005"": 0, ""2006"": 0, ""2007"": 0, ""2008"": 0, ""2009"": 0, ""2010"": 0, ""2011"": 0, ""2012"": 0, ""2013"": 0, ""2014"": 0, ""2015"": 0, ""2016"": 0, ""2017"": 0, ""2018"": 0, ""2019"": 0, ""2020"": 0, ""2021"": 0, ""2022"": 0, ""2023"": 0, ""2024"": 0}","{""6"": {""date"": ""1998-09-16"", ""previous"": ""1998-08-28"", ""delta_days"": 19}, ""10"": {""date"": ""1998-08-15"", ""previous"": ""1998-07-31"", ""delta_days"": 15}, ""17"": {""date"": ""1998-10-22"", ""previous"": ""1998-09-16"", ""delta_days"": 36}, ""23"": {""date"": ""1999-01-28"", ""previous"": ""1998-10-22"", ""delta_days"": 98}, ""73"": {""date"": ""1999-05-28"", ""previous"": ""1999-01-28"", ""delta_days"": 120}}",1998,1999,
e7307d2e-9995-48d3-b894-19aafaf9f613,Miracles,miracles,2020-02-22 15:50:29.120743,2024-11-25 15:31:58.400898,"A blessing in disguise, I had a second chance,<br/>Don't be so cynical, I was so cynical<br/>That doesn't bother me, so let me have this dance<br/>Love is non-transferable, that never happens<br/>I said I wouldn't let it spiral out of hand, <br/>Cause life's a miracle, I want this miracle<br/>Intention never means a thing until you act,<br/>It's kind of comical, we hear you laugh<br/><br/>Almost seems like you're beside me<br/>Which makes me feel invincible<br/>Your body heat surrounds me <br/>This is a miracle<br/><br/>A lesson tucked away, a story penned from scratch,<br/>Don't be so miserable, I was so miserable<br/>Just ask me any question, ask me what I had<br/>I was invincible, this is invisible <br/>But slowly I allow myself to shed the past<br/>Cause life's a miracle, I want this miracle<br/>And now we realize, it wasn't all that bad<br/>It's kind of comical, I hear you laugh<br/><br/>Almost seems like you're beside me<br/>Which makes me feel invincible<br/>Your body heat surrounds me <br/>This is a miracle<br/><br/>This is a miracle as far as I can see<br/>This is the miracle that brings you back to me (x5)<br/><br/><br/>","",Written for Electron and debuted live on 06/01/2017 for The Disco Biscuits,miracles,468,false,9768611c-e5f6-47cb-a2a2-63c27476f317,"Marc Brownstein, Benjy Eisen",,,31,2024-11-20,"{""1995"": 0, ""1996"": 0, ""1997"": 0, ""1998"": 0, ""1999"": 0, ""2000"": 0, ""2001"": 0, ""2002"": 0, ""2003"": 0, ""2004"": 0, ""2005"": 0, ""2006"": 0, ""2007"": 0, ""2008"": 0, ""2009"": 0, ""2010"": 0, ""2011"": 0, ""2012"": 0, ""2013"": 0, ""2014"": 0, ""2015"": 0, ""2016"": 0, ""2017"": 1, ""2018"": 3, ""2019"": 4, ""2020"": 2, ""2021"": 5, ""2022"": 7, ""2023"": 5, ""2024"": 4}","{""19"": {""date"": ""2020-01-04"", ""previous"": ""2019-11-14"", ""delta_days"": 51}, ""20"": {""date"": ""2023-09-24"", ""previous"": ""2023-07-11"", ""delta_days"": 75}, ""44"": {""date"": ""2018-10-19"", ""previous"": ""2017-06-01"", ""delta_days"": 505}, ""57"": {""date"": ""2024-11-20"", ""previous"": ""2024-03-10"", ""delta_days"": 255}}",2022,2017,http://sickbarberlicks.weebly.com/miracles.html
005e9763-207b-415a-bdeb-23285942a2ac,Rainbow Song,rainbow-song,2020-02-22 15:50:23.147147,2024-11-25 12:11:44.313047,"I'm floating here from red to blue,<br/>The spectrum in between.<br/>Shifting in from yellow,<br/>Moving into green.<br/><br/>Where's the gold I'm looking for,<br/>The cauldron black and hot.<br/>The silver teacup overflows,<br/>And shows me to the spot.<br/><br/>Is there a pot of gold,<br/>At the end of this sweet rainbow?<br/>Shifting in from yellow,<br/>Feeling rather mellow, and I'm...<br/><br/>I'm looking for my friend.<br/>Will this rainbow ever (ever!)<br/>Ever (ever!)<br/>End?<br/><br/>Rainbow long and winding,<br/>Seems to never end.<br/>But perserverance pays its price,<br/>In looking for my friend.<br/><br/>The dove I know will lend a hand,<br/>The pure no longer white.<br/>The purple face asphyxiates,<br/>And pales from the fight.<br/><br/>Is there a pot of gold,<br/>At the end of this sweet rainbow?<br/>Shifting in from yellow,<br/>Feeling rather mellow, and I'm...<br/><br/>I'm looking for my friend.<br/>Will this rainbow ever (ever!)<br/>Ever (ever!)<br/>End?<br/><br/>Is there a pot of gold,<br/>At the end of this sweet rainbow?<br/>Shifting in from yellow,<br/>Feeling rather mellow, and I'm...<br/><br/>I'm looking for my friend.<br/>Will this rainbow ever (ever!)<br/>Ever (ever!)<br/>End?<br/><br/>Is there a pot of gold,<br/>At the end of this sweet rainbow?<br/>Shifting in from yellow,<br/>Feeling rather mellow, and I'm...<br/><br/>I'm looking for my friend.<br/>Will this rainbow ever (ever!)<br/>Ever (ever!)<br/>End?","Transcribed by Eric Zeiler<br/><br/>(E5 and D#5 are just basic power chords: root and 5th)<br/><br/>Intro: Dm, F, C, Dm<br/><br/>Dm                      F                     C                   Dm<br/>Floating here from red to blue, the spectrum in between<br/>Shifting in from yellow, moving into green<br/>Where's the gold I'm looking for, the cauldron black and hot<br/>The silver teacup overflows and shows me to the spot<br/><br/>Chorus:<br/>   G                   D              C                       Bb<br/>Is there a pot of gold, at the end of the sweet rainbow<br/>G                    Bb       A   Bb A  Bb A   Bb  A   Bb<br/>Shifting in from yellow, feeling rather mellow and I...<br/>G              Bb                F                     E5    D#5 E5    D#5 Dm<br/>I'm looking for my friend, will the rainbow ever, ever, ever, ever end<br/><br/>Post-Chorus:<br/>Dm, C, Dm, C (alternating between measures of 7 and 8)<br/><br/>Rainbow long and winding, seems to never end<br/>But perseverance pays its price in looking for my friend<br/>The door? I know will lend a hand, the pure no longer white<br/>The purple face asphyxiates, and pales from the fight<br/><br/>Chorus<br/>Guitar solo over the post-chorus chords<br/>Synth solo over the verse chords<br/>Chorus","",rainbow,148,false,e2397ce3-857e-425f-925e-1cb30de780d7,Marc Brownstein,,,82,2024-09-11,"{""1995"": 1, ""1996"": 14, ""1997"": 21, ""1998"": 11, ""1999"": 4, ""2000"": 0, ""2001"": 1, ""2002"": 3, ""2003"": 2, ""2004"": 1, ""2005"": 0, ""2006"": 0, ""2007"": 5, ""2008"": 2, ""2009"": 1, ""2010"": 1, ""2011"": 0, ""2012"": 1, ""2013"": 0, ""2014"": 1, ""2015"": 1, ""2016"": 3, ""2017"": 1, ""2018"": 0, ""2019"": 0, ""2020"": 1, ""2021"": 1, ""2022"": 0, ""2023"": 5, ""2024"": 1}","{""103"": {""date"": ""2020-10-23"", ""previous"": ""2017-06-02"", ""delta_days"": 1239}, ""106"": {""date"": ""2002-04-26"", ""previous"": ""2001-04-21"", ""delta_days"": 370}, ""122"": {""date"": ""2012-10-04"", ""previous"": ""2010-02-18"", ""delta_days"": 959}, ""126"": {""date"": ""2007-02-17"", ""previous"": ""2004-05-28"", ""delta_days"": 995}}",1997,1995,http://sickbarberlicks.weebly.com/rainbow-song.html
38eb91c7-e89f-4258-9bef-0f50fff8e106,Vibes,vibes,2022-06-22 21:11:41.446291,2024-03-25 20:35:22.502477,"","","",,,false,e29db38d-5b63-4e2c-b5bc-8f4ed3fe1c64,,"","",5,2024-02-02,"{""1995"": 0, ""1996"": 0, ""1997"": 0, ""1998"": 0, ""1999"": 0, ""2000"": 0, ""2001"": 0, ""2002"": 0, ""2003"": 0, ""2004"": 0, ""2005"": 0, ""2006"": 0, ""2007"": 0, ""2008"": 0, ""2009"": 0, ""2010"": 0, ""2011"": 0, ""2012"": 0, ""2013"": 0, ""2014"": 0, ""2015"": 0, ""2016"": 0, ""2017"": 0, ""2018"": 0, ""2019"": 0, ""2020"": 0, ""2021"": 0, ""2022"": 3, ""2023"": 1, ""2024"": 1}","{""0"": {""date"": ""2022-03-05"", ""previous"": null, ""delta_days"": null}, ""3"": {""date"": ""2022-03-12"", ""previous"": ""2022-03-05"", ""delta_days"": 7}, ""14"": {""date"": ""2022-06-19"", ""previous"": ""2022-03-12"", ""delta_days"": 99}, ""43"": {""date"": ""2023-03-25"", ""previous"": ""2022-06-19"", ""delta_days"": 279}, ""63"": {""date"": ""2024-02-02"", ""previous"": ""2023-03-25"", ""delta_days"": 314}}",2022,2023,""
8a32f957-ae86-4cd2-bf26-ff66be1dd34d,Ida Fith,ida-fith,2020-02-22 15:50:23.009469,2024-08-29 19:17:07.971385,"","","",idafith,85,false,4338604b-38e0-432c-855b-bcd9091d4409,Jon Gutwillig,,,2,1998-09-15,"{""1995"": 0, ""1996"": 0, ""1997"": 0, ""1998"": 2, ""1999"": 0, ""2000"": 0, ""2001"": 0, ""2002"": 0, ""2003"": 0, ""2004"": 0, ""2005"": 0, ""2006"": 0, ""2007"": 0, ""2008"": 0, ""2009"": 0, ""2010"": 0, ""2011"": 0, ""2012"": 0, ""2013"": 0, ""2014"": 0, ""2015"": 0, ""2016"": 0, ""2017"": 0, ""2018"": 0, ""2019"": 0, ""2020"": 0, ""2021"": 0, ""2022"": 0, ""2023"": 0, ""2024"": 0}","{""0"": {""date"": ""1998-08-28"", ""previous"": null, ""delta_days"": null}, ""5"": {""date"": ""1998-09-15"", ""previous"": ""1998-08-28"", ""delta_days"": 18}}",1998,1998,http://sickbarberlicks.weebly.com/ida-fith.html
da629823-835a-4199-a674-f3753dee01f7,Freeze,freeze,2022-06-05 02:26:28.960789,2024-11-25 15:32:09.241245,"<p>Freeze, get your hands up x2</p><p></p><p></p><p></p><p>Feels like yesterday, flying around causing trouble, nothing left to do</p><p></p><p>Now we&#x27;re on our way, future’s bright got my sights set on 7th avenue</p><p></p><p>In New York City, drive around we should kick it, drop top in the rain</p><p></p><p>Don’t have no pity, it&#x27;s not the human way, they won&#x27;t feel any pain</p><p></p><p></p><p></p><p>CHORUS:</p><p></p><p>Freeze, get your hands up…you think you got all the moves </p><p></p><p>Freeze, get your hands up…there&#x27;s nothing you can do</p><p></p><p>Freeze, get your hands up…come close i&#x27;ll tell you the news</p><p></p><p>Freeze, get your hands up…</p><p></p><p>This freeze is coming after you x5 </p><p></p><p></p><p></p><p>Better lucky than good, never turn your back on a each other, not the thing to do</p><p></p><p>It’s well understood, it&#x27;s our night city lights lookin real good on you</p><p></p><p>Gotta make some money, throw it around book a party, spend it all in a day</p><p></p><p>Gonna have a good time, i don&#x27;t care what they say, were gonna do it anyway</p><p></p><p></p><p></p><p>CHORUS:</p><p></p><p></p><p></p><p>Take your positions, prepare the crystal</p><p></p><p>Don&#x27;t heed your inhibitions, you won&#x27;t find them useful</p><p></p><p>Full power procedures, all systems ready</p><p></p><p>This calls for precision, you better keep the aim steady</p><p></p><p></p><p></p><p>This freeze is coming after you x5  </p><p></p><p></p><p></p><p>get your hands up…This freeze is coming after you x2</p>","","",,,false,71cad423-1917-4734-a562-e762726a8f6d,,"","",38,2024-11-17,"{""1995"": 0, ""1996"": 0, ""1997"": 0, ""1998"": 0, ""1999"": 0, ""2000"": 0, ""2001"": 0, ""2002"": 0, ""2003"": 0, ""2004"": 0, ""2005"": 0, ""2006"": 0, ""2007"": 0, ""2008"": 0, ""2009"": 0, ""2010"": 0, ""2011"": 0, ""2012"": 0, ""2013"": 0, ""2014"": 0, ""2015"": 0, ""2016"": 0, ""2017"": 0, ""2018"": 0, ""2019"": 0, ""2020"": 0, ""2021"": 0, ""2022"": 10, ""2023"": 17, ""2024"": 11}","{""8"": {""date"": ""2022-12-31"", ""previous"": ""2022-11-10"", ""delta_days"": 51}, ""9"": {""date"": ""2024-02-09"", ""previous"": ""2024-01-26"", ""delta_days"": 14}, ""11"": {""date"": ""2024-08-29"", ""previous"": ""2024-07-06"", ""delta_days"": 54}, ""13"": {""date"": ""2024-11-07"", ""previous"": ""2024-09-06"", ""delta_days"": 62}}",2023,2022,""
b3ab0677-0f27-43a6-ab47-2323a981fe99,The City,the-city,2020-02-22 15:50:23.989311,2024-06-09 16:33:20.815375,"When I was young I lived atop a mountain oh so high<br/>It was built of ivory bricks and glass and towered in the sky<br/>I lived above my brother and beside my father too<br/>But they hardly ever saw me as I hung out on the roof<br/>And I looked out on the city and the taxi cabs below<br/>I would cherish that I had this little place to call my own<br/>Well I thought I knew the future of the mountains in my range<br/>If the future taught me anything the past can never change<br/><br/>Well I sit atop this city blowing smoke rings in the sky<br/>With the twin peaks looming way above the place where I get high<br/>And 10 million heads below me on an island I call mine<br/>But we all find away to share it while we avoid each others eyes<br/>But the truth is that these people are as much my family<br/>As we share a love for mountains that are circled by the sea<br/>While I look upon the city that I’ve grown to call my own<br/>No matter where this journey takes me this place will always be my home<br/><br/>Chorus:<br/>Whooooo-oooah<br/>Sitting on a mountain top, fifteen miles (although now I think they sing floors) above the city<br/>Whooooo-oooah<br/>Sitting in this melting pot where you can see the future with me ","","",city,340,false,e2397ce3-857e-425f-925e-1cb30de780d7,Marc Brownstein,,,43,2019-11-16,"{""1995"": 0, ""1996"": 0, ""1997"": 0, ""1998"": 0, ""1999"": 0, ""2000"": 0, ""2001"": 0, ""2002"": 0, ""2003"": 0, ""2004"": 0, ""2005"": 0, ""2006"": 0, ""2007"": 0, ""2008"": 13, ""2009"": 16, ""2010"": 5, ""2011"": 0, ""2012"": 1, ""2013"": 1, ""2014"": 1, ""2015"": 2, ""2016"": 1, ""2017"": 1, ""2018"": 0, ""2019"": 2, ""2020"": 0, ""2021"": 0, ""2022"": 0, ""2023"": 0, ""2024"": 0}","{""23"": {""date"": ""2010-03-16"", ""previous"": ""2009-11-20"", ""delta_days"": 116}, ""27"": {""date"": ""2013-12-31"", ""previous"": ""2012-12-27"", ""delta_days"": 369}, ""40"": {""date"": ""2017-11-16"", ""previous"": ""2016-08-19"", ""delta_days"": 454}, ""55"": {""date"": ""2019-05-25"", ""previous"": ""2017-11-16"", ""delta_days"": 555}, ""83"": {""date"": ""2012-12-27"", ""previous"": ""2010-09-01"", ""delta_days"": 848}}",2009,2012,http://sickbarberlicks.weebly.com/the-city.html
82748003-7501-462b-b3a0-e8d5ec63fc3d,Hero,hero,2020-02-22 15:50:29.120743,2024-06-13 17:22:16.071022,"","","",hero,484,false,e29db38d-5b63-4e2c-b5bc-8f4ed3fe1c64,"",,,7,2021-11-20,"{""1995"": 0, ""1996"": 0, ""1997"": 0, ""1998"": 0, ""1999"": 0, ""2000"": 0, ""2001"": 0, ""2002"": 0, ""2003"": 0, ""2004"": 0, ""2005"": 0, ""2006"": 0, ""2007"": 0, ""2008"": 0, ""2009"": 0, ""2010"": 0, ""2011"": 0, ""2012"": 0, ""2013"": 0, ""2014"": 0, ""2015"": 0, ""2016"": 0, ""2017"": 0, ""2018"": 0, ""2019"": 4, ""2020"": 0, ""2021"": 3, ""2022"": 0, ""2023"": 0, ""2024"": 0}","{""3"": {""date"": ""2019-11-21"", ""previous"": ""2019-11-16"", ""delta_days"": 5}, ""5"": {""date"": ""2019-12-13"", ""previous"": ""2019-11-21"", ""delta_days"": 22}, ""9"": {""date"": ""2021-05-14"", ""previous"": ""2021-02-05"", ""delta_days"": 98}, ""22"": {""date"": ""2021-02-05"", ""previous"": ""2019-12-13"", ""delta_days"": 420}, ""30"": {""date"": ""2021-11-20"", ""previous"": ""2021-05-14"", ""delta_days"": 190}}",2019,2021,http://sickbarberlicks.weebly.com/hero.html
92f9d608-ebdf-416b-b10c-39cbe02b315d,The Bridge,the-bridge,2020-02-22 15:50:23.989311,2024-04-16 16:43:46.739704,"When I finally sleep, you see the way<br/>When I rise from my grave, I can hear you say  <br/>And when I walk down a path <br/>I know that you walk towards the light so slow, and it glows  <br/>And while you dance with your tears, it plays <br/>The storm rages down on the side of my face <br/>And every time that the world spins around  <br/>You pass through my heart and I fall to the ground  <br/> <br/>Ooooh fly away  <br/> <br/>Like a supersonic drink  <br/>Intoxicating you for weeks  <br/>Like the way the angel sings <br/>It flies to you with angels wings  <br/>Like a tractorbeam of light  <br/>It draws you towards her more each night  <br/>Like a Triple Leches cake  <br/>So sweet you can't resist the taste <br/> <br/>My angel flies over me and I and I fly away  <br/>And I Fly through the night and I fly to the day  <br/>'Til the messenger turns around <br/>To remind me kindly to never look down <br/> <br/>You dig a hole so deep and arrive at the core <br/>And you know that you've been in this hole before  <br/>Did you know that it's never what it seems  <br/>When you start to think that you're only in a dream  <br/> <br/>OOhhhh Fly away  <br/> <br/>Like a supersonic drink  <br/>Intoxicating you for weeks  <br/>Like the way the angels sings  <br/>It flies to you with angels wings  <br/>Like a tractorbeam of light  <br/>It draws you towards her more each night  <br/>Like a Triple Leches cake  <br/>so sweet you can't resist the taste  <br/> <br/>I see a stoic bridge beneath the cloud  <br/>In tiny cars as they drive across the sound  <br/>I think I see you standing there  <br/>In your long white dress and your long blonde hair  <br/> <br/>When I die for the sound to disappear  <br/>And I swim through the past and I kick through the years  <br/>If I sleep on the bathroom floor  <br/>Or in the backseat of my girlfriend's car <br/> <br/>I start to ponder the sound of a distant voice  <br/>But it becomes more faint than the growing noise  <br/>Well you were told there's a time and a place  <br/>And the time is now and the place awaits  <br/> <br/>Well I can fly to the end of the world tonight  <br/>And you will wait for me till I arrive  <br/>Well we have reached the end of the line  <br/>And I fall in your arms for the very last time  <br/> <br/>Like a supersonic drink  <br/>Intoxicating you for weeks  <br/>Like the way the angels sings  <br/>It flies to you with angels wings  <br/>Like a tractorbeam of light  <br/>It draws you towards her more each night  <br/>Like a Triple Leches cake  <br/>so sweet you can't resist the taste","",Debuted on 05/28/2010,bridge,407,false,e2397ce3-857e-425f-925e-1cb30de780d7,Marc Brownstein,,,19,2024-02-07,"{""1995"": 0, ""1996"": 0, ""1997"": 0, ""1998"": 0, ""1999"": 0, ""2000"": 0, ""2001"": 0, ""2002"": 0, ""2003"": 0, ""2004"": 0, ""2005"": 0, ""2006"": 0, ""2007"": 0, ""2008"": 0, ""2009"": 0, ""2010"": 5, ""2011"": 0, ""2012"": 1, ""2013"": 1, ""2014"": 0, ""2015"": 1, ""2016"": 1, ""2017"": 0, ""2018"": 2, ""2019"": 0, ""2020"": 0, ""2021"": 3, ""2022"": 1, ""2023"": 3, ""2024"": 1}","{""41"": {""date"": ""2023-01-19"", ""previous"": ""2022-04-08"", ""delta_days"": 286}, ""55"": {""date"": ""2015-10-30"", ""previous"": ""2013-12-26"", ""delta_days"": 673}, ""57"": {""date"": ""2018-04-21"", ""previous"": ""2016-08-19"", ""delta_days"": 610}, ""59"": {""date"": ""2021-02-06"", ""previous"": ""2018-12-08"", ""delta_days"": 791}, ""82"": {""date"": ""2012-12-27"", ""previous"": ""2010-09-02"", ""delta_days"": 847}}",2010,2012,http://sickbarberlicks.weebly.com/the-bridge.html
92bec62b-d30b-485f-8c24-5e5948cf1ddf,One More Saturday Night,one-more-saturday-night,2020-02-22 15:50:29.120743,2024-06-07 18:53:24.271714,"","","",saturday,435,true,079d7757-bd68-46ac-990a-6a254e0a9285,The Grateful Dead,,,2,2015-04-18,"{""1995"": 0, ""1996"": 0, ""1997"": 0, ""1998"": 0, ""1999"": 0, ""2000"": 0, ""2001"": 0, ""2002"": 0, ""2003"": 0, ""2004"": 0, ""2005"": 0, ""2006"": 0, ""2007"": 0, ""2008"": 0, ""2009"": 0, ""2010"": 0, ""2011"": 0, ""2012"": 0, ""2013"": 0, ""2014"": 0, ""2015"": 2, ""2016"": 0, ""2017"": 0, ""2018"": 0, ""2019"": 0, ""2020"": 0, ""2021"": 0, ""2022"": 0, ""2023"": 0, ""2024"": 0}","{""0"": {""date"": ""2015-02-21"", ""previous"": null, ""delta_days"": null}, ""5"": {""date"": ""2015-04-18"", ""previous"": ""2015-02-21"", ""delta_days"": 56}}",2015,2015,
2f925252-5101-4ac8-aca9-5a0c7a5494d7,Soul Is Shaking,soul-is-shaking,2020-02-22 15:50:23.147147,2024-08-10 17:32:56.115794,"","","",soulis,174,false,4338604b-38e0-432c-855b-bcd9091d4409,Jon Gutwillig,,,5,2003-10-23,"{""1995"": 0, ""1996"": 0, ""1997"": 0, ""1998"": 0, ""1999"": 0, ""2000"": 2, ""2001"": 2, ""2002"": 0, ""2003"": 1, ""2004"": 0, ""2005"": 0, ""2006"": 0, ""2007"": 0, ""2008"": 0, ""2009"": 0, ""2010"": 0, ""2011"": 0, ""2012"": 0, ""2013"": 0, ""2014"": 0, ""2015"": 0, ""2016"": 0, ""2017"": 0, ""2018"": 0, ""2019"": 0, ""2020"": 0, ""2021"": 0, ""2022"": 0, ""2023"": 0, ""2024"": 0}","{""0"": {""date"": ""2000-04-15"", ""previous"": null, ""delta_days"": null}, ""3"": {""date"": ""2000-04-29"", ""previous"": ""2000-04-15"", ""delta_days"": 14}, ""50"": {""date"": ""2001-08-26"", ""previous"": ""2001-03-24"", ""delta_days"": 155}, ""52"": {""date"": ""2001-03-24"", ""previous"": ""2000-04-29"", ""delta_days"": 329}, ""212"": {""date"": ""2003-10-23"", ""previous"": ""2001-08-26"", ""delta_days"": 788}}",2001,2003,http://sickbarberlicks.weebly.com/soul-is-shaking.html
40c33ec0-b321-48c9-8c15-c793d03d48eb,Shakedown Street,shakedown-street,2020-02-22 15:50:29.120743,2024-06-07 18:53:36.717753,"","","",shakedown,426,true,b2e3838d-17e2-455f-8488-14f2716e4b10,Garcia/Hunter ,,,4,2022-10-01,"{""1995"": 0, ""1996"": 0, ""1997"": 0, ""1998"": 0, ""1999"": 0, ""2000"": 0, ""2001"": 0, ""2002"": 0, ""2003"": 0, ""2004"": 0, ""2005"": 0, ""2006"": 0, ""2007"": 0, ""2008"": 0, ""2009"": 0, ""2010"": 0, ""2011"": 0, ""2012"": 0, ""2013"": 0, ""2014"": 2, ""2015"": 1, ""2016"": 0, ""2017"": 0, ""2018"": 0, ""2019"": 0, ""2020"": 0, ""2021"": 0, ""2022"": 1, ""2023"": 0, ""2024"": 0}","{""0"": {""date"": ""2014-07-31"", ""previous"": null, ""delta_days"": null}, ""2"": {""date"": ""2014-08-02"", ""previous"": ""2014-07-31"", ""delta_days"": 2}, ""24"": {""date"": ""2015-04-18"", ""previous"": ""2014-08-02"", ""delta_days"": 259}, ""256"": {""date"": ""2022-10-01"", ""previous"": ""2015-04-18"", ""delta_days"": 2723}}",2014,2015,
a20341f1-c9f4-480f-af8c-ef12c4d873ef,Neck Romancer,neck-romancer,2020-02-22 15:50:23.989311,2024-11-23 07:18:02.789705,"Met you on the corner, north of 3rd and Vine<br/>I was neat, dressed complete, you were killing time<br/>Hair blew out the window, hands were on my seat<br/>I was looking to get lifted and you were looking to meet<br/><br/>Bet you think you're crazy, bet you think you're wild<br/>Girl I like your style now, so let's go kick it downtown<br/><br/>One flash of your smile, two step on the beat<br/>Working all your style on the doormen on the street<br/>Grinding out the dance floor, tripping through the heat<br/>I was sure I couldn't want you more when you crawled into my sheets","","",neck,410,false,a827e021-ab19-4d94-9aa8-6097e0fba28b,Aron Magner,,,27,2024-11-14,"{""1995"": 0, ""1996"": 0, ""1997"": 0, ""1998"": 0, ""1999"": 0, ""2000"": 0, ""2001"": 0, ""2002"": 0, ""2003"": 0, ""2004"": 0, ""2005"": 0, ""2006"": 0, ""2007"": 0, ""2008"": 0, ""2009"": 0, ""2010"": 5, ""2011"": 10, ""2012"": 0, ""2013"": 0, ""2014"": 1, ""2015"": 2, ""2016"": 2, ""2017"": 0, ""2018"": 1, ""2019"": 0, ""2020"": 0, ""2021"": 1, ""2022"": 1, ""2023"": 2, ""2024"": 2}","{""72"": {""date"": ""2024-11-03"", ""previous"": ""2023-10-24"", ""delta_days"": 376}, ""81"": {""date"": ""2014-12-30"", ""previous"": ""2011-09-03"", ""delta_days"": 1214}, ""99"": {""date"": ""2023-09-16"", ""previous"": ""2022-03-11"", ""delta_days"": 554}, ""101"": {""date"": ""2021-10-30"", ""previous"": ""2018-11-01"", ""delta_days"": 1094}}",2011,2014,http://sickbarberlicks.weebly.com/neck-romancer.html
6dc6dd02-0dee-471f-a329-8dcc573e5f84,Norwegian Wood,norwegian-wood,2020-02-22 15:50:23.818238,2024-08-29 19:17:18.324489,"","","",wood,210,true,4c05e770-de89-4034-970d-7841d064b9e6,The Beatles,,,21,1999-09-15,"{""1995"": 0, ""1996"": 0, ""1997"": 0, ""1998"": 15, ""1999"": 6, ""2000"": 0, ""2001"": 0, ""2002"": 0, ""2003"": 0, ""2004"": 0, ""2005"": 0, ""2006"": 0, ""2007"": 0, ""2008"": 0, ""2009"": 0, ""2010"": 0, ""2011"": 0, ""2012"": 0, ""2013"": 0, ""2014"": 0, ""2015"": 0, ""2016"": 0, ""2017"": 0, ""2018"": 0, ""2019"": 0, ""2020"": 0, ""2021"": 0, ""2022"": 0, ""2023"": 0, ""2024"": 0}","{""13"": {""date"": ""1998-08-14"", ""previous"": ""1998-07-26"", ""delta_days"": 19}, ""18"": {""date"": ""1998-07-20"", ""previous"": ""1998-06-18"", ""delta_days"": 32}, ""22"": {""date"": ""1999-03-01"", ""previous"": ""1999-01-29"", ""delta_days"": 31}, ""33"": {""date"": ""1999-09-15"", ""previous"": ""1999-05-13"", ""delta_days"": 125}, ""35"": {""date"": ""1999-05-13"", ""previous"": ""1999-03-14"", ""delta_days"": 60}}",1998,1999,
b9756d72-a15f-43c2-907a-5170f6bb7770,Who's in Charge,who-s-in-charge,2022-06-11 02:24:54.620245,2024-11-25 15:32:13.420296,"<p>Who’s in charge of this place</p><p>We got something to play</p><p>Hear us out, take a moment</p><p>We wanna know, who’s calling the shots</p><p>We got the music, we got that sound</p><p></p><p>Time doesn&#x27;t waste in this place</p><p>Time doesn&#x27;t waste any time</p><p>Can&#x27;t call your manager can&#x27;t call police</p><p>Sing us a song make it rhyme</p><p></p><p>Who’s in charge of this place right here? x2</p><p></p><p>Waited awaited the day</p><p>Traveled the galaxy far far away</p><p>Searching for secrets, they so hard to find</p><p>We almost took too much time</p><p></p><p>Who&#x27;s in charge of this place right here? x2</p><p></p><p>Who&#x27;s in charge of this place right here? x4</p><p></p>","","",,,false,71cad423-1917-4734-a562-e762726a8f6d,,"","",39,2024-11-17,"{""1995"": 0, ""1996"": 0, ""1997"": 0, ""1998"": 0, ""1999"": 0, ""2000"": 0, ""2001"": 0, ""2002"": 0, ""2003"": 0, ""2004"": 0, ""2005"": 0, ""2006"": 0, ""2007"": 0, ""2008"": 0, ""2009"": 0, ""2010"": 0, ""2011"": 0, ""2012"": 0, ""2013"": 0, ""2014"": 0, ""2015"": 0, ""2016"": 0, ""2017"": 0, ""2018"": 0, ""2019"": 0, ""2020"": 0, ""2021"": 0, ""2022"": 14, ""2023"": 15, ""2024"": 10}","{""8"": {""date"": ""2024-10-30"", ""previous"": ""2024-09-05"", ""delta_days"": 55}, ""9"": {""date"": ""2023-07-19"", ""previous"": ""2023-07-07"", ""delta_days"": 12}, ""10"": {""date"": ""2024-09-05"", ""previous"": ""2024-07-13"", ""delta_days"": 54}, ""13"": {""date"": ""2024-11-17"", ""previous"": ""2024-10-30"", ""delta_days"": 18}, ""14"": {""date"": ""2024-03-10"", ""previous"": ""2024-01-27"", ""delta_days"": 43}}",2023,2024,""
54082fad-e0b0-4e94-bf78-aaadf6535c99,Kitchen Mitts,kitchen-mitts,2020-02-22 15:50:23.009469,2024-11-25 12:11:52.108490,"There're some nights I dream my body stroll away <br/>and left me but the voice<br/>to warm your heart and spark your soul <br/>yet my words they go unheard<br/><br/>He's being nice to set you free <br/>when at my door a knocking sound<br/>in your heart you're free with me<br/>we'll plant our feet deep in the ground<br/><br/>I wish and pray if god could hear<br/>it's not for money, luck or fame<br/>walk with me and without fear<br/>some nights I dream the days became<br/><br/>These words of love I say they said<br/>all while I walk a different path<br/>My love for you not counterfeit<br/>some nights I dream to steal you back.<br/><br/>I wrote this song<br/>To say hello<br/>Just a few words from me<br/><br/>I play it for you<br/>When you're in my bed<br/>Where you oughta' be<br/><br/>And I could be riddled by those secrets<br/>That make you wanna say <br/>Maybe lets go easy<br/><br/>But life has changed <br/>Don't uproot the tree in spring <br/>when all I wanna say<br/><br/>If only you called on the doctor<br/>waited with kitchen mitts, anticipating<br/>you just have to get your hands dirty sometimes<br/>just like mine.<br/><br/>If only like shooting stars fare<br/>You see what you dare <br/>The thoughts travel elsewhere <br/>Why can't you hijack a comet and fly?<br/>Tell me why I always see <br/>We for tea <br/>You and me.<br/><br/>So sweet Georgia <br/>Why must I try <br/>When you like to rob and steal <br/>and all these people tell me to go find someone else<br/>when you never cut me a good deal<br/><br/>So might I have to mention that we should blow them off<br/>18 wheels and a ride<br/>Miles of paranoia, lunatics in jail <br/>And still we're having a good time.<br/><br/>If only you called on the doctor<br/>waited with kitchen mitts, anticipating<br/>you just have to get your hands dirty sometimes<br/>just like mine.<br/><br/>If only like shooting stars fare<br/>You see what you dare <br/>The thoughts travel elsewhere <br/>Why can't you hijack a comet and fly?<br/><br/>Tell me why I always see <br/>We for tea <br/>You and me.<br/><br/>Just like mine <br/>Just like mine <br/>Just like mine",Transcribed by Rich Steele<br/><br/>(intro/verse riff)<br/><br/>   D    E    F#   C        G      D      Bm     A<br/>E<br/>B                                     10   7    5 5 5   <br/>G    7    9    11   9 9        12   11    7     6 6 6<br/>D   7    9    11  10    10   12   12     9      7 7 7<br/>A  5    7    9             10               <br/>E<br/><br/>(after 2nd verse)<br/><br/>     E<br/>E<br/>B    9<br/>G    9  11 11 11(sl)9 9 9 13(sl)9 9 9 9   16 16 16(sl)15 15 15 15(sl)14 14 14<br/>D    9  <br/>A    7  9  9  9 (sl)7 7 7 11(sl)9 9 9 9   14 14 14(sl)13 13 13 13(sl)12 12 12<br/>E  0<br/><br/>E<br/>B<br/>G  14 14 14(sl)13 13(sl)14<br/>D                                                12(h)14<br/>A  12 12 12(sl)11 11(sl)12          12 12(h)14 12<br/>E                            12(h)14<br/><br/><br/>Middle section is over a E > Ab.<br/><br/><br/>  (keyboard riff)<br/>E<br/>B<br/>G  4   4  6  4   4  6  8<br/>D    6         6<br/>A<br/>E<br/><br/>  (ending part before final chorus - use at least some overdrive)<br/>E<br/>B<br/>G  21 21 21 21 21 21(sl)20(sl)21   <br/>D                                 (play twice)<br/>A  19 19 19 19 19 19(sl)18(sl)19<br/>E<br/><br/>E<br/>B<br/>G  20 20 20 20 20 20(sl)19(sl)20  <br/>D                                 (play twice)<br/>A  18 18 18 18 18 18(sl)17(sl)18<br/>E<br/><br/>E<br/>B<br/>G  20   18   16   13<br/>D <br/>A  18   16   14   11<br/>E,"",kitchen,97,false,4338604b-38e0-432c-855b-bcd9091d4409,Jon Gutwillig,,,85,2024-11-01,"{""1995"": 0, ""1996"": 0, ""1997"": 0, ""1998"": 0, ""1999"": 0, ""2000"": 0, ""2001"": 0, ""2002"": 16, ""2003"": 10, ""2004"": 5, ""2005"": 3, ""2006"": 4, ""2007"": 5, ""2008"": 4, ""2009"": 7, ""2010"": 0, ""2011"": 2, ""2012"": 1, ""2013"": 2, ""2014"": 3, ""2015"": 1, ""2016"": 4, ""2017"": 3, ""2018"": 2, ""2019"": 1, ""2020"": 0, ""2021"": 5, ""2022"": 2, ""2023"": 2, ""2024"": 3}","{""39"": {""date"": ""2022-09-10"", ""previous"": ""2021-11-26"", ""delta_days"": 288}, ""40"": {""date"": ""2019-12-30"", ""previous"": ""2018-12-09"", ""delta_days"": 386}, ""49"": {""date"": ""2008-06-05"", ""previous"": ""2007-10-30"", ""delta_days"": 219}, ""54"": {""date"": ""2023-10-07"", ""previous"": ""2023-02-04"", ""delta_days"": 245}, ""89"": {""date"": ""2011-04-15"", ""previous"": ""2009-12-27"", ""delta_days"": 474}}",2002,2012,http://sickbarberlicks.weebly.com/kitchen-mitts.html
b77ba195-aff0-40c6-b3f7-88197c98a46b,Killing In The Name,killing-in-the-name,2020-02-22 15:50:23.989311,2024-05-25 17:43:54.865480,"","","",kitn,341,true,a65a8de6-b8a7-4350-a9bf-0b02f9061b60,Rage Against The Machine,,,11,2013-12-31,"{""1995"": 0, ""1996"": 0, ""1997"": 0, ""1998"": 0, ""1999"": 0, ""2000"": 0, ""2001"": 0, ""2002"": 0, ""2003"": 0, ""2004"": 0, ""2005"": 0, ""2006"": 0, ""2007"": 0, ""2008"": 5, ""2009"": 4, ""2010"": 0, ""2011"": 0, ""2012"": 0, ""2013"": 2, ""2014"": 0, ""2015"": 0, ""2016"": 0, ""2017"": 0, ""2018"": 0, ""2019"": 0, ""2020"": 0, ""2021"": 0, ""2022"": 0, ""2023"": 0, ""2024"": 0}","{""8"": {""date"": ""2009-02-04"", ""previous"": ""2009-01-23"", ""delta_days"": 12}, ""9"": {""date"": ""2008-12-14"", ""previous"": ""2008-07-18"", ""delta_days"": 149}, ""15"": {""date"": ""2013-12-31"", ""previous"": ""2013-07-12"", ""delta_days"": 172}, ""27"": {""date"": ""2009-04-20"", ""previous"": ""2009-02-04"", ""delta_days"": 75}, ""212"": {""date"": ""2013-07-12"", ""previous"": ""2009-04-20"", ""delta_days"": 1544}}",2008,2013,
5b505368-d6f6-4d94-aa4f-ca53e30f561c,Running Into the Night,running,2020-02-22 15:50:29.120743,2024-11-08 04:42:39.863508,<p>All my friends<br/>are super blissed out <br/>Then the crash<br/>Then the break down<br/>The sirens are red <br/>and then the blue lights<br/>Sunbeams creeping in<br/>And I&#x27;m running way into the night <br/><br/>So these things<br/>got people wigged out<br/>And I try to reel them in<br/>And help them figure out<br/>The sugar is on the strip<br/>Searchlights in your eyes<br/>We wanna live forever<br/>And I&#x27;m running way into night</p>,"","",running,495,false,16dea9b0-03b7-43eb-bcda-5162b37b7088,"Aron Magner, Jon Gutwillig",,,37,2024-11-07,"{""1995"": 0, ""1996"": 0, ""1997"": 0, ""1998"": 0, ""1999"": 0, ""2000"": 0, ""2001"": 0, ""2002"": 0, ""2003"": 0, ""2004"": 0, ""2005"": 0, ""2006"": 0, ""2007"": 0, ""2008"": 0, ""2009"": 0, ""2010"": 0, ""2011"": 0, ""2012"": 0, ""2013"": 0, ""2014"": 0, ""2015"": 0, ""2016"": 0, ""2017"": 0, ""2018"": 0, ""2019"": 1, ""2020"": 5, ""2021"": 14, ""2022"": 10, ""2023"": 6, ""2024"": 1}","{""9"": {""date"": ""2022-08-28"", ""previous"": ""2022-06-23"", ""delta_days"": 66}, ""12"": {""date"": ""2023-03-30"", ""previous"": ""2023-01-21"", ""delta_days"": 68}, ""13"": {""date"": ""2023-09-22"", ""previous"": ""2023-07-18"", ""delta_days"": 66}, ""26"": {""date"": ""2023-07-18"", ""previous"": ""2023-05-03"", ""delta_days"": 76}, ""73"": {""date"": ""2024-11-07"", ""previous"": ""2023-10-25"", ""delta_days"": 379}}",2021,2019,http://sickbarberlicks.weebly.com/running-into-the-night.html
2c37a044-8981-4568-a9d1-e8252944e88f,Countdown Medley,countdown-medley,2020-02-22 15:50:23.989311,2024-10-03 15:44:21.430801,"","","",countdownmedley,391,false,e29db38d-5b63-4e2c-b5bc-8f4ed3fe1c64,"",,,2,2012-12-31,"{""1995"": 0, ""1996"": 0, ""1997"": 0, ""1998"": 0, ""1999"": 0, ""2000"": 0, ""2001"": 0, ""2002"": 0, ""2003"": 0, ""2004"": 0, ""2005"": 0, ""2006"": 0, ""2007"": 0, ""2008"": 0, ""2009"": 1, ""2010"": 0, ""2011"": 0, ""2012"": 1, ""2013"": 0, ""2014"": 0, ""2015"": 0, ""2016"": 0, ""2017"": 0, ""2018"": 0, ""2019"": 0, ""2020"": 0, ""2021"": 0, ""2022"": 0, ""2023"": 0, ""2024"": 0}","{""0"": {""date"": ""2009-12-31"", ""previous"": null, ""delta_days"": null}, ""137"": {""date"": ""2012-12-31"", ""previous"": ""2009-12-31"", ""delta_days"": 1096}}",2012,2009,
8ac2b7f8-2bbe-48e6-8b23-a193a9e517e1,The Blue Danube,the-blue-danube,2024-11-01 19:56:55.157683,2024-11-09 13:12:48.542166,"","","",,,true,e29db38d-5b63-4e2c-b5bc-8f4ed3fe1c64,,"","",1,2024-10-31,"{""1995"": 0, ""1996"": 0, ""1997"": 0, ""1998"": 0, ""1999"": 0, ""2000"": 0, ""2001"": 0, ""2002"": 0, ""2003"": 0, ""2004"": 0, ""2005"": 0, ""2006"": 0, ""2007"": 0, ""2008"": 0, ""2009"": 0, ""2010"": 0, ""2011"": 0, ""2012"": 0, ""2013"": 0, ""2014"": 0, ""2015"": 0, ""2016"": 0, ""2017"": 0, ""2018"": 0, ""2019"": 0, ""2020"": 0, ""2021"": 0, ""2022"": 0, ""2023"": 0, ""2024"": 1}","{""0"": {""date"": ""2024-10-31"", ""previous"": null, ""delta_days"": null}}",2024,2024,""
9b40a3ac-cfc7-4293-b551-2ad6427dff29,We're Not Gonna Take It,we-re-not-gonna-take-it,2020-02-22 15:50:23.989311,2024-09-16 12:50:15.452732,"","","",wngti,363,true,aa0572b8-fcb9-40d5-9ce0-b4d3f62c55b5,The Who,,,9,2010-06-10,"{""1995"": 0, ""1996"": 0, ""1997"": 0, ""1998"": 0, ""1999"": 0, ""2000"": 0, ""2001"": 0, ""2002"": 0, ""2003"": 0, ""2004"": 0, ""2005"": 0, ""2006"": 1, ""2007"": 3, ""2008"": 0, ""2009"": 2, ""2010"": 3, ""2011"": 0, ""2012"": 0, ""2013"": 0, ""2014"": 0, ""2015"": 0, ""2016"": 0, ""2017"": 0, ""2018"": 0, ""2019"": 0, ""2020"": 0, ""2021"": 0, ""2022"": 0, ""2023"": 0, ""2024"": 0}","{""14"": {""date"": ""2010-06-10"", ""previous"": ""2010-04-24"", ""delta_days"": 47}, ""19"": {""date"": ""2009-04-19"", ""previous"": ""2009-02-15"", ""delta_days"": 63}, ""29"": {""date"": ""2007-07-22"", ""previous"": ""2007-05-16"", ""delta_days"": 67}, ""88"": {""date"": ""2010-04-18"", ""previous"": ""2009-04-19"", ""delta_days"": 364}, ""115"": {""date"": ""2009-02-15"", ""previous"": ""2007-07-22"", ""delta_days"": 574}}",2010,2006,
6825a3fb-4202-478b-a119-9931527ded2b,Home,home,2020-02-22 15:50:29.120743,2023-11-23 07:27:44.251466,"","","",homelcd,449,true,4b0c7b3d-7e5c-460f-8a6e-003633faf264,LCD Soundsystem,,,6,2018-11-03,"{""1995"": 0, ""1996"": 0, ""1997"": 0, ""1998"": 0, ""1999"": 0, ""2000"": 0, ""2001"": 0, ""2002"": 0, ""2003"": 0, ""2004"": 0, ""2005"": 0, ""2006"": 0, ""2007"": 0, ""2008"": 0, ""2009"": 0, ""2010"": 0, ""2011"": 0, ""2012"": 0, ""2013"": 0, ""2014"": 0, ""2015"": 1, ""2016"": 2, ""2017"": 1, ""2018"": 2, ""2019"": 0, ""2020"": 0, ""2021"": 0, ""2022"": 0, ""2023"": 0}","{""8"": {""date"": ""2016-06-23"", ""previous"": ""2016-03-26"", ""delta_days"": 89}, ""13"": {""date"": ""2018-11-03"", ""previous"": ""2018-05-24"", ""delta_days"": 163}, ""18"": {""date"": ""2016-03-26"", ""previous"": ""2015-07-18"", ""delta_days"": 252}, ""22"": {""date"": ""2017-04-07"", ""previous"": ""2016-06-23"", ""delta_days"": 288}, ""43"": {""date"": ""2018-05-24"", ""previous"": ""2017-04-07"", ""delta_days"": 412}}",2018,2015,
f5022ee7-d570-49e5-aa8e-f2e1a0814312,Story of the World,story-of-the-world,2020-02-22 15:50:23.818238,2024-11-25 12:05:29.116192,"Slide against the fan, the room is clear,<br/>Suddenly we have a vacuum.<br/>In the mail a telegram, I could not wait, all aboard the caravan it leves today,<br/>And then the night comes on, the lights turn low,<br/>fall asleep, all alone,<br/>Consider for a second the ways of the world.<br/>Maybe I'll throw myself a bone.<br/><br/>Maybe I'll throw myself to the dogs,<br/>But my back's not to the wall.<br/>Maybe I'll lay some bricks for the man,<br/>But the days just aren't that long.<br/>So if I settle back and chill,<br/>Will I see far enough to feel the angel's dream?<br/>I thought it was the story of the world.<br/><br/>Can I call out and say, everybody here,<br/>Lend me an ear to talk to.<br/>Can I call out and scream, the ways of the world,<br/>Have got me singing another tune.<br/>But the words are so familiar, I heard it before.<br/>And you might dare to sing along.<br/>With the crickets out chirping a random song,<br/>Maybe I'll throw myself a bone.<br/><br/>Maybe I'll throw myself to the dogs,<br/>But my back's not to the wall.<br/>Maybe I'll lay some bricks for the man,<br/>But the days just aren't that long.<br/>So if I settle back and chill,<br/>Will I see far enough to feel the angel's dream?<br/>I thought it was the story of the world.<br/><br/>When frick turns to frack, there's no turning back,<br/>and you got a slip tongue and a smack attack.<br/>and there's colors like green and you're wearing black,<br/>and your phone got flat on a railroad track.<br/>but then the sun comes up and the day moves on,<br/>and the old routine takes its toll,<br/>and you feel like a copier rolling along,<br/>maybe you'd throw yourself a bone.<br/><br/>Maybe you'd throw yourself to the dogs,<br/>but you back's not to the wall.<br/>Maybe you'd lay some bricks for the man,<br/>But the days just aren't that long.<br/>And if you settle back and chill,<br/>Will you see far enough to feel the angel's dream?<br/><br/>I thought it was the story of the world.<br/>I thought it was the story of the world.<br/>I thought it was the story.",transcribed by Rich Steele<br/><br/><br/>~~Story of the World<br/>(main riff)<br/>E<br/>B<br/>G           12 12 12 12 12     (play 3 <br/>D 9 10 12 12               9    times)A<br/>E<br/><br/>then...<br/><br/>E <br/>B<br/>G          12 14(s)16 14 14 12 14<br/>D 10 12 14<br/>A<br/>E<br/><br/>E<br/>B 13<br/>G    16 16 14 12 14 12 14<br/>D                         14 12 14 14 14......<br/>A<br/>E<br/><br/>E<br/>B<br/>G        12 12        10 10        9(h)10 9<br/>D 9 10 12      9 10 12      9 10 12        10 10<br/>A<br/>E,"",story,183,false,4338604b-38e0-432c-855b-bcd9091d4409,Jon Gutwillig,,,199,2024-11-14,"{""1995"": 0, ""1996"": 0, ""1997"": 0, ""1998"": 0, ""1999"": 0, ""2000"": 16, ""2001"": 18, ""2002"": 20, ""2003"": 14, ""2004"": 6, ""2005"": 3, ""2006"": 9, ""2007"": 11, ""2008"": 8, ""2009"": 14, ""2010"": 8, ""2011"": 5, ""2012"": 4, ""2013"": 5, ""2014"": 6, ""2015"": 3, ""2016"": 7, ""2017"": 5, ""2018"": 4, ""2019"": 4, ""2020"": 3, ""2021"": 7, ""2022"": 5, ""2023"": 10, ""2024"": 4}","{""23"": {""date"": ""2010-05-07"", ""previous"": ""2010-02-18"", ""delta_days"": 78}, ""26"": {""date"": ""2006-11-10"", ""previous"": ""2006-06-08"", ""delta_days"": 155}, ""33"": {""date"": ""2007-06-09"", ""previous"": ""2006-12-06"", ""delta_days"": 185}, ""49"": {""date"": ""2024-11-13"", ""previous"": ""2024-03-15"", ""delta_days"": 243}}",2002,2005,http://sickbarberlicks.weebly.com/story-of-the-world.html
eaad72d3-20b4-4a86-9213-e118397bdbc6,Coming Home,coming-home,2020-02-22 15:50:29.120743,2024-08-25 20:26:43.805363,"","","",coming,465,false,e29db38d-5b63-4e2c-b5bc-8f4ed3fe1c64,"",,,4,2023-12-30,"{""1995"": 0, ""1996"": 0, ""1997"": 0, ""1998"": 0, ""1999"": 0, ""2000"": 0, ""2001"": 0, ""2002"": 1, ""2003"": 0, ""2004"": 0, ""2005"": 0, ""2006"": 0, ""2007"": 0, ""2008"": 0, ""2009"": 0, ""2010"": 0, ""2011"": 0, ""2012"": 0, ""2013"": 0, ""2014"": 0, ""2015"": 0, ""2016"": 0, ""2017"": 1, ""2018"": 0, ""2019"": 0, ""2020"": 0, ""2021"": 1, ""2022"": 0, ""2023"": 1, ""2024"": 0}","{""0"": {""date"": ""2002-12-31"", ""previous"": null, ""delta_days"": null}, ""119"": {""date"": ""2023-12-30"", ""previous"": ""2021-12-31"", ""delta_days"": 729}, ""168"": {""date"": ""2021-12-31"", ""previous"": ""2017-02-02"", ""delta_days"": 1793}, ""706"": {""date"": ""2017-02-02"", ""previous"": ""2002-12-31"", ""delta_days"": 5147}}",2023,2002,
8e025bdc-20ad-4be2-84a9-981b8a0c1ced,Songs Of Joy,songs-of-joy,2020-02-22 15:50:23.009469,2024-09-16 12:50:21.927991,"","",Apparently this is based on the 12/05/01 Crickets jam.,joy,93,false,4338604b-38e0-432c-855b-bcd9091d4409,Jon Gutwillig,,,18,2007-07-13,"{""1995"": 0, ""1996"": 0, ""1997"": 0, ""1998"": 0, ""1999"": 0, ""2000"": 0, ""2001"": 0, ""2002"": 10, ""2003"": 0, ""2004"": 0, ""2005"": 0, ""2006"": 2, ""2007"": 6, ""2008"": 0, ""2009"": 0, ""2010"": 0, ""2011"": 0, ""2012"": 0, ""2013"": 0, ""2014"": 0, ""2015"": 0, ""2016"": 0, ""2017"": 0, ""2018"": 0, ""2019"": 0, ""2020"": 0, ""2021"": 0, ""2022"": 0, ""2023"": 0, ""2024"": 0}","{""6"": {""date"": ""2002-05-03"", ""previous"": ""2002-04-25"", ""delta_days"": 8}, ""7"": {""date"": ""2007-05-16"", ""previous"": ""2007-03-09"", ""delta_days"": 68}, ""10"": {""date"": ""2007-07-13"", ""previous"": ""2007-06-26"", ""delta_days"": 17}, ""12"": {""date"": ""2007-06-26"", ""previous"": ""2007-05-16"", ""delta_days"": 41}, ""274"": {""date"": ""2006-12-28"", ""previous"": ""2002-05-03"", ""delta_days"": 1700}}",2002,2006,http://sickbarberlicks.weebly.com/songs-of-joy.html
8e87744f-39b6-49f5-be34-c226e0d35345,I've Got a Feeling,i-ve-got-a-feeling,2020-02-22 15:50:23.818238,2024-09-16 12:50:28.348953,"","","",feeling,270,true,4c05e770-de89-4034-970d-7841d064b9e6,The Beatles,,,9,2007-01-06,"{""1995"": 0, ""1996"": 0, ""1997"": 0, ""1998"": 0, ""1999"": 0, ""2000"": 0, ""2001"": 0, ""2002"": 0, ""2003"": 0, ""2004"": 0, ""2005"": 0, ""2006"": 8, ""2007"": 1, ""2008"": 0, ""2009"": 0, ""2010"": 0, ""2011"": 0, ""2012"": 0, ""2013"": 0, ""2014"": 0, ""2015"": 0, ""2016"": 0, ""2017"": 0, ""2018"": 0, ""2019"": 0, ""2020"": 0, ""2021"": 0, ""2022"": 0, ""2023"": 0, ""2024"": 0}","{""5"": {""date"": ""2006-04-26"", ""previous"": ""2006-04-19"", ""delta_days"": 7}, ""7"": {""date"": ""2006-04-19"", ""previous"": ""2006-03-20"", ""delta_days"": 30}, ""8"": {""date"": ""2006-05-06"", ""previous"": ""2006-04-26"", ""delta_days"": 10}, ""20"": {""date"": ""2006-09-23"", ""previous"": ""2006-05-26"", ""delta_days"": 120}, ""33"": {""date"": ""2007-01-06"", ""previous"": ""2006-09-23"", ""delta_days"": 105}}",2006,2007,
4fa64521-688d-49c3-82b2-651520bde916,Stone,stone,2020-02-22 15:50:23.818238,2024-08-29 19:17:24.859286,"On a horseshoe trail,<br/>I found what I was looking for<br/>Inside my head<br/>I didn't need it no more<br/>And then she said...<br/><br/>Days and weeks I spent on the trail<br/>Wonder what it is that you had said<br/>Said that stone you should have thrown<br/>that stone you shouldn't tread<br/><br/>Oh lord could I feel more alive<br/>When that stone is by my side<br/>Sanity, my most sacred trait<br/>And if that stone, I let it fly<br/><br/>Mi diablo contemplate....","Transcribed by Eric Zeiler (Moedat@AOL.COM)<br/><br/>Intro<br/>Bm A, E, A, E, A, E, A (9x)<br/>(All intro chords are just the four top (high) strings.  Leave the open<br/>high-E for the A and E chords)<br/><br/>Bm (D E D A)<br/>A, G, (D E D A)<br/>A<br/>Bm A, E, A, E, A, E A (3x)<br/>Bm A, E, A, E, A (D E D A)<br/><br/>A                              (D E D A)<br/>On a horseshoe trail,<br/>A                        G         A<br/>I found what I was looking for<br/>A                      (D E D A)<br/>Inside my head<br/>A                                (D E D A)<br/>I didn't need it no more<br/>A                  G        (Dm Em Dm Am)<br/>And then she said...<br/>Am                                               (Dm Em Dm D)<br/>Days and weeks I spent on the trail<br/>D                                                  (Dm Em Dm Am)<br/>Wonder what it is that you had sailed<br/>Am                                                    (Dm Em Dm Am)<br/>Said that stone you should have thrown<br/>Am                                             (Dm Em Dm D)<br/>But that stone you shouldn't tread<br/>D                                        (Dm Em Dm E)<br/>Oh my lord can I feel more alive<br/>E                                           (D E D E)<br/>When that stone is by my side<br/>E                                        (D E D E)<br/>Sanity, my most sacred trait<br/>E                                  (D E D E)<br/>And that stone, I let it fly<br/>E<br/>Mi diablo contemplate....<br/><br/>Jam:<br/>Bm G F#7 (alternate between measures of 12/8 and 11/8)<br/>(solo in B harmonic minor)<br/><br/>then: (loud)<br/>Em G F# (power chords)","",stone,182,false,9b974579-8aaa-4842-b49a-070e455b9a87,"Gutwillig, O'Brien",,,160,2021-06-26,"{""1995"": 0, ""1996"": 16, ""1997"": 46, ""1998"": 40, ""1999"": 15, ""2000"": 6, ""2001"": 7, ""2002"": 4, ""2003"": 5, ""2004"": 1, ""2005"": 2, ""2006"": 0, ""2007"": 2, ""2008"": 0, ""2009"": 8, ""2010"": 0, ""2011"": 0, ""2012"": 1, ""2013"": 0, ""2014"": 1, ""2015"": 0, ""2016"": 1, ""2017"": 2, ""2018"": 1, ""2019"": 0, ""2020"": 0, ""2021"": 2, ""2022"": 0, ""2023"": 0, ""2024"": 0}","{""62"": {""date"": ""2016-06-02"", ""previous"": ""2014-02-22"", ""delta_days"": 831}, ""67"": {""date"": ""2021-05-30"", ""previous"": ""2018-12-28"", ""delta_days"": 884}, ""101"": {""date"": ""2007-02-17"", ""previous"": ""2005-08-26"", ""delta_days"": 540}, ""139"": {""date"": ""2012-12-31"", ""previous"": ""2009-12-29"", ""delta_days"": 1098}, ""187"": {""date"": ""2009-09-12"", ""previous"": ""2007-05-18"", ""delta_days"": 848}}",1997,2004,http://sickbarberlicks.weebly.com/stone.html
17212016-8b50-43af-ba4e-6c6e412dcd7a,Caves of the East,caves-of-the-east,2020-02-22 15:50:23.989311,2024-11-25 12:05:33.879410,"","","",caves,335,false,e2397ce3-857e-425f-925e-1cb30de780d7,Marc Brownstein,,,55,2024-07-14,"{""1995"": 0, ""1996"": 0, ""1997"": 0, ""1998"": 0, ""1999"": 0, ""2000"": 0, ""2001"": 0, ""2002"": 0, ""2003"": 0, ""2004"": 0, ""2005"": 0, ""2006"": 0, ""2007"": 0, ""2008"": 7, ""2009"": 21, ""2010"": 10, ""2011"": 4, ""2012"": 0, ""2013"": 1, ""2014"": 0, ""2015"": 1, ""2016"": 1, ""2017"": 2, ""2018"": 1, ""2019"": 0, ""2020"": 0, ""2021"": 2, ""2022"": 0, ""2023"": 1, ""2024"": 4}","{""44"": {""date"": ""2017-07-15"", ""previous"": ""2016-03-26"", ""delta_days"": 476}, ""58"": {""date"": ""2015-04-17"", ""previous"": ""2013-01-26"", ""delta_days"": 811}, ""61"": {""date"": ""2023-03-12"", ""previous"": ""2021-12-30"", ""delta_days"": 437}, ""63"": {""date"": ""2024-01-27"", ""previous"": ""2023-03-12"", ""delta_days"": 321}, ""92"": {""date"": ""2021-11-19"", ""previous"": ""2018-12-15"", ""delta_days"": 1070}}",2009,2013,http://sickbarberlicks.weebly.com/caves-of-the-east.html
d8e9b340-00a2-4879-859b-9a9a73d6a736,2001: A Space Odyssey Jam,2001-a-space-odyssey-jam,2024-11-01 04:05:50.580877,2024-11-09 13:12:51.132760,"","","",,,false,e29db38d-5b63-4e2c-b5bc-8f4ed3fe1c64,,"","",1,2024-10-31,"{""1995"": 0, ""1996"": 0, ""1997"": 0, ""1998"": 0, ""1999"": 0, ""2000"": 0, ""2001"": 0, ""2002"": 0, ""2003"": 0, ""2004"": 0, ""2005"": 0, ""2006"": 0, ""2007"": 0, ""2008"": 0, ""2009"": 0, ""2010"": 0, ""2011"": 0, ""2012"": 0, ""2013"": 0, ""2014"": 0, ""2015"": 0, ""2016"": 0, ""2017"": 0, ""2018"": 0, ""2019"": 0, ""2020"": 0, ""2021"": 0, ""2022"": 0, ""2023"": 0, ""2024"": 1}","{""0"": {""date"": ""2024-10-31"", ""previous"": null, ""delta_days"": null}}",2024,2024,""
44728c64-e2bb-4e8f-a3fd-9bdf32e3babb,Tourists (Rocket Ship) x On Time,tourists-rocket-ship-x-on-time,2024-11-11 00:09:50.583399,2024-11-25 12:12:17.634992,"","",Mashup of ‘Tourists (Rocket Ship) & ‘On Time’ debuted by Tractorbeam 9/13/24 ,,,false,e29db38d-5b63-4e2c-b5bc-8f4ed3fe1c64,,"","",1,2024-09-13,"{""1995"": 0, ""1996"": 0, ""1997"": 0, ""1998"": 0, ""1999"": 0, ""2000"": 0, ""2001"": 0, ""2002"": 0, ""2003"": 0, ""2004"": 0, ""2005"": 0, ""2006"": 0, ""2007"": 0, ""2008"": 0, ""2009"": 0, ""2010"": 0, ""2011"": 0, ""2012"": 0, ""2013"": 0, ""2014"": 0, ""2015"": 0, ""2016"": 0, ""2017"": 0, ""2018"": 0, ""2019"": 0, ""2020"": 0, ""2021"": 0, ""2022"": 0, ""2023"": 0, ""2024"": 1}","{""0"": {""date"": ""2024-09-13"", ""previous"": null, ""delta_days"": null}}",2024,2024,""
8b897978-44b5-47aa-88a9-da72c53ebc62,Kamaole Sands,kamaole-sands,2020-02-22 15:50:23.009469,2024-11-13 14:07:53.181119,"As light as the clouds, as bright as the sun.<br/>As big as the crowds, and two times the fun.<br/>As dark as the night, as tall as a tree.<br/>As high as a kite, as blue as the sea.<br/><br/>As green as the grass, as fresh as the air. <br/>As thin as the pass, as free as my care.<br/>As long as the trip, as white as the sand.<br/>As soft as your lips, as pure as the land...<br/><br/>Gonna sink your feet in Kamaole Sands.<br/>Walk across the street, and take me by the hand.<br/>Moving to the beat, that's coming from the band.<br/>Basking in the heat of Kamaole's land.<br/><br/>As cold as the freeze, as deep as the mud.<br/>As mild as a breeze, a flower in bud.<br/>As wet as the rain, you swim like a fish.<br/>As hard as the pain, you get what you wish.<br/><br/>As strong as an ox, as calm as a storm.<br/>As quick as a fox, as strange as the norm.<br/>As cool as a cat, who walks down the way. <br/>As blind as a bat, who can see in the day.<br/><br/>Gonna sink your feet in Kamaole Sands.<br/>Walk across the street, and take me by the hand.<br/>Moving to the beat, that's coming from the band.<br/>Basking in the heat of Kamaole's land.","","",kamaole,95,false,e2397ce3-857e-425f-925e-1cb30de780d7,Marc Brownstein,,,72,2024-07-15,"{""1995"": 0, ""1996"": 0, ""1997"": 0, ""1998"": 0, ""1999"": 0, ""2000"": 8, ""2001"": 10, ""2002"": 14, ""2003"": 4, ""2004"": 4, ""2005"": 0, ""2006"": 0, ""2007"": 0, ""2008"": 8, ""2009"": 2, ""2010"": 5, ""2011"": 0, ""2012"": 1, ""2013"": 2, ""2014"": 1, ""2015"": 2, ""2016"": 1, ""2017"": 1, ""2018"": 2, ""2019"": 1, ""2020"": 0, ""2021"": 1, ""2022"": 1, ""2023"": 3, ""2024"": 1}","{""70"": {""date"": ""2024-07-15"", ""previous"": ""2023-07-18"", ""delta_days"": 363}, ""88"": {""date"": ""2012-10-04"", ""previous"": ""2010-06-09"", ""delta_days"": 848}, ""98"": {""date"": ""2009-12-12"", ""previous"": ""2009-01-18"", ""delta_days"": 328}, ""209"": {""date"": ""2008-04-04"", ""previous"": ""2004-12-28"", ""delta_days"": 1193}}",2002,2012,http://sickbarberlicks.weebly.com/kamaole-sands.html
029eca49-12a1-4e93-be0b-7e0bc9422e44,Jamillia,jamillia,2020-02-22 15:50:23.009469,2024-04-11 18:28:06.066100,"Jamillia knew that from the start it wasn't going to work<br/>the call you're waiting for but never comes drives me berserk<br/>and little Jam slips around to shuffle near to Kirk<br/>he smiles when he sees her and she returns the smirk<br/><br/>Jamillia I wanna feel ya up<br/>and lift your skirt right over your head<br/>other guys they wanna steal ya<br/>but in the end you'll sleep in my bed<br/><br/>Jamillia I wanna feel ya up<br/>and lift your skirt right over your head<br/>other guys they wanna steal ya<br/><br/>the time it __________ and with it subtle pain<br/>and dripping as the tears seemed the same as falling rain<br/>a storming silent passion but cerebral not to tame<br/>her entertaining what the masses want for all it's just the same<br/><br/>Jamillia I wanna feel ya up<br/>and lift your skirt right over your head<br/>other guys they wanna steal ya<br/>but in the end you'll sleep in my bed<br/><br/>Jamillia I wanna feel ya up<br/>and lift your skirt right over your head<br/>other guys they wanna steal ya<br/><br/>it fades away too soon and in just a couple days<br/>my _________ freely lifts up in all its many ways<br/>for years pass, now I know I made a big mistake<br/>your eyes can illustrate in one look a simple craze<br/><br/>but though we can't reconcile what is past<br/>you know my deepest thoughts but in the shallow end you cast<br/>and though my thoughts are with you in an ordinary frame<br/>my mind's a dirty thing and will forget just the same<br/><br/>Jamillia I wanna feel ya up<br/>and lift your skirt right over your head<br/>other guys they wanna steal ya<br/>but in the end you'll sleep in my bed<br/><br/>Jamillia I wanna feel ya up<br/>and lift your skirt right over your head<br/>other guys they wanna steal ya","Transcribed by Eric Zeiler (moedat@aol.com)<br/><br/>Verse:C F (Bb Am G C)C F (Bb Eb D G)C F (Bb Am G C)C F (Bb Eb D C)<br/><br/>Chorus:F Bb Eb (G# G F#) (3x)F Bb Eb<br/><br/>Jam:C F G Em, Em Dm, Dm, C<br/><br/>You should be able to figure it out with this structure.  ","",jamillia,91,false,e2397ce3-857e-425f-925e-1cb30de780d7,Marc Brownstein,,,133,2016-07-15,"{""1995"": 0, ""1996"": 0, ""1997"": 49, ""1998"": 46, ""1999"": 9, ""2000"": 1, ""2001"": 7, ""2002"": 9, ""2003"": 1, ""2004"": 0, ""2005"": 0, ""2006"": 0, ""2007"": 2, ""2008"": 0, ""2009"": 2, ""2010"": 3, ""2011"": 0, ""2012"": 1, ""2013"": 1, ""2014"": 0, ""2015"": 1, ""2016"": 1, ""2017"": 0, ""2018"": 0, ""2019"": 0, ""2020"": 0, ""2021"": 0, ""2022"": 0, ""2023"": 0, ""2024"": 0}","{""68"": {""date"": ""2012-10-04"", ""previous"": ""2010-09-10"", ""delta_days"": 755}, ""73"": {""date"": ""2009-01-30"", ""previous"": ""2007-12-27"", ""delta_days"": 400}, ""78"": {""date"": ""2003-09-30"", ""previous"": ""2002-10-25"", ""delta_days"": 340}, ""88"": {""date"": ""2010-02-21"", ""previous"": ""2009-03-04"", ""delta_days"": 354}, ""218"": {""date"": ""2007-10-31"", ""previous"": ""2003-09-30"", ""delta_days"": 1492}}",1997,2000,http://sickbarberlicks.weebly.com/jamillia.html
e376fbfa-0634-47b7-bd9f-53f893aed433,girl$ x Times Square,girl-x-times-square,2024-11-11 00:11:54.621238,2024-11-25 12:12:29.809983,"","",Mashup of Dom Dolla’s ‘girl$’ & tDB original ‘Times Square’ debuted by Tractorbeam on 9/13/24,,,false,e29db38d-5b63-4e2c-b5bc-8f4ed3fe1c64,,"","",2,2024-11-15,"{""1995"": 0, ""1996"": 0, ""1997"": 0, ""1998"": 0, ""1999"": 0, ""2000"": 0, ""2001"": 0, ""2002"": 0, ""2003"": 0, ""2004"": 0, ""2005"": 0, ""2006"": 0, ""2007"": 0, ""2008"": 0, ""2009"": 0, ""2010"": 0, ""2011"": 0, ""2012"": 0, ""2013"": 0, ""2014"": 0, ""2015"": 0, ""2016"": 0, ""2017"": 0, ""2018"": 0, ""2019"": 0, ""2020"": 0, ""2021"": 0, ""2022"": 0, ""2023"": 0, ""2024"": 2}","{""0"": {""date"": ""2024-09-13"", ""previous"": null, ""delta_days"": null}, ""14"": {""date"": ""2024-11-15"", ""previous"": ""2024-09-13"", ""delta_days"": 63}}",2024,2024,""
2ccfe9a8-4c3d-49bb-bc69-3bf9975943b9,Liquid Handcuffs,liquid-handcuffs,2020-02-22 15:50:23.818238,2024-04-16 14:42:23.568799,"","",Originally Debuted by Conspirator,liqcuff,268,true,e27cd1c0-0ed7-4c84-ba98-5b5b134e1ed9,Conspirator,,,26,2018-05-25,"{""1995"": 0, ""1996"": 0, ""1997"": 0, ""1998"": 0, ""1999"": 0, ""2000"": 0, ""2001"": 0, ""2002"": 0, ""2003"": 0, ""2004"": 0, ""2005"": 2, ""2006"": 11, ""2007"": 3, ""2008"": 1, ""2009"": 7, ""2010"": 1, ""2011"": 0, ""2012"": 0, ""2013"": 0, ""2014"": 0, ""2015"": 0, ""2016"": 0, ""2017"": 0, ""2018"": 1, ""2019"": 0, ""2020"": 0, ""2021"": 0, ""2022"": 0, ""2023"": 0, ""2024"": 0}","{""24"": {""date"": ""2006-06-24"", ""previous"": ""2006-04-23"", ""delta_days"": 62}, ""42"": {""date"": ""2007-10-11"", ""previous"": ""2007-03-24"", ""delta_days"": 201}, ""63"": {""date"": ""2010-03-21"", ""previous"": ""2009-07-02"", ""delta_days"": 262}, ""75"": {""date"": ""2008-12-26"", ""previous"": ""2007-10-19"", ""delta_days"": 434}, ""285"": {""date"": ""2018-05-25"", ""previous"": ""2010-03-21"", ""delta_days"": 2987}}",2006,2008,http://sickbarberlicks.weebly.com/liquid-handcuffs.html
e5a0b3a1-5e2b-409c-9b5c-0beafff15c62,Slipknot!,slipknot,2020-02-22 15:50:23.147147,2024-01-22 12:33:46.364293,"","","",slipknot,166,true,079d7757-bd68-46ac-990a-6a254e0a9285,The Grateful Dead,,,8,2022-10-29,"{""1995"": 3, ""1996"": 1, ""1997"": 0, ""1998"": 0, ""1999"": 0, ""2000"": 0, ""2001"": 0, ""2002"": 0, ""2003"": 0, ""2004"": 0, ""2005"": 0, ""2006"": 0, ""2007"": 0, ""2008"": 0, ""2009"": 0, ""2010"": 0, ""2011"": 0, ""2012"": 0, ""2013"": 0, ""2014"": 0, ""2015"": 2, ""2016"": 0, ""2017"": 0, ""2018"": 0, ""2019"": 1, ""2020"": 0, ""2021"": 0, ""2022"": 1, ""2023"": 0, ""2024"": 0}","{""4"": {""date"": ""1996-02-13"", ""previous"": ""1995-12-10"", ""delta_days"": 65}, ""8"": {""date"": ""2015-07-17"", ""previous"": ""2015-04-17"", ""delta_days"": 91}, ""122"": {""date"": ""2019-02-02"", ""previous"": ""2015-07-17"", ""delta_days"": 1296}, ""131"": {""date"": ""2022-10-29"", ""previous"": ""2019-02-02"", ""delta_days"": 1365}, ""1383"": {""date"": ""2015-04-17"", ""previous"": ""1996-02-13"", ""delta_days"": 7003}}",1995,1996,
d3bce5ae-5c32-49d9-836b-d5293117dbb1,¿Donde?,iquest-donde,2020-02-22 15:50:23.989311,2024-08-02 07:22:39.832977,"","","",donde,376,false,a827e021-ab19-4d94-9aa8-6097e0fba28b,Aron Magner,,,24,2021-04-03,"{""1995"": 0, ""1996"": 0, ""1997"": 0, ""1998"": 0, ""1999"": 0, ""2000"": 0, ""2001"": 0, ""2002"": 0, ""2003"": 0, ""2004"": 0, ""2005"": 0, ""2006"": 0, ""2007"": 0, ""2008"": 0, ""2009"": 14, ""2010"": 7, ""2011"": 0, ""2012"": 0, ""2013"": 0, ""2014"": 0, ""2015"": 0, ""2016"": 2, ""2017"": 0, ""2018"": 0, ""2019"": 0, ""2020"": 0, ""2021"": 1, ""2022"": 0, ""2023"": 0, ""2024"": 0}","{""11"": {""date"": ""2010-03-26"", ""previous"": ""2010-02-18"", ""delta_days"": 36}, ""23"": {""date"": ""2010-09-01"", ""previous"": ""2010-05-07"", ""delta_days"": 117}, ""128"": {""date"": ""2021-04-03"", ""previous"": ""2016-12-30"", ""delta_days"": 1555}, ""188"": {""date"": ""2016-08-20"", ""previous"": ""2010-09-01"", ""delta_days"": 2180}}",2009,2021,http://sickbarberlicks.weebly.com/iquestdonde.html
bbc0db0b-8390-4d1d-9538-ee1e10e9b8f8,Texas Pussy,texas-pussy,2020-02-22 15:50:23.818238,2023-05-05 04:08:36.545743,"","","",texas,186,false,9ff6cb71-06e9-4fb2-81bf-8a313752e718,Sam Altman,,,50,2005-03-26,"{""1995"": 1, ""1996"": 7, ""1997"": 11, ""1998"": 19, ""1999"": 3, ""2000"": 1, ""2001"": 5, ""2002"": 2, ""2003"": 0, ""2004"": 0, ""2005"": 1, ""2006"": 0, ""2007"": 0, ""2008"": 0, ""2009"": 0, ""2010"": 0, ""2011"": 0, ""2012"": 0, ""2013"": 0, ""2014"": 0, ""2015"": 0, ""2016"": 0, ""2017"": 0, ""2018"": 0, ""2019"": 0, ""2020"": 0, ""2021"": 0, ""2022"": 0, ""2023"": 0}","{""38"": {""date"": ""2002-08-24"", ""previous"": ""2002-04-17"", ""delta_days"": 129}, ""54"": {""date"": ""2001-05-03"", ""previous"": ""2000-11-01"", ""delta_days"": 183}, ""63"": {""date"": ""2000-11-01"", ""previous"": ""1999-09-25"", ""delta_days"": 403}, ""82"": {""date"": ""1999-05-05"", ""previous"": ""1998-10-28"", ""delta_days"": 189}, ""152"": {""date"": ""2005-03-26"", ""previous"": ""2002-08-24"", ""delta_days"": 945}}",1998,1995,http://sickbarberlicks.weebly.com/8203texas-pussy.html
60a5a354-ee28-41c5-aaf2-989ed3c090f9,Superman Theme,superman-theme,2020-02-22 15:50:23.818238,2023-11-29 18:50:28.935639,"","","",superman,185,true,,"",,,4,2002-04-22,"{""1995"": 0, ""1996"": 0, ""1997"": 0, ""1998"": 0, ""1999"": 0, ""2000"": 0, ""2001"": 1, ""2002"": 3, ""2003"": 0, ""2004"": 0, ""2005"": 0, ""2006"": 0, ""2007"": 0, ""2008"": 0, ""2009"": 0, ""2010"": 0, ""2011"": 0, ""2012"": 0, ""2013"": 0, ""2014"": 0, ""2015"": 0, ""2016"": 0, ""2017"": 0, ""2018"": 0, ""2019"": 0, ""2020"": 0, ""2021"": 0, ""2022"": 0, ""2023"": 0}","{""0"": {""date"": ""2001-12-31"", ""previous"": null, ""delta_days"": null}, ""3"": {""date"": ""2002-04-06"", ""previous"": ""2002-04-03"", ""delta_days"": 3}, ""10"": {""date"": ""2002-04-03"", ""previous"": ""2001-12-31"", ""delta_days"": 93}, ""12"": {""date"": ""2002-04-22"", ""previous"": ""2002-04-06"", ""delta_days"": 16}}",2002,2001,
c427cefa-14e9-4701-be83-9de50e8b9c8d,Reactor,reactor,2020-02-22 15:50:23.147147,2024-11-25 12:05:47.550701,"<p>Bit by a spider again<br/>The girl had a chocolate bar<br/>with a poem in it<br/>Saying he was not the man<br/><br/>To get in on a two-bit plan<br/>the boy went and parked his car<br/>at the bowling alley<br/>waiting for his ride.<br/><br/>The new idea don&#x27;t hypnotize<br/>the boy knocked a jewerly store<br/>at the eve of twilight<br/>with two friends of mine<br/><br/>Shopkeep, crack, quick enthrall<br/>he turned, he cocked the shotgun<br/>to avoid the violence<br/>But it was justified.<br/><br/>Nowhere to kick us out<br/>You&#x27;ve got the meaning all confused.<br/>Break down the core reactor<br/>blown all to pieces for the new<br/><br/>Brick broke through the window<br/>The girl awoke to the sound<br/>of chinese lanterns<br/>crashing on the bed.<br/><br/>They raised the burning candles<br/>the boy went across the floor <br/>to the open window<br/>as they crashed the wall<br/><br/>Unknown inside the crosshairs<br/>he took one last look at the girl<br/>as he dropped the handle.<br/>It was justified.<br/><br/>Nowhere (No way) to kick us out<br/>You&#x27;ve got the meaning all confused.<br/>Break down the core reactor<br/>Blown all to pieces for the new<br/><br/>Nowhere to kick us out<br/>You&#x27;ve got the meaning all confused.<br/>Break down the core reactor<br/>Blown all to pieces for the new</p>",Transcribed by Rich Steele<br/><br/>Intro/Chorus<br/>   Eb   F#   C#   A   Bb<br/><br/>E       2         5   6<br/>B  4    2    6    5   6<br/>G  3    3    6    6   7<br/>D  5    4    6    7   8                                       <br/>A  6    4    4    7   8             <br/>E       2         5   6 <br/><br/><br/>chords over the verses:<br/><br/>    G   F   Bb   Bbm   A   Bb       F#  C#  Ab<br/><br/>E   3   1   6    6     5   6        2       4<br/>B   3   1   6    6     5   6        2   6   4<br/>G   4   2   7    6     6   7        3   6   5 <br/>D   5   3   8    8     7   8        4   6   6<br/>A   5   3   8    8     7   8        4   4   6<br/>E   3   1   6    6     5   6        2       4<br/><br/><br/><br/>chord progression leading into the jam:<br/><br/>    F   C   B   Eb   D   A   Ab   C   F <br/>E                        5   4        1<br/>B   6   5   4   8    7   5   4    5   1<br/>G   5   5   4   8    7   6   5    5   2<br/>D   7   5   4   8    7   7   6    5   3<br/>A   8   3   2   6    5   7   6    3   3<br/>E                        5   4        1<br/><br/>   Bb   Ab   G7   F<br/><br/>E  6    4    3    1<br/>B  6    4    3    1<br/>G  7    5    4    2<br/>D  8    6    3    3<br/>A  8    6    5    3 <br/>E  6    4    3    1<br/><br/><br/><br/><br/><br/><br/><br/>,"",reactor,149,false,4338604b-38e0-432c-855b-bcd9091d4409,Jon Gutwillig,,,147,2024-11-13,"{""1995"": 0, ""1996"": 0, ""1997"": 0, ""1998"": 0, ""1999"": 0, ""2000"": 0, ""2001"": 16, ""2002"": 22, ""2003"": 9, ""2004"": 3, ""2005"": 3, ""2006"": 12, ""2007"": 12, ""2008"": 6, ""2009"": 12, ""2010"": 5, ""2011"": 2, ""2012"": 2, ""2013"": 4, ""2014"": 4, ""2015"": 1, ""2016"": 5, ""2017"": 4, ""2018"": 4, ""2019"": 2, ""2020"": 1, ""2021"": 3, ""2022"": 1, ""2023"": 8, ""2024"": 6}","{""25"": {""date"": ""2004-01-03"", ""previous"": ""2003-08-22"", ""delta_days"": 134}, ""26"": {""date"": ""2011-04-15"", ""previous"": ""2010-09-10"", ""delta_days"": 217}, ""31"": {""date"": ""2022-08-19"", ""previous"": ""2021-11-26"", ""delta_days"": 266}, ""36"": {""date"": ""2023-03-23"", ""previous"": ""2022-08-19"", ""delta_days"": 216}, ""48"": {""date"": ""2010-05-08"", ""previous"": ""2009-10-29"", ""delta_days"": 191}}",2002,2015,http://sickbarberlicks.weebly.com/reactor.html
5092481b-ca9e-4cd4-b144-70103d5938ba,Commercial Amen,commercial-amen,2020-02-22 15:50:23.818238,2024-11-25 12:12:35.308543,"","",Originally Debuted by Conspirator,comman,267,true,e27cd1c0-0ed7-4c84-ba98-5b5b134e1ed9,Conspirator,,,20,2024-09-13,"{""1995"": 0, ""1996"": 0, ""1997"": 0, ""1998"": 0, ""1999"": 0, ""2000"": 0, ""2001"": 0, ""2002"": 0, ""2003"": 0, ""2004"": 0, ""2005"": 2, ""2006"": 12, ""2007"": 1, ""2008"": 1, ""2009"": 0, ""2010"": 1, ""2011"": 0, ""2012"": 0, ""2013"": 0, ""2014"": 0, ""2015"": 0, ""2016"": 0, ""2017"": 0, ""2018"": 1, ""2019"": 1, ""2020"": 0, ""2021"": 0, ""2022"": 0, ""2023"": 0, ""2024"": 1}","{""49"": {""date"": ""2019-11-16"", ""previous"": ""2018-04-20"", ""delta_days"": 575}, ""73"": {""date"": ""2008-03-13"", ""previous"": ""2007-05-17"", ""delta_days"": 301}, ""170"": {""date"": ""2010-03-21"", ""previous"": ""2008-03-13"", ""delta_days"": 738}, ""254"": {""date"": ""2024-09-13"", ""previous"": ""2019-11-16"", ""delta_days"": 1763}, ""280"": {""date"": ""2018-04-20"", ""previous"": ""2010-03-21"", ""delta_days"": 2952}}",2006,2007,
b1eada64-0d37-4f98-acf3-8556de05d73c,Konkrete x Floodlights,konkrete-x-floodlights,2024-11-10 21:42:02.268474,2024-11-25 12:12:38.512049,"","",Debuted by Tractorbeam 9/13/24 & is a mashup of ‘Konkrete’ + ‘Floodlights’ with samples ,,,false,e29db38d-5b63-4e2c-b5bc-8f4ed3fe1c64,,"","",3,2024-11-21,"{""1995"": 0, ""1996"": 0, ""1997"": 0, ""1998"": 0, ""1999"": 0, ""2000"": 0, ""2001"": 0, ""2002"": 0, ""2003"": 0, ""2004"": 0, ""2005"": 0, ""2006"": 0, ""2007"": 0, ""2008"": 0, ""2009"": 0, ""2010"": 0, ""2011"": 0, ""2012"": 0, ""2013"": 0, ""2014"": 0, ""2015"": 0, ""2016"": 0, ""2017"": 0, ""2018"": 0, ""2019"": 0, ""2020"": 0, ""2021"": 0, ""2022"": 0, ""2023"": 0, ""2024"": 3}","{""0"": {""date"": ""2024-09-13"", ""previous"": null, ""delta_days"": null}, ""7"": {""date"": ""2024-11-21"", ""previous"": ""2024-11-09"", ""delta_days"": 12}, ""11"": {""date"": ""2024-11-09"", ""previous"": ""2024-09-13"", ""delta_days"": 57}}",2024,2024,""
4f1f24da-9355-4d11-bccf-eac241cc95bc,Mirrors,mirrors,2020-02-22 15:50:23.989311,2024-07-15 22:06:16.543649,"Your eyes are like my mirror<br/>When you let me stare into them,<br/>And if I look for long it always seems<br/>That I find myself within your dreams<br/><br/>(chorus)<br/><br/>And all the things that you think about,<br/>And all the thoughts that you never said out loud,<br/>Well I can hear them anyway,<br/>And I still love you like we met just yesterday.<br/><br/>(chorus)<br/>(major key jam with circus feel at end)<br/><br/>And in your dreams I have a chance to see<br/>A glimpse of future life with you and me.<br/>Well I don't wanna give it all away,<br/>But it seems as if I'm here to stay.<br/><br/>(chorus)<br/>(reduced major key jam with some cool roland work by magner - sounds like that old roland 808 sound in late 90's trance)<br/><br/>And when I wake I have no memory<br/>Of all the things that we might be.<br/>I know my love will never fade,<br/>And I know yours will stay the same.<br/><br/>(chorus)<br/>(darker jam outro)<br/>","","",mirrors,352,false,e2397ce3-857e-425f-925e-1cb30de780d7,Marc Brownstein,,,46,2016-06-01,"{""1995"": 0, ""1996"": 0, ""1997"": 0, ""1998"": 0, ""1999"": 0, ""2000"": 0, ""2001"": 0, ""2002"": 0, ""2003"": 0, ""2004"": 0, ""2005"": 0, ""2006"": 0, ""2007"": 0, ""2008"": 0, ""2009"": 26, ""2010"": 14, ""2011"": 3, ""2012"": 0, ""2013"": 1, ""2014"": 0, ""2015"": 1, ""2016"": 1, ""2017"": 0, ""2018"": 0, ""2019"": 0, ""2020"": 0, ""2021"": 0, ""2022"": 0, ""2023"": 0, ""2024"": 0}","{""9"": {""date"": ""2010-09-01"", ""previous"": ""2010-06-12"", ""delta_days"": 81}, ""18"": {""date"": ""2011-08-16"", ""previous"": ""2011-01-23"", ""delta_days"": 205}, ""21"": {""date"": ""2016-06-01"", ""previous"": ""2015-09-05"", ""delta_days"": 270}, ""43"": {""date"": ""2013-01-27"", ""previous"": ""2011-08-16"", ""delta_days"": 530}, ""67"": {""date"": ""2015-09-05"", ""previous"": ""2013-01-27"", ""delta_days"": 951}}",2009,2013,http://sickbarberlicks.weebly.com/mirrors.html
3d70a91d-bf40-4501-92e4-812d5aa078d8,Bach's Inventio 13,bach-s-inventio-13,2020-02-22 15:50:23.818238,2023-11-12 18:23:43.208951,"","","",inventio,283,true,5f3ac14d-b297-48ab-81f6-4bcc446ec28b,Bach,,,4,2006-11-24,"{""1995"": 0, ""1996"": 0, ""1997"": 0, ""1998"": 0, ""1999"": 0, ""2000"": 0, ""2001"": 0, ""2002"": 0, ""2003"": 0, ""2004"": 0, ""2005"": 0, ""2006"": 4, ""2007"": 0, ""2008"": 0, ""2009"": 0, ""2010"": 0, ""2011"": 0, ""2012"": 0, ""2013"": 0, ""2014"": 0, ""2015"": 0, ""2016"": 0, ""2017"": 0, ""2018"": 0, ""2019"": 0, ""2020"": 0, ""2021"": 0, ""2022"": 0, ""2023"": 0}","{""0"": {""date"": ""2006-06-16"", ""previous"": null, ""delta_days"": null}, ""6"": {""date"": ""2006-08-26"", ""previous"": ""2006-07-02"", ""delta_days"": 55}, ""7"": {""date"": ""2006-07-02"", ""previous"": ""2006-06-16"", ""delta_days"": 16}, ""21"": {""date"": ""2006-11-24"", ""previous"": ""2006-08-26"", ""delta_days"": 90}}",2006,2006,
228ad26b-4a0e-4992-9693-617577a76919,Gamma Goblins,gamma-goblins,2020-02-22 15:50:23.818238,2024-05-17 18:44:22.236345,"","","The version the Disco Biscuits play is the \""It's Turtles All the Way Down\"" dub remix off of the \""Hallucinogen In Dub\"" album",gamma,282,true,2a4cf776-7f65-4bc7-8c3e-5797404d9665,Hallucinogen,,,9,2024-02-10,"{""1995"": 0, ""1996"": 0, ""1997"": 0, ""1998"": 0, ""1999"": 0, ""2000"": 0, ""2001"": 0, ""2002"": 0, ""2003"": 0, ""2004"": 0, ""2005"": 0, ""2006"": 4, ""2007"": 0, ""2008"": 0, ""2009"": 0, ""2010"": 0, ""2011"": 0, ""2012"": 0, ""2013"": 0, ""2014"": 0, ""2015"": 0, ""2016"": 1, ""2017"": 0, ""2018"": 0, ""2019"": 1, ""2020"": 0, ""2021"": 1, ""2022"": 0, ""2023"": 0, ""2024"": 2}","{""13"": {""date"": ""2006-11-22"", ""previous"": ""2006-11-04"", ""delta_days"": 18}, ""59"": {""date"": ""2021-07-10"", ""previous"": ""2019-07-19"", ""delta_days"": 722}, ""89"": {""date"": ""2019-07-19"", ""previous"": ""2016-12-03"", ""delta_days"": 958}, ""152"": {""date"": ""2024-02-03"", ""previous"": ""2021-07-10"", ""delta_days"": 938}, ""492"": {""date"": ""2016-12-03"", ""previous"": ""2006-12-30"", ""delta_days"": 3626}}",2006,2016,
ae4dbc3b-8a84-4a1c-9fdb-d7f600e41f9f,You Can't Always Get What You Want,you-can-t-always-get-what-you-want,2020-02-22 15:50:23.818238,2023-08-03 05:25:33.646712,"","","",want,286,true,6338b54a-53df-44ed-979a-2554d6078daa,The Rolling Stones,,,2,2006-11-02,"{""1995"": 0, ""1996"": 0, ""1997"": 0, ""1998"": 0, ""1999"": 0, ""2000"": 0, ""2001"": 0, ""2002"": 0, ""2003"": 0, ""2004"": 0, ""2005"": 0, ""2006"": 2, ""2007"": 0, ""2008"": 0, ""2009"": 0, ""2010"": 0, ""2011"": 0, ""2012"": 0, ""2013"": 0, ""2014"": 0, ""2015"": 0, ""2016"": 0, ""2017"": 0, ""2018"": 0, ""2019"": 0, ""2020"": 0, ""2021"": 0, ""2022"": 0, ""2023"": 0}","{""0"": {""date"": ""2006-10-31"", ""previous"": null, ""delta_days"": null}, ""2"": {""date"": ""2006-11-02"", ""previous"": ""2006-10-31"", ""delta_days"": 2}}",2006,2006,
6800c6d3-9a1f-45d8-ba3b-c3550d1c5dd8,Kelly Watch the Stars,kelly-watch-the-stars,2020-02-22 15:50:23.818238,2023-08-19 11:55:31.100673,"","","",kelly,281,true,e4903216-c8e6-4a47-a623-70c42706dd2e,Air,,,5,2007-07-15,"{""1995"": 0, ""1996"": 0, ""1997"": 0, ""1998"": 0, ""1999"": 0, ""2000"": 0, ""2001"": 0, ""2002"": 0, ""2003"": 0, ""2004"": 0, ""2005"": 0, ""2006"": 1, ""2007"": 4, ""2008"": 0, ""2009"": 0, ""2010"": 0, ""2011"": 0, ""2012"": 0, ""2013"": 0, ""2014"": 0, ""2015"": 0, ""2016"": 0, ""2017"": 0, ""2018"": 0, ""2019"": 0, ""2020"": 0, ""2021"": 0, ""2022"": 0, ""2023"": 0}","{""0"": {""date"": ""2006-08-26"", ""previous"": null, ""delta_days"": null}, ""5"": {""date"": ""2007-05-19"", ""previous"": ""2007-04-22"", ""delta_days"": 27}, ""9"": {""date"": ""2007-07-15"", ""previous"": ""2007-06-29"", ""delta_days"": 16}, ""12"": {""date"": ""2007-06-29"", ""previous"": ""2007-05-19"", ""delta_days"": 41}, ""44"": {""date"": ""2007-04-22"", ""previous"": ""2006-08-26"", ""delta_days"": 239}}",2007,2006,
5eb056ac-5f97-44b0-90f9-9cb6dbd713f4,Whip It,whip-it,2020-02-22 15:50:23.818238,2023-08-03 05:25:52.805044,"","","",whipit,284,true,f12ecf62-c667-4162-9345-1693b5bf9df7,Devo,,,5,2006-12-04,"{""1995"": 0, ""1996"": 0, ""1997"": 0, ""1998"": 0, ""1999"": 0, ""2000"": 0, ""2001"": 0, ""2002"": 0, ""2003"": 0, ""2004"": 0, ""2005"": 0, ""2006"": 5, ""2007"": 0, ""2008"": 0, ""2009"": 0, ""2010"": 0, ""2011"": 0, ""2012"": 0, ""2013"": 0, ""2014"": 0, ""2015"": 0, ""2016"": 0, ""2017"": 0, ""2018"": 0, ""2019"": 0, ""2020"": 0, ""2021"": 0, ""2022"": 0, ""2023"": 0}","{""0"": {""date"": ""2006-10-19"", ""previous"": null, ""delta_days"": null}, ""2"": {""date"": ""2006-12-04"", ""previous"": ""2006-11-24"", ""delta_days"": 10}, ""3"": {""date"": ""2006-11-02"", ""previous"": ""2006-10-19"", ""delta_days"": 14}, ""6"": {""date"": ""2006-11-11"", ""previous"": ""2006-11-02"", ""delta_days"": 9}, ""10"": {""date"": ""2006-11-24"", ""previous"": ""2006-11-11"", ""delta_days"": 13}}",2006,2006,
ee6a1b4a-44c4-4682-9482-7db28094700c,Firework,firework,2024-07-05 19:29:42.359136,2024-11-25 12:06:30.803529,"","","",,,true,e29db38d-5b63-4e2c-b5bc-8f4ed3fe1c64,,"","",1,2024-07-04,"{""1995"": 0, ""1996"": 0, ""1997"": 0, ""1998"": 0, ""1999"": 0, ""2000"": 0, ""2001"": 0, ""2002"": 0, ""2003"": 0, ""2004"": 0, ""2005"": 0, ""2006"": 0, ""2007"": 0, ""2008"": 0, ""2009"": 0, ""2010"": 0, ""2011"": 0, ""2012"": 0, ""2013"": 0, ""2014"": 0, ""2015"": 0, ""2016"": 0, ""2017"": 0, ""2018"": 0, ""2019"": 0, ""2020"": 0, ""2021"": 0, ""2022"": 0, ""2023"": 0, ""2024"": 1}","{""0"": {""date"": ""2024-07-04"", ""previous"": null, ""delta_days"": null}}",2024,2024,""
e49004d3-08d6-4f88-b35a-56c7bd3430e7,Liquid Lazer,liquid-lazer,2020-02-22 15:50:23.009469,2024-04-12 01:27:28.951255,"","","Pat And Dex is made up of three parts: <A HREF=\""/songs/pandd.html\"">Pat And Dex</A>, <A HREF=\""/songs/onery.html\"">Onery Funk</A>, and <A HREF=\""/songs/lazer.html\"">Liquid Lazer</A>.  Pat And Dex on a setlist usually implies all three parts played, unless Liquid Lazer is played soon after (i.e. in the same show, or the next night, \""completing\"" the song).",lazer,104,false,80a4c9f3-ad6a-44b6-be64-f1c293217988,Hayflick,,,13,2003-08-31,"{""1995"": 0, ""1996"": 0, ""1997"": 2, ""1998"": 2, ""1999"": 5, ""2000"": 1, ""2001"": 2, ""2002"": 0, ""2003"": 1, ""2004"": 0, ""2005"": 0, ""2006"": 0, ""2007"": 0, ""2008"": 0, ""2009"": 0, ""2010"": 0, ""2011"": 0, ""2012"": 0, ""2013"": 0, ""2014"": 0, ""2015"": 0, ""2016"": 0, ""2017"": 0, ""2018"": 0, ""2019"": 0, ""2020"": 0, ""2021"": 0, ""2022"": 0, ""2023"": 0, ""2024"": 0}","{""43"": {""date"": ""1999-05-05"", ""previous"": ""1999-02-20"", ""delta_days"": 74}, ""54"": {""date"": ""1999-10-19"", ""previous"": ""1999-05-15"", ""delta_days"": 157}, ""126"": {""date"": ""1998-01-24"", ""previous"": ""1997-03-25"", ""delta_days"": 305}, ""156"": {""date"": ""1999-01-22"", ""previous"": ""1998-01-30"", ""delta_days"": 357}, ""226"": {""date"": ""2003-08-31"", ""previous"": ""2001-05-01"", ""delta_days"": 852}}",1999,2000,
7653b4d8-6733-4e55-a56f-a4170b9e251a,Echoes,echoes,2020-02-22 15:50:23.818238,2024-09-16 12:49:21.872853,"","","",echoes,289,true,0613f1fa-e69e-4913-8ca0-f7bb72e5d6ec,Pink Floyd,,,7,2018-12-13,"{""1995"": 0, ""1996"": 0, ""1997"": 0, ""1998"": 0, ""1999"": 0, ""2000"": 0, ""2001"": 0, ""2002"": 0, ""2003"": 0, ""2004"": 0, ""2005"": 0, ""2006"": 3, ""2007"": 2, ""2008"": 0, ""2009"": 0, ""2010"": 0, ""2011"": 0, ""2012"": 0, ""2013"": 1, ""2014"": 0, ""2015"": 0, ""2016"": 0, ""2017"": 0, ""2018"": 1, ""2019"": 0, ""2020"": 0, ""2021"": 0, ""2022"": 0, ""2023"": 0, ""2024"": 0}","{""10"": {""date"": ""2006-11-25"", ""previous"": ""2006-11-12"", ""delta_days"": 13}, ""179"": {""date"": ""2018-12-13"", ""previous"": ""2013-01-25"", ""delta_days"": 2148}, ""374"": {""date"": ""2013-01-25"", ""previous"": ""2007-03-24"", ""delta_days"": 2134}}",2006,2013,
673b4c78-9419-4dec-a8e6-ba133f430f1e,Freebis Slinky,freebis-slinky,2020-02-22 15:50:29.120743,2024-06-13 17:23:42.709275,"","","",freebis,488,false,e29db38d-5b63-4e2c-b5bc-8f4ed3fe1c64,"",,,12,2023-03-11,"{""1995"": 0, ""1996"": 0, ""1997"": 0, ""1998"": 0, ""1999"": 0, ""2000"": 0, ""2001"": 0, ""2002"": 0, ""2003"": 0, ""2004"": 0, ""2005"": 0, ""2006"": 0, ""2007"": 0, ""2008"": 0, ""2009"": 0, ""2010"": 0, ""2011"": 0, ""2012"": 0, ""2013"": 0, ""2014"": 0, ""2015"": 0, ""2016"": 0, ""2017"": 0, ""2018"": 0, ""2019"": 4, ""2020"": 3, ""2021"": 2, ""2022"": 2, ""2023"": 1, ""2024"": 0}","{""7"": {""date"": ""2020-10-30"", ""previous"": ""2020-10-17"", ""delta_days"": 13}, ""9"": {""date"": ""2022-05-08"", ""previous"": ""2022-03-10"", ""delta_days"": 59}, ""14"": {""date"": ""2021-06-18"", ""previous"": ""2021-03-26"", ""delta_days"": 84}, ""34"": {""date"": ""2022-03-10"", ""previous"": ""2021-06-18"", ""delta_days"": 265}, ""46"": {""date"": ""2023-03-11"", ""previous"": ""2022-05-08"", ""delta_days"": 307}}",2019,2023,http://sickbarberlicks.weebly.com/freebis-slinky.html
af72310f-f5ac-4c7f-8958-96064f4f1733,Jam,jam,2020-02-22 15:50:23.009469,2024-12-07 20:15:01.951759,"","","",jam,90,false,,"",,,136,2024-11-14,"{""1995"": 0, ""1996"": 2, ""1997"": 5, ""1998"": 2, ""1999"": 8, ""2000"": 5, ""2001"": 8, ""2002"": 17, ""2003"": 13, ""2004"": 5, ""2005"": 2, ""2006"": 1, ""2007"": 5, ""2008"": 12, ""2009"": 1, ""2010"": 3, ""2011"": 0, ""2012"": 2, ""2013"": 4, ""2014"": 3, ""2015"": 0, ""2016"": 2, ""2017"": 4, ""2018"": 0, ""2019"": 0, ""2020"": 0, ""2021"": 6, ""2022"": 5, ""2023"": 10, ""2024"": 11}","{""69"": {""date"": ""1999-03-22"", ""previous"": ""1998-10-01"", ""delta_days"": 172}, ""77"": {""date"": ""1997-10-31"", ""previous"": ""1997-05-13"", ""delta_days"": 171}, ""102"": {""date"": ""2021-05-14"", ""previous"": ""2017-11-18"", ""delta_days"": 1273}, ""104"": {""date"": ""2009-12-28"", ""previous"": ""2008-12-31"", ""delta_days"": 362}, ""131"": {""date"": ""1998-10-01"", ""previous"": ""1998-01-29"", ""delta_days"": 245}}",2002,2006,
941088b5-079d-4a3c-9cbd-675f0ddd02e0,Afro Blue,afro-blue,2020-02-22 15:50:22.697566,2024-06-17 18:22:25.369653,"",transcibed by Rich Steele<br/><br/>(main riff)<br/><br/>E<br/>B<br/>G<br/>D   10 6 8  6 8 6       10 6 8  6 8 6<br/>A 8               8   8               8<br/>E<br/><br/>E<br/>B<br/>G<br/>D     5                 5<br/>A 6 6   6  4 6 8    6 6   6  4 6 8<br/>E,"",afro,3,true,c8f9a570-b293-4f4b-b245-43f23a70b427,Mongo Santamaria,,,28,2019-04-26,"{""1995"": 1, ""1996"": 1, ""1997"": 6, ""1998"": 8, ""1999"": 6, ""2000"": 1, ""2001"": 1, ""2002"": 1, ""2003"": 1, ""2004"": 1, ""2005"": 0, ""2006"": 0, ""2007"": 0, ""2008"": 0, ""2009"": 0, ""2010"": 0, ""2011"": 0, ""2012"": 0, ""2013"": 0, ""2014"": 0, ""2015"": 0, ""2016"": 0, ""2017"": 0, ""2018"": 0, ""2019"": 1, ""2020"": 0, ""2021"": 0, ""2022"": 0, ""2023"": 0, ""2024"": 0}","{""52"": {""date"": ""1997-07-10"", ""previous"": ""1997-02-13"", ""delta_days"": 147}, ""60"": {""date"": ""1999-01-21"", ""previous"": ""1998-07-20"", ""delta_days"": 185}, ""86"": {""date"": ""2003-10-24"", ""previous"": ""2002-10-20"", ""delta_days"": 369}, ""170"": {""date"": ""2002-10-20"", ""previous"": ""2001-04-03"", ""delta_days"": 565}, ""702"": {""date"": ""2019-04-26"", ""previous"": ""2004-01-12"", ""delta_days"": 5583}}",1998,1995,http://sickbarberlicks.weebly.com/afro-blue.html
28da037b-1ed8-4b0c-929e-6dad551e48ec,Rio,rio,2020-02-22 15:50:29.120743,2024-06-08 19:45:33.760614,"","","",rio,476,true,46edf325-0a60-4687-a5a4-8544cf7d1848,Duran Duran,,,3,2018-12-15,"{""1995"": 0, ""1996"": 0, ""1997"": 0, ""1998"": 0, ""1999"": 0, ""2000"": 0, ""2001"": 0, ""2002"": 0, ""2003"": 0, ""2004"": 0, ""2005"": 0, ""2006"": 0, ""2007"": 0, ""2008"": 0, ""2009"": 0, ""2010"": 0, ""2011"": 0, ""2012"": 0, ""2013"": 0, ""2014"": 0, ""2015"": 0, ""2016"": 0, ""2017"": 1, ""2018"": 2, ""2019"": 0, ""2020"": 0, ""2021"": 0, ""2022"": 0, ""2023"": 0, ""2024"": 0}","{""0"": {""date"": ""2017-12-30"", ""previous"": null, ""delta_days"": null}, ""15"": {""date"": ""2018-12-15"", ""previous"": ""2018-07-13"", ""delta_days"": 155}, ""18"": {""date"": ""2018-07-13"", ""previous"": ""2017-12-30"", ""delta_days"": 195}}",2018,2017,
eaed1ac3-f0c9-4ee9-94ba-6d880398ab9f,Have A Cigar,have-a-cigar,2020-02-22 15:50:22.697566,2024-08-07 23:05:53.663064,"","","",cigar,35,true,0613f1fa-e69e-4913-8ca0-f7bb72e5d6ec,Pink Floyd,,,17,2023-06-07,"{""1995"": 0, ""1996"": 0, ""1997"": 0, ""1998"": 0, ""1999"": 0, ""2000"": 1, ""2001"": 0, ""2002"": 0, ""2003"": 0, ""2004"": 0, ""2005"": 0, ""2006"": 7, ""2007"": 5, ""2008"": 2, ""2009"": 1, ""2010"": 0, ""2011"": 0, ""2012"": 0, ""2013"": 0, ""2014"": 0, ""2015"": 0, ""2016"": 0, ""2017"": 0, ""2018"": 0, ""2019"": 0, ""2020"": 0, ""2021"": 0, ""2022"": 0, ""2023"": 1, ""2024"": 0}","{""33"": {""date"": ""2008-03-14"", ""previous"": ""2007-10-17"", ""delta_days"": 149}, ""40"": {""date"": ""2008-11-03"", ""previous"": ""2008-03-14"", ""delta_days"": 234}, ""51"": {""date"": ""2007-05-17"", ""previous"": ""2006-08-05"", ""delta_days"": 285}, ""378"": {""date"": ""2006-02-25"", ""previous"": ""2000-06-22"", ""delta_days"": 2074}, ""587"": {""date"": ""2023-06-07"", ""previous"": ""2009-02-07"", ""delta_days"": 5233}}",2006,2000,
30dfa725-5989-47dc-8ffb-50dd136de4fd,I Know You Rider,i-know-you-rider,2020-02-22 15:50:23.989311,2024-06-07 18:52:23.848907,"","","",rider,401,true,cb77be37-5de3-492b-830d-c1f111913758,Grateful Dead,,,9,2022-08-14,"{""1995"": 1, ""1996"": 0, ""1997"": 0, ""1998"": 0, ""1999"": 0, ""2000"": 0, ""2001"": 0, ""2002"": 0, ""2003"": 0, ""2004"": 0, ""2005"": 0, ""2006"": 0, ""2007"": 0, ""2008"": 0, ""2009"": 0, ""2010"": 0, ""2011"": 0, ""2012"": 0, ""2013"": 0, ""2014"": 2, ""2015"": 2, ""2016"": 1, ""2017"": 0, ""2018"": 0, ""2019"": 0, ""2020"": 0, ""2021"": 2, ""2022"": 1, ""2023"": 0, ""2024"": 0}","{""23"": {""date"": ""2015-04-17"", ""previous"": ""2014-08-02"", ""delta_days"": 258}, ""33"": {""date"": ""2021-12-31"", ""previous"": ""2021-05-30"", ""delta_days"": 215}, ""164"": {""date"": ""2021-05-30"", ""previous"": ""2016-03-05"", ""delta_days"": 1912}, ""1368"": {""date"": ""2014-07-31"", ""previous"": ""1995-11-09"", ""delta_days"": 6839}}",2021,1995,
33d8ca24-ee27-4886-8306-59f3c455adbe,Get Down on It ,get-down-on-it,2020-02-22 15:50:29.120743,2023-05-19 07:42:19.204009,"","","",getdown,450,true,f9714ece-8039-4d28-a516-dda4b4459670,Kool & the Gang,,,2,2023-02-04,"{""1995"": 0, ""1996"": 0, ""1997"": 0, ""1998"": 0, ""1999"": 0, ""2000"": 0, ""2001"": 0, ""2002"": 0, ""2003"": 0, ""2004"": 0, ""2005"": 0, ""2006"": 0, ""2007"": 0, ""2008"": 0, ""2009"": 0, ""2010"": 0, ""2011"": 0, ""2012"": 0, ""2013"": 0, ""2014"": 0, ""2015"": 1, ""2016"": 0, ""2017"": 0, ""2018"": 0, ""2019"": 0, ""2020"": 0, ""2021"": 0, ""2022"": 0, ""2023"": 1}","{""0"": {""date"": ""2015-10-31"", ""previous"": null, ""delta_days"": null}, ""265"": {""date"": ""2023-02-04"", ""previous"": ""2015-10-31"", ""delta_days"": 2653}}",2023,2015,
3b5b1191-b620-4b3f-a5e1-bbed9acb00bb,You Spin Me Round (Like a Record),you-spin-me-round-like-a-record,2023-04-01 04:43:22.146328,2024-02-29 22:31:21.618291,"","","",,,true,ba995536-178d-4faf-af1b-90882d3013bf,,"","",8,2023-09-24,"{""1995"": 0, ""1996"": 0, ""1997"": 0, ""1998"": 0, ""1999"": 0, ""2000"": 0, ""2001"": 0, ""2002"": 0, ""2003"": 0, ""2004"": 0, ""2005"": 0, ""2006"": 0, ""2007"": 0, ""2008"": 0, ""2009"": 0, ""2010"": 0, ""2011"": 0, ""2012"": 0, ""2013"": 0, ""2014"": 0, ""2015"": 0, ""2016"": 0, ""2017"": 0, ""2018"": 0, ""2019"": 0, ""2020"": 0, ""2021"": 0, ""2022"": 0, ""2023"": 8, ""2024"": 0}","{""3"": {""date"": ""2023-06-08"", ""previous"": ""2023-05-25"", ""delta_days"": 14}, ""4"": {""date"": ""2023-05-05"", ""previous"": ""2023-03-31"", ""delta_days"": 35}, ""5"": {""date"": ""2023-07-22"", ""previous"": ""2023-07-15"", ""delta_days"": 7}, ""11"": {""date"": ""2023-09-24"", ""previous"": ""2023-07-22"", ""delta_days"": 64}, ""15"": {""date"": ""2023-07-15"", ""previous"": ""2023-06-08"", ""delta_days"": 37}}",2023,2023,""
8d3c9384-86a3-4c01-b84c-fc2998f96e31,And We Bid You Goodnight,and-we-bid-you-goodnight,2020-02-22 15:50:29.120743,2024-05-25 17:52:15.442547,"","","",goodnight,432,true,db72fcdf-43ee-471d-abe8-16c3fff66d82,Traditional,,,1,2014-08-02,"{""1995"": 0, ""1996"": 0, ""1997"": 0, ""1998"": 0, ""1999"": 0, ""2000"": 0, ""2001"": 0, ""2002"": 0, ""2003"": 0, ""2004"": 0, ""2005"": 0, ""2006"": 0, ""2007"": 0, ""2008"": 0, ""2009"": 0, ""2010"": 0, ""2011"": 0, ""2012"": 0, ""2013"": 0, ""2014"": 1, ""2015"": 0, ""2016"": 0, ""2017"": 0, ""2018"": 0, ""2019"": 0, ""2020"": 0, ""2021"": 0, ""2022"": 0, ""2023"": 0, ""2024"": 0}","{""0"": {""date"": ""2014-08-02"", ""previous"": null, ""delta_days"": null}}",2014,2014,
4f9aa7d7-f257-4b51-9909-4a387419df88,Camouflage Soul,camouflage-soul,2020-02-22 15:50:23.989311,2024-02-29 00:00:28.461181,"","",First time played on 03/16/2010,camo,402,false,2c0efbda-2ac6-4789-95a4-de69013a617b,"",,,1,2010-03-16,"{""1995"": 0, ""1996"": 0, ""1997"": 0, ""1998"": 0, ""1999"": 0, ""2000"": 0, ""2001"": 0, ""2002"": 0, ""2003"": 0, ""2004"": 0, ""2005"": 0, ""2006"": 0, ""2007"": 0, ""2008"": 0, ""2009"": 0, ""2010"": 1, ""2011"": 0, ""2012"": 0, ""2013"": 0, ""2014"": 0, ""2015"": 0, ""2016"": 0, ""2017"": 0, ""2018"": 0, ""2019"": 0, ""2020"": 0, ""2021"": 0, ""2022"": 0, ""2023"": 0, ""2024"": 0}","{""0"": {""date"": ""2010-03-16"", ""previous"": null, ""delta_days"": null}}",2010,2010,
393227db-46b0-42eb-a6e6-f5d91502e6b7,Once The Fiddler Paid,once-the-fiddler-paid,2020-02-22 15:50:22.856762,2024-09-09 18:15:26.421120,"Summer Sunny day, once the wind blew warm<br/>and the light circled round the sun I saw like a crown<br/>you could feel it in the air, like a not so distant storm<br/>and the silent pause in the wind it seemed<br/>left a magical sound<br/><br/>But now she's gone & I vowed to miss her<br/>days that we spent starry eyed run deep within my soul<br/>And now she's gone & I can't dismiss her<br/>nor can I forget the man who sent me down below<br/><br/>Summer sunny day, once the wind blew cold<br/>and the world had seen a better day all around<br/>my life was ripped away, my business torn & sold<br/>and I found myself in this cell I live<br/>with a clamouring sound<br/><br/>But now she's gone & I vowed to miss her<br/>days that we spent starry eyed run deep within my soul<br/>And now she's gone & I can't dismiss her<br/>nor can I forget the man who sent me down below<br/><br/>Summer sunny day, once the wind blew thorns<br/>and the world had seen a better day all around<br/>you could feel it in the air, like a not so distant storm<br/>and the days once lost but still recalled can be found<br/><br/>Once the fiddler paid, but once was not enough<br/>was all who cornered his misfortune yelled<br/>the fiddler took the blame, the crowd had called his bluff<br/>when all was lost the verdict came to the silence of the crowd<br/><br/>But now she's gone & I vowed to miss her<br/>days that we spent starry eyed run deep within my soul<br/>And now she's gone & I can't dismiss her<br/>nor can I forget the man who sent me down below","VERSION 1<br/>Transcribed by Diechick@AOL.COM<br/><br/>Intro: E<br/><br/>Verse 1: E   A7    (the rhythm and changes are easy to figure out)<br/><br/>1st Chorus:  E  B   C#m  E   G#   A   B<br/>                   E  B   C#m  E   G#   A   C#m<br/><br/>Verse 2: C#m  C   E   G#<br/>              C#m  C  A    B<br/><br/>2nd Chorus:  E  B  C#m  E  G#  A  B   X2<br/>                   Bm<br/><br/>Chords under synth and guitar solo:  D  C#m   Bm   Bb  }  Repeated over and<br/>over<br/>                                                      D  C   E  F#          }<br/><br/>Outro Barber lick (approximate, probably inaccurate, and incomplete...help???<br/>i'm doing this with an acoustic, so bear with me if it sounds like complete<br/>crap on electric.)<br/><br/>Slide up to that first D note from way down on the neck.<br/>There may be a pull off on that 14--11... the slide to the 2nd 14 is a very<br/>short one.<br/>e------------------------------------------------------------------<br/>b----------------------15--------15---14p12------------------------<br/>g------------14--11-------/14-------------------11~----------11----<br/>d----/12------------------------------------------------------12---<br/>a------------------------------------------------------------------<br/>E------------------------------------------------------------------<br/><br/>Repeat that, but cut out the last two quick notes.  Then (and this is<br/>extremely shaky and incomplete)<br/><br/>e---17--17--17---15--13------------10---12---(uhhh)--??--12--??---12/14----<br/>b--------------------------------------------------------------------------<br/>g------------------------------------/11-----------------------------------<br/>d--------------------------------------------------------------------------<br/>a--------------------------------------------------------------------------<br/>E--------------------------------------------------------------------------<br/><br/><br/>=====================<br/><br/>VERSION 2<br/>Transcribed by Slobber Scenario <mrparker@OWLNET.RICE.EDU><br/><br/>Once the Fiddler Paid (from the 12/31/98 version)<br/><br/>Intro:<br/><br/>E<br/><br/>bass riff:<br/>g----------------------------<br/>d---------0-2----0-2---0-2---<br/>a--------2------2-----2------<br/>e----0-----------------------<br/><br/>repeat a lotta times....piano trills on G#/A.......<br/><br/>E                                    A7<br/>Summer sunny day, when the wind blew warm<br/><br/>        E<br/>And the light circled round the sun I saw like a crown<br/><br/>          E                                         A7<br/>You could feel it in the air, like a not-so-distant storm<br/><br/>        E<br/>And the silent pause in the wind, it seemed, left a magical sound<br/><br/>        E                B        C#m<br/>But now she's gone and I vowed to miss her<br/><br/>E/G#      E        G#m             A              B<br/>Days that we spent starry-eyed run deep within my soul<br/><br/>        E                B     C#m<br/>But now she's gone and I can't dismiss her<br/><br/>E/G#    E    G#m             A              C#m<br/>Nor can I forget the man who sent me down below<br/><br/><br/>C#m                                  C<br/>Summer sunny day, when the wind blew cold<br/><br/>        E                                   G#m<br/>And the world had seen its better days all around<br/><br/>                    C#m                       C<br/>My life was ripped away, my business torn and sold<br/><br/>      A                                       B<br/>And I found myself in this cell I live with a clamoring sound<br/><br/>(second chorus same as first, except end on a B chord instead of C#m)<br/><br/>Bm<br/><br/>Keyboard/guitar solo:<br/>D  A  Bm  Bb  D  C  E  F#<br/><br/>(repeat until done)<br/><br/>End guitar solo lick (the chords change every two beats, if that helps):<br/>      D          A           Bm         Bb                    D<br/>e-------------------------------------------------17-17-17-15-14----<br/>b---------15--15-14----14--------15--15-14--------------------------<br/>g-------14--14-----14----14----14--14-----14------------------------<br/>d----/12-------------15----15---------------15----------------------<br/>a----------------------------14-------------------------------------<br/><br/>               C            E     *    F#<br/>e-----------14-12----12-----12---------14----<br/>b------12-15-----------15-12------15-12------<br/>g----14--------------------------------------<br/><br/>(repeat times 4, and the last time, from the * on it's):<br/>          F#<br/>e------12-14----<br/>b----15---------<br/><br/><br/>The F# chord holds, then<br/><br/>B<br/><br/>vamp on B for awhile pre-bass solo.<br/><br/>Bass solo:<br/>                  B                    E7<br/>g------------------------------------------------------------<br/>d---------9-11-11s13---13-16-13--------12--14--12h14p12------<br/>a----/9-11------------------------16-14----------------14----<br/>E------------------------------------------------------------<br/><br/>                A          Bb0                      B<br/>g---------------------------------------------------------<br/>d-----------9-9s11---11-14-11---------9---9-11-9-11s13----<br/>a-------9-11--------------------9h11---11-----------------<br/>E----/12--------------------------------------------------<br/><br/>                  E                    A7<br/>g---------9-11-11s13---13-16-13--------12--14--12h14p12------<br/>d----/9-11------------------------16-14----------------14----<br/>a------------------------------------------------------------<br/>                         Bbo                                     B<br/>g------------------12-14-12--15--12h15p12------------------12-14-16---<br/>d-----------12-14-----------------------14----------12-14-------------<br/>a----12h14-----------------------------------12h13--------------------<br/><br/>(t indicates a trill)<br/><br/>g----13------------<br/>d------16-13t14----<br/>a------------------<br/><br/>Second guitar solo:<br/>E  A7  E<br/>(repeat until done)<br/><br/>End second guitar solo melody (the chorus vocal melody played on guitar) :<br/>                                      *<br/>               E     B      C#m E     G#m      A      B<br/>e----4-4-4---7-4----------4-----------4-4-4--4---------------<br/>b------------------5-5h7---5-------5-7--------7b--7-5-5h7----<br/>g-------------------4-------6---4-6------------------6-------<br/>     And       gone  vowed  her days  starry  deep    soul<br/><br/>repeat, and the second time from * play:<br/>     G#m       A        C#m<br/>e----4-4--------------------<br/>b----------7-5-8---8-7-5----<br/>g-----------------------6---<br/><br/>             C#m                     C<br/>Summer sunny day, when the wind blew thorns<br/><br/>        E                                  G#m<br/>And the world had seen its better days all around<br/><br/>                         C#m                        C<br/>You could feel it in the air, like a not-so-distant storm<br/><br/>        E                                        E0<br/>And the days once lost but still recalled can be found<br/><br/>                 C#m                     C<br/>Once the fiddler paid, but once was not enough<br/><br/>    E                               E0<br/>Was all who cornered his misfortune yelled<br/><br/>                     C#m                             C<br/>The fiddler took the blame, the crowd had called his bluff<br/><br/>     A                                    B<br/>When all was lost the verdict came to the silence of the crowd<br/><br/>(third chorus same as second)<br/><br/>End:<br/>Bm-B-E","",fiddler,60,false,4338604b-38e0-432c-855b-bcd9091d4409,Jon Gutwillig,,,124,2024-09-07,"{""1995"": 0, ""1996"": 0, ""1997"": 0, ""1998"": 15, ""1999"": 31, ""2000"": 6, ""2001"": 5, ""2002"": 10, ""2003"": 5, ""2004"": 2, ""2005"": 1, ""2006"": 4, ""2007"": 4, ""2008"": 2, ""2009"": 6, ""2010"": 3, ""2011"": 2, ""2012"": 3, ""2013"": 2, ""2014"": 2, ""2015"": 4, ""2016"": 3, ""2017"": 2, ""2018"": 3, ""2019"": 0, ""2020"": 0, ""2021"": 4, ""2022"": 1, ""2023"": 3, ""2024"": 1}","{""46"": {""date"": ""2007-07-17"", ""previous"": ""2006-12-07"", ""delta_days"": 222}, ""56"": {""date"": ""2021-04-20"", ""previous"": ""2018-12-31"", ""delta_days"": 841}, ""57"": {""date"": ""2009-04-18"", ""previous"": ""2008-06-11"", ""delta_days"": 311}, ""61"": {""date"": ""2010-05-28"", ""previous"": ""2009-10-01"", ""delta_days"": 239}, ""91"": {""date"": ""2024-09-07"", ""previous"": ""2023-06-16"", ""delta_days"": 449}}",1999,2005,http://sickbarberlicks.weebly.com/once-the-fiddler-paid.html
895f77a0-6948-48d3-8437-af6db563fdf2,Radiator,radiator,2020-02-22 15:50:23.147147,2024-04-26 12:07:52.929896,"Radiator!<br/>Why you make me feel so crazy?<br/><br/>Radiator!<br/>Why you make me feel lazy?<br/><br/>Radiator!<br/>Why you make me feel sad?<br/><br/>Radiator! <br/>Gonna drive you mad.<br/>Gonna drive you mad.<br/><br/>Radiator!<br/>Why you make me feel insane?<br/><br/>Radiator!<br/>While you sit and fry your brain.<br/><br/>Radiator!<br/>Why you giving off that heat?<br/><br/>Radiator! <br/>And keep me warm and off my feet.<br/><br/>As the heat goes out and the pipes go down,<br/>You must still decide who's your educator.<br/>And as time goes by and the hits go round,<br/>You must free your mind on the radiator.","","",radiator,146,false,e2397ce3-857e-425f-925e-1cb30de780d7,Marc Brownstein,,,90,2018-12-08,"{""1995"": 1, ""1996"": 17, ""1997"": 19, ""1998"": 18, ""1999"": 18, ""2000"": 4, ""2001"": 5, ""2002"": 4, ""2003"": 1, ""2004"": 0, ""2005"": 0, ""2006"": 0, ""2007"": 0, ""2008"": 0, ""2009"": 0, ""2010"": 0, ""2011"": 0, ""2012"": 0, ""2013"": 1, ""2014"": 1, ""2015"": 0, ""2016"": 0, ""2017"": 0, ""2018"": 1, ""2019"": 0, ""2020"": 0, ""2021"": 0, ""2022"": 0, ""2023"": 0, ""2024"": 0}","{""32"": {""date"": ""1997-07-13"", ""previous"": ""1997-05-10"", ""delta_days"": 64}, ""51"": {""date"": ""2001-10-31"", ""previous"": ""2001-04-27"", ""delta_days"": 187}, ""77"": {""date"": ""2003-08-31"", ""previous"": ""2002-10-22"", ""delta_days"": 313}, ""147"": {""date"": ""2018-12-08"", ""previous"": ""2014-02-22"", ""delta_days"": 1750}, ""549"": {""date"": ""2013-08-31"", ""previous"": ""2003-08-31"", ""delta_days"": 3653}}",1997,1995,http://sickbarberlicks.weebly.com/radiator.html
6bcc3acf-5ddc-4994-a785-efd1b8f51058,Big Wrecking Ball,big-wrecking-ball,2020-02-22 15:50:23.989311,2024-02-29 00:02:10.598304,"<p>Canâ€™t stop youâ€™re taking over<br/>Your blues donâ€™t matter til your days are through<br/>And they push their little fingers on you baby<br/>Itâ€™s just their way of checking if itâ€™s really you<br/>And we know youâ€™re gonna fire rise on a mission<br/>The tabloids talking but you donâ€™t listen<br/>A high-class kick-ass big splash success<br/>Now everybody wants to be just like you<br/><br/>They say that youâ€™re so crazy<br/>But youâ€™re big time, big time baby<br/>The world is ending maybe<br/>But youâ€™re big time, big time baby<br/><br/>I feel high cause the day is long<br/>And you wanna get some and it wonâ€™t be long<br/>Youâ€™re a big wrecking ball when you come on through<br/>And thereâ€™s no one else out there make it quite so cool<br/>So you wanna come cry on my shoulder baby<br/>We all freak out our bodies in cages<br/>If you wanna get wild and shine like the dew<br/>Cause everybody wants to get a piece of you</p>","","",wrecking,405,false,4338604b-38e0-432c-855b-bcd9091d4409,"",,,6,2010-08-26,"{""1995"": 0, ""1996"": 0, ""1997"": 0, ""1998"": 0, ""1999"": 0, ""2000"": 0, ""2001"": 0, ""2002"": 0, ""2003"": 0, ""2004"": 0, ""2005"": 0, ""2006"": 0, ""2007"": 0, ""2008"": 0, ""2009"": 0, ""2010"": 6, ""2011"": 0, ""2012"": 0, ""2013"": 0, ""2014"": 0, ""2015"": 0, ""2016"": 0, ""2017"": 0, ""2018"": 0, ""2019"": 0, ""2020"": 0, ""2021"": 0, ""2022"": 0, ""2023"": 0, ""2024"": 0}","{""3"": {""date"": ""2010-06-09"", ""previous"": ""2010-06-04"", ""delta_days"": 5}, ""6"": {""date"": ""2010-04-23"", ""previous"": ""2010-04-16"", ""delta_days"": 7}, ""8"": {""date"": ""2010-08-26"", ""previous"": ""2010-06-09"", ""delta_days"": 78}, ""9"": {""date"": ""2010-04-16"", ""previous"": ""2010-03-16"", ""delta_days"": 31}, ""11"": {""date"": ""2010-06-04"", ""previous"": ""2010-04-23"", ""delta_days"": 42}}",2010,2010,http://sickbarberlicks.weebly.com/big-wrecking-ball.html
9547d4d5-0e84-454a-81fc-64300b0039db,Gangster,gangster,2020-02-22 15:50:23.818238,2024-11-05 20:08:59.894200,"","","This song originated from the 12/29/02 Techno I-Man intro jam. This particular I-Man is traditionally known as the ""Gangster I-Man"" and the jam is found on Trancefusion Radio Broadcast #2 under the track title ""Gangster Jam"". 


Up until the Starland run in February of 2007, this jam was never played again. It was teased in the 12/29/04 Basis for a Day intro jam, but a ""full"" version was never played. It was included on the wheel at Starland and was eventually landed on (thanks Julia!) which lead to its revival.",gangster,304,false,4338604b-38e0-432c-855b-bcd9091d4409,The Disco Biscuits,,,80,2024-07-14,"{""1995"": 0, ""1996"": 0, ""1997"": 0, ""1998"": 0, ""1999"": 0, ""2000"": 0, ""2001"": 0, ""2002"": 1, ""2003"": 0, ""2004"": 0, ""2005"": 0, ""2006"": 0, ""2007"": 10, ""2008"": 1, ""2009"": 15, ""2010"": 8, ""2011"": 3, ""2012"": 1, ""2013"": 2, ""2014"": 4, ""2015"": 4, ""2016"": 2, ""2017"": 6, ""2018"": 4, ""2019"": 2, ""2020"": 2, ""2021"": 5, ""2022"": 1, ""2023"": 7, ""2024"": 2}","{""27"": {""date"": ""2019-11-23"", ""previous"": ""2018-12-29"", ""delta_days"": 329}, ""33"": {""date"": ""2024-07-14"", ""previous"": ""2024-02-07"", ""delta_days"": 158}, ""52"": {""date"": ""2023-02-01"", ""previous"": ""2022-03-04"", ""delta_days"": 334}, ""68"": {""date"": ""2008-12-28"", ""previous"": ""2007-11-01"", ""delta_days"": 423}, ""216"": {""date"": ""2007-02-15"", ""previous"": ""2002-12-29"", ""delta_days"": 1509}}",2009,2002,http://sickbarberlicks.weebly.com/gangster.html
62a0961d-f867-428d-96c5-f4855fba3d5a,Fish Out of Water,fish-out-of-water,2020-02-22 15:50:23.989311,2024-02-29 00:04:59.748445,"<p>I survived a Disco show and walked into a dream<br/>Left the club got in my car, stopped to get a magazine<br/>So I walked into another time, a black and white movie screen<br/>So much pressure we create a diamond, that&#x27;s when you appear<br/><br/>(Chorus x2)<br/><br/>Just like a fish out of water<br/>Whose your pretty daughter?<br/>She&#x27;s gonna make a rebel out of me<br/><br/>I&#x27;ve been up and I&#x27;ve been down and somewhere in between<br/>And I&#x27;ve climbed a thousand mountain tops, just to feel serene<br/>I&#x27;ve been drunk and on the run from creatures in my dream<br/>I want to know, I&#x27;m bad, I&#x27;m good it&#x27;s all, it&#x27;s all the same to me<br/><br/>(Chorus x2)<br/><br/>Just like a fish out of water<br/>Whose your pretty daughter?<br/>She&#x27;s gonna make a rebel out of me<br/><br/>*Instrumental Section*<br/><br/>(Chorus x5)<br/><br/>Just like a fish out of water<br/>Whose your pretty daughter?<br/>She&#x27;s gonna make a rebel out of me </p>","","",fish,385,false,4338604b-38e0-432c-855b-bcd9091d4409,"Jon Gutwillig, Harry Zelnick & Alex Chig",,,8,2010-06-04,"{""1995"": 0, ""1996"": 0, ""1997"": 0, ""1998"": 0, ""1999"": 0, ""2000"": 0, ""2001"": 0, ""2002"": 0, ""2003"": 0, ""2004"": 0, ""2005"": 0, ""2006"": 0, ""2007"": 0, ""2008"": 0, ""2009"": 4, ""2010"": 4, ""2011"": 0, ""2012"": 0, ""2013"": 0, ""2014"": 0, ""2015"": 0, ""2016"": 0, ""2017"": 0, ""2018"": 0, ""2019"": 0, ""2020"": 0, ""2021"": 0, ""2022"": 0, ""2023"": 0, ""2024"": 0}","{""3"": {""date"": ""2009-12-12"", ""previous"": ""2009-11-28"", ""delta_days"": 14}, ""7"": {""date"": ""2010-04-25"", ""previous"": ""2010-04-17"", ""delta_days"": 8}, ""9"": {""date"": ""2010-06-04"", ""previous"": ""2010-04-25"", ""delta_days"": 40}, ""10"": {""date"": ""2010-04-17"", ""previous"": ""2010-03-16"", ""delta_days"": 32}, ""16"": {""date"": ""2010-03-16"", ""previous"": ""2009-12-12"", ""delta_days"": 94}}",2010,2009,http://sickbarberlicks.weebly.com/fish-out-of-water.html
551338d3-26bd-4c81-973d-696089b0212d,Abraxas,abraxas,2020-02-22 15:50:23.818238,2024-09-20 23:40:04.652427,"","","",abraxas,271,false,e2397ce3-857e-425f-925e-1cb30de780d7,"","<p><em><strong>Dragons Don’t Eat Onions</strong></em></p><p></p><p>Supposedly named for the famous coffee and cannabis shop in Amsterdam (and not the Santana album) that the band visited during Jam in the Dam 06, Abraxas was debuted as part of the three day Wind at Four to Fly release party at Higher Ground in April 2006. Abraxas features intricate riffs and chilling atmospheric synths, possibly the most musically complex and challenging of the instrumentals that debuted in the early 2.0 period.</p><p></p><p>The song was consistently played as a jamless standalone through the spring of 06, with little to no variation in versions. The earliest version of note was played 6/24/06, during the Biscuits’ first visit to Starscape; it was segued into out of the composition of Rock Candy in a “DJ” style segue, played in full, and outro’d into the end of Rock Candy. The second night of Camp Bisco V, 8/26/06, featured the first properly jammed out Abraxas.</p><p></p><p>Abraxas became more of a jam vehicle in the fall of 2006. 11/1/06 features the first inversion of Abraxas, and the overwhelming majority of future versions would be played in this format (only one of the six Abraxases played in fall 2006 was not inverted). Abraxas was played standalone a couple of times in early 07, somewhat regressively, but by the summer and especially fall it had become a full-fledged powerhouse. The unfinished Abraxas opener from the Tractorbeam show 6/26/07 at the Chameleon Club stands as a spectacular achievement in patient, atmospheric jamming. The fall tour produced such spectacular versions as 10/23/07 and 11/3/07, both considered some of the best ever.</p><p></p><p>Abraxas remained strong throughout the 2.0 era. 1/17/08 and 7/18/08 stand out as particularly strong 08 versions. Somewhat overlooked is 4/3/08, which is also noteworthy as the only split-up Abraxas. The song flourished in 09 especially, with 1/18/09, 1/31/09, 4/20/09, 6/6/09, and 12/26/09 all highly regarded versions. Also of note is 11/20/09, the last Abraxas ever played as a standalone. Abraxas was less consistent in 2010, but this history would be incomplete without a mention of 7/16/10, a fantastic version whose notoriety is in part based on the introduction of lasers to the Biscuits’ light rig.</p><p></p><p>In 2009 Phantasy Tour users wrote lyrics for the song. To date, the band has not performed these lyrics.</p><p></p><p>Abraxas has remained a staple of the band’s catalog since its debut and beyond the setbreak era. Because of the complicated main riffs, the song is something of a bellwether for the overall state of the band (and especially Barber). After a few excellent versions in 2014 (8/1/14 and 12/31/14 are both must-hear) the song fell into the once-or-twice-a-year category until 2017 when it reentered the powerhouse category on 2/2/17 during the famous “Biscuits Are Coming Home” set. Since then it has remained a strong jam vehicle, with excellent inverted versions played on 11/3/18, 5/24/19, and 12/27/19, and, probably best of them all, a rare set-opening unfinished version (a la 6/26/07) on 3/4/22.</p>",Dragons Don’t Eat Onions,107,2024-09-08,"{""1995"": 0, ""1996"": 0, ""1997"": 0, ""1998"": 0, ""1999"": 0, ""2000"": 0, ""2001"": 0, ""2002"": 0, ""2003"": 0, ""2004"": 0, ""2005"": 0, ""2006"": 18, ""2007"": 15, ""2008"": 8, ""2009"": 12, ""2010"": 6, ""2011"": 5, ""2012"": 2, ""2013"": 2, ""2014"": 3, ""2015"": 1, ""2016"": 2, ""2017"": 4, ""2018"": 4, ""2019"": 4, ""2020"": 2, ""2021"": 5, ""2022"": 5, ""2023"": 6, ""2024"": 3}","{""23"": {""date"": ""2023-10-24"", ""previous"": ""2023-07-11"", ""delta_days"": 105}, ""24"": {""date"": ""2016-08-18"", ""previous"": ""2015-12-03"", ""delta_days"": 259}, ""26"": {""date"": ""2024-09-08"", ""previous"": ""2024-04-06"", ""delta_days"": 155}, ""33"": {""date"": ""2010-06-02"", ""previous"": ""2010-01-28"", ""delta_days"": 125}, ""43"": {""date"": ""2009-11-20"", ""previous"": ""2009-06-24"", ""delta_days"": 149}}",2006,2015,http://sickbarberlicks.weebly.com/abraxas.html
2f05ac74-3ced-45ec-af6a-19bbec6404cc,Uber Glue,uber-glue,2020-02-22 15:50:23.989311,2024-11-25 12:06:40.070713,"","","",uber,353,false,e29db38d-5b63-4e2c-b5bc-8f4ed3fe1c64,"",,,50,2024-07-04,"{""1995"": 0, ""1996"": 0, ""1997"": 0, ""1998"": 0, ""1999"": 0, ""2000"": 0, ""2001"": 0, ""2002"": 0, ""2003"": 0, ""2004"": 0, ""2005"": 0, ""2006"": 0, ""2007"": 0, ""2008"": 3, ""2009"": 24, ""2010"": 7, ""2011"": 2, ""2012"": 0, ""2013"": 0, ""2014"": 2, ""2015"": 0, ""2016"": 1, ""2017"": 0, ""2018"": 1, ""2019"": 0, ""2020"": 0, ""2021"": 0, ""2022"": 2, ""2023"": 6, ""2024"": 2}","{""58"": {""date"": ""2018-10-19"", ""previous"": ""2016-12-29"", ""delta_days"": 659}, ""60"": {""date"": ""2014-01-23"", ""previous"": ""2011-08-23"", ""delta_days"": 884}, ""151"": {""date"": ""2022-10-28"", ""previous"": ""2018-10-19"", ""delta_days"": 1470}}",2009,2016,http://sickbarberlicks.weebly.com/uber-glue.html
e38becc5-6abe-4b9c-9cfa-746dd804f113,Float Like A Butterfly,float-like-a-butterfly,2020-02-22 15:50:22.856762,2024-02-29 00:05:27.431970,"","","",flab,61,false,4338604b-38e0-432c-855b-bcd9091d4409,The Disco Biscuits,,,1,2001-12-02,"{""1995"": 0, ""1996"": 0, ""1997"": 0, ""1998"": 0, ""1999"": 0, ""2000"": 0, ""2001"": 1, ""2002"": 0, ""2003"": 0, ""2004"": 0, ""2005"": 0, ""2006"": 0, ""2007"": 0, ""2008"": 0, ""2009"": 0, ""2010"": 0, ""2011"": 0, ""2012"": 0, ""2013"": 0, ""2014"": 0, ""2015"": 0, ""2016"": 0, ""2017"": 0, ""2018"": 0, ""2019"": 0, ""2020"": 0, ""2021"": 0, ""2022"": 0, ""2023"": 0, ""2024"": 0}","{""0"": {""date"": ""2001-12-02"", ""previous"": null, ""delta_days"": null}}",2001,2001,
357a61e7-b1c2-4f9d-bb8f-599315fadef8,Hibbage,hibbage,2020-02-22 15:50:22.856762,2024-02-29 00:06:17.485015,<p>(lyrics transcribed by Bill Synott)<br/><br/>When I woke up this morning I found that I&#x27;d been robbed<br/>They took my car and thirty pounds of weed<br/>I wondered what they want with my headies anyway<br/>It&#x27;s not like I got it for next to nothing<br/>I find another friend and borrow his new car<br/>Cause there&#x27;s only two things that really matter<br/>I&#x27;ll give you two guesses to tell me what they are<br/>One of them grows and the other one sounds like...<br/><br/>Walk into the room at the ?? awards<br/>She tried to fix them by herself<br/>As if her friends had taught her everything<br/>There was only one thing that she really wanted<br/>She always liked sports but her middle name was jane<br/>She never really cared if she passed her classes <br/>Never gave a thought there could ever be world peace<br/>So we just sit back and spend the time with you...<br/><br/></p>,"","",hibbage,76,false,4338604b-38e0-432c-855b-bcd9091d4409,"",,,2,2002-04-22,"{""1995"": 0, ""1996"": 0, ""1997"": 0, ""1998"": 0, ""1999"": 0, ""2000"": 0, ""2001"": 0, ""2002"": 2, ""2003"": 0, ""2004"": 0, ""2005"": 0, ""2006"": 0, ""2007"": 0, ""2008"": 0, ""2009"": 0, ""2010"": 0, ""2011"": 0, ""2012"": 0, ""2013"": 0, ""2014"": 0, ""2015"": 0, ""2016"": 0, ""2017"": 0, ""2018"": 0, ""2019"": 0, ""2020"": 0, ""2021"": 0, ""2022"": 0, ""2023"": 0, ""2024"": 0}","{""0"": {""date"": ""2002-04-20"", ""previous"": null, ""delta_days"": null}, ""1"": {""date"": ""2002-04-22"", ""previous"": ""2002-04-20"", ""delta_days"": 2}}",2002,2002,http://sickbarberlicks.weebly.com/hibbage.html
bdb31a1a-3f35-4cb8-b811-c2a73eb5ace7,Rocket Science,rocket-science,2020-02-22 15:50:29.120743,2024-06-13 17:21:55.355472,"","","",rocketsci,485,false,e29db38d-5b63-4e2c-b5bc-8f4ed3fe1c64,"",,,10,2021-07-16,"{""1995"": 0, ""1996"": 0, ""1997"": 0, ""1998"": 0, ""1999"": 0, ""2000"": 0, ""2001"": 0, ""2002"": 0, ""2003"": 0, ""2004"": 0, ""2005"": 0, ""2006"": 0, ""2007"": 0, ""2008"": 0, ""2009"": 0, ""2010"": 0, ""2011"": 0, ""2012"": 0, ""2013"": 0, ""2014"": 0, ""2015"": 0, ""2016"": 0, ""2017"": 0, ""2018"": 0, ""2019"": 5, ""2020"": 1, ""2021"": 4, ""2022"": 0, ""2023"": 0, ""2024"": 0}","{""4"": {""date"": ""2021-07-16"", ""previous"": ""2021-06-25"", ""delta_days"": 21}, ""6"": {""date"": ""2019-12-30"", ""previous"": ""2019-12-12"", ""delta_days"": 18}, ""7"": {""date"": ""2020-10-16"", ""previous"": ""2019-12-30"", ""delta_days"": 291}, ""10"": {""date"": ""2021-02-05"", ""previous"": ""2020-10-16"", ""delta_days"": 112}, ""15"": {""date"": ""2021-06-04"", ""previous"": ""2021-02-05"", ""delta_days"": 119}}",2019,2020,http://sickbarberlicks.weebly.com/rocket-science.html
a628964e-3a03-4424-ade1-f2da1134b4cb,Digital Buddha,digital-buddha,2020-02-22 15:50:22.697566,2024-11-25 12:13:28.710592,"<p>Digital Buddha&#x27;s coming for you.<br/>With a big old belly and a Fu Manchu.<br/><br/>Gone tomorrow, here today.<br/><br/>Cascade to the rhythms,<br/>Open up your mind.<br/>Cut loose from the furious snakes<br/>Unwind.<br/>Twister in the wind<br/>As we sail through the skies.<br/>Before you mass produce<br/>And digitize.<br/><br/>Rewind to the days of forgotten lore<br/>Take heed what the wise all had in store<br/>Count this time<br/>Nobody recognize<br/>That we&#x27;re all mass produced<br/>and digitized<br/><br/>In the shadow of the digital buddha are the countless wise<br/>To bring you inspiration that you cannot buy.<br/>In the shadow of the digital buddha are the countless wise<br/>To lift our generation to the highest high.</p>","","",buddha,28,false,a827e021-ab19-4d94-9aa8-6097e0fba28b,Aron Magner,,"Gone tomorrow, here today ",189,2024-11-08,"{""1995"": 0, ""1996"": 0, ""1997"": 0, ""1998"": 0, ""1999"": 0, ""2000"": 0, ""2001"": 0, ""2002"": 14, ""2003"": 15, ""2004"": 5, ""2005"": 3, ""2006"": 16, ""2007"": 16, ""2008"": 9, ""2009"": 23, ""2010"": 11, ""2011"": 7, ""2012"": 2, ""2013"": 3, ""2014"": 3, ""2015"": 3, ""2016"": 3, ""2017"": 5, ""2018"": 6, ""2019"": 4, ""2020"": 3, ""2021"": 9, ""2022"": 8, ""2023"": 11, ""2024"": 10}","{""16"": {""date"": ""2014-09-26"", ""previous"": ""2014-01-26"", ""delta_days"": 243}, ""17"": {""date"": ""2008-04-25"", ""previous"": ""2008-03-21"", ""delta_days"": 35}, ""18"": {""date"": ""2011-04-16"", ""previous"": ""2010-10-31"", ""delta_days"": 167}}",2009,2012,http://www.sickbarberlicks.net/digitalbuddha.html
399d2eff-14d9-4184-819d-a17781f2e378,Goodbye Stranger,goodbye-stranger,2020-02-22 15:50:23.989311,2024-11-03 04:13:28.002773,"","","",stranger,342,true,e8e1f0cf-a0ef-4efa-a652-10501f6f6fb5,Supertramp,,,2,2008-06-11,"{""1995"": 0, ""1996"": 0, ""1997"": 0, ""1998"": 0, ""1999"": 0, ""2000"": 0, ""2001"": 0, ""2002"": 0, ""2003"": 0, ""2004"": 0, ""2005"": 0, ""2006"": 0, ""2007"": 0, ""2008"": 2, ""2009"": 0, ""2010"": 0, ""2011"": 0, ""2012"": 0, ""2013"": 0, ""2014"": 0, ""2015"": 0, ""2016"": 0, ""2017"": 0, ""2018"": 0, ""2019"": 0, ""2020"": 0, ""2021"": 0, ""2022"": 0, ""2023"": 0, ""2024"": 0}","{""0"": {""date"": ""2008-06-06"", ""previous"": null, ""delta_days"": null}, ""4"": {""date"": ""2008-06-11"", ""previous"": ""2008-06-06"", ""delta_days"": 5}}",2008,2008,
bc4de811-f9bc-4c47-84d0-fdbc68c6bba3,Monster,monster,2023-05-30 16:26:29.380113,2024-11-25 12:06:41.982128,"","","",,,false,e29db38d-5b63-4e2c-b5bc-8f4ed3fe1c64,,"","",9,2024-08-28,"{""1995"": 0, ""1996"": 0, ""1997"": 0, ""1998"": 0, ""1999"": 0, ""2000"": 0, ""2001"": 0, ""2002"": 0, ""2003"": 0, ""2004"": 0, ""2005"": 0, ""2006"": 0, ""2007"": 0, ""2008"": 0, ""2009"": 0, ""2010"": 0, ""2011"": 0, ""2012"": 0, ""2013"": 0, ""2014"": 0, ""2015"": 0, ""2016"": 0, ""2017"": 0, ""2018"": 0, ""2019"": 0, ""2020"": 0, ""2021"": 0, ""2022"": 2, ""2023"": 1, ""2024"": 6}","{""9"": {""date"": ""2024-03-14"", ""previous"": ""2024-02-07"", ""delta_days"": 36}, ""10"": {""date"": ""2024-04-06"", ""previous"": ""2024-03-14"", ""delta_days"": 23}, ""11"": {""date"": ""2024-02-02"", ""previous"": ""2023-10-28"", ""delta_days"": 97}, ""12"": {""date"": ""2024-08-28"", ""previous"": ""2024-07-04"", ""delta_days"": 55}, ""109"": {""date"": ""2023-10-28"", ""previous"": ""2022-03-12"", ""delta_days"": 595}}",2024,2023,""
2391fd52-16f9-4780-b0b7-8d0ef118810d,Buy The Time,buy-the-time,2023-06-09 03:06:22.793922,2024-11-25 15:32:52.685712,"<p>Buy The Time </p><p></p><p>VERSE 1</p><p>Empty rooms are a lonely place</p><p>Empty rooms and i wanna fill them up with things</p><p>that i told you about </p><p>Caught a break just to see your face</p><p>Lucky break and it all comes tumblin down on me</p><p>this i told you about </p><p></p><p>CHORUS</p><p>You taught me all your lessons, ill teach you mine</p><p>If you can find the time, we can buy the time </p><p>And will you get the message, i see you try</p><p>If you can find the time, we can buy the time</p><p>Yeah</p><p></p><p>VERSE 2</p><p>Another day staring out the window</p><p>watch the birds taking flight</p><p>so inspired by the planes in sky </p><p>and the cars down below</p><p>Life’s a song and we control the tempo</p><p>Lifes a song we can write</p><p>You and I will find the perfect rhymes</p><p>Wherever we go </p><p></p><p>CHORUS</p><p></p><p>BRIDGE</p><p>We don’t wanna grow old</p><p>Never wanna grow old</p><p></p><p>CHORUS x2 (end melody)</p>","","",,,false,e8fab4d7-bf21-4dac-b57e-fb2548411589,,"","",24,2024-11-24,"{""1995"": 0, ""1996"": 0, ""1997"": 0, ""1998"": 0, ""1999"": 0, ""2000"": 0, ""2001"": 0, ""2002"": 0, ""2003"": 0, ""2004"": 0, ""2005"": 0, ""2006"": 0, ""2007"": 0, ""2008"": 0, ""2009"": 0, ""2010"": 0, ""2011"": 0, ""2012"": 0, ""2013"": 0, ""2014"": 0, ""2015"": 0, ""2016"": 0, ""2017"": 0, ""2018"": 0, ""2019"": 0, ""2020"": 0, ""2021"": 0, ""2022"": 0, ""2023"": 15, ""2024"": 9}","{""9"": {""date"": ""2024-02-09"", ""previous"": ""2024-01-26"", ""delta_days"": 14}, ""11"": {""date"": ""2024-09-05"", ""previous"": ""2024-07-12"", ""delta_days"": 55}, ""14"": {""date"": ""2024-11-07"", ""previous"": ""2024-09-05"", ""delta_days"": 63}, ""17"": {""date"": ""2024-07-12"", ""previous"": ""2024-03-30"", ""delta_days"": 104}}",2023,2024,""
7e15f8c7-4e40-49ef-9dde-a9896264fe30,Haleakala Crater,haleakala-crater,2020-02-22 15:50:29.120743,2024-06-30 19:31:28.984868,"To the islands where I go,<br/>To find my creator.<br/>Haleakala Crater,<br/>Wait for the sun.<br/><br/>The morning it crept on,<br/>the sky clear for day,<br/>the wind blew by slowly,<br/>the rivers were dry.<br/><br/>Up with my feet as I<br/> walked on the mountain,<br/>a staff laid out before me<br/> and plenty of time.<br/><br/>Barley, the sun rose,<br/>peeked above the crator,<br/>the light hit the stars now,<br/>and lit up the sky<br/><br/>Up came the heat,<br/>as I walked on the mountain,<br/>my legs trembled before me, <br/>I did not know why.","Halekala Crater by Jon Gutwillig<br/>Tabbed by Tj Grace<br/><br/>*harmonics<br/>^bend<br/><br/>Intro: <br/><br/>E-10--10-12h14p12--------|-10-10-12h14p12---------|-10-10-10-------------10--10-10<br/>B---12-------------------|---12-------------------|---12------12p10h12---12----<br/>G------------------------|------------------------|-------------------------<br/>D------------------------|------------------------|-------------------------<br/>A------------------------|------------------------|-------------------------<br/>E------------------------|------------------------|-------------------------<br/><br/><br/>Verse Riff: 00:40<br/>E---------------|-----------------------------<br/>B---10-7---x3---|------------12-9------12---<br/>G--7----9-7-----|-7/9-9---9------11--9--9--<br/>D-7-------------|7----9--9----------9-------<br/>A---------------|-----------------------------<br/>E---------------|------------------------------<br/><br/>then I just start noodling around on this pattern and then it goes into a <br/>little jam or guitar solo. The key switches a little from D to G I believe (I <br/>use E mixolydian then to a D major I think). Use this as a basis..<br/><br/>E--17-16-14---------------- E Mix        <br/>B---------------17-15-14--------          <br/>G----------------------------16-14-13   <br/><br/>The next time it breaks down at 6:20 is kinda tricky. I Just play a little <br/>solo in D at that point, then it goes back forth into some tension thing. All <br/>I really know is the riff he plays towards the end before the insanity <br/>starts. Goes like this..<br/><br/>E---------------------------------<br/>B-9-----10-9----9---------------<br/>G--11-9-----11---11-9--11-9--<br/>D----------------------------------<br/>A----------------------------------<br/>E----------------------------------<br/><br/>When at around 9:00 minutes I play it up here and really fast<br/>E16----17-16--16----------repeat-|-161616-1717117-191919-2121212121<br/>B--19-17----19--19-17-16---------|--------<br/><br/>then<br/>E<br/>B<br/>G-6/8/11/9<br/>D-x/x/x/-x<br/>A-4/6/9/-7<br/>E<br/><br/>at 9:35 he actually plays this riff again (at a diff location think)<br/><br/>E16----17-16--16--------<br/>B--19-17----19--19-17-16<br/><br/>play this chord fast at 9:35 <br/><br/>E-21<br/>B-x<br/>G-16<br/>D-x<br/>A-14<br/>E<br/><br/>then the solo, I don't wanna sit here all day so I'll just throw in a few <br/>things...<br/><br/>E------------------------------------------------------<br/>B-12^^^-12h14p12----12h14p12--------12------<br/>G---------------------13--------------13/11---11/9-<br/>D------------------------------------------------------<br/>A------------------------------------------------------<br/>E-------------------------------------------------------<br/><br/>E------------------------------------------------|----------------|<br/>B------------------------------------------12^--|-------------12--|<br/>G-------------------9-9-11-11-11^-11^11^--|----/9/11/13--|<br/>D-999999999h11-----------------------------|-/11-----------|<br/>A------------------------------------------------|----------------|<br/>E-------------------------------------------------|---------------|<br/><br/>E--------------12-13-14/16/14--12--12|----12-14-16|---16-171717/19/21<br/>B--12-13-14-----------------------------|-/14-----------|-17--------------<br/>G/13--------------------------------------|----------------|-----------------<br/>D------------------------------------------|----------------|-----------------<br/>A------------------------------------------|----------------|-----------------<br/>E-------------------------------------------|---------------|-----------------<br/><br/>10:02..<br/>E--21(hold)21p19-17/16-|16-21p17p16 x8(I think)-16/12-----<br/>B----------------------------|----------------------------------<br/>G----------------------------|----------------------------------<br/>D----------------------------|----------------------------------<br/>A----------------------------|----------------------------------<br/>E----------------------------|----------------------------------<br/><br/>10:13..<br/>E--------------------------12h14t21(I tap this part then bend at) 14^ <br/>B12^^^^^(hold)12^10/9<br/><br/>Then a short solo in D... followed by the ending riff<br/>E-------------------------12h16p12-9-12^-12(bend back down)9--------------<br/>B-----------------12-14------------------------------------------------12^10-9-----<br/>G------11-12-13-----------------------------------------------------------------11-9<br/>D11-14--------------------------------------------------------------------------------<br/>A---------------------------------------------------------------------------------------<br/>E---------------------------------------------------------------------------------------<br/><br/>the final part comes at this point the last time he plays the riff above...<br/>E-9-12/14-12---------12-14-16-17-19-21---21-19-17-16-14-12<br/>B---------------14--14------------------------------------------------<br/><br/><br/>E-----12-----------------------------------|--------------------12*---<br/>B-/14---14-12-------14-12-------12----|-----------------12*------<br/>G--------------13-13--------13/11--11/9|--------------------------<br/>D-------------------------------------------|-9/11/9------------------<br/>A-------------------------------------------|---------9/11/9--------9/7<br/>E-------------------------------------------|--------------------------<br/><br/>Corrections, suggestions, ect... ShineOn40z@aol.com",My Lady Survives is now the ending section of Haleakala Crater,crater,417,false,4338604b-38e0-432c-855b-bcd9091d4409,Jon Gutwillig,,,30,2019-05-25,"{""1995"": 0, ""1996"": 0, ""1997"": 0, ""1998"": 0, ""1999"": 9, ""2000"": 2, ""2001"": 9, ""2002"": 6, ""2003"": 1, ""2004"": 1, ""2005"": 0, ""2006"": 0, ""2007"": 0, ""2008"": 0, ""2009"": 0, ""2010"": 0, ""2011"": 0, ""2012"": 0, ""2013"": 0, ""2014"": 0, ""2015"": 0, ""2016"": 0, ""2017"": 0, ""2018"": 1, ""2019"": 1, ""2020"": 0, ""2021"": 0, ""2022"": 0, ""2023"": 0, ""2024"": 0}","{""21"": {""date"": ""2002-10-24"", ""previous"": ""2002-09-26"", ""delta_days"": 28}, ""58"": {""date"": ""2000-12-27"", ""previous"": ""1999-10-25"", ""delta_days"": 429}, ""88"": {""date"": ""2002-08-15"", ""previous"": ""2001-09-18"", ""delta_days"": 331}, ""92"": {""date"": ""2004-12-27"", ""previous"": ""2003-04-11"", ""delta_days"": 626}, ""675"": {""date"": ""2018-12-28"", ""previous"": ""2004-12-27"", ""delta_days"": 5114}}",2001,2003,http://sickbarberlicks.weebly.com/haleakala-crater.html
eea8c308-a324-41a5-a39d-dca882e9dcb3,Low,low,2020-02-22 15:50:23.989311,2024-07-29 14:33:03.906885,"","","",low,364,true,f5f5bc2e-1fb1-4263-a019-8507e4d7fc08,Flo Rida,,,1,2009-02-14,"{""1995"": 0, ""1996"": 0, ""1997"": 0, ""1998"": 0, ""1999"": 0, ""2000"": 0, ""2001"": 0, ""2002"": 0, ""2003"": 0, ""2004"": 0, ""2005"": 0, ""2006"": 0, ""2007"": 0, ""2008"": 0, ""2009"": 1, ""2010"": 0, ""2011"": 0, ""2012"": 0, ""2013"": 0, ""2014"": 0, ""2015"": 0, ""2016"": 0, ""2017"": 0, ""2018"": 0, ""2019"": 0, ""2020"": 0, ""2021"": 0, ""2022"": 0, ""2023"": 0, ""2024"": 0}","{""0"": {""date"": ""2009-02-14"", ""previous"": null, ""delta_days"": null}}",2009,2009,
f6858a09-e5a5-4f97-8921-15ca61043465,Lake Shore Drive,lake-shore-drive,2021-08-29 14:08:18.886190,2024-11-25 12:06:48.644664,"","","",,,false,e3b85783-5df5-436a-a497-8bb3e40e8a99,,"","",24,2024-07-04,"{""1995"": 0, ""1996"": 0, ""1997"": 0, ""1998"": 0, ""1999"": 0, ""2000"": 0, ""2001"": 0, ""2002"": 0, ""2003"": 0, ""2004"": 0, ""2005"": 0, ""2006"": 0, ""2007"": 0, ""2008"": 0, ""2009"": 0, ""2010"": 0, ""2011"": 0, ""2012"": 0, ""2013"": 0, ""2014"": 0, ""2015"": 0, ""2016"": 0, ""2017"": 0, ""2018"": 0, ""2019"": 0, ""2020"": 0, ""2021"": 6, ""2022"": 9, ""2023"": 7, ""2024"": 2}","{""9"": {""date"": ""2022-03-04"", ""previous"": ""2021-11-21"", ""delta_days"": 103}, ""11"": {""date"": ""2023-07-11"", ""previous"": ""2023-06-08"", ""delta_days"": 33}, ""13"": {""date"": ""2023-08-13"", ""previous"": ""2023-07-11"", ""delta_days"": 33}, ""18"": {""date"": ""2024-02-03"", ""previous"": ""2023-09-24"", ""delta_days"": 132}, ""30"": {""date"": ""2024-07-04"", ""previous"": ""2024-02-03"", ""delta_days"": 152}}",2022,2024,http://www.sickbarberlicks.net/lake-shore-drive.html
3c5ace69-0351-4ad4-a3e6-8df27fd0d7d5,Frog Legs,frog-legs,2020-02-22 15:50:22.856762,2024-09-13 21:27:57.234261,"<p>I was fishin&#x27; by the side of the road,<br/>Servin&#x27; up the bait for my lunch.<br/>Along beside me came a brown horny toad,<br/>Lookin&#x27; for some food he would munch.<br/><br/>So I grabbed the fish and tossed it in the lake,<br/>Thinking he could eat what he earned.<br/>And if I caught him I would cut him a break,<br/>But if I didn&#x27;t it was not my concern.<br/><br/>Jackpot!<br/>And I got one.<br/>Got me a sweet lookin&#x27; prize today,<br/>Under the son of a gun it&#x27;ll make you say,<br/><br/>Jackpot!<br/>And I got an idea.<br/>Got me a new kinda recipe,<br/>I got the deal for the meal of the century.<br/><br/>I was walkin&#x27; by the side of the road,<br/>Thinkin&#x27; I would cook me a meal.<br/>Along beside me came a mad horny toad,<br/>Lookin&#x27; for some food he would steal.<br/><br/>So I grabbed the fish and held it up high,<br/>Knowin&#x27; toads are known for their jump.<br/> then I looked the toad right in the thighs,<br/>And noticed that they looked mighty plump.<br/><br/>Jackpot!<br/>And I got one.<br/>Got me a sweet lookin&#x27; prize today,<br/>Under the son of a gun it&#x27;ll make you say,<br/><br/>Jackpot!<br/>And I got an idea.<br/>Got me a new kinda recipe,<br/>I got the deal for the meal of the century.<br/><br/>I was sittin&#x27; on a chair in my home,<br/>Servin&#x27; up the legs for my friends.<br/>(alternate on 9/9/99: Thinkin&#x27; about the legs of my friends)<br/>They asked how I got chicken on such a small bone,<br/>I told them it was simply a godsend.<br/><br/>The moral of the story is you don&#x27;t ever know,<br/>Who&#x27;s going to want in on your fun.<br/>And up to the porch came a guy I didn&#x27;t know,<br/>Offerin&#x27; up his money for some.<br/><br/>Jackpot!<br/>And I got one.<br/>Got me a sweet lookin&#x27; prize today,<br/>Under the son of a gun it&#x27;ll make you say,<br/><br/>Jackpot!<br/>And I got an idea.<br/>Got me a new kinda recipe,<br/>I got the deal for the meal of the century.</p>","","",frog,67,false,4338604b-38e0-432c-855b-bcd9091d4409,Jon Gutwillig,,,139,2024-09-11,"{""1995"": 1, ""1996"": 0, ""1997"": 18, ""1998"": 31, ""1999"": 16, ""2000"": 1, ""2001"": 12, ""2002"": 14, ""2003"": 6, ""2004"": 1, ""2005"": 1, ""2006"": 5, ""2007"": 3, ""2008"": 0, ""2009"": 3, ""2010"": 3, ""2011"": 0, ""2012"": 1, ""2013"": 4, ""2014"": 2, ""2015"": 0, ""2016"": 4, ""2017"": 1, ""2018"": 1, ""2019"": 4, ""2020"": 1, ""2021"": 1, ""2022"": 2, ""2023"": 2, ""2024"": 1}","{""65"": {""date"": ""2012-07-05"", ""previous"": ""2010-09-07"", ""delta_days"": 667}, ""69"": {""date"": ""2022-10-30"", ""previous"": ""2021-06-19"", ""delta_days"": 498}, ""84"": {""date"": ""1997-06-05"", ""previous"": ""1995-12-01"", ""delta_days"": 552}, ""91"": {""date"": ""2024-09-11"", ""previous"": ""2023-07-06"", ""delta_days"": 433}, ""145"": {""date"": ""2009-07-18"", ""previous"": ""2007-10-16"", ""delta_days"": 641}}",1998,1995,http://sickbarberlicks.weebly.com/frog-legs.html
2e3bddac-1cbc-427a-bdd2-bb9cb45f56fa,You and I,you-and-i,2020-02-22 15:50:23.989311,2024-06-09 16:29:09.086084,"<p>I think we should go outside and set the world on fire<br/>You say that you&#x27;re so bad but you know I don&#x27;t buy it<br/>I know how we both feel, so let&#x27;s not let&#x27;s not let&#x27;s not try to hide it<br/>So come over here right now and let&#x27;s not try to fight it, &#x27;cause you know you like it<br/><br/>You &amp; I<br/>We&#x27;re different but we&#x27;re still the same<br/>You &amp; I<br/><br/>I think I&#x27;m crazy, why don&#x27;t you lock me away?<br/>Cause it&#x27;s late at night, I don&#x27;t wanna work I wanna play<br/>You&#x27;re such a pretty little girl, I want you to stay<br/>We can have a lot of fun, get the job done, play a little game, it&#x27;s called scream my name<br/><br/>You &amp; I<br/>We&#x27;re different but we&#x27;re still the same<br/>You &amp; I<br/>We&#x27;re different but we&#x27;re still the same<br/>You &amp; I<br/><br/>One two three four five six SEVEN<br/><br/>You &amp; I<br/>We&#x27;re different but we&#x27;re still the same<br/>You &amp; I<br/>We&#x27;re different but we&#x27;re still the same<br/>You &amp; I </p>","","",youandi,351,false,e0b6f31b-1ca6-42cc-90ca-7c53238aa2df,"",,,24,2011-12-26,"{""1995"": 0, ""1996"": 0, ""1997"": 0, ""1998"": 0, ""1999"": 0, ""2000"": 0, ""2001"": 0, ""2002"": 0, ""2003"": 0, ""2004"": 0, ""2005"": 0, ""2006"": 0, ""2007"": 0, ""2008"": 0, ""2009"": 13, ""2010"": 10, ""2011"": 1, ""2012"": 0, ""2013"": 0, ""2014"": 0, ""2015"": 0, ""2016"": 0, ""2017"": 0, ""2018"": 0, ""2019"": 0, ""2020"": 0, ""2021"": 0, ""2022"": 0, ""2023"": 0, ""2024"": 0}","{""7"": {""date"": ""2009-10-30"", ""previous"": ""2009-10-07"", ""delta_days"": 23}, ""8"": {""date"": ""2010-06-02"", ""previous"": ""2010-04-24"", ""delta_days"": 39}, ""9"": {""date"": ""2009-11-28"", ""previous"": ""2009-10-30"", ""delta_days"": 29}, ""17"": {""date"": ""2010-09-03"", ""previous"": ""2010-06-04"", ""delta_days"": 91}, ""60"": {""date"": ""2011-12-26"", ""previous"": ""2010-09-03"", ""delta_days"": 479}}",2009,2011,http://sickbarberlicks.weebly.com/you-and-i.html
5e113bfe-ceac-4ade-842c-9ece06b45176,Boogie Stop Shuffle,boogie-stop-shuffle,2020-02-22 15:50:22.697566,2024-04-26 16:28:02.258843,"","","",boogiestop,24,true,d196a600-6e1f-4b2c-9e3b-c0ab86a0e6bf,Charles Mingus,,,42,2003-10-24,"{""1995"": 0, ""1996"": 0, ""1997"": 15, ""1998"": 16, ""1999"": 6, ""2000"": 0, ""2001"": 4, ""2002"": 0, ""2003"": 1, ""2004"": 0, ""2005"": 0, ""2006"": 0, ""2007"": 0, ""2008"": 0, ""2009"": 0, ""2010"": 0, ""2011"": 0, ""2012"": 0, ""2013"": 0, ""2014"": 0, ""2015"": 0, ""2016"": 0, ""2017"": 0, ""2018"": 0, ""2019"": 0, ""2020"": 0, ""2021"": 0, ""2022"": 0, ""2023"": 0, ""2024"": 0}","{""25"": {""date"": ""1997-07-10"", ""previous"": ""1997-05-17"", ""delta_days"": 54}, ""37"": {""date"": ""2001-09-14"", ""previous"": ""2001-04-25"", ""delta_days"": 142}, ""44"": {""date"": ""1999-09-25"", ""previous"": ""1999-05-07"", ""delta_days"": 141}, ""90"": {""date"": ""2001-03-30"", ""previous"": ""1999-09-25"", ""delta_days"": 552}, ""201"": {""date"": ""2003-10-24"", ""previous"": ""2001-09-14"", ""delta_days"": 770}}",1998,2003,
9b6d28a1-ba31-4597-8aa8-0d5429f46ff2,Onamae Wa,onamae-wa,2020-02-22 15:50:23.818238,2024-09-16 12:51:27.146242,<p>Note: English translations in parentheses<br/><br/>Shitsomon<br/>Gar masu<br/>Onamae wa<br/>(I have a question? What is your name?)<br/><br/>Watashi no<br/>Onamae wa<br/>Ichi desu<br/>(My name is number one)<br/><br/>Panda wa<br/>Ecgo de<br/>Nan desu ka<br/>(How do you say Panda in English?)<br/><br/>Watashi no<br/>Onamae wa<br/>Panda desu<br/>(My name is Panda)<br/><br/>Chorus:<br/><br/>Onamae wa<br/>Onamae wa<br/>Onamae wa<br/>Anata no namae wa desu<br/>(Your name please...<br/>  <br/> Your name please...<br/> <br/> Your name please...<br/> <br/> What is your name?)</p>,"","",oname,252,false,9ff6cb71-06e9-4fb2-81bf-8a313752e718,Sam Altman,,,33,2019-07-20,"{""1995"": 0, ""1996"": 0, ""1997"": 0, ""1998"": 0, ""1999"": 0, ""2000"": 0, ""2001"": 0, ""2002"": 0, ""2003"": 2, ""2004"": 3, ""2005"": 2, ""2006"": 0, ""2007"": 11, ""2008"": 1, ""2009"": 6, ""2010"": 5, ""2011"": 0, ""2012"": 0, ""2013"": 0, ""2014"": 0, ""2015"": 1, ""2016"": 0, ""2017"": 0, ""2018"": 0, ""2019"": 2, ""2020"": 0, ""2021"": 0, ""2022"": 0, ""2023"": 0, ""2024"": 0}","{""28"": {""date"": ""2010-03-19"", ""previous"": ""2009-11-18"", ""delta_days"": 121}, ""64"": {""date"": ""2009-02-05"", ""previous"": ""2008-03-13"", ""delta_days"": 329}, ""98"": {""date"": ""2007-02-15"", ""previous"": ""2005-08-27"", ""delta_days"": 537}, ""116"": {""date"": ""2019-02-01"", ""previous"": ""2015-10-30"", ""delta_days"": 1190}, ""157"": {""date"": ""2015-10-30"", ""previous"": ""2010-09-04"", ""delta_days"": 1882}}",2007,2008,http://sickbarberlicks.weebly.com/oname-wa.html
95cf6a74-d9f9-4136-b8ac-3fc9b1ad9921,Don't Stop Till You Get Enough,don-t-stop-till-you-get-enough,2020-02-22 15:50:22.856762,2024-04-26 16:26:53.593183,"","","",dontstop,46,true,1e73f465-549d-4a7b-88a6-7cfd6ed1fce6,Michael Jackson,,,3,2014-09-25,"{""1995"": 0, ""1996"": 0, ""1997"": 0, ""1998"": 1, ""1999"": 1, ""2000"": 0, ""2001"": 0, ""2002"": 0, ""2003"": 0, ""2004"": 0, ""2005"": 0, ""2006"": 0, ""2007"": 0, ""2008"": 0, ""2009"": 0, ""2010"": 0, ""2011"": 0, ""2012"": 0, ""2013"": 0, ""2014"": 1, ""2015"": 0, ""2016"": 0, ""2017"": 0, ""2018"": 0, ""2019"": 0, ""2020"": 0, ""2021"": 0, ""2022"": 0, ""2023"": 0, ""2024"": 0}","{""0"": {""date"": ""1998-08-01"", ""previous"": null, ""delta_days"": null}, ""114"": {""date"": ""1999-04-30"", ""previous"": ""1998-08-01"", ""delta_days"": 272}, ""971"": {""date"": ""2014-09-25"", ""previous"": ""1999-04-30"", ""delta_days"": 5627}}",2014,1998,
4ca2df4f-13a0-4490-a5b7-17ab79781439,One Of These Days,one-of-these-days,2020-02-22 15:50:23.989311,2023-12-11 19:23:47.846221,"","","",oneof,414,true,0613f1fa-e69e-4913-8ca0-f7bb72e5d6ec,Pink Floyd,,,1,2010-10-31,"{""1995"": 0, ""1996"": 0, ""1997"": 0, ""1998"": 0, ""1999"": 0, ""2000"": 0, ""2001"": 0, ""2002"": 0, ""2003"": 0, ""2004"": 0, ""2005"": 0, ""2006"": 0, ""2007"": 0, ""2008"": 0, ""2009"": 0, ""2010"": 1, ""2011"": 0, ""2012"": 0, ""2013"": 0, ""2014"": 0, ""2015"": 0, ""2016"": 0, ""2017"": 0, ""2018"": 0, ""2019"": 0, ""2020"": 0, ""2021"": 0, ""2022"": 0, ""2023"": 0}","{""0"": {""date"": ""2010-10-31"", ""previous"": null, ""delta_days"": null}}",2010,2010,
11611fa0-f657-46f6-ad3b-47fe0b61f2e9,Alter Ego,alter-ego,2020-02-22 15:50:23.989311,2024-11-23 05:04:59.466006,"My alter ego steals my ideas<br/>We see patterns in the universe<br/>None of them are real<br/><br/>I got the message<br/>I made the call<br/>Cause I lined them up like dominos<br/>Just to watch them fall<br/><br/>I wanted to see<br/>What the fuss was about<br/><br/>(this next part depends on what version you hear I don't think they <br/>ever really worked out this part and scrapped the song before finishing )<br/><br/><br/>Why we hide ourselves from everyone<br/>and never figure out<br/><br/>or <br/><br/>he has all these ways<br/>within your your dreams<br/>never put out?? <br/><br/>or <br/><br/>everyone is everywhere<br/>and ?? can't get out.<br/><br/>Feel it coming down,<br/>never touch the ground<br/>the world is in your hand?<br/>Catch it if you can<br/>x2<br/><br/>Walkin around the city<br/>It makes me feel better<br/>Given the chance you'll move?<br/>I'll be the same for you<br/><br/>Begin at the end<br/>take care back to the start<br/><br/>You move just like the northern lights<br/>Shimmer the stars at night<br/><br/><br/>Feel it coming down,<br/>never touch the ground<br/>the world is in your hand?<br/>Catch it if you can<br/>x2<br/><br/>This is as good as I can figure it out. ","","",alter,328,false,e29db38d-5b63-4e2c-b5bc-8f4ed3fe1c64,The Disco Biscuits,,,4,2008-01-16,"{""1995"": 0, ""1996"": 0, ""1997"": 0, ""1998"": 0, ""1999"": 0, ""2000"": 0, ""2001"": 0, ""2002"": 0, ""2003"": 0, ""2004"": 0, ""2005"": 0, ""2006"": 0, ""2007"": 3, ""2008"": 1, ""2009"": 0, ""2010"": 0, ""2011"": 0, ""2012"": 0, ""2013"": 0, ""2014"": 0, ""2015"": 0, ""2016"": 0, ""2017"": 0, ""2018"": 0, ""2019"": 0, ""2020"": 0, ""2021"": 0, ""2022"": 0, ""2023"": 0, ""2024"": 0}","{""0"": {""date"": ""2007-12-20"", ""previous"": null, ""delta_days"": null}, ""1"": {""date"": ""2008-01-16"", ""previous"": ""2007-12-31"", ""delta_days"": 16}, ""2"": {""date"": ""2007-12-28"", ""previous"": ""2007-12-20"", ""delta_days"": 8}, ""3"": {""date"": ""2007-12-31"", ""previous"": ""2007-12-28"", ""delta_days"": 3}}",2007,2008,http://sickbarberlicks.weebly.com/alter-ego.html
3e89f84b-a209-4636-b869-946217713bd3,My Lady Survives,my-lady-survives,2020-02-22 15:50:23.989311,2024-08-29 19:16:21.693743,"","","",mylady,416,false,4338604b-38e0-432c-855b-bcd9091d4409,"",<p>This early composition eventually became the ending section of Haleakala Crater</p>,,61,2011-12-31,"{""1995"": 0, ""1996"": 1, ""1997"": 41, ""1998"": 17, ""1999"": 0, ""2000"": 0, ""2001"": 0, ""2002"": 0, ""2003"": 0, ""2004"": 0, ""2005"": 0, ""2006"": 0, ""2007"": 0, ""2008"": 0, ""2009"": 0, ""2010"": 0, ""2011"": 2, ""2012"": 0, ""2013"": 0, ""2014"": 0, ""2015"": 0, ""2016"": 0, ""2017"": 0, ""2018"": 0, ""2019"": 0, ""2020"": 0, ""2021"": 0, ""2022"": 0, ""2023"": 0, ""2024"": 0}","{""13"": {""date"": ""1997-05-31"", ""previous"": ""1997-05-16"", ""delta_days"": 15}, ""25"": {""date"": ""1998-04-19"", ""previous"": ""1998-02-26"", ""delta_days"": 52}, ""28"": {""date"": ""1998-10-31"", ""previous"": ""1998-08-28"", ""delta_days"": 64}, ""41"": {""date"": ""1998-06-25"", ""previous"": ""1998-04-19"", ""delta_days"": 67}, ""982"": {""date"": ""2011-12-28"", ""previous"": ""1998-10-31"", ""delta_days"": 4806}}",1997,1996,http://sickbarberlicks.weebly.com/my-lady-survives.html
f6d55578-0bde-49b6-8092-7c47f150a6c5,Language,language,2024-07-05 16:24:27.459753,2024-11-25 12:07:03.971556,"","","",,,false,e29db38d-5b63-4e2c-b5bc-8f4ed3fe1c64,,"","",1,2024-07-04,"{""1995"": 0, ""1996"": 0, ""1997"": 0, ""1998"": 0, ""1999"": 0, ""2000"": 0, ""2001"": 0, ""2002"": 0, ""2003"": 0, ""2004"": 0, ""2005"": 0, ""2006"": 0, ""2007"": 0, ""2008"": 0, ""2009"": 0, ""2010"": 0, ""2011"": 0, ""2012"": 0, ""2013"": 0, ""2014"": 0, ""2015"": 0, ""2016"": 0, ""2017"": 0, ""2018"": 0, ""2019"": 0, ""2020"": 0, ""2021"": 0, ""2022"": 0, ""2023"": 0, ""2024"": 1}","{""0"": {""date"": ""2024-07-04"", ""previous"": null, ""delta_days"": null}}",2024,2024,""
0b1c7b13-c305-4943-89d0-2d0938768cab,I am One,i-am-one,2020-02-22 15:50:23.989311,2023-09-13 11:10:31.324493,"","","",iamone,383,true,5658da2f-6398-4292-88e8-a5d656de0c5e,Smashing Pumpkins,,,1,2009-10-31,"{""1995"": 0, ""1996"": 0, ""1997"": 0, ""1998"": 0, ""1999"": 0, ""2000"": 0, ""2001"": 0, ""2002"": 0, ""2003"": 0, ""2004"": 0, ""2005"": 0, ""2006"": 0, ""2007"": 0, ""2008"": 0, ""2009"": 1, ""2010"": 0, ""2011"": 0, ""2012"": 0, ""2013"": 0, ""2014"": 0, ""2015"": 0, ""2016"": 0, ""2017"": 0, ""2018"": 0, ""2019"": 0, ""2020"": 0, ""2021"": 0, ""2022"": 0, ""2023"": 0}","{""0"": {""date"": ""2009-10-31"", ""previous"": null, ""delta_days"": null}}",2009,2009,
47343d97-7e69-482a-a74c-c359f35d34dc,Widgets,widgets,2020-02-22 15:50:23.989311,2023-10-17 12:31:40.204835,"I'm on the outside looking in (x4)<br/><br/>Stop, I wanna breathe...(x5)<br/><br/>Make it stop I want to scream<br/>Wake me up out of this dream<br/>Fields of green I used to see<br/>I'm the outside looking in<br/><br/>I'm on the outside looking in (I'm on the outside looking in) (x2)<br/>","","",widgets,384,false,4fd3079f-e213-4178-9ca7-0d1b79843c59,Aron Magner & Allen Aucoin,,,5,2010-04-21,"{""1995"": 0, ""1996"": 0, ""1997"": 0, ""1998"": 0, ""1999"": 0, ""2000"": 0, ""2001"": 0, ""2002"": 0, ""2003"": 0, ""2004"": 0, ""2005"": 0, ""2006"": 0, ""2007"": 0, ""2008"": 0, ""2009"": 3, ""2010"": 2, ""2011"": 0, ""2012"": 0, ""2013"": 0, ""2014"": 0, ""2015"": 0, ""2016"": 0, ""2017"": 0, ""2018"": 0, ""2019"": 0, ""2020"": 0, ""2021"": 0, ""2022"": 0, ""2023"": 0}","{""0"": {""date"": ""2009-11-18"", ""previous"": null, ""delta_days"": null}, ""2"": {""date"": ""2009-11-20"", ""previous"": ""2009-11-18"", ""delta_days"": 2}, ""4"": {""date"": ""2009-11-28"", ""previous"": ""2009-11-20"", ""delta_days"": 8}, ""13"": {""date"": ""2010-04-21"", ""previous"": ""2010-03-16"", ""delta_days"": 36}, ""19"": {""date"": ""2010-03-16"", ""previous"": ""2009-11-28"", ""delta_days"": 108}}",2009,2010,http://sickbarberlicks.weebly.com/widgets.html
226f80c9-441d-4360-b9c2-826bc88b9a51,Shem-Rah Boo,shem-rah-boo,2020-02-22 15:50:23.147147,2024-11-25 12:02:25.929411,"<p>Shem-Rah Boo was on the run<br/>But he didn&#x27;t know how to get things done<br/>But he always knew what he was longing to be<br/>The star of his own biography<br/><br/>Klimpsch, why you always talkin&#x27; &#x27;bout your life?<br/>Klimpsch, why did you emancipate your wife?<br/>Klimpsch, why you always talkin&#x27; &#x27;bout your life?<br/><br/>In Hollywood, his mind was keen<br/>When he married the very first girl he&#x27;d seen<br/>But he dropped his mind, he stroked his wood<br/>But klimpsch did do the best he could.<br/><br/>Klimpsch, why you always talkin&#x27; &#x27;bout your life?<br/>Klimpsch, why did you emancipate your wife?<br/>Klimpsch, why you always talkin&#x27; &#x27;bout your...<br/>Klimpsch, why you always talkin&#x27; &#x27;bout your...<br/>Klimpsch, why you always talkin&#x27; &#x27;bout your life?<br/><br/>====================<br/>Jon:<br/>Klimpsch, you&#x27;re the man of the hour,<br/>Klimpsch, you&#x27;re the man of the year,<br/>Why don&#x27;t you trust the woman that took you there?<br/>Brownie:<br/>The man of the hour,<br/>The man of the year,<br/>Why don&#x27;t you trust the woman that took you there?<br/>Magner:<br/>The man of the hour<br/>The man of the year<br/>Why don&#x27;t you trust the woman that took you there?<br/>====================<br/><br/>Klimpsch, why you always talkin&#x27; &#x27;bout your life?<br/>Klimpsch, why did you emancipate your wife?<br/>Klimpsch, why you always talkin&#x27; &#x27;bout your...<br/>Klimpsch, why&#x27;d you have to cut it with the....<br/>Klimpsch, why did you emancipate your...<br/>Klimpsch, why you always talkin&#x27; &#x27;bout your...<br/>Klimpsch, why you always talkin&#x27; &#x27;bout your life?</p>",(main riff)<br/><br/>E<br/>B<br/>G 12 12 12 12 12(sl)11(sl)12(sl)11(sl)12<br/>D  X  X  X  X  X<br/>A 10 10 10 10 10(sl) 9(sl)10(sl) 9(sl)10<br/>E  <br/><br/>E<br/>B<br/>G 12 12 12(sl)11   16 16 16  16 16<br/>D  X  X  X          X  X  X   X  X<br/>A 10 10 10(sl)9    14 14 14  14 14 <br/>E <br/>E<br/><br/>(the 'Man of the hour' part)<br/>(thanks to Pete Caffrey for this part)<br/><br/>  Am    C     G     F     E<br/>E  5          3     1     0<br/>B  5    5     3     1     0<br/>G  5    5     4     2     1<br/>D  7    5     5     3     2<br/>A  7    3     5     3     2     <br/>E  5          3     1     0<br/>  <br/>   (listen to a tape to hear the chord changes),"",shemrah,164,false,e2397ce3-857e-425f-925e-1cb30de780d7,"Brownstein, Gutwillig",,"Klimpsch, why you always talkin' 'bout your life?",308,2024-11-22,"{""1995"": 0, ""1996"": 0, ""1997"": 56, ""1998"": 56, ""1999"": 36, ""2000"": 8, ""2001"": 15, ""2002"": 12, ""2003"": 10, ""2004"": 6, ""2005"": 5, ""2006"": 9, ""2007"": 11, ""2008"": 11, ""2009"": 14, ""2010"": 9, ""2011"": 3, ""2012"": 2, ""2013"": 4, ""2014"": 3, ""2015"": 2, ""2016"": 4, ""2017"": 5, ""2018"": 4, ""2019"": 4, ""2020"": 2, ""2021"": 5, ""2022"": 2, ""2023"": 4, ""2024"": 6}","{""27"": {""date"": ""2022-09-30"", ""previous"": ""2022-03-31"", ""delta_days"": 183}, ""31"": {""date"": ""2023-03-30"", ""previous"": ""2022-09-30"", ""delta_days"": 181}, ""32"": {""date"": ""2024-09-07"", ""previous"": ""2024-03-28"", ""delta_days"": 163}}",1998,2012,http://sickbarberlicks.weebly.com/shem-rah-boo.html
332f6756-134f-4ec7-b9b2-4c1c64b173cc,Rapture,rapture,2020-02-22 15:50:29.120743,2024-06-08 19:51:38.694166,"","","",rapture,483,true,c245477a-09f3-45d1-beef-abe25f172b27,Blondie,,,6,2021-09-26,"{""1995"": 0, ""1996"": 0, ""1997"": 0, ""1998"": 0, ""1999"": 0, ""2000"": 0, ""2001"": 0, ""2002"": 0, ""2003"": 0, ""2004"": 0, ""2005"": 0, ""2006"": 0, ""2007"": 0, ""2008"": 0, ""2009"": 0, ""2010"": 0, ""2011"": 0, ""2012"": 0, ""2013"": 0, ""2014"": 0, ""2015"": 0, ""2016"": 0, ""2017"": 0, ""2018"": 0, ""2019"": 2, ""2020"": 0, ""2021"": 4, ""2022"": 0, ""2023"": 0, ""2024"": 0}","{""4"": {""date"": ""2019-07-20"", ""previous"": ""2019-05-25"", ""delta_days"": 56}, ""5"": {""date"": ""2021-09-26"", ""previous"": ""2021-08-21"", ""delta_days"": 36}, ""9"": {""date"": ""2021-05-14"", ""previous"": ""2021-02-05"", ""delta_days"": 98}, ""17"": {""date"": ""2021-08-21"", ""previous"": ""2021-05-14"", ""delta_days"": 99}, ""36"": {""date"": ""2021-02-05"", ""previous"": ""2019-07-20"", ""delta_days"": 566}}",2021,2019,
e8d7209b-5f3c-4774-9917-0a8457bfdf0a,Flash Mob,flash-mob,2020-02-22 15:50:23.989311,2024-06-09 14:09:47.855392,"","","",flash,379,false,a827e021-ab19-4d94-9aa8-6097e0fba28b,"",,,21,2011-08-16,"{""1995"": 0, ""1996"": 0, ""1997"": 0, ""1998"": 0, ""1999"": 0, ""2000"": 0, ""2001"": 0, ""2002"": 0, ""2003"": 0, ""2004"": 0, ""2005"": 0, ""2006"": 0, ""2007"": 0, ""2008"": 0, ""2009"": 11, ""2010"": 9, ""2011"": 1, ""2012"": 0, ""2013"": 0, ""2014"": 0, ""2015"": 0, ""2016"": 0, ""2017"": 0, ""2018"": 0, ""2019"": 0, ""2020"": 0, ""2021"": 0, ""2022"": 0, ""2023"": 0, ""2024"": 0}","{""6"": {""date"": ""2009-12-29"", ""previous"": ""2009-12-10"", ""delta_days"": 19}, ""7"": {""date"": ""2010-02-21"", ""previous"": ""2010-01-28"", ""delta_days"": 24}, ""12"": {""date"": ""2010-05-27"", ""previous"": ""2010-04-16"", ""delta_days"": 41}, ""13"": {""date"": ""2010-08-29"", ""previous"": ""2010-06-05"", ""delta_days"": 85}, ""44"": {""date"": ""2011-08-16"", ""previous"": ""2010-09-04"", ""delta_days"": 346}}",2009,2011,http://sickbarberlicks.weebly.com/flash-mob.html
8747024e-7097-42b8-b58d-703f543e26df,Bombs,bombs,2020-02-22 15:50:23.989311,2024-11-25 15:33:12.760752,<p>Kids they spinning down through the hall<br/>Kids they raging down to the floor<br/>Bouncing like superballs off the wall<br/>&#x27;Cause tonight we can&#x27;t do anything wrong<br/>Tonight we gonna blow it up<br/><br/>Blowin it upâ€¦ bombs<br/><br/>Your crew baby looks locked and loaded<br/>Gonna put you in a poster with the lights exploding<br/>We smokin firecrackers and they ready to pop<br/>We got bottles of bubbly and we&#x27;re shakin em up<br/>Tonight weâ€™re gonna blow it up</p>,"",Debuted on 07/16/2010 at Camp Bisco 9,bombs,408,false,4338604b-38e0-432c-855b-bcd9091d4409,Jon Gutwillig,"<p>After the tepid response to Planet Anthem, the band continued to push out new material in summer and fall 2010 that would form the heart of their next album, Otherwise Law Abiding Citizens. The first of these songs to debut was Bombs, which soon established its role as a heavy hitter within the catalog. It was played within a massive medley for its debut at Camp IX, and for its sophomore performance at Dewey Beach (widely considered the greatest version). It has never been played standalone, is rarely followed by a comma in setlists (the last time was 3/27/11), and has only once been preceded by one (1/28/12).</p><p></p><p>Bombs saw a resurgence during 2014, in which two versions (8/1 and 12/26) produced sprawling type two jams. 3/26/16 at the Capitol Theater is another much-loved recent version. Bombs has seen steady play since its debut, appearing at least once every year except for 2020. It is the only 2010 OLAC debut to not be shelved for more than a year.</p><p></p>",Blowin' it up,55,2024-11-22,"{""1995"": 0, ""1996"": 0, ""1997"": 0, ""1998"": 0, ""1999"": 0, ""2000"": 0, ""2001"": 0, ""2002"": 0, ""2003"": 0, ""2004"": 0, ""2005"": 0, ""2006"": 0, ""2007"": 0, ""2008"": 0, ""2009"": 0, ""2010"": 9, ""2011"": 11, ""2012"": 5, ""2013"": 2, ""2014"": 4, ""2015"": 2, ""2016"": 1, ""2017"": 1, ""2018"": 1, ""2019"": 1, ""2020"": 0, ""2021"": 4, ""2022"": 3, ""2023"": 6, ""2024"": 5}","{""27"": {""date"": ""2022-10-29"", ""previous"": ""2022-05-07"", ""delta_days"": 175}, ""32"": {""date"": ""2018-05-26"", ""previous"": ""2017-07-14"", ""delta_days"": 316}, ""43"": {""date"": ""2017-07-14"", ""previous"": ""2016-03-26"", ""delta_days"": 475}, ""56"": {""date"": ""2021-05-15"", ""previous"": ""2019-02-01"", ""delta_days"": 834}}",2011,2016,http://sickbarberlicks.weebly.com/bombs.html
ad79d782-4080-48b9-8b94-1338d9bbe193,Kyle's Mom's A Bitch,kyle-s-mom-s-a-bitch,2020-02-22 15:50:23.818238,2023-09-13 11:37:09.901512,"","","",kylesmom,247,true,476422e7-741b-448f-8e56-9ab0a33bb7b6,Trey Parker/Matt Stone,,,1,2003-12-31,"{""1995"": 0, ""1996"": 0, ""1997"": 0, ""1998"": 0, ""1999"": 0, ""2000"": 0, ""2001"": 0, ""2002"": 0, ""2003"": 1, ""2004"": 0, ""2005"": 0, ""2006"": 0, ""2007"": 0, ""2008"": 0, ""2009"": 0, ""2010"": 0, ""2011"": 0, ""2012"": 0, ""2013"": 0, ""2014"": 0, ""2015"": 0, ""2016"": 0, ""2017"": 0, ""2018"": 0, ""2019"": 0, ""2020"": 0, ""2021"": 0, ""2022"": 0, ""2023"": 0}","{""0"": {""date"": ""2003-12-31"", ""previous"": null, ""delta_days"": null}}",2003,2003,
503cc342-61e8-4d93-b26c-8f5d6e527f0d,It's Easy Mmmkay?,it-s-easy-mmmkay,2020-02-22 15:50:23.818238,2023-09-13 11:37:20.715586,"","","",mmmkay,248,true,476422e7-741b-448f-8e56-9ab0a33bb7b6,Trey Parker/Matt Stone,,,1,2003-12-31,"{""1995"": 0, ""1996"": 0, ""1997"": 0, ""1998"": 0, ""1999"": 0, ""2000"": 0, ""2001"": 0, ""2002"": 0, ""2003"": 1, ""2004"": 0, ""2005"": 0, ""2006"": 0, ""2007"": 0, ""2008"": 0, ""2009"": 0, ""2010"": 0, ""2011"": 0, ""2012"": 0, ""2013"": 0, ""2014"": 0, ""2015"": 0, ""2016"": 0, ""2017"": 0, ""2018"": 0, ""2019"": 0, ""2020"": 0, ""2021"": 0, ""2022"": 0, ""2023"": 0}","{""0"": {""date"": ""2003-12-31"", ""previous"": null, ""delta_days"": null}}",2003,2003,
8c76e235-f126-4079-ba7b-319d171fb0c7,Chocolate Salty Balls (P.S. I Love You),chocolate-salty-balls-p-s-i-love-you,2020-02-22 15:50:23.818238,2023-09-13 11:37:45.777283,"","","",chocolate,249,true,476422e7-741b-448f-8e56-9ab0a33bb7b6,Trey Parker/Matt Stone,,,1,2003-12-31,"{""1995"": 0, ""1996"": 0, ""1997"": 0, ""1998"": 0, ""1999"": 0, ""2000"": 0, ""2001"": 0, ""2002"": 0, ""2003"": 1, ""2004"": 0, ""2005"": 0, ""2006"": 0, ""2007"": 0, ""2008"": 0, ""2009"": 0, ""2010"": 0, ""2011"": 0, ""2012"": 0, ""2013"": 0, ""2014"": 0, ""2015"": 0, ""2016"": 0, ""2017"": 0, ""2018"": 0, ""2019"": 0, ""2020"": 0, ""2021"": 0, ""2022"": 0, ""2023"": 0}","{""0"": {""date"": ""2003-12-31"", ""previous"": null, ""delta_days"": null}}",2003,2003,
0d6f314b-a8c2-4650-ba5d-350336f6abf6,News From Nowhere,news-from-nowhere,2020-02-22 15:50:23.147147,2024-08-29 19:19:57.468777,"Time is still, but motion ensues.<br/>The more that we gain is the more that I lose.<br/>Uncontrollably strong, it remains with you.<br/>I lie here alone don't know what to do.<br/><br/>Time rolls on and closer to home.<br/>My heart pounds,the train is a drone.<br/>Harmonius visions, your lips are my tone.<br/>Stuck in time, cause you smile alone.<br/><br/>I've been waiting to meet you in life or in sleep, <br/>That I have since your smile.<br/>Patience my dear, for though you're not here,<br/>Together we'll be with our child.<br/>When we will meet in fortune and fame..the three<br/>We will wonder 'bout life for a while.<br/>The lies that we make, and the lessons we take,<br/>Could not have transcended your smile.<br/><br/>Daydreams of friends I've made in the night.<br/>The News is From Nowhere and never in sight.<br/>The dream I dismiss but even in truth.<br/>The bed I awake is familiar with you.<br/><br/>I've been waiting to meet you in life or in sleep,<br/>That I have since your smile.<br/>Patience my dear, for though you're not here,<br/>Together we'll be with our child.<br/>When we will meet in fortune and fame.. the three<br/>We will wonder 'bout life for a while.<br/>The lies that we make, and the lessons we take,<br/>Could not have transcended your smile.<br/><br/>The lies that we make, and the lessons we take,<br/>Could not have transcended your smile.","","",nfn,128,false,e2397ce3-857e-425f-925e-1cb30de780d7,Marc Brownstein,,,33,2009-07-18,"{""1995"": 0, ""1996"": 0, ""1997"": 2, ""1998"": 3, ""1999"": 15, ""2000"": 4, ""2001"": 4, ""2002"": 0, ""2003"": 3, ""2004"": 1, ""2005"": 0, ""2006"": 0, ""2007"": 0, ""2008"": 0, ""2009"": 1, ""2010"": 0, ""2011"": 0, ""2012"": 0, ""2013"": 0, ""2014"": 0, ""2015"": 0, ""2016"": 0, ""2017"": 0, ""2018"": 0, ""2019"": 0, ""2020"": 0, ""2021"": 0, ""2022"": 0, ""2023"": 0, ""2024"": 0}","{""33"": {""date"": ""1999-05-04"", ""previous"": ""1999-03-08"", ""delta_days"": 57}, ""38"": {""date"": ""1999-02-02"", ""previous"": ""1998-09-25"", ""delta_days"": 130}, ""172"": {""date"": ""2003-04-22"", ""previous"": ""2001-07-05"", ""delta_days"": 656}, ""200"": {""date"": ""1998-08-28"", ""previous"": ""1997-07-12"", ""delta_days"": 412}, ""326"": {""date"": ""2009-07-18"", ""previous"": ""2004-01-17"", ""delta_days"": 2009}}",1999,2004,http://sickbarberlicks.weebly.com/news-from-nowhere.html
06c5c745-9da3-4b5a-806e-92beaabdfaba,Clocks,clocks,2020-02-22 15:50:29.120743,2024-01-25 14:39:42.074996,"","","",clocks,491,false,,"",,,11,2023-03-29,"{""1995"": 0, ""1996"": 0, ""1997"": 0, ""1998"": 0, ""1999"": 0, ""2000"": 0, ""2001"": 0, ""2002"": 0, ""2003"": 0, ""2004"": 0, ""2005"": 0, ""2006"": 0, ""2007"": 0, ""2008"": 0, ""2009"": 0, ""2010"": 0, ""2011"": 0, ""2012"": 0, ""2013"": 0, ""2014"": 0, ""2015"": 0, ""2016"": 0, ""2017"": 0, ""2018"": 0, ""2019"": 3, ""2020"": 2, ""2021"": 4, ""2022"": 0, ""2023"": 2, ""2024"": 0}","{""9"": {""date"": ""2021-07-09"", ""previous"": ""2021-05-28"", ""delta_days"": 42}, ""11"": {""date"": ""2021-05-14"", ""previous"": ""2020-10-30"", ""delta_days"": 196}, ""12"": {""date"": ""2023-03-29"", ""previous"": ""2023-01-20"", ""delta_days"": 68}, ""13"": {""date"": ""2020-10-30"", ""previous"": ""2020-01-02"", ""delta_days"": 302}, ""71"": {""date"": ""2023-01-20"", ""previous"": ""2021-09-17"", ""delta_days"": 490}}",2021,2020,http://sickbarberlicks.weebly.com/clocks.html
27b9929c-f9ed-4fc1-89a7-634a3923d6eb,Glastonbury,glastonbury,2020-02-22 15:50:23.818238,2024-09-16 12:51:39.896397,"","",Working title. Off of upcoming untitled new album.,glastonbury,299,false,ce699602-28b5-469b-b893-cf81a9aa36a0,"",,,4,2007-12-13,"{""1995"": 0, ""1996"": 0, ""1997"": 0, ""1998"": 0, ""1999"": 0, ""2000"": 0, ""2001"": 0, ""2002"": 0, ""2003"": 0, ""2004"": 0, ""2005"": 0, ""2006"": 0, ""2007"": 4, ""2008"": 0, ""2009"": 0, ""2010"": 0, ""2011"": 0, ""2012"": 0, ""2013"": 0, ""2014"": 0, ""2015"": 0, ""2016"": 0, ""2017"": 0, ""2018"": 0, ""2019"": 0, ""2020"": 0, ""2021"": 0, ""2022"": 0, ""2023"": 0, ""2024"": 0}","{""0"": {""date"": ""2007-02-15"", ""previous"": null, ""delta_days"": null}, ""2"": {""date"": ""2007-08-30"", ""previous"": ""2007-08-17"", ""delta_days"": 13}, ""23"": {""date"": ""2007-12-13"", ""previous"": ""2007-08-30"", ""delta_days"": 105}, ""42"": {""date"": ""2007-08-17"", ""previous"": ""2007-02-15"", ""delta_days"": 183}}",2007,2007,http://sickbarberlicks.weebly.com/glastonbury.html
77294821-8072-4c6d-a2c9-861d93401517,What A Show,what-a-show,2020-02-22 15:50:23.818238,2024-05-28 20:27:47.446892,"What a venue!<br/>What a show!<br/>This is the place I know, I know.<br/><br/>What a band!<br/>What a show!<br/>Another town I know, I know.","","'What A Show' is the same song as 'Helicopters', with different lyrics.",whatashow,201,false,4338604b-38e0-432c-855b-bcd9091d4409,Jon Gutwillig,,,6,2001-09-02,"{""1995"": 0, ""1996"": 0, ""1997"": 5, ""1998"": 0, ""1999"": 0, ""2000"": 0, ""2001"": 1, ""2002"": 0, ""2003"": 0, ""2004"": 0, ""2005"": 0, ""2006"": 0, ""2007"": 0, ""2008"": 0, ""2009"": 0, ""2010"": 0, ""2011"": 0, ""2012"": 0, ""2013"": 0, ""2014"": 0, ""2015"": 0, ""2016"": 0, ""2017"": 0, ""2018"": 0, ""2019"": 0, ""2020"": 0, ""2021"": 0, ""2022"": 0, ""2023"": 0, ""2024"": 0}","{""1"": {""date"": ""1997-12-02"", ""previous"": ""1997-11-30"", ""delta_days"": 2}, ""2"": {""date"": ""1997-12-29"", ""previous"": ""1997-12-27"", ""delta_days"": 2}, ""4"": {""date"": ""1997-12-27"", ""previous"": ""1997-12-04"", ""delta_days"": 23}, ""419"": {""date"": ""2001-09-02"", ""previous"": ""1997-12-29"", ""delta_days"": 1343}}",1997,2001,
46c379d3-067c-4889-805d-38d093841859,I Feel Love,i-feel-love,2020-02-22 15:50:29.120743,2024-04-12 00:39:06.195793,"","","",feellove,470,true,306f31b3-30ee-4f40-8336-38a8cb075ece,Donna Summer/Giorgio Moroder/ Pete Bello,,,17,2023-10-27,"{""1995"": 0, ""1996"": 0, ""1997"": 0, ""1998"": 0, ""1999"": 0, ""2000"": 0, ""2001"": 0, ""2002"": 0, ""2003"": 0, ""2004"": 0, ""2005"": 0, ""2006"": 0, ""2007"": 0, ""2008"": 0, ""2009"": 0, ""2010"": 0, ""2011"": 0, ""2012"": 0, ""2013"": 0, ""2014"": 0, ""2015"": 0, ""2016"": 0, ""2017"": 3, ""2018"": 3, ""2019"": 1, ""2020"": 1, ""2021"": 3, ""2022"": 2, ""2023"": 4, ""2024"": 0}","{""20"": {""date"": ""2021-10-28"", ""previous"": ""2021-06-04"", ""delta_days"": 146}, ""21"": {""date"": ""2019-04-27"", ""previous"": ""2018-11-01"", ""delta_days"": 177}, ""27"": {""date"": ""2023-10-27"", ""previous"": ""2023-07-08"", ""delta_days"": 111}, ""38"": {""date"": ""2020-10-24"", ""previous"": ""2019-04-27"", ""delta_days"": 546}, ""56"": {""date"": ""2023-05-05"", ""previous"": ""2022-06-04"", ""delta_days"": 335}}",2023,2019,
d63c2607-6664-4e7f-9235-c042c03c92fa,Mindless Dribble,mindless-dribble,2020-02-22 15:50:22.856762,2024-11-25 15:33:14.612664,"<p>Whimsical, a pen in motion, thoughts roll in my mind,<br/>scamper by so quickly now an agile word would find,<br/>well I tried to grasp an angel, saw her wings, and watched her fly<br/>reality for mingling dreams to scurry back and get in line.<br/><br/>We ordered out for mindless dribble,<br/>over used, half wit, ishkabibble,<br/>corner store junkies giving advice<br/>we ordered out for paradise.<br/><br/>A gallery, a pen in motion, a delightful line instead,<br/>it&#x27;s chivalry outranks commotion on the roads most common tread,<br/>and on those boots, the clicking heels, the dreams, the angel starts to fly,<br/>to masquerade the world&#x27;s parade for only seconds at a time.<br/><br/>We ordered out for mindless dribble,<br/>over used, half wit, ishkabibble,<br/>corner store junkies giving advice<br/>we ordered out for paradise.<br/><br/>Apple butter toast is nice,<br/>envisioned on a third wind twice,<br/>my fine breaded friend was denied by the vice,<br/>And they missed the perfume.<br/><br/>In a native centered world, one picks the fruit right off the trees,<br/>on a wild blue island in the deep blue seas,<br/>beyond a paleocentric world with all our people shaped in threes,<br/>the only way I get around is some mild insanity.<br/><br/>We ordered out for mindless dribble,<br/>over used, half wit, ishkabibble,<br/>corner store junkies giving advice<br/>we ordered out for paradise.<br/><br/>Apple butter toast is nice,<br/>envisioned on a third wind twice,<br/>my fine breaded friend was denied by the vice,<br/>and they missed the perfume.</p>","<p>transcribed by Rich Steele<br/>after intro, the chord they hit is a F# major played <br/>on the 2nd fret.<br/>They keep hitting this until you get to the next part, which is the part<br/>during the verse too.<br/><br/>the way barber plays this kinda has this shuffle feel to it. the chords dont really sustain at all. for best <br/>results don&#x27;t press down all the way on the strings <br/>to keep it from sounding too loud, avoiding the heavy <br/>pick attack sound.<br/><br/>  Am    Am           G       G<br/>E  5 5                       3 3 <br/>B  5 5  10 10 10 10  12 12   3 3<br/>G  5 5  9  9  9  9   12 12   4 4<br/>D  7 7  10 10 10 10  12 12   5 5<br/>A  7 7               10 10   5 5<br/>E                            3 3<br/><br/>(verses)<br/>(start the part above with the first line of each verse with the Am, and<br/>hit the G with the last word of each line.)<br/><br/>(#1) <br/>  Whimsical, a pen in motion, thoughts roll off my mind.<br/>  Scamper by so quickly, now a agile word would find.<br/>  Tried to grasp an angel, saw her wings and watched her fly.<br/>  Reality from mingling dreams, to scurry back and get in line.  <br/><br/>(Chorus)<br/> <br/>  Am        G  Am   D                Bm<br/>E 5 5 5     3  5                     7 7 7 7<br/>B 5 5 5     3  5    7 7 7 7          7 7 7 7 <br/>G 5 5 5     4  5    7 7 7 7          7 7 7 7<br/>D 7 7 7     5  7    7 7 7 7          9 9 9 9 <br/>A 7 7 7     5  7    5 5 5 5          9 9 9 9<br/>E 5 5 5     3  5                     7 7 7 7<br/>  <br/> <br/>  F        F# G<br/>E 1 1 1 1  2  3<br/>B 1 1 1 1  2  3 <br/>G 2 2 2 2  3  4<br/>D 3 3 3 3  4  5<br/>A 3 3 3 3  4  5<br/>E 1 1 1 1  2  3<br/><br/>  <br/> We ordered out for Mindless Dribble<br/> Overused half-wit, ishkabible.<br/> Corner store junkies giving advice.<br/> We ordered out for paradise. <br/><br/><br/><br/>(applebutter toast part)<br/><br/>E                                       7<br/>B      4            4            4       7        4   7 5 5(p)4<br/>G 4 4 4  4 6   4 4 4  4 6   4 4 4  4 6 6     4 4 4  4           6(p)4<br/>D<br/>A<br/>E<br/><br/>Applebutter toast is nice. <br/>Envisioned on a third wing, twice.<br/>My fine breaded friend, was denied by the vice <br/>and they missed the perfume.  <br/></p>","",dribble,47,false,4338604b-38e0-432c-855b-bcd9091d4409,Jon Gutwillig,"<p><em>Beyond a paleocentric world with all our people shaped in threes, The only way I get around is with some mild insanity.</em></p><p></p><p>The first debut of 1998, Mindless Dribble signalled an important shift in the band’s style and songwriting maturity. It’s challenging lyrics and aggressive style placed it in contrast to the faux-hippie neo-psychedelia of 97-95.</p><p></p><p>The first few performances of Dribble were completely free of improv, but within a little more than a month the band was beginning to carve out the song’s nascent jam section. There is a tremendous observable growth throughout the year, with at least one must-hear version, 12/30/98 (also noteworthy as the first &quot;happy&quot; Dribble). Other noteworthy early versions include 4/18/98 and 5/2/98.</p><p></p><p>The song became a major jam vehicle in 1999, the year where most of the strongest versions can be found. The jam section remained fairly standard throughout the year, with a few notable deviations, e.g. the demented, primal 10/28/99 and the fairly blissful 12/30/99 (another &quot;happy&quot; Dribble). The song remained strong through 2000, with noteworthy versions including 10/31/00 (the longest version to date) and 10/6/00, in which the chord progression that eventually gave rise to The Big Happy, Highwire, and I Remember When was debuted.</p><p></p><p>Dribble remained a strong selection in 2001, with the split-up &quot;happy&quot; Dribble from 3/31/01 widely regarded as one of the best. The song also underwent some important developments in this year. On 4/20/01 (fittingly) the “dub” version of Mindless Dribble was debuted, a part of the larger trend of dubbed versions of Biscuits songs that swept up both I-Man and Floodlights during April 2001. Later in the year, the song became the vehicle for the composed jam that would eventually become known as Strobelights and Martinis. Beginning on 9/1/01, and continuing through the month, every Dribble (with the exception of 9/21/01) would bear the hallmarks of this jam. The section was briefly reprised again in April 2003 and occasionally after Strobelights was debuted as its own song.</p><p></p><p>Although Dribble remained a staple of the catalog, its appearance grew less frequent in 2.0. It was never shelved, and was often split up to keep it interesting. When not split up, Dribble often fell into predictable patterns that made it less interesting than it had been in the 1.0 era (though exceptions to this rule exist--most notably the Red Rocks Dribble of 5/29/10).</p><p></p><p>Dribble continued to be a common presence throughout the setbreak era, being played, on average, around once every five or six shows (the striking exception to this is in 2018, when, excluding the dub version from Camp Bisco, Dribble was only played once the entire year). The song had a major renaissance during the &quot;Setbreak is Over&quot; tour of fall 2019. 11/16/19 and 11/17/19 each feature half of a strong split version, and arguably the strongest full version played with Allen took place on 12/13/19.</p><p></p>","Beyond a paleocentric world with all our people shaped in threes, The only way I get around is with some mild insanity.",291,2024-11-15,"{""1995"": 0, ""1996"": 0, ""1997"": 0, ""1998"": 50, ""1999"": 42, ""2000"": 11, ""2001"": 17, ""2002"": 24, ""2003"": 11, ""2004"": 7, ""2005"": 4, ""2006"": 13, ""2007"": 11, ""2008"": 9, ""2009"": 12, ""2010"": 8, ""2011"": 5, ""2012"": 4, ""2013"": 4, ""2014"": 6, ""2015"": 4, ""2016"": 6, ""2017"": 6, ""2018"": 2, ""2019"": 5, ""2020"": 2, ""2021"": 6, ""2022"": 4, ""2023"": 8, ""2024"": 10}","{""21"": {""date"": ""2011-09-05"", ""previous"": ""2011-07-02"", ""delta_days"": 65}, ""26"": {""date"": ""2022-09-08"", ""previous"": ""2022-03-11"", ""delta_days"": 181}, ""27"": {""date"": ""2009-09-11"", ""previous"": ""2009-04-17"", ""delta_days"": 147}, ""44"": {""date"": ""2010-05-29"", ""previous"": ""2009-11-22"", ""delta_days"": 188}}",1998,2018,http://sickbarberlicks.weebly.com/mindless-dribble.html
11f1b80a-bed6-40cf-ae37-c9d87e702be4,Space Train,space-train,2022-06-12 13:27:10.929921,2024-11-25 11:43:40.440602,"<p>Gonna hitch a ride on this outer space train</p><p>Gonna hitch a ride </p><p></p><p>On a space train, on a space taxi yeah</p><p>And we&#x27;re headin on a mission getting all our friends together and we LIFT OFFx3</p><p>On a space train</p><p></p><p>Been feeling something new, this feeling’s got a different energy</p><p></p><p>Ya think ya seen it all, been doing some time extreme</p><p></p><p>I don&#x27;t know where it ends, this trains headed to another galaxy </p><p></p><p>Ya think ya seen it all, I feel like somethings lookin after me</p><p></p><p>We might be on the verge, kinda feels like things are bursting at the seams</p><p></p><p>Ya think ya seen it all, but now we gotta play one for the queen</p><p>I don&#x27;t know where it ends, termination is a possibility</p><p></p><p>Haven&#x27;t seen it all, hoping something&#x27;s looking after me</p>","","",,,false,71cad423-1917-4734-a562-e762726a8f6d,,"","",27,2024-11-20,"{""1995"": 0, ""1996"": 0, ""1997"": 0, ""1998"": 0, ""1999"": 0, ""2000"": 0, ""2001"": 0, ""2002"": 0, ""2003"": 0, ""2004"": 0, ""2005"": 0, ""2006"": 0, ""2007"": 0, ""2008"": 0, ""2009"": 0, ""2010"": 0, ""2011"": 0, ""2012"": 0, ""2013"": 0, ""2014"": 0, ""2015"": 0, ""2016"": 0, ""2017"": 0, ""2018"": 0, ""2019"": 0, ""2020"": 0, ""2021"": 0, ""2022"": 9, ""2023"": 14, ""2024"": 4}","{""9"": {""date"": ""2022-10-01"", ""previous"": ""2022-08-20"", ""delta_days"": 42}, ""12"": {""date"": ""2024-02-05"", ""previous"": ""2023-12-01"", ""delta_days"": 66}, ""15"": {""date"": ""2024-03-29"", ""previous"": ""2024-02-05"", ""delta_days"": 53}, ""25"": {""date"": ""2024-11-20"", ""previous"": ""2024-08-28"", ""delta_days"": 84}, ""26"": {""date"": ""2024-08-28"", ""previous"": ""2024-03-29"", ""delta_days"": 152}}",2023,2024,""
892570d0-334a-436b-993d-9ae399e4d053,Dance Of The Sugarplum Fairies,dance-of-the-sugarplum-fairies,2020-02-22 15:50:23.818238,2024-05-28 20:28:01.335202,"","","",sugarplum,184,true,c2e2ea22-fb95-4596-be0e-a3d2fd04e01c,Tschaikovsky,,,29,2022-12-30,"{""1995"": 0, ""1996"": 1, ""1997"": 4, ""1998"": 3, ""1999"": 2, ""2000"": 1, ""2001"": 3, ""2002"": 1, ""2003"": 1, ""2004"": 0, ""2005"": 0, ""2006"": 1, ""2007"": 1, ""2008"": 0, ""2009"": 1, ""2010"": 0, ""2011"": 1, ""2012"": 1, ""2013"": 1, ""2014"": 2, ""2015"": 1, ""2016"": 1, ""2017"": 1, ""2018"": 1, ""2019"": 0, ""2020"": 0, ""2021"": 0, ""2022"": 1, ""2023"": 0, ""2024"": 0}","{""146"": {""date"": ""1999-12-04"", ""previous"": ""1998-12-09"", ""delta_days"": 360}, ""147"": {""date"": ""1998-12-03"", ""previous"": ""1998-01-29"", ""delta_days"": 308}, ""148"": {""date"": ""2022-12-30"", ""previous"": ""2018-12-28"", ""delta_days"": 1463}, ""161"": {""date"": ""2006-12-29"", ""previous"": ""2003-08-16"", ""delta_days"": 1231}, ""162"": {""date"": ""2009-12-26"", ""previous"": ""2007-12-29"", ""delta_days"": 728}}",1997,1996,
1e7b4404-d281-4a2e-b557-53bf64f5a4a7,Caterpillar,caterpillar,2020-02-22 15:50:23.818238,2024-11-25 12:13:40.350625,Well I put you on a pedestal<br/>I want to see you all the time<br/>The light surrounds your inner innocence<br/>With darkness never far behind<br/><br/>You ought to teach me your philosophy<br/>and life is always on your mind<br/>You can't wake up from last night's decadence<br/>and you still had a good time<br/><br/>You want to talk about our governments<br/>Well I don't think I have the time<br/>You did your part on the environments<br/>It was only in the sand where I saw you draw the line<br/><br/>You always like to live extravagance<br/>You always like to wine and dine<br/>So now you come out of my leatherback<br/>You poke your head out for a while<br/><br/>Caterpillar asleep in the bathtub<br/>Berry always wake in the sink<br/>Butterfly arrive in the bedroom<br/>Beauty fly away on a wing<br/><br/>You can't believe that you have to pay your rent<br/>Why don't you find some man to buy<br/>I can't believe I take my vitamins<br/>But I don't want to see you cry<br/>And I'd like to be your man to rent<br/>But I don't ever see you try<br/>So you think you have all the evidence<br/>So tell me what's your bottom line<br/><br/>Caterpillar asleep in the bathtub<br/>Berry always wake in the sink<br/>Butterfly arrive in the bedroom<br/>Beauty fly away on a wing<br/><br/>,tabbed by Rich Steele<br/><br/>main riff<br/><br/>E<br/>B                                                                                11   <br/>G    12(h)13 12 10   10 12 13 12 10       10     12(h)13 12 10  10 12 13 12 10<br/>D  13                               13 12      13                              13<br/>A<br/>E<br/><br/>then...<br/><br/>E<br/>B<br/>G  10 10 12 13 12 10         10 10 12 13 12 10 12   10 10 12 13 12 10<br/>D                    13 12                                             13 12 <br/>A<br/>E<br/><br/>E<br/>B                    11 13 11  <br/>G  10 10 12 13 12 10  <br/>D<br/>A<br/>E<br/><br/><br/>keyboard/sequencer melody (slightly mute the strings)<br/><br/>E<br/>B  15 15 15 15  11 11 11 11  13 13 13 13<br/>G                                        12 12 12 12<br/>D<br/>A<br/>E<br/><br/>riff over chorus<br/><br/>E<br/>B  11(p)10 11(p)10 11 13 11 10    11(p)10 11(p)10 11 13 10 11<br/>G                             11<br/>D<br/>A<br/>E,Debuted by Sucker Punch at the Endless Mountain Music Festival on 7/19/03 as an instrumental named Macina Verde. Debuted by the Perfume on 10/23/03 with lyrics. ,caterpillar,243,false,e2397ce3-857e-425f-925e-1cb30de780d7,Marc Brownstein,,,161,2024-11-15,"{""1995"": 0, ""1996"": 0, ""1997"": 0, ""1998"": 0, ""1999"": 0, ""2000"": 0, ""2001"": 0, ""2002"": 0, ""2003"": 5, ""2004"": 6, ""2005"": 3, ""2006"": 19, ""2007"": 13, ""2008"": 9, ""2009"": 18, ""2010"": 10, ""2011"": 4, ""2012"": 3, ""2013"": 3, ""2014"": 4, ""2015"": 3, ""2016"": 8, ""2017"": 4, ""2018"": 6, ""2019"": 6, ""2020"": 1, ""2021"": 9, ""2022"": 8, ""2023"": 9, ""2024"": 10}","{""18"": {""date"": ""2010-03-21"", ""previous"": ""2009-12-27"", ""delta_days"": 84}, ""19"": {""date"": ""2011-05-27"", ""previous"": ""2010-12-27"", ""delta_days"": 151}, ""24"": {""date"": ""2007-06-08"", ""previous"": ""2006-12-31"", ""delta_days"": 159}}",2006,2020,http://sickbarberlicks.weebly.com/caterpillar.html
cd3d5c11-de0a-4ba5-8305-f5b9719a5a86,Joy to the World,joy-to-the-world,2020-02-22 15:50:23.818238,2024-07-15 22:37:22.479012,"","","",joytotheworld,293,true,,"",,,1,2006-12-29,"{""1995"": 0, ""1996"": 0, ""1997"": 0, ""1998"": 0, ""1999"": 0, ""2000"": 0, ""2001"": 0, ""2002"": 0, ""2003"": 0, ""2004"": 0, ""2005"": 0, ""2006"": 1, ""2007"": 0, ""2008"": 0, ""2009"": 0, ""2010"": 0, ""2011"": 0, ""2012"": 0, ""2013"": 0, ""2014"": 0, ""2015"": 0, ""2016"": 0, ""2017"": 0, ""2018"": 0, ""2019"": 0, ""2020"": 0, ""2021"": 0, ""2022"": 0, ""2023"": 0, ""2024"": 0}","{""0"": {""date"": ""2006-12-29"", ""previous"": null, ""delta_days"": null}}",2006,2006,
5598f6b4-5819-49d3-b20e-99cb80773dc8,On Time,on-time,2020-02-22 15:50:23.989311,2024-10-04 03:42:29.443508,"<p>I know your natural circuitry is so exciting<br/>Your mother board has got my cords wired hard I&#x27;m all distorted<br/><br/>You can download my feed at the speed of lightning<br/>I promise you won&#x27;t get no static, my system is automatic, girl<br/>Been searching far and wide (Uh huh) looking for the right prototype (Uh huh)<br/><br/>Gonna program your device, upload the design from my key drive<br/>Let&#x27;s get get get it right, your system&#x27;s online and on time<br/><br/>Your body baby, it&#x27;s on time<br/>It&#x27;s automatically on time<br/>You drive me crazy you&#x27;re on time<br/>Got static, no, on time<br/><br/>Your random access memory is minimizing<br/><br/>Your clipboard is over stored but my internet will explore it<br/>Control alt delete bugs that are hiding<br/>I promise you won&#x27;t get no static, my system is automatic girl<br/>Been searching far and wide (Uh huh) looking for the right prototype (Uh huh)<br/><br/>Gonna program your device, upload the design from my key drive<br/>Let&#x27;s get get get it right, your system&#x27;s online and on time<br/><br/>Your body baby, it&#x27;s on time<br/>It&#x27;s automatically on time<br/>You drive me crazy you&#x27;re on time<br/>Got static, no, on time</p>","","",ontime,381,false,e29db38d-5b63-4e2c-b5bc-8f4ed3fe1c64,"",,,53,2022-12-30,"{""1995"": 0, ""1996"": 0, ""1997"": 0, ""1998"": 0, ""1999"": 0, ""2000"": 0, ""2001"": 0, ""2002"": 0, ""2003"": 0, ""2004"": 0, ""2005"": 0, ""2006"": 0, ""2007"": 0, ""2008"": 0, ""2009"": 9, ""2010"": 19, ""2011"": 3, ""2012"": 1, ""2013"": 2, ""2014"": 3, ""2015"": 2, ""2016"": 3, ""2017"": 3, ""2018"": 4, ""2019"": 1, ""2020"": 0, ""2021"": 2, ""2022"": 1, ""2023"": 0, ""2024"": 0}","{""22"": {""date"": ""2016-10-27"", ""previous"": ""2016-02-05"", ""delta_days"": 265}, ""33"": {""date"": ""2012-10-05"", ""previous"": ""2011-08-12"", ""delta_days"": 420}, ""55"": {""date"": ""2021-04-23"", ""previous"": ""2019-01-26"", ""delta_days"": 818}, ""72"": {""date"": ""2022-12-30"", ""previous"": ""2021-07-16"", ""delta_days"": 532}}",2010,2012,http://sickbarberlicks.weebly.com/on-time.html
c015a2af-a88c-4daf-ba8b-bd38968023bb,Portal To An Empty Head,portal-to-an-empty-head,2020-02-22 15:50:23.989311,2024-11-25 11:47:25.602807,"And I step into a black hole, take a step back<br/>So maybe I won't go in my head<br/>And I'm looking out the window and I see the wind blow<br/>Maybe I won't know when to end<br/><br/>I can't quite make out what you said<br/>As you step through a portal to my empty head<br/><br/>Hereâ€™s my portal to an empty head<br/><br/>And I'm driven by desire, dreams are on fire<br/>Gonna hook a wire to my brain<br/>And Iâ€™m sitting in a limo, living in limbo<br/>Hoping that I won't end up insane","","",portal,390,false,e2397ce3-857e-425f-925e-1cb30de780d7,Marc Brownstein,,,57,2024-11-16,"{""1995"": 0, ""1996"": 0, ""1997"": 0, ""1998"": 0, ""1999"": 0, ""2000"": 0, ""2001"": 0, ""2002"": 0, ""2003"": 0, ""2004"": 0, ""2005"": 0, ""2006"": 0, ""2007"": 0, ""2008"": 0, ""2009"": 2, ""2010"": 17, ""2011"": 9, ""2012"": 2, ""2013"": 2, ""2014"": 0, ""2015"": 1, ""2016"": 0, ""2017"": 3, ""2018"": 3, ""2019"": 2, ""2020"": 1, ""2021"": 2, ""2022"": 3, ""2023"": 7, ""2024"": 3}","{""27"": {""date"": ""2022-03-31"", ""previous"": ""2021-08-28"", ""delta_days"": 215}, ""29"": {""date"": ""2020-10-30"", ""previous"": ""2019-11-15"", ""delta_days"": 350}, ""39"": {""date"": ""2017-02-02"", ""previous"": ""2015-12-03"", ""delta_days"": 427}, ""54"": {""date"": ""2024-11-03"", ""previous"": ""2024-02-07"", ""delta_days"": 270}, ""67"": {""date"": ""2015-12-03"", ""previous"": ""2013-07-12"", ""delta_days"": 874}}",2010,2015,http://sickbarberlicks.weebly.com/portal-to-an-empty-head.html
aa5d9fc1-fad2-4167-a61f-7e1314df49f6,Evolve,evolve,2021-07-18 03:40:27.614980,2024-11-25 11:47:27.800613,"","","",,,false,a827e021-ab19-4d94-9aa8-6097e0fba28b,,"","",27,2024-09-05,"{""1995"": 0, ""1996"": 0, ""1997"": 0, ""1998"": 0, ""1999"": 0, ""2000"": 0, ""2001"": 0, ""2002"": 0, ""2003"": 0, ""2004"": 0, ""2005"": 0, ""2006"": 0, ""2007"": 0, ""2008"": 0, ""2009"": 0, ""2010"": 0, ""2011"": 0, ""2012"": 0, ""2013"": 0, ""2014"": 0, ""2015"": 0, ""2016"": 0, ""2017"": 0, ""2018"": 0, ""2019"": 0, ""2020"": 0, ""2021"": 10, ""2022"": 11, ""2023"": 5, ""2024"": 1}","{""12"": {""date"": ""2023-01-21"", ""previous"": ""2022-11-10"", ""delta_days"": 72}, ""14"": {""date"": ""2023-10-25"", ""previous"": ""2023-08-10"", ""delta_days"": 76}, ""17"": {""date"": ""2023-08-10"", ""previous"": ""2023-06-15"", ""delta_days"": 56}, ""21"": {""date"": ""2023-06-15"", ""previous"": ""2023-03-23"", ""delta_days"": 84}, ""59"": {""date"": ""2024-09-05"", ""previous"": ""2023-10-25"", ""delta_days"": 316}}",2022,2024,http://www.sickbarberlicks.net/evolve.html
9ce2237d-f235-48f0-b20d-69f714902d2f,Resolution,resolution,2020-02-22 15:50:23.818238,2024-01-15 11:42:42.768277,"","","",resolution,231,true,b3c98e50-569b-4be4-b662-04663d1ffdf5,Mahavishnu Orchestra,,,6,2008-06-09,"{""1995"": 0, ""1996"": 0, ""1997"": 0, ""1998"": 0, ""1999"": 0, ""2000"": 0, ""2001"": 0, ""2002"": 0, ""2003"": 4, ""2004"": 1, ""2005"": 0, ""2006"": 0, ""2007"": 0, ""2008"": 1, ""2009"": 0, ""2010"": 0, ""2011"": 0, ""2012"": 0, ""2013"": 0, ""2014"": 0, ""2015"": 0, ""2016"": 0, ""2017"": 0, ""2018"": 0, ""2019"": 0, ""2020"": 0, ""2021"": 0, ""2022"": 0, ""2023"": 0, ""2024"": 0}","{""1"": {""date"": ""2003-09-28"", ""previous"": ""2003-09-27"", ""delta_days"": 1}, ""2"": {""date"": ""2003-09-30"", ""previous"": ""2003-09-28"", ""delta_days"": 2}, ""10"": {""date"": ""2003-11-01"", ""previous"": ""2003-09-30"", ""delta_days"": 32}, ""28"": {""date"": ""2004-10-01"", ""previous"": ""2003-11-01"", ""delta_days"": 335}, ""232"": {""date"": ""2008-06-09"", ""previous"": ""2004-10-01"", ""delta_days"": 1347}}",2003,2004,
aba63063-b8b0-4d5a-9a64-b2baac695883,Confrontation,confrontation,2020-02-22 15:50:22.697566,2024-11-25 15:33:26.470912,"I didn't mean no harm,<br/>I know there's no alarm, <br/>And now we've made our choice. <br/><br/>There is no turning back, <br/>You've always had the knack, <br/>To hear your inner voice.<br/><br/>But now you tune it out, <br/>And then begin to shout, <br/>Until your face turns red. <br/><br/>And Amos pleads his case, <br/>And you remove his face, <br/>From what was once his head.<br/><br/>And if you ever see me in my dreams.<br/>And if you know that life was what it seems.<br/>And now you wish that it was yesterday.<br/>But that's the price you have to pay.<br/><br/>No time to reminisce,<br/>But time is what you miss,<br/>It seems you've got no chance.<br/><br/>A mask to hide your face,<br/>And wings to win your race,<br/>We've had a change of plans.<br/><br/>And in the thick of night,<br/>With not a speck of light,<br/>And with your fingers curled.<br/><br/>How did you kill your friend,<br/>And have you reached the end,<br/>Of your forsaken world.<br/><br/>And if you ever see me in my dreams.<br/>And if you know that life was what it seems.<br/>And now you wish that it was yesterday.<br/>But that's the price you have to pay.<br/><br/>The confrontation was a necessary act.<br/>We traded in our lives but took a million back.<br/>And in the end, it seems I get what I deserve.<br/>But for one moment's time, I wish I had the nerve.","transcribed by Rich Steele<br/><br/>intro/main progression<br/><br/>(I found that the easiest way to learn the chord voicings is to finger pick it)<br/><br/>E <br/>B   8   8   8  10   7  7   7  10  10     10      8    8  8   8<br/>G   9     9         9    9        10        10   9    9  7   9<br/>D  10  10      10  10             10   10       10   10  9  10<br/>A                                    8<br/>E<br/><br/>then...<br/><br/>C > G > A<br/><br/>A                        G      <br/>And if you ever see me in my dreams..<br/><br/>D > C > A<br/><br/>then..<br/><br/>E > G > F#m > A > C > Bm > E<br/>and<br/>E > G > F#m > A  > main progression<br/><br/><br/>Chorus <br/><br/>              - E       5<br/>              - B  7    5<br/>A > D with a  - G    7  6     at the end of each line.<br/>              - D       7<br/>              - A<br/>              - E  <br/><br/>that is only one way of playing the chorus part. basically you just need to make sure you're throwing in a F# note to a D note below it that resolves to a E note, which is part of the A major chord you go back into. So the whole thing is a A > D progression with a couple notes thrown in between.<br/><br/>","",confront,37,false,e2397ce3-857e-425f-925e-1cb30de780d7,Marc Brownstein,,,232,2024-11-14,"{""1995"": 0, ""1996"": 0, ""1997"": 0, ""1998"": 0, ""1999"": 0, ""2000"": 13, ""2001"": 25, ""2002"": 24, ""2003"": 12, ""2004"": 5, ""2005"": 6, ""2006"": 16, ""2007"": 11, ""2008"": 7, ""2009"": 17, ""2010"": 14, ""2011"": 6, ""2012"": 4, ""2013"": 5, ""2014"": 6, ""2015"": 5, ""2016"": 4, ""2017"": 6, ""2018"": 5, ""2019"": 3, ""2020"": 2, ""2021"": 8, ""2022"": 6, ""2023"": 11, ""2024"": 11}","{""17"": {""date"": ""2008-07-18"", ""previous"": ""2008-04-18"", ""delta_days"": 91}, ""22"": {""date"": ""2011-12-28"", ""previous"": ""2011-07-09"", ""delta_days"": 172}}",2001,2020,http://sickbarberlicks.weebly.com/confrontation.html
e2702be4-a417-478b-a711-2b14b6e7c1db,Pinball Wizard,pinball-wizard,2020-02-22 15:50:23.818238,2024-08-29 03:48:08.750630,"","","",pinball,279,true,aa0572b8-fcb9-40d5-9ce0-b4d3f62c55b5,The Who,,,6,2007-05-18,"{""1995"": 0, ""1996"": 0, ""1997"": 0, ""1998"": 0, ""1999"": 0, ""2000"": 0, ""2001"": 0, ""2002"": 0, ""2003"": 0, ""2004"": 0, ""2005"": 0, ""2006"": 5, ""2007"": 1, ""2008"": 0, ""2009"": 0, ""2010"": 0, ""2011"": 0, ""2012"": 0, ""2013"": 0, ""2014"": 0, ""2015"": 0, ""2016"": 0, ""2017"": 0, ""2018"": 0, ""2019"": 0, ""2020"": 0, ""2021"": 0, ""2022"": 0, ""2023"": 0, ""2024"": 0}","{""4"": {""date"": ""2006-06-16"", ""previous"": ""2006-05-28"", ""delta_days"": 19}, ""6"": {""date"": ""2006-07-01"", ""previous"": ""2006-06-16"", ""delta_days"": 15}, ""10"": {""date"": ""2006-11-18"", ""previous"": ""2006-11-04"", ""delta_days"": 14}, ""14"": {""date"": ""2006-11-04"", ""previous"": ""2006-07-01"", ""delta_days"": 126}, ""31"": {""date"": ""2007-05-18"", ""previous"": ""2006-11-18"", ""delta_days"": 181}}",2006,2007,
b897270b-79af-4dcc-bf0b-68c43f064e5c,Three Wishes,three-wishes,2020-02-22 15:50:23.818238,2024-06-17 18:04:40.969168,"I wish I was young.<br/>But still I'm naive.<br/>I wish I was rich.<br/>But for now it's a dream.<br/><br/>If I had three wishes, I wish I could see you again.<br/><br/>I wish I had listened. <br/>To all that you told.<br/>I wish I had learned.<br/>From all that you know.<br/><br/>If I had three wishes, I wish I could hear your voice.<br/><br/>I wish I had told you.<br/>But you may not have heard. <br/>I wish you can see me.<br/>As I fly like a bird.<br/><br/>If I had three wishes, I wish you could be here with me.","","",wishes,208,false,e2397ce3-857e-425f-925e-1cb30de780d7,Marc Brownstein,,,47,2017-06-02,"{""1995"": 0, ""1996"": 0, ""1997"": 0, ""1998"": 5, ""1999"": 20, ""2000"": 6, ""2001"": 5, ""2002"": 2, ""2003"": 3, ""2004"": 1, ""2005"": 2, ""2006"": 0, ""2007"": 0, ""2008"": 0, ""2009"": 1, ""2010"": 0, ""2011"": 0, ""2012"": 0, ""2013"": 1, ""2014"": 0, ""2015"": 0, ""2016"": 0, ""2017"": 1, ""2018"": 0, ""2019"": 0, ""2020"": 0, ""2021"": 0, ""2022"": 0, ""2023"": 0, ""2024"": 0}","{""57"": {""date"": ""2003-08-16"", ""previous"": ""2002-11-06"", ""delta_days"": 283}, ""69"": {""date"": ""2002-11-06"", ""previous"": ""2002-04-19"", ""delta_days"": 201}, ""103"": {""date"": ""2017-06-02"", ""previous"": ""2013-12-31"", ""delta_days"": 1249}, ""221"": {""date"": ""2013-12-31"", ""previous"": ""2009-06-03"", ""delta_days"": 1672}, ""277"": {""date"": ""2009-06-03"", ""previous"": ""2005-09-13"", ""delta_days"": 1359}}",1999,2004,http://sickbarberlicks.weebly.com/three-wishes.html
a633dafa-d9ec-4882-a9f8-89531558cf35,No Recollection ,no-recollection,2024-01-27 02:06:57.328629,2024-11-25 12:07:28.431104,"<p>VERSE 1</p><p></p><p>I store my memories</p><p>Somewhere beyond comprehension</p><p>Is it real, if there’s no recollection</p><p>Now suddenly</p><p>I can recall our connection</p><p>(and it’s) looking like the life for me</p><p></p><p>VERSE 2</p><p></p><p>Sometimes my fantasies</p><p>Can be a source of contention</p><p>Sometimes i dream of things i cannot mention</p><p>Now suddenly</p><p>It seems you caught my attention</p><p>(and it’s) looking like the life for me</p><p></p><p>CHORUS</p><p></p><p>We got supernatural connection</p><p>(and it’s) looking like the life for me</p><p>We got love we got our imperfections</p><p>(and it’s) looking like the life for me</p>","","",,,false,8a2d334a-3281-4a86-a2b4-5f161f819988,,"","",17,2024-11-22,"{""1995"": 0, ""1996"": 0, ""1997"": 0, ""1998"": 0, ""1999"": 0, ""2000"": 0, ""2001"": 0, ""2002"": 0, ""2003"": 0, ""2004"": 0, ""2005"": 0, ""2006"": 0, ""2007"": 0, ""2008"": 0, ""2009"": 0, ""2010"": 0, ""2011"": 0, ""2012"": 0, ""2013"": 0, ""2014"": 0, ""2015"": 0, ""2016"": 0, ""2017"": 0, ""2018"": 0, ""2019"": 0, ""2020"": 0, ""2021"": 0, ""2022"": 0, ""2023"": 0, ""2024"": 17}","{""5"": {""date"": ""2024-03-16"", ""previous"": ""2024-03-09"", ""delta_days"": 7}, ""6"": {""date"": ""2024-07-15"", ""previous"": ""2024-07-05"", ""delta_days"": 10}, ""11"": {""date"": ""2024-11-07"", ""previous"": ""2024-09-08"", ""delta_days"": 60}}",2024,2024,""
50ccac9c-7540-4b08-b611-35f24d213861,Meditation,meditation,2020-02-22 15:50:23.989311,2024-07-29 14:33:48.833078,"","","",meditation,344,false,4338604b-38e0-432c-855b-bcd9091d4409,"",,,17,2021-05-30,"{""1995"": 0, ""1996"": 0, ""1997"": 0, ""1998"": 0, ""1999"": 0, ""2000"": 0, ""2001"": 0, ""2002"": 0, ""2003"": 0, ""2004"": 0, ""2005"": 0, ""2006"": 0, ""2007"": 0, ""2008"": 3, ""2009"": 13, ""2010"": 0, ""2011"": 0, ""2012"": 0, ""2013"": 0, ""2014"": 0, ""2015"": 0, ""2016"": 0, ""2017"": 0, ""2018"": 0, ""2019"": 0, ""2020"": 0, ""2021"": 1, ""2022"": 0, ""2023"": 0, ""2024"": 0}","{""9"": {""date"": ""2009-09-23"", ""previous"": ""2009-07-18"", ""delta_days"": 67}, ""11"": {""date"": ""2009-06-25"", ""previous"": ""2009-04-20"", ""delta_days"": 66}, ""12"": {""date"": ""2008-12-28"", ""previous"": ""2008-07-18"", ""delta_days"": 163}, ""14"": {""date"": ""2009-04-20"", ""previous"": ""2009-03-04"", ""delta_days"": 47}, ""422"": {""date"": ""2021-05-30"", ""previous"": ""2009-09-23"", ""delta_days"": 4267}}",2009,2021,http://sickbarberlicks.weebly.com/meditation.html
ed71200f-9357-4f13-afcb-17d1a5e51c70,World Is Spinning,world-is-spinning,2020-02-22 15:50:23.818238,2024-08-07 23:13:37.629086,"Ambulance<br/>Siren spinning<br/>Street is blocked on either side<br/>The crowd then lingers looking in<br/><br/>The real militia<br/>Cobalt blue<br/>Broken glass on cobble streets<br/>Through TV cameras straight to you<br/><br/>The world is spinning out of control<br/>The world is spinning out of control<br/><br/>Bulldozers<br/>Still till morning<br/>Wait to turn the patient ground<br/>With trees that we should build around<br/><br/>Bureaucrats<br/>Double-crossing<br/>Allies former meant to so<br/>Grudge matches started long ago<br/><br/>the world is spinning out of control<br/>the world is spinning<br/><br/>Maybe I could think aloud<br/>Turn these words back upside down<br/>On a silver platter, here ya go<br/>Your kettle's burning on the stove<br/><br/>The world is spinning out of control<br/>The world is spinning","","",world,212,false,4338604b-38e0-432c-855b-bcd9091d4409,Jon Gutwillig,,,54,2021-09-17,"{""1995"": 0, ""1996"": 0, ""1997"": 0, ""1998"": 0, ""1999"": 0, ""2000"": 0, ""2001"": 0, ""2002"": 0, ""2003"": 12, ""2004"": 5, ""2005"": 3, ""2006"": 8, ""2007"": 5, ""2008"": 9, ""2009"": 2, ""2010"": 0, ""2011"": 2, ""2012"": 1, ""2013"": 0, ""2014"": 0, ""2015"": 1, ""2016"": 0, ""2017"": 2, ""2018"": 1, ""2019"": 1, ""2020"": 1, ""2021"": 1, ""2022"": 0, ""2023"": 0, ""2024"": 0}","{""54"": {""date"": ""2008-03-18"", ""previous"": ""2007-07-15"", ""delta_days"": 247}, ""67"": {""date"": ""2017-05-31"", ""previous"": ""2015-03-06"", ""delta_days"": 817}, ""68"": {""date"": ""2015-03-06"", ""previous"": ""2012-10-04"", ""delta_days"": 883}, ""85"": {""date"": ""2009-09-18"", ""previous"": ""2008-07-03"", ""delta_days"": 442}, ""121"": {""date"": ""2011-07-02"", ""previous"": ""2009-09-27"", ""delta_days"": 643}}",2003,2012,http://sickbarberlicks.weebly.com/world-is-spinning.html
d035c236-9e57-4565-a21b-02a0d94bb792,Resurrection,resurrection,2020-02-22 15:50:23.147147,2024-02-28 20:00:00.374175,"I wanna wander forward, back inside this circle track of life<br/>You know it's kinda' like that opinion, pidgeon perched on my windowsill <br/>Still it has the nerve to fly like that song<br/>Up above in the sky, don't look back with no goodbyes<br/>Soar across the midnight black<br/>Watch yourself, it's sneak attack<br/><br/>Back your ass up, it's the resurrection<br/>Gonna bust it out, in this next section<br/><br/>It's free<br/>Bust it out<br/>But you're not in this alone<br/>It's free<br/>Bust it out<br/>But you're not in this alone<br/>It's free<br/>Bust it out<br/>But you're not in this alone<br/>It's free<br/>Bust it out<br/><br/>(refrain:)<br/>It came today<br/>when the world was at it's beck and call<br/>the pipes explode, the walls they fall<br/>Nothing prepared us for what we saw<br/><br/>today<br/>when the world was at it's beck and call<br/>the pipes explode, the walls they fall<br/>Nothing prepared us for what we saw.. today<br/><br/>How can you see and not recognize<br/>The world around us is masked and disguised<br/>Deciete and lies flying by<br/>throw in the towel, buy another vowel, see you on the flip side<br/><br/>All this news, I can't handle without the booze<br/>How can you tell, what's the truth and what's the flooze<br/>Are we really livin' it day to day?<br/>Someone said..<br/><br/>It's just me<br/>So let it out<br/>But you're not in this alone<br/>Let me be<br/>To scream and shout<br/><br/>(refrain)<br/><br/>I wanna, wander forward, back inside this circle track of life<br/>You know it's kinda' like that opinion, pidgeon perched on my windowsill<br/>Still it has the nerve to fly like that song<br/>Up above in the sky, don't look back with no goodbyes<br/>Soar across the midnight black<br/>Watch yourself, it's sneak attack<br/><br/>Back your ass up, it's the resurrection<br/>Gonna bust it out, in this next section<br/><br/>It's free<br/>Bust it out<br/>But you're not in this alone<br/>It's free<br/>Bust it out<br/>But you're not in this alone<br/>It's free<br/>Bust it out<br/><br/>(refrain)","","",resurrect,151,false,a827e021-ab19-4d94-9aa8-6097e0fba28b,Aron Magner,,,35,2023-07-09,"{""1995"": 0, ""1996"": 0, ""1997"": 0, ""1998"": 0, ""1999"": 0, ""2000"": 0, ""2001"": 0, ""2002"": 0, ""2003"": 9, ""2004"": 0, ""2005"": 0, ""2006"": 0, ""2007"": 0, ""2008"": 10, ""2009"": 0, ""2010"": 2, ""2011"": 1, ""2012"": 1, ""2013"": 1, ""2014"": 0, ""2015"": 1, ""2016"": 2, ""2017"": 1, ""2018"": 3, ""2019"": 1, ""2020"": 0, ""2021"": 1, ""2022"": 0, ""2023"": 2, ""2024"": 0}","{""60"": {""date"": ""2021-11-20"", ""previous"": ""2019-12-14"", ""delta_days"": 707}, ""63"": {""date"": ""2023-02-02"", ""previous"": ""2021-11-20"", ""delta_days"": 439}, ""106"": {""date"": ""2011-12-26"", ""previous"": ""2010-02-20"", ""delta_days"": 674}, ""121"": {""date"": ""2010-01-29"", ""previous"": ""2008-07-25"", ""delta_days"": 553}, ""264"": {""date"": ""2008-03-08"", ""previous"": ""2003-07-06"", ""delta_days"": 1707}}",2008,2011,http://sickbarberlicks.weebly.com/resurrection.html
aff62144-b337-4343-999f-eae3294074af,Mr. Don,mr-don,2020-02-22 15:50:23.009469,2024-11-25 12:21:22.954943,"<p>Praise the lord in Moscow <br/>Budapest and Sausalito<br/>Where lying in the sunshine might be the very best that we know<br/>gab of what&#x27;s in mind<br/>the trading post of your libido,<br/>&#x27;Cause Mr. Don&#x27;s been ridiculin&#x27; cyclops Apathito<br/><br/>It seems that every day, <br/>the kitchen has gone awry<br/>Apathito&#x27;s the first to point out <br/>that the place is such a sty.<br/>No matter to faith on the locks of their mind,<br/>and if you don&#x27;t got no action well you might not even try.<br/><br/>Mr. Don&#x27;s all worried &#x27;bout that cyclops Abelito<br/>Himalayas in their minds, <br/>Quaker Oats in their libidos<br/>That genius, killing time yellin&#x27; at your alter ego<br/>Excuses spinning lies; <br/><br/>all, to live that sunshine we know</p>",transcribed by Rich Steele<br/><br/> ~~Mr Don<br/>(intro/main riff)<br/>E <br/>B <br/>G              (trills) <br/>D               1(h)3                  3(p)1   <br/>A           3                      1<br/>E 1 1 1(h)4   1          1 1 1(h)4   1     <br/><br/>  F9  Eb  Cm<br/>E<br/>B 8   8   4 <br/>G 8   8   5<br/>D 7   8   5<br/>A 8   6   3 <br/>E<br/><br/>verse chords<br/> Ab > Db > G7 > C7<br/><br/>C7 riff played after the verse<br/><br/>E<br/>B 5~ 6(p)5 5 6~  8 10 11(p)10(p)8 8~   8 11(sl)13 11~<br/>G                                    10<br/>D<br/>A<br/>E,"",mrdon,124,false,4338604b-38e0-432c-855b-bcd9091d4409,Jon Gutwillig,,"Excuses spinning lies, all to live that sunshine we know",230,2024-09-08,"{""1995"": 2, ""1996"": 21, ""1997"": 37, ""1998"": 17, ""1999"": 30, ""2000"": 8, ""2001"": 12, ""2002"": 12, ""2003"": 6, ""2004"": 4, ""2005"": 1, ""2006"": 5, ""2007"": 8, ""2008"": 3, ""2009"": 12, ""2010"": 9, ""2011"": 2, ""2012"": 2, ""2013"": 1, ""2014"": 4, ""2015"": 5, ""2016"": 3, ""2017"": 3, ""2018"": 5, ""2019"": 2, ""2020"": 1, ""2021"": 5, ""2022"": 4, ""2023"": 4, ""2024"": 2}","{""28"": {""date"": ""2010-06-05"", ""previous"": ""2010-03-15"", ""delta_days"": 82}, ""30"": {""date"": ""2022-10-30"", ""previous"": ""2022-04-08"", ""delta_days"": 205}, ""34"": {""date"": ""2009-01-17"", ""previous"": ""2008-04-17"", ""delta_days"": 275}, ""42"": {""date"": ""2006-11-09"", ""previous"": ""2006-04-23"", ""delta_days"": 200}, ""48"": {""date"": ""2024-04-04"", ""previous"": ""2023-08-10"", ""delta_days"": 238}}",1997,2005,http://sickbarberlicks.weebly.com/mr-don.html
4a0e39f8-d3cd-43b6-82f9-76cb327371da,High Speed Racer,high-speed-racer,2020-02-22 15:50:23.989311,2024-07-13 05:47:20.029985,"","","",highspeed,362,false,16dea9b0-03b7-43eb-bcda-5162b37b7088,"",,,13,2018-12-07,"{""1995"": 0, ""1996"": 0, ""1997"": 0, ""1998"": 0, ""1999"": 0, ""2000"": 0, ""2001"": 0, ""2002"": 0, ""2003"": 0, ""2004"": 0, ""2005"": 0, ""2006"": 0, ""2007"": 0, ""2008"": 3, ""2009"": 8, ""2010"": 0, ""2011"": 0, ""2012"": 0, ""2013"": 0, ""2014"": 0, ""2015"": 0, ""2016"": 0, ""2017"": 0, ""2018"": 2, ""2019"": 0, ""2020"": 0, ""2021"": 0, ""2022"": 0, ""2023"": 0, ""2024"": 0}","{""6"": {""date"": ""2009-02-15"", ""previous"": ""2009-02-05"", ""delta_days"": 10}, ""10"": {""date"": ""2009-04-23"", ""previous"": ""2009-04-04"", ""delta_days"": 19}, ""11"": {""date"": ""2009-04-04"", ""previous"": ""2009-02-15"", ""delta_days"": 48}, ""368"": {""date"": ""2018-07-12"", ""previous"": ""2009-04-23"", ""delta_days"": 3367}}",2009,2018,http://sickbarberlicks.weebly.com/high-speed-racer.html
323503c4-4cc1-4055-9bb1-24dfd969a551,M80,m80,2020-02-22 15:50:23.989311,2024-07-31 15:43:50.606180,"","","",m80,359,false,4338604b-38e0-432c-855b-bcd9091d4409,Jon Gutwillig,,,21,2021-05-29,"{""1995"": 0, ""1996"": 0, ""1997"": 0, ""1998"": 0, ""1999"": 0, ""2000"": 0, ""2001"": 0, ""2002"": 0, ""2003"": 0, ""2004"": 0, ""2005"": 0, ""2006"": 0, ""2007"": 0, ""2008"": 3, ""2009"": 16, ""2010"": 1, ""2011"": 0, ""2012"": 0, ""2013"": 0, ""2014"": 0, ""2015"": 0, ""2016"": 0, ""2017"": 0, ""2018"": 0, ""2019"": 0, ""2020"": 0, ""2021"": 1, ""2022"": 0, ""2023"": 0, ""2024"": 0}","{""8"": {""date"": ""2009-06-27"", ""previous"": ""2009-05-30"", ""delta_days"": 28}, ""16"": {""date"": ""2009-10-28"", ""previous"": ""2009-09-22"", ""delta_days"": 36}, ""17"": {""date"": ""2009-09-22"", ""previous"": ""2009-06-27"", ""delta_days"": 87}, ""60"": {""date"": ""2010-06-10"", ""previous"": ""2009-10-28"", ""delta_days"": 225}, ""346"": {""date"": ""2021-05-29"", ""previous"": ""2010-06-10"", ""delta_days"": 4006}}",2009,2010,http://sickbarberlicks.weebly.com/m80.html
4d79b656-7b08-4d5e-a7b0-c37ffe930e41,Sabre Dance,sabre-dance,2020-02-22 15:50:23.818238,2024-09-16 13:05:12.454148,"","","",sabre,217,true,10819154-e5e4-4305-a410-6d7235716c32,Aram Khatchaturian,,,24,2024-04-12,"{""1995"": 0, ""1996"": 0, ""1997"": 0, ""1998"": 0, ""1999"": 0, ""2000"": 0, ""2001"": 0, ""2002"": 0, ""2003"": 7, ""2004"": 0, ""2005"": 0, ""2006"": 0, ""2007"": 0, ""2008"": 0, ""2009"": 8, ""2010"": 0, ""2011"": 0, ""2012"": 0, ""2013"": 2, ""2014"": 0, ""2015"": 1, ""2016"": 0, ""2017"": 0, ""2018"": 1, ""2019"": 0, ""2020"": 1, ""2021"": 0, ""2022"": 0, ""2023"": 0, ""2024"": 4}","{""115"": {""date"": ""2018-12-30"", ""previous"": ""2015-07-18"", ""delta_days"": 1261}, ""192"": {""date"": ""2024-02-10"", ""previous"": ""2020-01-04"", ""delta_days"": 1498}, ""199"": {""date"": ""2013-12-26"", ""previous"": ""2009-07-26"", ""delta_days"": 1614}, ""326"": {""date"": ""2009-05-30"", ""previous"": ""2003-10-31"", ""delta_days"": 2038}}",2009,2015,
0e72fb80-3eaf-4562-a096-9f7ad43aa84f,Tricycle,tricycle,2020-02-22 15:50:23.818238,2024-11-25 15:32:06.343266,on my tricycle<br/>i'm in heaven (sometimes i met helen)<br/>she's my tricycle<br/>i'm her melon<br/><br/>on my tricycle<br/>i'm in heaven (sometimes i met helen)<br/>she's my tricycle<br/>i'm her melon,"","",tri,189,false,e29db38d-5b63-4e2c-b5bc-8f4ed3fe1c64,The Disco Biscuits,,,90,2024-04-12,"{""1995"": 0, ""1996"": 0, ""1997"": 0, ""1998"": 0, ""1999"": 0, ""2000"": 1, ""2001"": 0, ""2002"": 0, ""2003"": 0, ""2004"": 0, ""2005"": 0, ""2006"": 0, ""2007"": 0, ""2008"": 3, ""2009"": 7, ""2010"": 9, ""2011"": 6, ""2012"": 4, ""2013"": 5, ""2014"": 5, ""2015"": 3, ""2016"": 6, ""2017"": 5, ""2018"": 5, ""2019"": 5, ""2020"": 1, ""2021"": 7, ""2022"": 6, ""2023"": 9, ""2024"": 3}","{""19"": {""date"": ""2011-04-15"", ""previous"": ""2010-10-30"", ""delta_days"": 167}, ""21"": {""date"": ""2009-04-19"", ""previous"": ""2009-02-13"", ""delta_days"": 65}, ""42"": {""date"": ""2009-10-31"", ""previous"": ""2009-06-04"", ""delta_days"": 149}, ""531"": {""date"": ""2008-04-18"", ""previous"": ""2000-11-18"", ""delta_days"": 2708}}",2023,2000,http://sickbarberlicks.weebly.com/tricycle.html
14400398-4162-48c7-8bd3-b43daf934a5e,Rockafella,rockafella,2020-02-22 15:50:23.989311,2024-11-25 15:33:32.520789,"<p>You&#x27;re always standing by my siiiieiiide<br/>You make me feel alive like a parachute in the sky<br/>And when I&#x27;m rollin&#x27; by myself<br/>I try to pass the time with someone who shares the wealth<br/><br/>I got a good feeling this afternoon<br/><br/>Welcome to the crazy part of town<br/>We like to take your life and turn it upside down<br/>Like lightning coming from the sky<br/>Dont blink or close your eyes the moment will pass you by<br/><br/>Just like a good feeling this afternoon<br/>Give me the good feeling this afternoon<br/><br/>Rollin down the window Im getting too high<br/>Got a dashboard bubbler and a girl that wants to driiieeiiive<br/>I&#x27;m rollin&#x27; down the highway, I&#x27;m feeling like a king<br/>Got my head out the window and a girl that wants to sing<br/><br/>You know what?<br/><br/>Camp fire outside against the cold<br/>Inside you hold my eyes whenever I tell you so<br/>You tire of giving me yourself<br/>I tried to socialize but right to sleep I fell<br/><br/>Got it good baby... this afternoon<br/><br/>I woke up later than the sun<br/>hobnobbed and fraternized with my work already done<br/>hopped in the jacuzzi with my friends<br/>sat down and listened to dark side from end to end<br/><br/>I got a good feeling this afternoon<br/>I got a good feeling this afternoon<br/><br/>Rollin down the window getting too high<br/>Got a dashboard bubbler and a girl that wants to driiieeiiive<br/>Im rollin&#x27; down the highway, I&#x27;m feeling like a king<br/>Got my head out the window and a girl that wants to sing </p>","","",rock,309,false,4338604b-38e0-432c-855b-bcd9091d4409,"",,,66,2024-07-14,"{""1995"": 0, ""1996"": 0, ""1997"": 0, ""1998"": 0, ""1999"": 0, ""2000"": 0, ""2001"": 0, ""2002"": 0, ""2003"": 0, ""2004"": 0, ""2005"": 0, ""2006"": 0, ""2007"": 2, ""2008"": 13, ""2009"": 24, ""2010"": 6, ""2011"": 2, ""2012"": 1, ""2013"": 1, ""2014"": 2, ""2015"": 2, ""2016"": 1, ""2017"": 2, ""2018"": 2, ""2019"": 2, ""2020"": 1, ""2021"": 1, ""2022"": 0, ""2023"": 1, ""2024"": 3}","{""37"": {""date"": ""2020-10-31"", ""previous"": ""2019-07-18"", ""delta_days"": 471}, ""40"": {""date"": ""2018-10-20"", ""previous"": ""2017-07-14"", ""delta_days"": 463}, ""41"": {""date"": ""2008-03-08"", ""previous"": ""2007-08-17"", ""delta_days"": 204}, ""42"": {""date"": ""2007-08-17"", ""previous"": ""2007-02-15"", ""delta_days"": 183}, ""134"": {""date"": ""2023-09-21"", ""previous"": ""2021-06-25"", ""delta_days"": 818}}",2009,2012,http://sickbarberlicks.weebly.com/rockafella.html
c4dbac06-87f6-4eaf-96db-f3bd79db8c87,We Like To Party,we-like-to-party,2020-02-22 15:50:23.989311,2024-11-25 12:01:48.711518,"Don't let them tell you what you want to do<br/>Don't let them tell you what you like<br/>Don't let them tell you where you want to go<br/>Don't let them sell you all the hype<br/>Don't let it get you down, get you down<br/>Don't let it scare you into buyin<br/>Don't let them get inside your credit card<br/>Don't let them get inside your mind<br/><br/>It's no secret that we do our own thing<br/>We like to party, we like to party hard<br/>It's no secret that we let it all out<br/>We like to dance, sorry if you don't<br/><br/>Don't let them tell you what to wear to school<br/>Don't let them make you multiply<br/>Don't let them try to make you think their thoughts<br/>Don't let them say it's classified<br/>Don't ever let them sell you rhetoric<br/>Don't ever let them tell you lies<br/>Don't let them tell you that you're paranoid<br/>Don't let them make you wear a tie","",Debuted on 10/25/2010,party,412,false,e2397ce3-857e-425f-925e-1cb30de780d7,Marc Brownstein,,,52,2024-11-21,"{""1995"": 0, ""1996"": 0, ""1997"": 0, ""1998"": 0, ""1999"": 0, ""2000"": 0, ""2001"": 0, ""2002"": 0, ""2003"": 0, ""2004"": 0, ""2005"": 0, ""2006"": 0, ""2007"": 0, ""2008"": 0, ""2009"": 0, ""2010"": 4, ""2011"": 7, ""2012"": 0, ""2013"": 1, ""2014"": 1, ""2015"": 0, ""2016"": 0, ""2017"": 0, ""2018"": 2, ""2019"": 5, ""2020"": 1, ""2021"": 9, ""2022"": 5, ""2023"": 9, ""2024"": 8}","{""25"": {""date"": ""2024-08-29"", ""previous"": ""2024-03-31"", ""delta_days"": 151}, ""32"": {""date"": ""2014-09-26"", ""previous"": ""2013-08-31"", ""delta_days"": 391}, ""37"": {""date"": ""2013-08-31"", ""previous"": ""2011-09-10"", ""delta_days"": 721}, ""124"": {""date"": ""2018-07-14"", ""previous"": ""2014-09-26"", ""delta_days"": 1387}}",2023,2013,http://sickbarberlicks.weebly.com/we-like-to-party.html
e678065d-e9e8-47c7-960e-a9f2679bc210,Magellan,magellan,2020-02-22 15:50:23.989311,2024-11-25 12:22:43.061767,"<p>The waves make mountains, I&#x27;ve sailed with ease,<br/>As wind gathers firmly in my canopy.<br/>We dive through the mist to the autumn sun,<br/>My vessel and its crew of twenty one, and we fly.<br/><br/>Through burgundy smoke and a fear of home,<br/>Alas, my final mission to the great unknown.<br/>As my thoughts betray me in flashes so bold,<br/>I&#x27;m reminded of home where the coast shines like gold.<br/><br/>darkness, thunderstorm, a ship going down,<br/>the crashing of rain and its deafening sound.<br/>as the crew ties the sails blown aside by the wind,<br/>crashing from the waves come tumbling in and we fly.<br/><br/>Rolling like a cobra, one life to spend,<br/>drifting through the heavens where the oceans they end.<br/>and there&#x27;s no longer the sea no longer the sun,<br/>my ship and the waves have all swirled into one.<br/><br/>And i&#x27;m off past the vision, the line of the light,<br/>Where oceans turn waterfalls, daytime turns night.<br/>And no people return, no stories to tell,<br/>And i watched through the door for the toll of the bell.<br/><br/>And we fly...<br/><br/>One with the raging wind,<br/>Alive on the highest tides,<br/>My ship at sail can climb a mountain,<br/>Ride it to the sky.<br/><br/>Whoa...oh, he&#x27;ll navigate!<br/><br/>Earlier up this morning, as I sit upon the bow,<br/>In the distance, my homeland, but I just don&#x27;t know how.<br/>Years along the sea, and I thought I&#x27;d find the sun.<br/>Once around the world, and now I think I&#x27;m done.</p>","transcribed by Rich Steele<br/><br/><br/>intro--<br/>E      0<br/>B        1      0 1 1<br/>G    2    2    2<br/>D   2         2          0 0<br/>A 0         (sweep      3 2 0<br/>E            down)<br/><br/>(after about 4 of the above, do this)<br/><br/>                            F    Am<br/>E      0  0    0    0       1 1  5 <br/>B     1     1    1    1     1 1  5 (strum 4  <br/>G    2       2    2    2    2 2  5   times)<br/>D   2                       3 3  2<br/>A  0                        3 3  0<br/>E                           1 1  <br/><br/><br/>(main verse riff, which just repeats throughout the verses)<br/><br/>        Am             Am            G     Am<br/>Well the waves makes mountains, life sails with <br/>E<br/>B        1             10            8     10<br/>G        2              9            7      9 <br/>D        2             10            9     10<br/>A        0            <br/>E<br/><br/>   C               Fmaj7<br/>  ease. as the wind gathers firmly in my canopy.<br/>E                    5<br/>B  8                 5<br/>G  9                 5  (gently<br/>D  10                3   strum) <br/>A<br/>E<br/><br/>The Magellan \""and we fly...\"" chord.<br/><br/>E  0<br/>B  4<br/>G  2<br/>D  3<br/>A  3<br/>E<br/><br/><br/>(at the end of each verse, hit a open E major. after the end of the 2nd<br/>verse, hit the E and go into this next part)<br/><br/>   D  E  G   A                    E A D <br/>E                                 <br/>B  3  5  3   5 5  5 5 5 5  5 5 5  5 5 3<br/>G  2  4  4   6 6  6 6 6 6  6 6 6  4 6 2<br/>D  4  6  5   7 7  7 7 7 7  7 7 7  6 7 4<br/>A            7 7  7 7 7 7  7 7 7<br/>E <br/><br/>   G                    D  G  E               <br/>E  <br/>B  3 3  3 3 3 3  3 3 3  3  3  5<br/>G  4 4  4 4 4 4  4 4 4  2  4  4<br/>D  5 5  5 5 5 5  5 5 5  4  5  6<br/>A  5 5  5 5 5 5  5 5 5 <br/>E    <br/><br/>E<br/>B 7 7  5  5 5 5  3  3 3 3 3  3~  3 3<br/>G 6 6  6  6 6 6  5  5 5 5 5  4~  4 4<br/>D 7 7  6  6 6 6  5  5 5 5 5  5~  5 5<br/>A<br/>E<br/><br/>(repeat)<br/><br/>(Then, go back and play the beginning intro riff 3 times, then go into<br/>this next part)<br/><br/><br/>   Am              F#m            Am<br/>E     0            2                  0<br/>B       1   0 1 3   2  2     2 2        1<br/>G   2    2  2        2  2   2        2    2<br/>D  2                     4  4       2<br/>A 0                                0<br/>E<br/>         F#m          G<br/>E        2                3       3<br/>B 0 1 3   2  2    2 2    3  3   3  3   3<br/>G 2        2  2  2      4    4  4   4 4<br/>D              4 4     5        5<br/>A   <br/>E<br/><br/>   F#m             G<br/>E     2    2            3      3<br/>B    2 2  2  2   2     3  3   3  3   3<br/>G   2   2 2   2 2     4    4  4   4 4<br/>D  4      4          5        5   <br/>A<br/>E<br/><br/>   F#m      F         <br/>E        2         1<br/>B      2         1<br/>G    2         2<br/>D  4         3<br/>A<br/>E<br/><br/>(then you do these like vamp/arpeggio sort of things on a open E and a F<br/>on the 1st fret in this order: E > F > E > F)<br/><br/>(then comes the last part of this section)<br/><br/>  C                       Bm    Bb     Asus2<br/>E       0                     2     3<br/>B         1    1 1    0 1    3     3       0<br/>G     0     0  0  0   0 0   4     3       2    <br/>D   2          2   2  2 2  4     1       2<br/>A 3                                     0<br/>E <br/><br/>(then, gently strum that Asus2 chord a few times, then do this)<br/>  F         Am<br/>E 1 1 1 1   5 5 5 5 <br/>B 1 1 1 1   5 5 5 5 <br/>G 2 2 2 2   5 5 5 5 <br/>D 3 3 3 3   2 2 2 2 <br/>A 3 3 3 3   0 0 0 0<br/>E 1 1 1 1    <br/><br/>(then play that same chord progression that goes with the verses, but<br/>faster and with more authority)<br/><br/>(after that part os finished, hit a open E major and the main E riff<br/>below is played 4 times. There is no set amount of beats for when you<br/>play the riff. Its freetime I suppose...)                 <br/><br/>main E riff--<br/>E    4 7 4<br/>B   5     5 5  4 5 7     9 (play some sort <br/>G  4          4          9  of E chord or note)<br/>D                        9 <br/>A<br/>E<br/><br/><br/>Then, after the above riff was played 4 times, go right in this next<br/>part, which is the riff from above, but with more notes added to it.<br/><br/>(sec. 1)<br/>E   4 7 4<br/>B  5      5 5  4 5 7 7 7(p)5 7 7(sl)8 10(p)8<br/>G 4          4<br/>D<br/>A<br/>E<br/><br/>E<br/>B 10(p)8 8  7 8(p)7 4~~<br/>G<br/>D<br/>A<br/>E<br/><br/>(sec. 2)<br/>E     7~ 9 9 9(p)7   7 9(sl)10 10(p)8(p)7 <br/>B 7 9            9<br/>G<br/>D<br/>A<br/>E<br/><br/>E 7(8)-(trills) 8~~ 10(p)8 10(p)8 8~~ 7 8(p)7<br/>B                                             9~<br/>G<br/>D<br/>A<br/>E<br/><br/>(Sec. 3)<br/>E      16 19 16<br/>B    17         17 17  16 17 19<br/>G  16                16 <br/>D<br/>A<br/>E<br/><br/>E<br/>B 19(p)17 17 17 19 19(s)20 22(p)20 22(p)20 20<br/>G<br/>D<br/>A<br/>E<br/><br/>E<br/>B  19 20(p)19  16~~ <br/>G<br/>D<br/>A<br/>E<br/><br/>(final chorus) <br/> play a D > E > G and then go into......<br/><br/><br/>One with the raging winds, alive on the highest tide<br/><br/>   A                       Ao<br/>E<br/>B  5                        5<br/>G  6                        4<br/>D  7                        7<br/>A  7                        7<br/>E  <br/><br/>My ship at sail, could climb a mountain.<br/>  <br/>   D<br/>E<br/>B  7<br/>G  7<br/>D  7<br/>A  5<br/>E  <br/>  <br/>Ride it to the sky..<br/><br/>   D  E  G  A<br/>E<br/>B  3  5  3  5<br/>G  2  4  4  6<br/>D  4  6  5  7<br/>A        5  7<br/>E<br/><br/>Slow ending riff<br/><br/>E                                      0 <br/>B       2 2         0                0   0<br/>G     2           2   2            0       0         0 2 2<br/>D   2           2       2        2           2     2<br/>A 0           0            2   4                 4<br/>E                             5                 5<br/>","",magellan,375,false,4338604b-38e0-432c-855b-bcd9091d4409,Jon Gutwillig,,Once around the world and now I think I’m done,221,2024-11-22,"{""1995"": 0, ""1996"": 0, ""1997"": 0, ""1998"": 51, ""1999"": 46, ""2000"": 11, ""2001"": 18, ""2002"": 14, ""2003"": 10, ""2004"": 5, ""2005"": 2, ""2006"": 8, ""2007"": 8, ""2008"": 5, ""2009"": 6, ""2010"": 1, ""2011"": 1, ""2012"": 3, ""2013"": 3, ""2014"": 3, ""2015"": 3, ""2016"": 2, ""2017"": 5, ""2018"": 2, ""2019"": 3, ""2020"": 2, ""2021"": 3, ""2022"": 1, ""2023"": 2, ""2024"": 3}","{""34"": {""date"": ""2024-09-06"", ""previous"": ""2024-03-14"", ""delta_days"": 176}, ""45"": {""date"": ""2024-03-14"", ""previous"": ""2023-07-18"", ""delta_days"": 240}, ""52"": {""date"": ""2011-04-15"", ""previous"": ""2010-05-29"", ""delta_days"": 321}, ""54"": {""date"": ""2022-12-31"", ""previous"": ""2021-11-27"", ""delta_days"": 399}, ""66"": {""date"": ""2010-05-29"", ""previous"": ""2009-09-25"", ""delta_days"": 246}}",1998,2010,http://sickbarberlicks.weebly.com/magellan.html
a3c108c7-d82b-43da-909e-6e61beae964a,Step Inside,step-inside,2020-02-22 15:50:23.818238,2024-06-18 13:05:47.504698,"","","",inside,272,false,a827e021-ab19-4d94-9aa8-6097e0fba28b,"",,,20,2021-11-19,"{""1995"": 0, ""1996"": 0, ""1997"": 0, ""1998"": 0, ""1999"": 0, ""2000"": 0, ""2001"": 0, ""2002"": 0, ""2003"": 0, ""2004"": 0, ""2005"": 0, ""2006"": 7, ""2007"": 0, ""2008"": 8, ""2009"": 1, ""2010"": 3, ""2011"": 0, ""2012"": 0, ""2013"": 0, ""2014"": 0, ""2015"": 0, ""2016"": 0, ""2017"": 0, ""2018"": 0, ""2019"": 0, ""2020"": 0, ""2021"": 1, ""2022"": 0, ""2023"": 0, ""2024"": 0}","{""9"": {""date"": ""2008-03-23"", ""previous"": ""2008-03-08"", ""delta_days"": 15}, ""124"": {""date"": ""2009-12-27"", ""previous"": ""2008-06-07"", ""delta_days"": 568}, ""127"": {""date"": ""2008-03-01"", ""previous"": ""2006-06-24"", ""delta_days"": 616}, ""402"": {""date"": ""2021-11-19"", ""previous"": ""2010-03-15"", ""delta_days"": 4267}}",2008,2009,http://sickbarberlicks.weebly.com/step-inside.html
c6999c89-7242-4a6f-8de5-d621c19a4fb2,Crickets,crickets,2020-02-22 15:50:23.818238,2024-11-26 01:39:32.731147,"Over in the night,<br/>Hopping, hopping.<br/>Crickets in the night,<br/>Look out!  Splattums!",transcribed by Rich Steele<br/><br/>the jam into the middle section is over looping D > C > Bm > A  <br/>progression.<br/><br/><br/>middle section riff<br/>E              14<br/>B                15      14 15 17 17  14 15 17 17  14 15 17 17<br/>G  14 14 16  16    16  16<br/>D<br/>A<br/>E<br/><br/>E<br/>B  14 15 17 17  14~<br/>G<br/>D<br/>A<br/>E<br/>\r,"This song was originally called Splattums by the fans when it first debuted, since the band didn't name the song.  Barber also referred to the song once as Song II of the South.",splat2,180,false,edb2307c-4e52-41f6-be6c-0f5f9ca8c84a,"The Disco Biscuits, Zuniga",,,247,2024-11-21,"{""1995"": 0, ""1996"": 0, ""1997"": 0, ""1998"": 0, ""1999"": 0, ""2000"": 15, ""2001"": 26, ""2002"": 27, ""2003"": 16, ""2004"": 6, ""2005"": 4, ""2006"": 12, ""2007"": 16, ""2008"": 14, ""2009"": 19, ""2010"": 9, ""2011"": 6, ""2012"": 3, ""2013"": 5, ""2014"": 6, ""2015"": 5, ""2016"": 6, ""2017"": 5, ""2018"": 4, ""2019"": 4, ""2020"": 4, ""2021"": 7, ""2022"": 7, ""2023"": 11, ""2024"": 10}","{""14"": {""date"": ""2022-11-12"", ""previous"": ""2022-08-27"", ""delta_days"": 77}, ""15"": {""date"": ""2018-07-14"", ""previous"": ""2018-03-08"", ""delta_days"": 128}, ""19"": {""date"": ""2009-10-01"", ""previous"": ""2009-07-04"", ""delta_days"": 89}, ""25"": {""date"": ""2011-08-30"", ""previous"": ""2011-03-27"", ""delta_days"": 156}}",2002,2012,http://sickbarberlicks.weebly.com/crickets.html
cf272cb3-f520-4867-b1af-bc2195f48a39,One Day You'll Know,one-day-you-ll-know,2020-02-22 15:50:23.818238,2024-06-24 22:27:21.945258,"","","",oneday,245,false,e2397ce3-857e-425f-925e-1cb30de780d7,"",,,1,2003-11-26,"{""1995"": 0, ""1996"": 0, ""1997"": 0, ""1998"": 0, ""1999"": 0, ""2000"": 0, ""2001"": 0, ""2002"": 0, ""2003"": 1, ""2004"": 0, ""2005"": 0, ""2006"": 0, ""2007"": 0, ""2008"": 0, ""2009"": 0, ""2010"": 0, ""2011"": 0, ""2012"": 0, ""2013"": 0, ""2014"": 0, ""2015"": 0, ""2016"": 0, ""2017"": 0, ""2018"": 0, ""2019"": 0, ""2020"": 0, ""2021"": 0, ""2022"": 0, ""2023"": 0, ""2024"": 0}","{""0"": {""date"": ""2003-11-26"", ""previous"": null, ""delta_days"": null}}",2003,2003,http://sickbarberlicks.weebly.com/one-day-youll-know.html
7ed660e3-9361-41e5-b094-05f799f7efec,Disco Bisquick,disco-bisquick,2020-02-22 15:50:22.697566,2024-11-09 13:46:38.680912,"","","",bisquick,22,false,e29db38d-5b63-4e2c-b5bc-8f4ed3fe1c64,"",,,13,1998-02-04,"{""1995"": 1, ""1996"": 6, ""1997"": 5, ""1998"": 1, ""1999"": 0, ""2000"": 0, ""2001"": 0, ""2002"": 0, ""2003"": 0, ""2004"": 0, ""2005"": 0, ""2006"": 0, ""2007"": 0, ""2008"": 0, ""2009"": 0, ""2010"": 0, ""2011"": 0, ""2012"": 0, ""2013"": 0, ""2014"": 0, ""2015"": 0, ""2016"": 0, ""2017"": 0, ""2018"": 0, ""2019"": 0, ""2020"": 0, ""2021"": 0, ""2022"": 0, ""2023"": 0, ""2024"": 0}","{""7"": {""date"": ""1997-03-25"", ""previous"": ""1997-02-28"", ""delta_days"": 25}, ""9"": {""date"": ""1996-06-05"", ""previous"": ""1996-03-30"", ""delta_days"": 67}, ""10"": {""date"": ""1996-03-30"", ""previous"": ""1995-12-09"", ""delta_days"": 112}, ""65"": {""date"": ""1997-09-10"", ""previous"": ""1997-03-25"", ""delta_days"": 169}, ""66"": {""date"": ""1998-02-04"", ""previous"": ""1997-09-10"", ""delta_days"": 147}}",1996,1995,http://sickbarberlicks.weebly.com/disco-bisquick.html
232a3999-65ac-4504-a459-0f8c7c4587c0,Purple Haze,purple-haze,2020-02-22 15:50:22.856762,2024-07-22 19:41:30.499492,"","","",haze,74,true,73887592-0836-4584-afe1-e38345f0e293,Jimi Hendrix,,,1,2001-09-23,"{""1995"": 0, ""1996"": 0, ""1997"": 0, ""1998"": 0, ""1999"": 0, ""2000"": 0, ""2001"": 1, ""2002"": 0, ""2003"": 0, ""2004"": 0, ""2005"": 0, ""2006"": 0, ""2007"": 0, ""2008"": 0, ""2009"": 0, ""2010"": 0, ""2011"": 0, ""2012"": 0, ""2013"": 0, ""2014"": 0, ""2015"": 0, ""2016"": 0, ""2017"": 0, ""2018"": 0, ""2019"": 0, ""2020"": 0, ""2021"": 0, ""2022"": 0, ""2023"": 0, ""2024"": 0}","{""0"": {""date"": ""2001-09-23"", ""previous"": null, ""delta_days"": null}}",2001,2001,
446b592c-fe42-409d-b70d-32fc6e9337a9,Catalyst ,catalyst,2020-02-22 15:50:23.989311,2024-11-25 12:07:40.619198,"<p>Just like a river comes from the sky<br/>You n I should get down and multiply<br/>You&#x27;re kind of amazing like a time machine<br/>So I free your solutions and dream when you scream<br/><br/>So there, I want you to feel amazing<br/>So there, you n me so crazy<br/><br/>Newspapers filled with alibis<br/>And you like your rebels with appetites<br/>I&#x27;m always confused by what you do<br/>But you kill it in heels and attitude</p>","","",catalyst,387,false,4338604b-38e0-432c-855b-bcd9091d4409,"",,,51,2024-11-22,"{""1995"": 0, ""1996"": 0, ""1997"": 0, ""1998"": 0, ""1999"": 0, ""2000"": 0, ""2001"": 0, ""2002"": 0, ""2003"": 0, ""2004"": 0, ""2005"": 0, ""2006"": 0, ""2007"": 0, ""2008"": 0, ""2009"": 3, ""2010"": 10, ""2011"": 9, ""2012"": 1, ""2013"": 0, ""2014"": 2, ""2015"": 4, ""2016"": 1, ""2017"": 2, ""2018"": 3, ""2019"": 2, ""2020"": 1, ""2021"": 4, ""2022"": 0, ""2023"": 3, ""2024"": 6}","{""30"": {""date"": ""2017-05-27"", ""previous"": ""2016-06-02"", ""delta_days"": 359}, ""36"": {""date"": ""2024-04-05"", ""previous"": ""2023-10-24"", ""delta_days"": 164}, ""49"": {""date"": ""2023-09-15"", ""previous"": ""2023-02-01"", ""delta_days"": 226}, ""67"": {""date"": ""2023-02-01"", ""previous"": ""2021-10-17"", ""delta_days"": 472}}",2010,2012,http://sickbarberlicks.weebly.com/catalyst.html
f2415c54-7512-444c-8e89-cbaccf99133f,Super Mario Starman Jam,super-mario-starman-jam,2020-02-22 15:50:23.818238,2024-11-09 14:39:38.080845,"","",From the video game Super Mario Bros. It is the music you hear when Mario gets the super star powerup.,mariostar,306,true,e121f335-994b-4e15-886d-2e40597f2b53,"",,,3,2007-04-22,"{""1995"": 0, ""1996"": 0, ""1997"": 0, ""1998"": 0, ""1999"": 0, ""2000"": 0, ""2001"": 0, ""2002"": 0, ""2003"": 0, ""2004"": 0, ""2005"": 0, ""2006"": 0, ""2007"": 3, ""2008"": 0, ""2009"": 0, ""2010"": 0, ""2011"": 0, ""2012"": 0, ""2013"": 0, ""2014"": 0, ""2015"": 0, ""2016"": 0, ""2017"": 0, ""2018"": 0, ""2019"": 0, ""2020"": 0, ""2021"": 0, ""2022"": 0, ""2023"": 0, ""2024"": 0}","{""0"": {""date"": ""2007-02-15"", ""previous"": null, ""delta_days"": null}, ""2"": {""date"": ""2007-02-17"", ""previous"": ""2007-02-15"", ""delta_days"": 2}, ""6"": {""date"": ""2007-04-22"", ""previous"": ""2007-02-17"", ""delta_days"": 64}}",2007,2007,
df6264eb-7ca2-4c8c-be32-302ba9950b20,Photograph,photograph,2023-06-18 02:12:55.542637,2024-11-26 09:53:56.704246,<p>VERSE 1</p><p>Every Summer has a way</p><p>To catch ya looking your best</p><p>Bottomless mimosas on a sunday</p><p>Breakin hearts in a flower dress</p><p>Scroll your feed to make a memory</p><p>Ya thinkin there’s a space for us</p><p>Cropped into the frame is where I wanna be</p><p>A picture of our love</p><p></p><p>CHORUS</p><p>In the photograph</p><p>It’s so easy to see that youre meant for me (alt onto me)</p><p>In the photograph</p><p>Girl we got them problems</p><p>In the photograph</p><p>It’s so easy to see that youre meant for me</p><p>In the photograph</p><p>I think it says it all</p><p></p><p>VERSE 2</p><p>I see the future coming into view</p><p>Ya know its looking dangerous</p><p>Stroll into the club and all I see you</p><p>Now I can’t think of anyone else</p><p>Could you use a change in altitude</p><p>I got a pair of wings for us</p><p>I could use a little trouble couldn’t you</p><p>A picture of our love</p><p></p><p>CHORUS</p><p></p><p>BRIDGE</p><p>Is that you you lightin up the dancefloor with your long hair flowin</p><p>Like a radiant diamond perfect blacklight glowin</p><p>See a moment and I’ll take it blow this whole thing open</p><p>There aint nothing that’ll break my focus</p><p>Can’t think of anyone else</p><p></p><p>CHORUS</p>,"","Built on the jam out of Therapy from 8/18/16 City Bisco, the song was jammed several times in 2023 before its debut on 6/17/23 at Mulcahy’s in Long Island",,,false,8a2d334a-3281-4a86-a2b4-5f161f819988,,"","",25,2024-11-24,"{""1995"": 0, ""1996"": 0, ""1997"": 0, ""1998"": 0, ""1999"": 0, ""2000"": 0, ""2001"": 0, ""2002"": 0, ""2003"": 0, ""2004"": 0, ""2005"": 0, ""2006"": 0, ""2007"": 0, ""2008"": 0, ""2009"": 0, ""2010"": 0, ""2011"": 0, ""2012"": 0, ""2013"": 0, ""2014"": 0, ""2015"": 0, ""2016"": 0, ""2017"": 0, ""2018"": 0, ""2019"": 0, ""2020"": 0, ""2021"": 0, ""2022"": 0, ""2023"": 13, ""2024"": 12}","{""7"": {""date"": ""2024-08-11"", ""previous"": ""2024-07-12"", ""delta_days"": 30}, ""8"": {""date"": ""2024-11-24"", ""previous"": ""2024-11-14"", ""delta_days"": 10}, ""11"": {""date"": ""2024-09-15"", ""previous"": ""2024-08-11"", ""delta_days"": 35}, ""16"": {""date"": ""2024-03-14"", ""previous"": ""2024-01-27"", ""delta_days"": 47}}",2023,2024,""
906baac6-e96b-4390-ba71-bff0761dd6a2,Ring the Doorbell Twice,ring-the-doorbell-twice,2023-12-31 05:36:08.034634,2024-11-28 03:50:12.080998,"<p>Ring the Doorbell Twice</p><p></p><p>VERSE 1</p><p>You say it irresistible</p><p>When it happens only one time</p><p>And slightly mythical</p><p>That we did it on our first try</p><p>Late night, Broken Shades, Streetlights</p><p>Chasin lighting in a bottle</p><p>We gotta get it right</p><p>I never said im invincible, wo-o-ah</p><p>Ill ring the doorbell twice x2 (repeat over build)</p><p></p><p>CHORUS</p><p>Maybe you, maybe you got this movin yeah, whoa</p><p>Maybe you, maybe you got this move</p><p>Ill ring the doorbell twice x2</p><p>Maybe you, maybe you got this movin yeah</p><p>Looks like we got it right</p><p>Maybe you, maybe you got this move</p><p>Ill ring the doorbell twice x2</p><p></p><p>VERSE 2</p><p>It’s obvious and logical</p><p>To repeat whatever feels right</p><p>It might be cryptical</p><p>But i never learned how to say goodbye</p><p>Worldwide, Motorcade, Soundbytes</p><p>Got you stompin on the throttle</p><p>Looks like we got it right</p><p>I love doing the impossible, wo-o-ah</p><p>Ill ring the doorbell twice x2 (repeat over build)</p><p></p><p>BRIDGE</p><p>CHORUS</p>","",Came from the jam out of Buy The Time at the Capitol Theatre on 10/28/23 before debuting during the 2023 NYE run,,,false,8a2d334a-3281-4a86-a2b4-5f161f819988,,"","",20,2024-11-24,"{""1995"": 0, ""1996"": 0, ""1997"": 0, ""1998"": 0, ""1999"": 0, ""2000"": 0, ""2001"": 0, ""2002"": 0, ""2003"": 0, ""2004"": 0, ""2005"": 0, ""2006"": 0, ""2007"": 0, ""2008"": 0, ""2009"": 0, ""2010"": 0, ""2011"": 0, ""2012"": 0, ""2013"": 0, ""2014"": 0, ""2015"": 0, ""2016"": 0, ""2017"": 0, ""2018"": 0, ""2019"": 0, ""2020"": 0, ""2021"": 0, ""2022"": 0, ""2023"": 1, ""2024"": 19}","{""6"": {""date"": ""2024-09-15"", ""previous"": ""2024-09-06"", ""delta_days"": 9}, ""7"": {""date"": ""2024-11-24"", ""previous"": ""2024-11-15"", ""delta_days"": 9}, ""8"": {""date"": ""2024-02-09"", ""previous"": ""2024-01-27"", ""delta_days"": 13}}",2024,2023,""
a345a821-dd64-4665-9026-894abc360139,Morph Dusseldorf,morph-dusseldorf,2020-02-22 15:50:23.009469,2024-12-03 18:31:48.387337,"Morph is who a boy you see, he's changing as we speak<br/>from adavan to aleman in twenty-forms a week<br/>A rock at three to feel still the wind at four to fly<br/>POSTED BY BROWNSTEIN:<br/>At TEN (tomorrow) we'll huff a mighty greer, cause troopers comin by.<br/>ON UNCIVILIZED AREA:<br/>At six he'll be in Texas, when Trooper's comin' by<br/><br/>All social situations, he handles like a dream<br/>a chameleon in space and form, in color too it seems.<br/>The ability to NOT BE SEEN, though you SEE him everywhere<br/>POSTED BY BROWNSTEIN:<br/>And Morph has said tomorrow, that you'll see him over there.<br/>ON UNCIVILIZED AREA:<br/>Morph in here tomorrow, and he'll be right over there.<br/><br/>Morph, Morph from dusseldorf, Changing all the time.<br/>And if you stay the same one day, that night will be sublime<br/>Morph, Morph from dusseldorf, no need to drink that wine,<br/>Cause if you wish to break the date with your savvy concubine.","","",morph,123,false,e2397ce3-857e-425f-925e-1cb30de780d7,Marc Brownstein,,,359,2024-11-23,"{""1995"": 0, ""1996"": 5, ""1997"": 60, ""1998"": 62, ""1999"": 44, ""2000"": 8, ""2001"": 16, ""2002"": 19, ""2003"": 9, ""2004"": 4, ""2005"": 3, ""2006"": 11, ""2007"": 11, ""2008"": 11, ""2009"": 17, ""2010"": 5, ""2011"": 5, ""2012"": 4, ""2013"": 3, ""2014"": 5, ""2015"": 4, ""2016"": 6, ""2017"": 7, ""2018"": 6, ""2019"": 3, ""2020"": 3, ""2021"": 6, ""2022"": 6, ""2023"": 9, ""2024"": 7}","{""22"": {""date"": ""2010-03-18"", ""previous"": ""2009-11-27"", ""delta_days"": 111}, ""25"": {""date"": ""2010-06-05"", ""previous"": ""2010-03-18"", ""delta_days"": 79}, ""28"": {""date"": ""2024-11-13"", ""previous"": ""2024-07-12"", ""delta_days"": 124}}",1998,2005,http://sickbarberlicks.weebly.com/morph-dusseldorf.html
3f8b917b-82f8-4f83-b749-4c1fba828330,Tamarin Alley,tamarin-alley,2020-02-22 15:50:23.989311,2024-09-16 13:05:01.669905,"Chaos- spraying all around<br/>Trying to discover the mystical sound<br/>All the players have played, the beats have been made,<br/>But my mind is still wired up electric parade<br/><br/>The colors are code, sources will flow<br/>From underneath the subconscious thoughts implode<br/>Don't want to emerge without holding the pearl<br/>That clarifies the answers of this beautiful world.<br/><br/>Mystery of alternate realms<br/>Exploring and revealing many parallel selves<br/>Pealing away the layers at play<br/>Uncovering the inner pulse of Venus today<br/><br/>Hitting the core, looking for more<br/>Thinking that it may explain the meaning before<br/>All is told, and secrets unfold<br/>And all of us may be freezing, left out in the cold<br/><br/>Sanity- is lost and is found<br/>Spinning on a psychoactive merry go-round<br/>Liquid crystal display, everyday-<br/>You're living with intention but it's slipping away<br/><br/>Reaching heights with a mythical might<br/>up into the endless dark invisible light<br/>Answers appear, with a fog blowing clear,<br/>A transclucent web of life, freedom from fear. ","","",tam,358,false,e2397ce3-857e-425f-925e-1cb30de780d7,Marc Brownstein,,,27,2024-04-12,"{""1995"": 0, ""1996"": 0, ""1997"": 0, ""1998"": 0, ""1999"": 0, ""2000"": 0, ""2001"": 0, ""2002"": 0, ""2003"": 0, ""2004"": 0, ""2005"": 0, ""2006"": 0, ""2007"": 0, ""2008"": 4, ""2009"": 16, ""2010"": 0, ""2011"": 0, ""2012"": 0, ""2013"": 0, ""2014"": 0, ""2015"": 0, ""2016"": 0, ""2017"": 0, ""2018"": 0, ""2019"": 0, ""2020"": 0, ""2021"": 0, ""2022"": 0, ""2023"": 3, ""2024"": 4}","{""11"": {""date"": ""2024-03-28"", ""previous"": ""2024-02-09"", ""delta_days"": 48}, ""12"": {""date"": ""2009-09-18"", ""previous"": ""2009-07-01"", ""delta_days"": 79}, ""16"": {""date"": ""2023-06-10"", ""previous"": ""2023-03-29"", ""delta_days"": 73}, ""44"": {""date"": ""2024-01-28"", ""previous"": ""2023-06-10"", ""delta_days"": 232}, ""516"": {""date"": ""2023-03-10"", ""previous"": ""2009-09-18"", ""delta_days"": 4921}}",2009,2023,http://sickbarberlicks.weebly.com/tamarin-alley.html
36706496-2190-47fe-a002-ec0af441d70e,Run Like Hell,run-like-hell,2020-02-22 15:50:23.147147,2024-11-26 01:39:38.916332,"You better make your face up,<br/>In your favorite disguise,<br/>With your button-down lips,<br/>And your roller blind eyes.<br/>With your empty smile,<br/>And your hungry heart,<br/>Feel the bile rising,<br/>From your guilty past.<br/>With your nerves in tatters,<br/>As the cockleshell shatters,<br/>And the hammers batter,<br/>Down your door,<br/>You better run.<br/><br/>You better run all day,<br/>And run all night.<br/>And keep your dirty feelings deep inside.<br/>And if you're taking your girlfriend out tonight,<br/>You better park the car well out of sight.<br/>cause if they catch you in the back seat,<br/>Trying to pick her locks,<br/>They're gonna send you back to mother,<br/>In a cardboard box.<br/>You better run!","transcribed by Rich Steele<br/><br/><br/>(intro)<br/><br/>E 10 10 9  9                   7 7<br/>B 10 10 10 10                  8 8 7 7<br/>G 11 11 9  9                   7 7 7 7<br/>D             0 0 0 0 0 0 0 0      7 7  0 0 0 <br/>A              (play open D for<br/>E               4 beats)<br/><br/>E           5 5 3 3<br/>B           5 5 3 3                 0 0 3 3<br/>G           6 6 4 4                 2 2 2 2 <br/>D 0 0 0 0 0 7 7 5 5 0 0 0 0 0 0 0 0 2 2 4 4<br/>A                                   0 0 <br/>E<br/><br/>(chords over the Run....Run.. Run part are F > Em > C)<br/><br/>(verse)<br/> <br/>              Em<br/>E             0<br/>B             0 <br/>G             0<br/>D             2<br/>A             2<br/>E             0<br/><br/>    You better make your face up in your              favorite disguise.<br/><br/>         F<br/>E        1<br/>B        1 <br/>G        2<br/>D        3<br/>A        3<br/>E        1<br/><br/>With your button down lips, and your roller blind eyes.<br/>       <br/>        Em<br/>E        0<br/>B        0<br/>G        0<br/>D        2 <br/>A        2<br/>E        0<br/> <br/>With your empty smile, and your hungry heart.<br/><br/>        C<br/>E       8<br/>B       8<br/>G       9<br/>D       10<br/>A       10<br/>E       8 <br/><br/>Feel the bile rising from your guilty past.<br/><br/><br/>E        7<br/>B        7<br/>G        8<br/>D        9<br/>A        9<br/>E        7 <br/><br/>With your nerves in tatters, as the cockle shell shatters.<br/><br/>       Em<br/>E      7 <br/>B      8<br/>G      9<br/>D      9<br/>A      <br/>E<br/><br/>As the hammers batter down your door, you better run.<br/><br/><br/>Everything above is the only part of the actual song they do the same<br/>way everytime. Just the basic structure of the original Floyd song for<br/>the most part. Everything before and after this is different everytime.<br/>:)<br/>","",rlh,154,true,0613f1fa-e69e-4913-8ca0-f7bb72e5d6ec,Pink Floyd,,,272,2024-11-20,"{""1995"": 4, ""1996"": 5, ""1997"": 16, ""1998"": 28, ""1999"": 28, ""2000"": 12, ""2001"": 16, ""2002"": 16, ""2003"": 8, ""2004"": 5, ""2005"": 3, ""2006"": 12, ""2007"": 10, ""2008"": 10, ""2009"": 16, ""2010"": 8, ""2011"": 6, ""2012"": 5, ""2013"": 6, ""2014"": 5, ""2015"": 3, ""2016"": 5, ""2017"": 5, ""2018"": 5, ""2019"": 5, ""2020"": 2, ""2021"": 8, ""2022"": 6, ""2023"": 8, ""2024"": 6}","{""24"": {""date"": ""2003-11-29"", ""previous"": ""2003-08-16"", ""delta_days"": 105}, ""31"": {""date"": ""2024-08-11"", ""previous"": ""2024-03-10"", ""delta_days"": 154}, ""32"": {""date"": ""1997-09-07"", ""previous"": ""1997-05-31"", ""delta_days"": 99}}",1999,2020,http://sickbarberlicks.weebly.com/run-like-hell.html
cf442536-1b2b-44b1-b35e-333907f17584,The Wormhole,wormhole,2022-08-15 00:44:58.774103,2024-11-26 09:51:59.131156,"<p>How many fuzzies are you? </p><p></p><p>Sensors overloaded, this is what they warn you about</p><p>Space is exploded, pretty sure i got us into it now</p><p></p><p>Wanna take control, I think i see the future </p><p>Ripple in your soul, i think i see the future</p><p></p><p>How many fuzzies are you? </p><p></p><p>Everybody plays a role, like spacedust i’m into it now</p><p>Thinkin it’s a door or, thinkin it’s a portal to a different realm</p><p></p><p>Wanna take control, I think i see the future </p><p>Ripple in your soul, think i see the future</p><p></p><p>Pretty sure i got us into it now, I think i see the future</p><p></p><p>How many fuzzies are you? </p><p>How Many?</p>","","",,,false,8a2d334a-3281-4a86-a2b4-5f161f819988,,"","",37,2024-11-24,"{""1995"": 0, ""1996"": 0, ""1997"": 0, ""1998"": 0, ""1999"": 0, ""2000"": 0, ""2001"": 0, ""2002"": 0, ""2003"": 0, ""2004"": 0, ""2005"": 0, ""2006"": 0, ""2007"": 0, ""2008"": 0, ""2009"": 0, ""2010"": 0, ""2011"": 0, ""2012"": 0, ""2013"": 0, ""2014"": 0, ""2015"": 0, ""2016"": 0, ""2017"": 0, ""2018"": 0, ""2019"": 0, ""2020"": 0, ""2021"": 0, ""2022"": 12, ""2023"": 14, ""2024"": 11}","{""9"": {""date"": ""2024-07-15"", ""previous"": ""2024-05-26"", ""delta_days"": 50}, ""10"": {""date"": ""2023-12-31"", ""previous"": ""2023-10-06"", ""delta_days"": 86}, ""12"": {""date"": ""2023-07-13"", ""previous"": ""2023-06-09"", ""delta_days"": 34}, ""16"": {""date"": ""2024-11-24"", ""previous"": ""2024-11-01"", ""delta_days"": 23}}",2023,2024,""
0e7289f1-f3f3-47ea-9989-f4681b7017ac,Orch Theme,orch-theme,2020-02-22 15:50:23.818238,2024-11-25 15:32:58.819803,"","","",orc,297,true,e27cd1c0-0ed7-4c84-ba98-5b5b134e1ed9,Conspirator,,,138,2024-11-13,"{""1995"": 0, ""1996"": 0, ""1997"": 0, ""1998"": 0, ""1999"": 0, ""2000"": 0, ""2001"": 0, ""2002"": 0, ""2003"": 0, ""2004"": 0, ""2005"": 0, ""2006"": 1, ""2007"": 15, ""2008"": 11, ""2009"": 21, ""2010"": 12, ""2011"": 5, ""2012"": 0, ""2013"": 2, ""2014"": 3, ""2015"": 1, ""2016"": 4, ""2017"": 4, ""2018"": 7, ""2019"": 5, ""2020"": 3, ""2021"": 10, ""2022"": 10, ""2023"": 13, ""2024"": 11}","{""14"": {""date"": ""2011-05-26"", ""previous"": ""2010-12-31"", ""delta_days"": 146}, ""17"": {""date"": ""2014-09-27"", ""previous"": ""2014-01-26"", ""delta_days"": 244}, ""18"": {""date"": ""2014-01-26"", ""previous"": ""2013-07-13"", ""delta_days"": 197}, ""20"": {""date"": ""2016-01-01"", ""previous"": ""2015-04-17"", ""delta_days"": 259}, ""24"": {""date"": ""2013-01-27"", ""previous"": ""2011-12-31"", ""delta_days"": 393}}",2009,2006,http://sickbarberlicks.weebly.com/orch-theme.html
c5ad780c-be5d-4041-9431-67a2c5e2cc97,Konkrete,konkrete,2020-02-22 15:50:23.989311,2024-08-03 11:41:23.258672,"<p>Myself is out of control (x2)<br/><br/>What if I was in your dream? Maybe you’d believe. Maybe it would be real to me. Crawl all these miniaturized fantasies when you deserve it all, and Id wait but you’d make me wait just grab your hand and say.. I don’t mind if I have to sit and wait. Cut diamonds on my teeth, skin off my taint. Feels good so much the soul flows like I said we flow, I don’t mind, I don’t mind when you turn and walk away.<br/><br/>Myself is out of control (x2)<br/><br/>Witness what no one sees, your laziness as you fall apart on the sidelines. As the rain will fall on power lines. This Freaking out and disposing and I think I witness miracles from sipping on your potion. The words are garbled like alphabet soup served by an image of your mother dressed in last night’s clothes covered in a big wet smile. I don’t mind. I don’t mind when you turn and walk away<br/><br/>Myself is out of control (x2)<br/><br/>Insane with your brain, god knows all facts in your brain. Search through the tired and mended scene. all your body falls absentee<br/><br/>This is what I deciphered out of the studio and live recordings... I&#x27;m confused to say the least... this song is out of control...</p>","","",konkrete,350,false,4338604b-38e0-432c-855b-bcd9091d4409,"",,,21,2021-05-28,"{""1995"": 0, ""1996"": 0, ""1997"": 0, ""1998"": 0, ""1999"": 0, ""2000"": 0, ""2001"": 0, ""2002"": 0, ""2003"": 0, ""2004"": 0, ""2005"": 0, ""2006"": 0, ""2007"": 0, ""2008"": 0, ""2009"": 12, ""2010"": 2, ""2011"": 0, ""2012"": 0, ""2013"": 0, ""2014"": 0, ""2015"": 2, ""2016"": 1, ""2017"": 0, ""2018"": 0, ""2019"": 1, ""2020"": 2, ""2021"": 1, ""2022"": 0, ""2023"": 0, ""2024"": 0}","{""21"": {""date"": ""2021-05-28"", ""previous"": ""2020-10-17"", ""delta_days"": 223}, ""23"": {""date"": ""2020-01-03"", ""previous"": ""2019-07-19"", ""delta_days"": 168}, ""25"": {""date"": ""2016-08-27"", ""previous"": ""2015-12-05"", ""delta_days"": 266}, ""96"": {""date"": ""2019-07-19"", ""previous"": ""2016-08-27"", ""delta_days"": 1056}, ""197"": {""date"": ""2015-07-18"", ""previous"": ""2010-03-16"", ""delta_days"": 1950}}",2009,2016,http://sickbarberlicks.weebly.com/konkrete.html
736cc697-d77f-407e-acd2-83daa4b002f0,Little Lai,little-lai,2020-02-22 15:50:23.009469,2024-11-09 13:09:12.320955,"I was born on the streets of New York City,<br/>where growin' up was easy just the same.<br/>I didn't know what I had,<br/>And I didn't know what I was missing,<br/>'Til I met Little Lai and he showed me the way.<br/><br/>Bert wouldn't tell me anything,<br/>Even when I'd asked him everything.<br/>Baby look inside,<br/>For Little Lai you cannot hide,<br/>And for a couple of days we'll take it all in stride.<br/><br/>Little Lai had a business proposition,<br/>And he knew that I wouldn't say no.<br/>He took me into the glow of the cabana,<br/>And he asked all the ladies to go.<br/>He used a key the kind I'd never seen,<br/>And the box opened up in the light.<br/>Lai assured me that the deal was good,<br/>And that the ladies were the rest of the night.<br/><br/>Bert wouldn't tell me anything,<br/>Even when I'd asked him everything.<br/>Baby look inside,<br/>For Little Lai you cannot hide,<br/>And for a couple of days we'll take it all in stride.<br/><br/>Baby look inside,<br/>For Little Lai you cannot hide,<br/>And for a couple of days we'll take it all in stride.<br/><br/>Little Lai was on a path of self-destruction,<br/>All the fun he had had was just a game.<br/>He didn't know where he was,<br/>And he didn't know where he was going,<br/>Last I saw Little Lai he was boarding the train.<br/><br/>Bert wouldn't tell me anything,<br/>Even when I'd asked him everything.<br/>Baby look inside,<br/>For Little Lai you cannot hide,<br/>And for a couple of days we'll take it all in stride.","tabbed by Eric Zeiler (Moedat@aol.com)<br/><br/>Intro: C F Bb G<br/><br/>C                        F                           Bb         G<br/>I was born on the streets of New York City<br/>C                    F                  Bb             G<br/>growin' up was easy just the sameC                          F<br/>I didn't know what I had         Bb                             G<br/>and I didn't know what I was missing<br/>C                   F                                    Bb          G<br/>'til I met Little Lai and he showed me the way<br/><br/>chorus (a):D      G                     C           F F#<br/>Bert! wouldn't tell me anything<br/>D      G                          C             F F#<br/>even when I'd asked him everythingG             Cbaby look inside,<br/>                   F                    Bb'cause Little Lai you cannot hide<br/>              D                          C                G<br/>and for a couple of days we'll take it all in stride<br/><br/>Verse (same as other):Little Lai had a business proposition<br/>and he knew that I couldn't say nohe took me into the glow of the cabana<br/>and he asked all the ladies to gohe used a key the kind I'd never seen<br/>and the box opened up in the lightLai had shown me that the deal was good<br/>and that the ladies were the rest of the night<br/><br/>[chorus (a) (same as other)]<br/><br/>jam (not sure about this part, have to work on it)<br/><br/>chorus (b):<br/><br/>G             Cbaby look inside,                   F                    Bb<br/>'cause Little Lai you cannot hide<br/>              D                          C                G<br/>and for a couple of days we'll take it all in stride<br/><br/>Little Lai was on a path of self-destruction<br/>all the fun he had had was just a gamehe didn't know where he was<br/>and he didn't know where he was going<br/>as us all, Little Lai, he was born in the train<br/><br/>[chorus (a)][chorus (b)] x3<br/><br/>guitar tab by: nic coker   ohmygord@hotmail.com<br/>this also sounds quite nice acoustic/classical, have fun!<br/><br/>intro:<br/>repeat (x4)<br/>                          barber usually toys around with the end of this lick<br/>e--------------------------------------------<br/>b--3 4 5-------------------------------------<br/>g--------5 5 5-----------3 32-------------<br/>d-----------------3--3 5 3---------5 5-------<br/>a--------------------------------------------<br/>e--------------------------------------------<br/><br/>C                    F                Bb             G<br/>i was born on the streets of new york city<br/>growin' up   was    easy just   the   same<br/>i didnt know what i had     and i   didnt know  what i was missin'<br/>till i met little   lai and he showed me the way<br/><br/>D         G                C             F   F#<br/>  Bert    wouldn't tell me anything<br/>  Even    when i asked him everythang    F   F#<br/><br/>G           C               F             Bb<br/>  Baby look inside,  little lai ya cannot hide<br/>      D                    C              G        Em   REPEAT INTRO x2<br/>for a couple-a-days we'll take it all in stride<br/><br/><br/>C                F                           B                       G<br/>little lai had a business proposition and he knew that i couldnt say no<br/>he took me in to the glow of tha cabana, and he asked all the ladies to go<br/>he used a key, the kind ive never seen and the box opened up in the light<br/>lai had shown me that the deal was good and the ladies for the rest of the night<br/><br/>D         G                C             F   F#<br/>  Bert    wouldn't tell me anything<br/>  Even    when i asked him everythang    F   F#<br/><br/>G           C               F             Bb<br/>  Baby look inside,  little lai ya cannot hide<br/>      D                    C              G           Em       D(on the off beats)<br/>for a couple-a-days we'll take it all in stride  <br/><br/><br/>(ahh yeah here come the goods)<br/>Composed Section<br/><br/>section 1: (x2)<br/>e---------------------------------------------------------------------<br/>b---------------------------------------------------------------------   <br/>g------2 3 5-2 3---------2 3-5 2---------2 3------3 2-----------------    REPEAT     <br/>d--3 5-------------2 3 5-----------2 3 5-----5--------5 3 2-----3-----<br/>a--------------------------------5--------------------------5 4---5--- <br/>e---------------------------------------------------------------------<br/>section 2: (x2)<br/>e-------------------------------------------------------------->><br/>b-------------------------------------------------------------->><br/>g--------------------------2---------------2 3 2-----2--------->><br/>d--2 2 3 5 3 2 3-----3 3 5---5 3 5 2---5 5-------5 3---5 3 2 2->><br/>a----------------5--------------------------------------------->><br/>e-------------------------------------------------------------->><br/>section 2 continued:<br/>e-------------------------------<br/>b-------------------------------<br/>g-------2 3 2-------------------<br/>d--3 5--------5-3 5 3 2---23---   REPEAT section 2<br/>a-----------------------5-----5-<br/>e-------------------------------<br/>section 3: (x2)<br/>e--------------------------------------------------------------------------------------->><br/>b--------------------------------------------------------------------------------------->><br/>g-----------------------------------14--------------------14 15 14-------14------------->><br/>d--14 14 15 17 15 14 15----15 15 17----17 15 17 14--17 17----------17 15----17 15 14 14->><br/>a-----------------------17-------------------------------------------------------------->><br/>e--------------------------------------------------------------------------------------->><br/>section 3 continued:<br/>e----------------------------------------<br/>b----------------------------------------<br/>g--------14 15 14------------------------<br/>d--15 17----------17 15 17 15 14----15---    REPEAT section 3  <br/>a--------------------------------17----17<br/>e----------------------------------------<br/><br/>THEN REPEAT SECTION 1 x2  end with power D chords on the down beat<br/><br/>then...<br/><br/>G           C               F             Bb<br/>  Baby look inside,  little lai ya cannot hide<br/>      D                    C              G         Em  REPEAT INTRO  x2<br/>for a couple-a-days we'll take it all in stride <br/><br/>C                    F                Bb                 G<br/>little lai was on a path of self destruction<br/>all the fun he'd    had was just  a  game<br/>he didn't know where he was   and he didn't know where he was goin'<br/>as us all little lai, he was born on the train<br/><br/><br/>D         G                C             F   F#<br/>  Bert    wouldn't tell me anything<br/>  Even    when i asked him everythang    F   F#<br/><br/>G           C               F             Bb<br/>  Baby look inside,  little lai ya cannot hide<br/>      D                    C              G           Em       REPEAT  several times/end on G<br/>for a couple-a-days we'll take it all in stride  ","",lai,100,false,e2397ce3-857e-425f-925e-1cb30de780d7,Marc Brownstein,<p>Originally titled &quot;Bert&quot;</p>,,170,2024-11-06,"{""1995"": 0, ""1996"": 0, ""1997"": 0, ""1998"": 0, ""1999"": 36, ""2000"": 9, ""2001"": 22, ""2002"": 23, ""2003"": 10, ""2004"": 5, ""2005"": 1, ""2006"": 8, ""2007"": 8, ""2008"": 5, ""2009"": 9, ""2010"": 6, ""2011"": 0, ""2012"": 4, ""2013"": 4, ""2014"": 3, ""2015"": 2, ""2016"": 0, ""2017"": 3, ""2018"": 1, ""2019"": 2, ""2020"": 0, ""2021"": 3, ""2022"": 1, ""2023"": 3, ""2024"": 2}","{""42"": {""date"": ""2017-05-26"", ""previous"": ""2015-12-31"", ""delta_days"": 512}, ""50"": {""date"": ""2022-11-13"", ""previous"": ""2021-11-26"", ""delta_days"": 352}, ""66"": {""date"": ""2012-01-27"", ""previous"": ""2010-09-02"", ""delta_days"": 512}, ""72"": {""date"": ""2024-07-14"", ""previous"": ""2023-07-13"", ""delta_days"": 367}}",1999,2005,http://sickbarberlicks.weebly.com/little-lai.html
36d43cd4-133e-4e12-ae84-e48913fb5ad6,Country Royale,country-royale,2024-08-05 18:12:55.291662,2024-11-25 12:22:54.777089,"<p>VERSE</p><p>They locked me up in tahoe</p><p>got booked on a one man show</p><p>i paid my bail with a melody</p><p>i made a couple bad decisions</p><p>i spent a couple nights in prison</p><p>We could be free, unlock the city if you give me the key</p><p></p><p>VERSE</p><p>Bet it all on a stones throw</p><p>Straight 7s on my very last roll</p><p>What happened next a mystery</p><p>i made a couple propositions</p><p>a couple rounds of ammunition</p><p>We could be free, unlock the city if you give me the key</p><p></p><p>VERSE</p><p>a shoot out in Reno</p><p>two dead outside the casino</p><p>to get away i stole a cherokee</p><p>i had a head on collision</p><p>and now im spendin life in prison</p><p>We could be free, unlock the city if you give me the key</p><p></p><p>VERSE</p><p>you and me and this banjo</p><p>we could escape down to mexico</p><p>and this life will be a memory</p><p>ya see the lord gave me a vision</p><p>u gonna, bust me out of prison</p><p>We could be free, unlock the city if you give me the key</p>","","",,,false,8a2d334a-3281-4a86-a2b4-5f161f819988,,"","",10,2024-11-24,"{""1995"": 0, ""1996"": 0, ""1997"": 0, ""1998"": 0, ""1999"": 0, ""2000"": 0, ""2001"": 0, ""2002"": 0, ""2003"": 0, ""2004"": 0, ""2005"": 0, ""2006"": 0, ""2007"": 0, ""2008"": 0, ""2009"": 0, ""2010"": 0, ""2011"": 0, ""2012"": 0, ""2013"": 0, ""2014"": 0, ""2015"": 0, ""2016"": 0, ""2017"": 0, ""2018"": 0, ""2019"": 0, ""2020"": 0, ""2021"": 0, ""2022"": 0, ""2023"": 0, ""2024"": 10}","{""3"": {""date"": ""2024-11-09"", ""previous"": ""2024-11-06"", ""delta_days"": 3}, ""7"": {""date"": ""2024-11-24"", ""previous"": ""2024-11-15"", ""delta_days"": 9}}",2024,2024,""
1bcf095c-2e00-46cc-acb4-2034f570f152,Viola Lee Blues ,viola-lee-blues,2020-02-22 15:50:29.120743,2024-08-03 11:54:59.458807,"","","",viola,424,true,116dbc85-b83f-4f06-8345-702ee849a282,Noah Lewis,,,3,2016-07-16,"{""1995"": 0, ""1996"": 0, ""1997"": 0, ""1998"": 0, ""1999"": 0, ""2000"": 0, ""2001"": 0, ""2002"": 0, ""2003"": 0, ""2004"": 0, ""2005"": 0, ""2006"": 0, ""2007"": 0, ""2008"": 0, ""2009"": 0, ""2010"": 0, ""2011"": 0, ""2012"": 0, ""2013"": 0, ""2014"": 2, ""2015"": 0, ""2016"": 1, ""2017"": 0, ""2018"": 0, ""2019"": 0, ""2020"": 0, ""2021"": 0, ""2022"": 0, ""2023"": 0, ""2024"": 0}","{""0"": {""date"": ""2014-06-13"", ""previous"": null, ""delta_days"": null}, ""4"": {""date"": ""2014-08-02"", ""previous"": ""2014-06-13"", ""delta_days"": 50}, ""61"": {""date"": ""2016-07-16"", ""previous"": ""2014-08-02"", ""delta_days"": 714}}",2014,2016,
1358373c-1a40-4d36-a4c2-b4cfbb768d7c,Rock Candy,rock-candy,2020-02-22 15:50:22.697566,2024-11-25 15:34:12.752420,"<p>And you got, you got I,<br/>And I got, I got you.<br/>And you got, you got I,<br/>And now we both have two.</p>",<p>Transcribed by Rich Steele<br/><br/>main riff<br/><br/>E<br/>B<br/>G<br/>D  5(h)7  9 7 5 7<br/>A 7<br/>E<br/><br/>main progression<br/>  E  E  D   F# F# E   G  G  F#   D#  D#  D#  E  <br/>E<br/>B 9  9  7   11 11 9   12 12 11       <br/>G 9  9  7   11 11 9   12 12 11   20  20  20  21<br/>D 9  9  7   11 11 9   12 12 11       <br/>A 7  7  5   9  9  7   10 10  9   18  18  18  19<br/>E<br/><br/><br/>chords over the \&quot;youuuuu gotttt IIII gottttt youuuu\&quot; part is C &gt; A &gt; E &gt; C &gt; main riff<br/><br/><br/>keyboard riff transcribed by Ben Conarck<br/><br/>E - 17~~ 13(h)14 17 16 15 13<br/>B -                           then..      17~~ 13(h)14 17 16 15 13<br/>G -<br/>D -<br/>A -<br/>E -</p>,"Appears on Electron's ""This is Electron"" album",candy,31,false,e2397ce3-857e-425f-925e-1cb30de780d7,Marc Brownstein,,,177,2024-11-22,"{""1995"": 0, ""1996"": 0, ""1997"": 0, ""1998"": 0, ""1999"": 0, ""2000"": 0, ""2001"": 0, ""2002"": 20, ""2003"": 20, ""2004"": 7, ""2005"": 3, ""2006"": 10, ""2007"": 13, ""2008"": 6, ""2009"": 11, ""2010"": 9, ""2011"": 6, ""2012"": 3, ""2013"": 4, ""2014"": 4, ""2015"": 5, ""2016"": 5, ""2017"": 3, ""2018"": 5, ""2019"": 3, ""2020"": 4, ""2021"": 9, ""2022"": 7, ""2023"": 9, ""2024"": 11}","{""18"": {""date"": ""2007-10-17"", ""previous"": ""2007-07-15"", ""delta_days"": 94}, ""20"": {""date"": ""2009-12-26"", ""previous"": ""2009-10-07"", ""delta_days"": 80}, ""22"": {""date"": ""2010-04-15"", ""previous"": ""2009-12-27"", ""delta_days"": 109}}",2003,2005,http://sickbarberlicks.weebly.com/rock-candy.html
bec6ebe0-91dd-4da8-9657-a680d3f943d6,Better In Doses,better-in-doses,2024-07-07 19:23:39.933432,2024-12-08 12:09:31.954790,"<p>VERSE 1</p><p>u know Im waiting, waiting for days</p><p>Ur busy plotting every move that you make</p><p>I chase you down and you say nuth-ins changed</p><p>knew u lyin from that look on your beautiful face</p><p>And then you said i, said i was brave</p><p>Those good intentions on the road that you pave</p><p>U say im crazy then you act insane</p><p>This typa spice is never free</p><p></p><p>CHORUS</p><p>this vibration explosive</p><p>i know its been a long time since i been around here did you notice</p><p>you cut me up with a smile</p><p>i’m taken better in doses</p><p>and you can take it for a ride if you get into gear and you know this</p><p>and you have for a while</p><p>this vibration explosive</p><p></p><p>VERSE 2</p><p>talk is a little too late</p><p>U can’t explain you only see it your way</p><p>u won’t betray me with the words you say</p><p>But u can try it if you thinking you missing the taste</p><p>Its not the time to behave</p><p>and its ok to be a little afraid</p><p>This kinda feeling isn’t one you fake</p><p>U know the secrets safe with me</p><p></p><p>CHORUS</p><p></p><p>POST</p><p>Its not the time to behave</p><p>U know the secrets safe with me</p>","","Inspired by the Wormhole jam from 8/10/23 Clubhouse, Hampton, NY & was 1st played at Biscoland on 7/6/2024. ",,,false,8a2d334a-3281-4a86-a2b4-5f161f819988,,"","",5,2024-11-07,"{""1995"": 0, ""1996"": 0, ""1997"": 0, ""1998"": 0, ""1999"": 0, ""2000"": 0, ""2001"": 0, ""2002"": 0, ""2003"": 0, ""2004"": 0, ""2005"": 0, ""2006"": 0, ""2007"": 0, ""2008"": 0, ""2009"": 0, ""2010"": 0, ""2011"": 0, ""2012"": 0, ""2013"": 0, ""2014"": 0, ""2015"": 0, ""2016"": 0, ""2017"": 0, ""2018"": 0, ""2019"": 0, ""2020"": 0, ""2021"": 0, ""2022"": 0, ""2023"": 0, ""2024"": 5}","{""0"": {""date"": ""2024-07-06"", ""previous"": null, ""delta_days"": null}, ""1"": {""date"": ""2024-07-11"", ""previous"": ""2024-07-06"", ""delta_days"": 5}, ""4"": {""date"": ""2024-08-28"", ""previous"": ""2024-07-18"", ""delta_days"": 41}, ""5"": {""date"": ""2024-07-18"", ""previous"": ""2024-07-11"", ""delta_days"": 7}, ""17"": {""date"": ""2024-11-07"", ""previous"": ""2024-08-28"", ""delta_days"": 71}}",2024,2024,""
af4d5108-ad55-4474-aa26-713dd219ca77,Spaga,spaga,2020-02-22 15:50:23.147147,2024-11-25 11:50:26.515546,"Here, free to part<br/>Just to sing you a lullaby<br/>Of Spaga, the Intifada<br/>His souvenir, the dragon's eye<br/><br/>FIRE breathes the dragon<br/>Tooth for tooth,<br/>and eye for eye<br/>The knight in shining armor<br/>The fair maiden, his battle cry<br/><br/>And with a prayer<br/>for the maiden,<br/>who would then lay him<br/>So with his valour<br/>He would soon tower<br/>The Dragon's lair<br/><br/>Spaga's emerged in victory<br/>Slain the beast for all to see<br/>And the little knights courage knew to end<br/>As he danced and dodged about the dragon's den<br/><br/>Avoiding fire breath and razor claws<br/>Till the mighty dragon made his fatal flaw<br/>When he turned to check the maiden's cell<br/>Spaga thrust his sword with a terrific yell (alt. and sent him straight to hell)<br/><br/>The maiden saw Spaga standing tall<br/>As he watched the beast take his final fall<br/>His sword illuminated as the smoke cleared<br/>He told her firmly 'come my dear'<br/><br/>So what then of the true reward<br/>Said Spaga coyly as he sheated his sword<br/>Anything you wish I ask of thee<br/>Hand in hand immersed in glee","(that rise and fall part, or whatever you wanna call it :)<br/><br/>E<br/>B              17 17~~  17 16 14  14 14<br/>G   6(sl)16 16                         16 14 13<br/>D<br/>A<br/>E<br/><br/>(ok, here is that tapping part. After endless noodling and trying to<br/>watch Jon play this part at shows, I think I got it.)<br/><br/>E<br/>B<br/>G (t)11 (t)9(p)6  (t)14 (t)11(p)9<br/>D<br/>A<br/>E           (repeat this for like 4 measures)<br/><br/>(Jon then goes and does more tapping descending down, but it goes by so<br/>fast and I cant really figure out notes he's playing. I'll keep working<br/>on it though.)<br/><br/>the fast chord strums at the end.<br/><br/>   B         F#m   C#m  B<br/>E<br/>B  16 16 16  14 14  17  16 <br/>G  16 16 16  14 14  18  16<br/>D  16 16 16  14 14  18  16<br/>A  14 14 14  16 16  16  14<br/>E","",spaga,177,false,a827e021-ab19-4d94-9aa8-6097e0fba28b,Aron Magner,,,167,2024-11-13,"{""1995"": 0, ""1996"": 0, ""1997"": 0, ""1998"": 0, ""1999"": 23, ""2000"": 12, ""2001"": 14, ""2002"": 20, ""2003"": 9, ""2004"": 1, ""2005"": 1, ""2006"": 14, ""2007"": 13, ""2008"": 7, ""2009"": 6, ""2010"": 4, ""2011"": 3, ""2012"": 4, ""2013"": 3, ""2014"": 3, ""2015"": 1, ""2016"": 3, ""2017"": 4, ""2018"": 3, ""2019"": 3, ""2020"": 1, ""2021"": 4, ""2022"": 2, ""2023"": 5, ""2024"": 4}","{""28"": {""date"": ""2024-09-15"", ""previous"": ""2024-04-11"", ""delta_days"": 157}, ""33"": {""date"": ""2015-12-31"", ""previous"": ""2014-12-05"", ""delta_days"": 391}, ""39"": {""date"": ""2010-06-02"", ""previous"": ""2009-12-26"", ""delta_days"": 158}}",1999,2004,http://sickbarberlicks.weebly.com/spaga.html
9fe4f360-6b9a-4b98-87ad-fcdba254ae2b,Pygmy Twylyte,pygmy-twylyte,2020-02-22 15:50:23.147147,2024-11-25 11:50:29.230617,"","","",pygmy,144,true,78bd7e77-52a4-4c6a-8249-646739f80b77,Frank Zappa,,,208,2023-07-12,"{""1995"": 4, ""1996"": 11, ""1997"": 33, ""1998"": 33, ""1999"": 33, ""2000"": 9, ""2001"": 16, ""2002"": 16, ""2003"": 8, ""2004"": 3, ""2005"": 1, ""2006"": 0, ""2007"": 10, ""2008"": 0, ""2009"": 4, ""2010"": 2, ""2011"": 0, ""2012"": 0, ""2013"": 3, ""2014"": 1, ""2015"": 3, ""2016"": 4, ""2017"": 3, ""2018"": 3, ""2019"": 2, ""2020"": 2, ""2021"": 2, ""2022"": 1, ""2023"": 1, ""2024"": 0}","{""60"": {""date"": ""2010-12-30"", ""previous"": ""2010-03-18"", ""delta_days"": 287}, ""74"": {""date"": ""2013-07-12"", ""previous"": ""2010-12-30"", ""delta_days"": 925}, ""76"": {""date"": ""2009-12-27"", ""previous"": ""2009-03-04"", ""delta_days"": 298}, ""84"": {""date"": ""2009-01-25"", ""previous"": ""2007-10-24"", ""delta_days"": 459}, ""104"": {""date"": ""2007-02-15"", ""previous"": ""2005-05-27"", ""delta_days"": 629}}",1999,2005,http://sickbarberlicks.weebly.com/pygmy-twylyte.html
8f1613ff-9002-4e03-853d-04c7e84a8b9b,Astronaut,astronaut,2020-02-22 15:50:22.697566,2024-11-25 15:34:15.390628,"<p>Dance the dance all by yourself<br/>One blink of an eye your someone else<br/>To the moon you rise like a phoenix you said<br/>So just sit still, we&#x27;ll screw on your head.<br/><br/>Astronaut!<br/>Astronaut!<br/>Astronaut!<br/>Astronaut!<br/><br/>She inked in a tattoo on her arm<br/>Of us lined up for that hole in the sky<br/>Pop quiz, Dolly didn&#x27;t believe<br/>Her plan, to nap through class is denied<br/>And the questions that they asked, they didn&#x27;t make sense<br/>It&#x27;d be better if she stayed in bed instead<br/>And she woke up sweetly batting her eyes<br/>So smile as we unveil the surprise<br/><br/>Astronaut<br/>Astronaut<br/>        Take me too<br/>Astronaut<br/>Astronaut<br/>        Take me too<br/>Astronaut<br/>Astronaut<br/>        Take me too<br/>Astronaut<br/>Astronaut<br/>        Take me too<br/><br/>Suspended in the air<br/>Don&#x27;t you feel better<br/>The words you didn&#x27;t hear<br/>Coming from friends<br/><br/>Astronaut<br/>Astronaut<br/>        Take me too<br/>Astronaut<br/>Astronaut<br/>        Take me too<br/>Astronaut<br/>Astronaut<br/>        Take me too<br/>Astronaut<br/>Astronaut<br/>        Take me too<br/><br/>Take your little fantasy<br/>Mix it up ??? audacity<br/>To make you throw your heart back in the wind</p>","Transcribed by Rich Steele<br/><br/><br/>Intro  C > Am<br/><br/>E<br/>B  5 5  5<br/>G  5 5  5<br/>D  5 5  7    (repeat)<br/>A  3 3  7    <br/>E<br/><br/>then..<br/>   G         D          C<br/>E<br/>B  12 12 12  10 10 10   8  8<br/>G  12 12 12  11 11 11   9  9  <br/>D  12 12 12  12 12 12  10 10   (play this 3 times, then..)   <br/>A  10 10 10  12 12 12  10 10<br/>E<br/><br/>  Bm    D    A      C<br/>E  7         5 5    10<br/>B  7    7    5 5    10<br/>G  7    7    6 6    11<br/>D  9    7    7 7    12<br/>A  9    5    7 7    12<br/>E            5 5    10<br/><br/>/////////////////////////////////////////<br/>Transcribed by Cody Malak<br/>Source: Bonnaroo 06 Late Night Performance and Live From Camp Bisco IV DVD<br/><br/>Intro (Brownstein plays C and A, however Barber hits these chord shapes):<br/><br/>  G    A<br/>---x----x----<br/>---8----5----<br/>---x----6----<br/>---5----7----<br/>---x----0----<br/>---x----x----<br/><br/><br/>Verse<br/><br/>Play this 3x<br/><br/>   G    D    C<br/>------------------<br/>----12---10---8---<br/>----12---11---9---<br/>----12---12---10--<br/>----10------------<br/>------------------<br/><br/>Then this<br/><br/>  Bm    D    A   C<br/>---7----------------------<br/>---7-----10---5---8-------<br/>---7-----11---6---9-------<br/>---9-----12---7---10------<br/>--------------------------<br/>--------------------------<br/><br/>This is a variation of the first part that Barber often plays while singing <br/>(this follows the bassline a little more)<br/><br/>  G           D  C<br/>---------------------<br/>---------------3--1--<br/>---------------2--0--<br/>---------------4--2--<br/>-----5-3-5-3---5--3--<br/>---3-----------------<br/><br/><br/><br/><br/>Transition from verse into chorus<br/><br/>  Bm    D    A   C   Bm   D<br/>---7-------------------7-------<br/>---7-----10---5---8----7---10--<br/>---7-----11---6---9----7---11--<br/>---9-----12---7---10---9---12--<br/>-------------------------------<br/>-------------------------------<br/><br/>Chorus<br/><br/>   ASTRO  NAUT!<br/>------------------<br/>----7------6------<br/>----7------6------<br/>----7------6------<br/>----5------4------<br/>------------------<br/><br/>Transition from chorus back into verse<br/><br/>   D   C#maj   A    C<br/>-------------------------<br/>----7------6----5----8---<br/>----7------6----6----9---<br/>----7------6----7----10--<br/>----5------4-------------<br/>-------------------------<br/><br/>Transition from chorus into the start of the jam<br/><br/>   D   C#maj   D   C#  B   A   B   A   G   F#  E<br/>------------------------------------------------------<br/>----7------6------------------------------------------<br/>----7------6----7---6---4---2---4---2-----------------<br/>----7------6----7---6---4---2---4---2---5---4---2-----<br/>----5------4----5---4---2---0---2---0---5---4---2-----<br/>----------------------------------------3---2---0-----<br/><br/>These are the basic notes, but feel free to add<br/>the octave on the d string to give the note a fuller sound like<br/>Barber often does.<br/><br/>(MAIN JAM)<br/>------------------------------<br/>--12--10--12--10--12--10--12v-<br/>------------------------------<br/>------------------------------<br/>------------------------------<br/>------------------------------<br/><br/><br/>--------------------------------------<br/>--12--10--12--10--12--10--12--10--9v--<br/>--------------------------------------<br/>--------------------------------------<br/>--------------------------------------<br/>--------------------------------------<br/><br/>----------------------------------------<br/>--12--10--12--10--12--10--12--12/14v----<br/>----------------------------------------<br/>----------------------------------------<br/>----------------------------------------<br/>----------------------------------------<br/><br/>----------------------------------------<br/>--14--12--14--12--14--12--14v-----------<br/>----------------------------------------<br/>----------------------------------------<br/>----------------------------------------<br/>----------------------------------------<br/><br/>--------------------------12v--------------<br/>--14--12--14--12--14--12--------14--12--14-<br/>-------------------------------------------<br/>-------------------------------------------<br/>-------------------------------------------<br/>-------------------------------------------<br/><br/>time to change keys<br/>---------------------------------------------------<br/>--14--12--14--12--14--12--14--14s15--15s17---------<br/>---------------------------------------------------<br/>---------------------------------------------------<br/>---------------------------------------------------<br/>---------------------------------------------------<br/><br/>From this point you can either noodle around on the A-minor scale or<br/>try something like this, just make sure and tremolo pick the notes<br/>starting on the 18, this is the buildup that leads into the \""suspended in the air\""<br/>part of the song.<br/>---------------------------------------------------<br/>-15-17--15-17--18--19--20--21----------------------<br/>---------------------------------------------------<br/>---------------------------------------------------<br/>---------------------------------------------------<br/>---------------------------------------------------<br/><br/><br/>chromatic jam (Barber plays this on one string a lot, but here's an easier way)<br/>---------------------------------<br/>-12-11-10-9----------------------<br/>-------------12-11-10-9----------<br/>---------------------------------<br/>---------------------------------<br/>---------------------------------<br/><br/>Throw some variation in, and when he is not playing the above he messes around here:<br/>---12--12--10--12----12--12--10--9-----------------<br/>---------------------------------------------------<br/>---------------------------------------------------<br/>---------------------------------------------------<br/>---------------------------------------------------<br/>---------------------------------------------------<br/><br/><br/>Here is a lot of the basic riffs Barber plays during the \""trancier\"" part of the song.<br/><br/>E phrygian, if you want to play along with the bassline just play E-minor and F-major.<br/>Barber plays these off a scale starting at the 12th fret, but i like to play them in this position.<br/><br/>E|----------------------------------------------------------------<br/>B|----------------------------------------------------------------<br/>G|-----------------7--------------------7--9-----------------7----<br/>D|--9--9--9--7--9-----9--9--9--9--7--9--------9--9--9--7--9-----9-<br/>A|----------------------------------------------------------------<br/>E|----------------------------------------------------------------<br/><br/>main ending to riff one:<br/>----------------------<br/>----------------------<br/>-7h9--7h9--7h9--7h9---<br/>----------------------<br/>----------------------<br/>----------------------<br/><br/>sometimes:<br/>----------------------<br/>----------------------<br/>-7h9--7h9-------------<br/>-----------9--7-------<br/>----------------10----<br/>----------------------<br/><br/>rarely:<br/>-----------------------------------<br/>-----------------------------------<br/>--7h9p7----------------------------<br/>--------9--9--7------7--9----------<br/>-----------------10--------7-------<br/>-----------------------------------<br/><br/>2nd part of riff one:<br/>-----------------------------------------------------------------------------<br/>-----------------------------------------------------------------------------<br/>----------------------------------------------------------------7h9--7h9-----<br/>-7h9--9--7------7--9--7h9--9--7------7--9--7h9--9--7------7--9---------------<br/>------------10-------------------10-------------------10---------------------<br/>-----------------------------------------------------------------------------<br/><br/><br/>riff one break:<br/>----------------------<br/>----------------------<br/>--7h9--7-----7--9-----<br/>---------9------------<br/>----------------------<br/>----------------------<br/><br/>ending:<br/>-----------------------------<br/>-----------------------8--10-<br/>-7h9--7h9--7--9--------------<br/>-----------------------------<br/>-----------------------------<br/>-----------------------------<br/><br/><br/>riff two:<br/>E|----------------10---------------<br/>B|------------12-------------------<br/>G|--9------9----------9------9-----<br/>D|-----12----------------12--------<br/>A|---------------------------------<br/>E|---------------------------------<br/><br/>builds into main riff:<br/>E|---------------------10------------------ (sometimes double picks the d)<br/>B|-----------------12----------------------<br/>G|--9--9--9--9--9----------9--9--9---------<br/>D|----------------------------------12-----<br/>A|-----------------------------------------<br/>E|-----------------------------------------<br/><br/>main riff break:<br/>E|-------------------------------------<br/>B|-------------------------------------<br/>G|--9--9--9--9--9------9---------------<br/>D|-----------------12-----9--12--9-----<br/>A|-------------------------------------<br/>E|-------------------------------------<br/><br/>riff two variation (mixes in other two riffs with this until the ending):<br/>E|-----------------12--10--10---------------<br/>B|------------------------------------------<br/>G|--9--9--9--9--9--------------9------9-----<br/>D|--------------------------------12--------<br/>A|------------------------------------------<br/>E|------------------------------------------<br/><br/>riff two ending:<br/>E|--12--10-10----<br/>B|---------------<br/>G|---------------<br/>D|---------------<br/>A|---------------<br/>E|---------------<br/><br/>goes into:<br/>------------------------<br/>--9--9--9---7--9--9-----<br/>------------------------<br/>------------------------<br/>------------------------<br/>------------------------<br/><br/>mixes with keyboard-wah into:<br/>E|--------------------------------------<br/>B|--------------------------------------<br/>G|--9-----------7-----------9-----------<br/>D|-----9--9--9-----9--9--9-----9--9-----<br/>A|--------------------------------------<br/>E|--------------------------------------<br/><br/>slows into this riff:<br/>E|-----------------12---------------------------------<br/>B|----------------------------------------------------<br/>G|-----7--9--7--9------9------9--9-----7-----7--9-----<br/>D|--9---------------------12--------9-----9-----------<br/>A|----------------------------------------------------<br/>E|----------------------------------------------------<br/><br/>then hangs on:<br/>E|---------------------------<br/>B|---------------------------<br/>G|--9----------7--------7--9-<br/>D|-----9--9--9-----9--9------<br/>A|---------------------------<br/>E|---------------------------<br/><br/><br/>E|-----------------------------------------<br/>B|----------------7-8-7--------------------<br/>G|----9-9-7---7-9---------7-9-9-7---7-9----<br/>D|----------9-----------9---------9--------<br/>A|-----------------------------------------<br/>E|-----------------------------------------<br/><br/>This leads back into the main riff of the song, back into a chorus, and then an ending.","",astro,10,false,4338604b-38e0-432c-855b-bcd9091d4409,Jon Gutwillig,"<p>Astronaut was debuted at the unannounced Boom Boom Room show on 8/8/01, along with Coat. Instrumentally, this version does not differ much from modern versions, but the lyrics bear little resemblance to the finished song. The basic structure of the first half of the song is the same as modern versions, two intro riffs, verse-chorus-verse-chorus, a peak, and a bridge consisting of a simple descending/ascending riff. In the first version, the bridge (commonly known as the Suspended in the Air, or SITA, section) is followed by a third verse. The chorus is not repeated, and the song ends rather abruptly without a jam.<br/></p><p></p><p>The second version of Astronaut is nearly three times as long as the first. It was played at the band’s final show at the Wetlands Preserve, on 9/2/01. It is a considerably tighter version, and the new lyrics are much closer to finalized (they would remain largely unchanged throughout the rest of the year). After the SITA section, the band plays the peak section again (although Barber doesn’t play the peak in this version, he does in others), then an extended jam that returns to the peak. The band attempts to return to a final chorus after the second peak, but there is considerable confusion and this second version is aborted.<br/></p><p></p><p>Astronaut was arguably played a third time on 9/9/01, although this is almost never counted. As Spacebirdmatingcall ends, a definite SITA jam is used to segue into House Dog Party Favor. Although this isn’t counted as a performance of Astronaut, it is fairly significant as the first jamming on the SITA section. Astronaut was played another ten times in 2001. Of these, seven had outro jams, with the band dropping back into a SITA-esque jam immediately following the closing chords.<br/></p><p></p><p>After its performance over the 2001 New Year’s run, Astronaut was not played again until 4/4/02, as the first part of the encore. Here the lyrics are roughly 99% identical to modern versions, and the main jam develops more organically out of the SITA section (the “peak section” that the band would play after SITA is dropped). This is arguably the first split Astronaut, but the Peter Gunn in the Astronaut jam is sometimes notated as a tease. The first split Astronaut otherwise was begun on 8/9/02 and was finished on 8/11/02, and the first (and for years only) inverted Astronaut was 10/23/02. The 2001 style Astronaut outro was played a couple times in Spring 02, but after 5/1/02 it was retired.<br/></p><p></p><p>Throughout the Sammy years, Astronaut remained a fairly regular staple in the catalog. Its most common year was 2002 when it appeared on average once every five shows. Astronaut was known for mellow housey jams, although the Sammy years produced some monster versions. 10/5/02 is usually considered the best of this, and perhaps of any, era. 9/19/01 is a significantly exploratory early version, and 4/18/03 is excellent as well, spawning a passage of gorgeous blissco that evolves to a triumphant inverted Confrontation. 5/31/03 saw the return of the outro jam, though played differently (without the SITA section) than it was in 01-02, and 7/25/03 is a unique version that is split up between the first and second verse. <br/></p><p></p><p>After 2003, Astronaut became less common, and was only played six more times with Sammy in 2004-2005. 10/1/04, though nothing special musically, is significant as the first to be split up in the SITA section. 3/25/05 features the first substitution of “Yo Girl You Crazy” for “Take Me Too” in the chorus, but 8/26/05 is probably the best from this era, especially for the excellent outro jam into Stone (significant as both the first modern Astronaut outro and the only real jam into Stone).<br/></p><p></p><p>When Allen joined the band, Astronaut was given a fresh start, and was played considerably more frequently: from 2006-2009, Astronaut was played on average once every 5-6 shows, or about as frequently as it was played in 2002. The spacey electronic style of 06-07 Biscuits proved fertile ground for the development of the SITA section as a jam vehicle, and pretty soon Astronaut was a two jam song. <br/></p><p></p><p>Astronaut was one of the stronger songs in Allen’s early repertoire, with standout versions as early as 4/27/06 and 5/28/06. The fall of 2006 was a particularly strong tour for Astronaut. Important versions include 11/4/06 (featuring a powerful main jam and an even stronger outro jam into a Moshi Fameus drum section), 12/7/06 (the second inverted version, and first in over four years) and, most importantly, 11/19/06.<br/></p><p></p><p>Astronaut reached its zenith in the peak years of 2.0, 2007-2009. After consistently strong versions in the early part of the year, particularly 7/8/07 (a 22 minute standalone if you include the hypnotic intro jam), the band took Astronaut to a new level on 10/9/07, with a spectacular 30+ minute version. Widely considered one of the best ever, the 10/9/07 Astronaut elevated the song to a new level, and landmark versions were performed on 11/1/07 (another best ever contender), 10/26/07 (spicy full version with a powerful main jam) and 10/19/07 (the third inverted version).<br/></p><p></p><p>2008 was a little more hit-or-miss for Astronaut, but still produced some more than solid versions. 3/19/08 features the first ever three part Astronaut, evidence of the tremendous development of the SITA section as a jam vehicle during the Allen years. Easily the most significant Astronaut of 2008 is the monstrous 30+ minute standalone that opened the day set of Camp Bisco VII on 7/19/08. Universally acclaimed, this Astronaut features two extended and thematic jams, and is considered by many to be the finest Astronaut ever played. A strong dyslexic version at Holidaze, on 12/12/08 and 12/14/08, and its use as the countdown on 12/31/08, cemented 2008 as an important year for Astronaut.<br/></p><p></p><p>Along with fall tour 2007, the other contender for the strongest era for Astronaut is 2009. Astronaut was solid for the whole year, but was especially strong in the spring and summer. In this era the SITA jam took on a life as its own; previously relegated to mellow and spacey type one status, the SITA jam was by the middle of the year capable of producing type two ragers. The SITA jam section became so strong that Astronauts split in the SITA section became more common than Astronauts split the traditional way: beginning with 4/20/09, of the eight split Astronauts of the year, five are split at the SITA jam. The whole year produced significant Astronauts, such as 2/14/09, 2/28/09, 9/17/09, 9/26/09 and 10/8/09; however, it is the Astronauts from spring and summer, such as 4/3/09 (notable mainly for the SITA jam), 4/20/09, 6/4/09 and 6/27/09, that are worth checking out.<br/></p><p></p><p>After a few immensely strong years, the star of Astronaut began to fade in 2010 and 2011, when it became more of a rarity (played on average once every 7 shows in 2010 and once every 10-11 shows in 2011). Although it was never shelved, Astronaut’s longest gaps from the rotation occurred in this era, when it wasn’t played for twenty shows between 6/5/10 to 9/8/10 and 12/27/10 to 7/2/11. September 2010 featured a particularly interesting version in which the beginning and end were played on 9/8/10 and were “completed” by a performance of the SITA section on 9/11/10. The version from Camp Bisco X on 7/8/11, which bookends a large palindrome set, is worth checking out as well.<br/></p><p></p><p>Astronaut became more of a frequent setlist staple in the destination era. In 2017, Astronaut was played a whopping seven times, or on average once every 4-5 shows (making 2017 the year Astronaut was played most frequently), but in 2018 Astronaut was played only three times, or on average once every 12-13 shows (making 2018 the year Astronaut was played the least frequently). The 2017 versions, particularly 2/3/17 and 5/26/17, are standouts from the setbreak era, and 11/2/18, while notably sloppy, features a great theme that builds to the ending. 2019 features a few unique uses of Astronaut, including 1/25/19 and 7/20/19 where parts of Astronaut were &quot;mashed up&quot; with other songs, and one version, 12/27/19, that is considered among the best versions of the decade.<br/></p><p></p>",Just smile as we unveil the surprise,185,2024-11-16,"{""1995"": 0, ""1996"": 0, ""1997"": 0, ""1998"": 0, ""1999"": 0, ""2000"": 0, ""2001"": 12, ""2002"": 20, ""2003"": 11, ""2004"": 4, ""2005"": 4, ""2006"": 15, ""2007"": 15, ""2008"": 10, ""2009"": 17, ""2010"": 10, ""2011"": 4, ""2012"": 3, ""2013"": 4, ""2014"": 4, ""2015"": 4, ""2016"": 4, ""2017"": 8, ""2018"": 3, ""2019"": 5, ""2020"": 2, ""2021"": 6, ""2022"": 5, ""2023"": 7, ""2024"": 8}","{""19"": {""date"": ""2010-04-23"", ""previous"": ""2010-02-19"", ""delta_days"": 63}, ""20"": {""date"": ""2010-09-08"", ""previous"": ""2010-06-05"", ""delta_days"": 95}, ""21"": {""date"": ""2011-07-02"", ""previous"": ""2010-12-27"", ""delta_days"": 187}}",2002,2020,http://sickbarberlicks.weebly.com/astronaut.html
8daacd1c-b024-46fc-a824-30312828ec7c,Without You,without-you,2024-07-14 00:42:15.343792,2024-07-14 00:42:15.343792,"","","",,,false,e2397ce3-857e-425f-925e-1cb30de780d7,,"","",0,,"{""1995"": 0, ""1996"": 0, ""1997"": 0, ""1998"": 0, ""1999"": 0, ""2000"": 0, ""2001"": 0, ""2002"": 0, ""2003"": 0, ""2004"": 0, ""2005"": 0, ""2006"": 0, ""2007"": 0, ""2008"": 0, ""2009"": 0, ""2010"": 0, ""2011"": 0, ""2012"": 0, ""2013"": 0, ""2014"": 0, ""2015"": 0, ""2016"": 0, ""2017"": 0, ""2018"": 0, ""2019"": 0, ""2020"": 0, ""2021"": 0, ""2022"": 0, ""2023"": 0, ""2024"": 0}",{},2024,,""
3f53bd31-926b-4d90-bf8b-c7af6a4031a2,Why We Dance,why-we-dance,2022-11-02 01:02:36.496223,2024-11-23 21:39:37.451475,"<p>I always knew you would come back to me</p><p>I always knew you weren’t leavin me behind</p><p>The ink was drying on your eulogy</p><p>They said im crazy but you’re standing right in front of my eyes</p><p></p><p>That’s why we dance</p><p>Knew we had it from the very first glance</p><p>Never know it when its time to go</p><p>Gotta make a run take a chance</p><p></p><p>She can fly momma, come on!</p><p></p><p>We have to celebrate our victories</p><p>We try to recognize a blessing in disguise</p><p>And when we overcome catastrophe</p><p>I want to see you on the dancefloor touching the skies</p>","","",,,false,71cad423-1917-4734-a562-e762726a8f6d,,"","",25,2024-11-13,"{""1995"": 0, ""1996"": 0, ""1997"": 0, ""1998"": 0, ""1999"": 0, ""2000"": 0, ""2001"": 0, ""2002"": 0, ""2003"": 0, ""2004"": 0, ""2005"": 0, ""2006"": 0, ""2007"": 0, ""2008"": 0, ""2009"": 0, ""2010"": 0, ""2011"": 0, ""2012"": 0, ""2013"": 0, ""2014"": 0, ""2015"": 0, ""2016"": 0, ""2017"": 0, ""2018"": 0, ""2019"": 0, ""2020"": 0, ""2021"": 0, ""2022"": 5, ""2023"": 13, ""2024"": 7}","{""9"": {""date"": ""2023-07-18"", ""previous"": ""2023-07-06"", ""delta_days"": 12}, ""13"": {""date"": ""2024-07-20"", ""previous"": ""2024-04-14"", ""delta_days"": 97}, ""17"": {""date"": ""2024-11-13"", ""previous"": ""2024-09-05"", ""delta_days"": 69}, ""18"": {""date"": ""2024-01-25"", ""previous"": ""2023-09-15"", ""delta_days"": 132}, ""22"": {""date"": ""2024-03-29"", ""previous"": ""2024-01-25"", ""delta_days"": 64}}",2023,2022,""
31b5cdef-933b-4671-908b-978c0ea516f9,Shocked,shocked,2022-08-27 13:02:45.907579,2024-11-25 12:03:18.175565,"<p>Rollin through outer space with my brothers</p><p>Shocked! We’re getting shocked!</p><p>Four hundred twenty fever blisters my brain</p><p>This ship can go faster but you&#x27;ll go insane</p><p>Too amp’d to sense any trouble can&#x27;t stay in the lanes</p><p>Will get ya noticed someday but today’s not that day yeah, yeah, yeah</p><p>We’re getting shocked!</p><p>Rollin through outer space with my brothers…Shocked!</p><p>Maybe it&#x27;s play ya say what you wanna…Shocked!</p><p>Cracks in the windshield spider every which way</p><p>They seem to start nowhere then they shatter the pane</p><p>The pressure too much to take it’s better running away</p><p>The crystal resets the system realigns the display</p><p>Ever wonder why you&#x27;ve struggled playing over the line</p><p>It&#x27;s undercover from your mother wasting all of your time</p><p>Shocked!  We’re getting shocked!</p><p>Rollin through outer space with my brothers</p>","","",,,false,71cad423-1917-4734-a562-e762726a8f6d,,"","",27,2024-11-20,"{""1995"": 0, ""1996"": 0, ""1997"": 0, ""1998"": 0, ""1999"": 0, ""2000"": 0, ""2001"": 0, ""2002"": 0, ""2003"": 0, ""2004"": 0, ""2005"": 0, ""2006"": 0, ""2007"": 0, ""2008"": 0, ""2009"": 0, ""2010"": 0, ""2011"": 0, ""2012"": 0, ""2013"": 0, ""2014"": 0, ""2015"": 0, ""2016"": 0, ""2017"": 0, ""2018"": 0, ""2019"": 0, ""2020"": 0, ""2021"": 0, ""2022"": 7, ""2023"": 15, ""2024"": 5}","{""9"": {""date"": ""2024-02-06"", ""previous"": ""2023-12-31"", ""delta_days"": 37}, ""10"": {""date"": ""2023-12-31"", ""previous"": ""2023-10-06"", ""delta_days"": 86}, ""13"": {""date"": ""2023-07-22"", ""previous"": ""2023-07-06"", ""delta_days"": 16}, ""43"": {""date"": ""2024-11-20"", ""previous"": ""2024-04-11"", ""delta_days"": 223}}",2023,2024,""
b10cdf2d-811e-441f-8043-cfc232a01014,Twisted in the Road,twisted-in-the-road,2022-06-19 01:54:26.500701,2024-11-26 09:53:03.686598,"<p>Short circuit in my brain, tell me are ya foldin, I wanna know</p><p></p><p>And If there&#x27;s somewhere you can hide, maybe you could go and be on your own </p><p></p><p>And they say, you&#x27;ll be gone</p><p></p><p>And you stay, out too long</p><p></p><p>And they say, it&#x27;s easy to walk away</p><p></p><p>I&#x27;m feeling like you’re stolen now</p><p></p><p>And the hands, on my mind, set the stage, for the crime </p><p></p><p></p><p></p><p>CHORUS:</p><p></p><p>Let it run and let it roll</p><p></p><p>bright flashes cross the sky</p><p></p><p>set you free if you believe it</p><p></p><p>Catch a fever, catch a feelin</p><p></p><p></p><p></p><p>Twisted in the road, maybe you were rolling, for far too long</p><p></p><p>and If there’s somewhere you can fly, maybe you could go and, take to the sky</p><p></p><p>Cuz i&#x27;ve heard, this song before</p><p></p><p>And you fly, away on your own</p><p></p><p>Would you say, it&#x27;s easy to walk away</p><p></p><p>And i&#x27;m hoping that i’ve taught you well  </p><p></p><p>How to play, all the cards, lay &#x27;em down, you&#x27;re a star.</p><p></p><p></p><p></p><p>CHORUS:</p><p></p><p></p><p></p><p>Twisted in the road, my baby you were rolling, for far too long</p><p></p><p>If there is somewhere you can fly, maybe you could go and</p><p></p><p>take to the sky, take to the sky</p><p></p><p></p><p></p><p>CHORUS</p><p></p><p></p>","","",,,false,71cad423-1917-4734-a562-e762726a8f6d,,"","",44,2024-11-24,"{""1995"": 0, ""1996"": 0, ""1997"": 0, ""1998"": 0, ""1999"": 0, ""2000"": 0, ""2001"": 0, ""2002"": 0, ""2003"": 0, ""2004"": 0, ""2005"": 0, ""2006"": 0, ""2007"": 0, ""2008"": 0, ""2009"": 0, ""2010"": 0, ""2011"": 0, ""2012"": 0, ""2013"": 0, ""2014"": 0, ""2015"": 0, ""2016"": 0, ""2017"": 0, ""2018"": 0, ""2019"": 0, ""2020"": 0, ""2021"": 0, ""2022"": 15, ""2023"": 18, ""2024"": 11}","{""9"": {""date"": ""2024-09-11"", ""previous"": ""2024-07-20"", ""delta_days"": 53}, ""13"": {""date"": ""2024-07-11"", ""previous"": ""2024-04-04"", ""delta_days"": 98}, ""15"": {""date"": ""2024-11-24"", ""previous"": ""2024-11-02"", ""delta_days"": 22}}",2023,2024,""
38dc83f7-62de-4837-acdb-9890dd069124,Paint The Day,paint-the-day,2020-02-22 15:50:23.147147,2024-08-17 16:39:26.478335,"","","",paint,136,false,e2397ce3-857e-425f-925e-1cb30de780d7,Jon Gutwillig,,,4,2003-04-17,"{""1995"": 0, ""1996"": 0, ""1997"": 0, ""1998"": 0, ""1999"": 0, ""2000"": 0, ""2001"": 0, ""2002"": 0, ""2003"": 4, ""2004"": 0, ""2005"": 0, ""2006"": 0, ""2007"": 0, ""2008"": 0, ""2009"": 0, ""2010"": 0, ""2011"": 0, ""2012"": 0, ""2013"": 0, ""2014"": 0, ""2015"": 0, ""2016"": 0, ""2017"": 0, ""2018"": 0, ""2019"": 0, ""2020"": 0, ""2021"": 0, ""2022"": 0, ""2023"": 0, ""2024"": 0}","{""0"": {""date"": ""2003-04-04"", ""previous"": null, ""delta_days"": null}, ""3"": {""date"": ""2003-04-12"", ""previous"": ""2003-04-07"", ""delta_days"": 5}, ""4"": {""date"": ""2003-04-17"", ""previous"": ""2003-04-12"", ""delta_days"": 5}}",2003,2003,http://sickbarberlicks.weebly.com/paint-the-day.html
743f77e9-3559-44ef-97bc-cfa212c9655a,Boulevard,boulevard,2020-02-22 15:50:22.697566,2024-11-14 04:35:13.191737,"","","",bvd,29,false,4338604b-38e0-432c-855b-bcd9091d4409,Jon Gutwillig,"<p>A slow, groovy ditty that was the final original debut of spring 2001 (Ducks and Geese are Free does not count as a song). It was played a handful of times over the spring tour, and then busted out in the west coast Thanksgiving run, each time as a jamless standalone. The only version of note was played on 12/31/01, segued into a monster Dribble ending and serving as one of the highlights of that show. Then, vexingly, it was shelved forever. So it goes.</p>",,6,2001-12-31,"{""1995"": 0, ""1996"": 0, ""1997"": 0, ""1998"": 0, ""1999"": 0, ""2000"": 0, ""2001"": 6, ""2002"": 0, ""2003"": 0, ""2004"": 0, ""2005"": 0, ""2006"": 0, ""2007"": 0, ""2008"": 0, ""2009"": 0, ""2010"": 0, ""2011"": 0, ""2012"": 0, ""2013"": 0, ""2014"": 0, ""2015"": 0, ""2016"": 0, ""2017"": 0, ""2018"": 0, ""2019"": 0, ""2020"": 0, ""2021"": 0, ""2022"": 0, ""2023"": 0, ""2024"": 0}","{""3"": {""date"": ""2001-04-05"", ""previous"": ""2001-04-01"", ""delta_days"": 4}, ""5"": {""date"": ""2001-04-12"", ""previous"": ""2001-04-05"", ""delta_days"": 7}, ""13"": {""date"": ""2001-04-27"", ""previous"": ""2001-04-12"", ""delta_days"": 15}, ""15"": {""date"": ""2001-12-31"", ""previous"": ""2001-11-24"", ""delta_days"": 37}, ""57"": {""date"": ""2001-11-24"", ""previous"": ""2001-04-27"", ""delta_days"": 211}}",2001,2001,http://sickbarberlicks.weebly.com/boulevard.html
101dddeb-7780-4f16-b819-a3e7e992e684,Crystal Ball,crystal-ball,2020-02-22 15:50:22.856762,2024-10-18 23:10:51.015146,"Well I woke up in the basement <br/>When I woke up in a full-on sixty-nine <br/>I didn't know anything about her <br/>And everything was ok<br/><br/>She made all these little noises <br/>and she stopped but she could not find the light <br/>She asked was I her boyfriend <br/>and what was I supposed to say?<br/><br/>Whoa oh oh Who's got the crystal <br/>Whoa oh oh Who's got the crystal <br/>Whoa oh oh Who's got the crystal <br/>Whoa oh oh Who's got the crystal ball<br/><br/>I was walking on the pavement <br/>And you asked me can I spare a dime <br/>I got some quarters from Canada <br/>that I use for the parkway<br/><br/>And I walked up to the airport <br/>with my smock and slippers and my dog<br/>that'll make it through the metal detector<br/>I didn't like 'em anyway<br/><br/>Whoa oh oh Who's got the crystal <br/>Whoa oh oh Who's got the crystal <br/>Whoa oh oh Who's got the crystal <br/>Whoa oh oh Who's got the crystal ball<br/><br/>Cheers to you it's like a dream you <br/>live by seeking fortunes at the door <br/>We brim about her move<br/>Don's a slick impala groove<br/><br/>Questioning reality <br/>Children holding incense across the floor <br/>A different world in store<br/>Overjoyed as she comes back for...<br/><br/>Manatees on tapestries <br/>See them wiggle slowly off the wall <br/>The rug beneath you moves<br/>brings you to a seperate room<br/><br/>Sailing in this fantasy <br/>Like the different world you have in store <br/>Aroma's must ebb and flow<br/>Dizzy your expected blow<br/><br/>Well I woke up in the basement <br/>no matches, teeth, or vital signs <br/>she was looking for her mama<br/>I remember from the dreamscape<br/><br/>And I went to get a facelift <br/>but I still had to chill and wait in line <br/>While my brother gets a tummy tuck<br/>And my brother gets a nosering<br/><br/>Whoa oh oh Who's got the crystal <br/>Whoa oh oh Who's got the crystal <br/>Whoa oh oh Who's got the crystal <br/>Whoa oh oh Who's got the crystal ball",Tab by Jason Hill<br/><br/><br/>Intro/Main Riff<br/><br/>E--------------------------------------------------------------------------<br/>B--7----7-7-7-7-7-7----7-7-7-7-7-7----7-7-7-7-7--7--7--7---5---5-5-5-5-5--<br/>G--7----7-7-7-7-7-7----7-7-7-7-7-7----7-7-7-7-9--7--9--7---5---5-5-5-5-5--<br/>D--7----7-7-7-7-7-7----7-7-7-7-7-7----7-7-7-7-7--7--7--7---5---5-5-5-5-5--<br/>A--5----5-5-5-5-5-5----5-5-5-5-5-5----5-5-5-5-5--5--5--5---3---3-3-3-3-3--<br/>E--------------------------------------------------------------------------<br/><br/>E--------------------------------------<br/>B-5--5--5-5-5-5-5--6-6<br/>G-7--5--5-5-5-5-5--6-6<br/>D-5--5--5-5-5-5-5--6-6<br/>A-3--3--3-3-3-3-3--4-4<br/>E---------------------------------------<br/><br/>Add this to end before beginning vocals:<br/><br/>E------------------------------------------------<br/>B---5--5-5-5-5--6--6---5--5-5-5-5--6--6--<br/>G---5--5-5-5-5--6--6---5--5-5-5-5--6--6--<br/>D---5--5-5-5-5--6--6---5--5-5-5-5--6--6--<br/>A---3--3-3-3-3--4--4---3--3-3-3-3--4--4--<br/>E------------------------------------------------<br/><br/>Chorus:<br/><br/>Mostly G........Hard to tell what Barber is doing...Brownie has the rhythm.<br/><br/>Bridge:<br/><br/><br/>E-------------------------------------------------------------------------<br/>B-------------------------------------------------------------------------<br/>G--7---7-7-7-7-7---7-7-7-7-7---7-7-7-7-9-7-9-6--6-6-6-6-6----6-6-6-6-6---6<br/><br/>E------------------------------------------------------------------<br/>B------------------------------------------------------------------<br/>G-6-6-6-9-6-9-5-8---8-8-8-8-8---8-8-8-8-8--<br/><br/>E-------------------------------------------------------------------------<br/>B-------------------------------------------------------------------------<br/>G--8-8-8-8-10-8-10-8-11--6--6-6-6-6-6---6-6-6-6-6---6-6-6-6-6-8-6-8-9---9-<br/><br/>E-------------------------------------------------------------------<br/>B-------------------------------------------------------------------<br/>G-9-9-9-9---9-9-9-9-9---9-9-9-9-11-9-11-10<br/><br/><br/>E-------------------------------------------------------------------------<br/>B-------------------------------------------------------------------------<br/>G--10---10-10-10-10-10---10-10-10-10-10---10-10-10-10-10-12-14------------<br/><br/>E------------------------------------------------------------------<br/>B-------13h14--14-13-------------------13h14--14-13------<br/>G------10----10-12-14-------------------10-<br/><br/>That's where i left off at the bridge..........<br/><br/>When the vocals start again play this progression (all root 6)<br/><br/>C#           <br/>Cheers to you it's like a dream you<br/><br/>C#               D    C#    C   B       A#<br/>live by seeking fortunes at the door<br/><br/>A#           C A#              <br/>we pick the outer room<br/><br/>                   C A#<br/>start to slip in colored groove<br/><br/><br/>etc.<br/><br/>End is Intro/Main riff<br/>,"",crystal,40,false,4338604b-38e0-432c-855b-bcd9091d4409,Jon Gutwillig,,,89,2023-07-21,"{""1995"": 0, ""1996"": 0, ""1997"": 0, ""1998"": 0, ""1999"": 0, ""2000"": 8, ""2001"": 1, ""2002"": 18, ""2003"": 8, ""2004"": 1, ""2005"": 1, ""2006"": 12, ""2007"": 2, ""2008"": 3, ""2009"": 8, ""2010"": 2, ""2011"": 2, ""2012"": 1, ""2013"": 2, ""2014"": 2, ""2015"": 3, ""2016"": 2, ""2017"": 3, ""2018"": 3, ""2019"": 0, ""2020"": 0, ""2021"": 2, ""2022"": 2, ""2023"": 3, ""2024"": 0}","{""65"": {""date"": ""2021-05-28"", ""previous"": ""2018-12-28"", ""delta_days"": 882}, ""70"": {""date"": ""2008-04-18"", ""previous"": ""2007-07-13"", ""delta_days"": 280}, ""101"": {""date"": ""2002-07-26"", ""previous"": ""2001-05-09"", ""delta_days"": 443}}",2002,2001,http://sickbarberlicks.weebly.com/crystal-ball.html
dd0519db-b972-4651-84e8-613045f7a3ab,Trooper McCue,trooper-mccue,2020-02-22 15:50:23.818238,2024-08-17 16:28:44.119495,"Trooper McCue, fork or a spoon to finish your soup?<br/>Why do you drive at a hundred and five? Icy hill loop!<br/>Seapod is cool, she goes to school across the lake<br/>Tank talk is cheap, you graze with sheep, you take the cake.<br/><br/>Trooper, you psycho looper [used to be 'you're super duper']<br/>If I even think about it in the store<br/>Be it a poster, an alley coaster<br/>It shows up at my door<br/><br/>Trooper, you psycho looper<br/>If I even think about it in the store<br/>Be it a poster, an alley coaster<br/>It shows up at my door<br/><br/>Green Mountain girl, mind in a whirl, ascends up the hill<br/>Lives on a farm, protects her left arm, tries not to spill<br/>Too fuckin' hip, she throws anyone lip, sets people straight<br/>Always on time, encephalous crime, a crime not to waste<br/><br/>Trooper, you psycho looper<br/>If I even think about it in the store<br/>Be it a poster, an alley coaster<br/>It shows up at my door<br/><br/>Trooper, you psycho looper<br/>If I even think about it in the store<br/>Be it a poster, an alley coaster<br/>It shows up at my door<br/><br/>Trooper McCue, fork or a spoon to finish your soup?<br/>Why do you drive at a seventy-five? Icy hill loop!<br/>Seapod is cool. She goes to school across the lake<br/>Tank talk is cheap, you graze with sheep, you take the cake.<br/><br/>Trooper, you psycho looper<br/>If I even think about it in the store<br/>Be it a poster, an alley coaster<br/>It shows up at my door","","",trooper,192,false,e2397ce3-857e-425f-925e-1cb30de780d7,Marc Brownstein,,,94,2023-07-21,"{""1995"": 0, ""1996"": 12, ""1997"": 22, ""1998"": 23, ""1999"": 13, ""2000"": 3, ""2001"": 2, ""2002"": 8, ""2003"": 2, ""2004"": 1, ""2005"": 0, ""2006"": 0, ""2007"": 0, ""2008"": 0, ""2009"": 0, ""2010"": 1, ""2011"": 0, ""2012"": 0, ""2013"": 0, ""2014"": 1, ""2015"": 0, ""2016"": 0, ""2017"": 0, ""2018"": 0, ""2019"": 0, ""2020"": 0, ""2021"": 0, ""2022"": 0, ""2023"": 6, ""2024"": 0}","{""48"": {""date"": ""2004-11-27"", ""previous"": ""2003-08-21"", ""delta_days"": 464}, ""80"": {""date"": ""2002-04-06"", ""previous"": ""2001-05-05"", ""delta_days"": 336}, ""165"": {""date"": ""2014-09-14"", ""previous"": ""2010-03-21"", ""delta_days"": 1638}, ""295"": {""date"": ""2023-02-01"", ""previous"": ""2014-09-14"", ""delta_days"": 3062}, ""370"": {""date"": ""2010-03-21"", ""previous"": ""2004-11-27"", ""delta_days"": 1940}}",1998,2004,http://sickbarberlicks.weebly.com/trooper-mccue.html
47b8298c-c725-463e-90af-5878669eb270,Soundcheck Jam,soundcheck-jam,2020-02-22 15:50:23.147147,2024-11-25 11:50:44.879458,"","","",schkj,160,false,e29db38d-5b63-4e2c-b5bc-8f4ed3fe1c64,The Disco Biscuits,,,4,2001-06-09,"{""1995"": 0, ""1996"": 0, ""1997"": 2, ""1998"": 1, ""1999"": 0, ""2000"": 0, ""2001"": 1, ""2002"": 0, ""2003"": 0, ""2004"": 0, ""2005"": 0, ""2006"": 0, ""2007"": 0, ""2008"": 0, ""2009"": 0, ""2010"": 0, ""2011"": 0, ""2012"": 0, ""2013"": 0, ""2014"": 0, ""2015"": 0, ""2016"": 0, ""2017"": 0, ""2018"": 0, ""2019"": 0, ""2020"": 0, ""2021"": 0, ""2022"": 0, ""2023"": 0, ""2024"": 0}","{""0"": {""date"": ""1997-09-27"", ""previous"": null, ""delta_days"": null}, ""14"": {""date"": ""1997-10-31"", ""previous"": ""1997-09-27"", ""delta_days"": 34}, ""32"": {""date"": ""1998-01-17"", ""previous"": ""1997-10-31"", ""delta_days"": 78}, ""399"": {""date"": ""2001-06-09"", ""previous"": ""1998-01-17"", ""delta_days"": 1239}}",1997,1998,
8dc527b2-ff18-42bd-871f-938e6e0ae5c8,Ducks And Geese Are Free,ducks-and-geese-are-free,2020-02-22 15:50:22.856762,2024-10-03 15:36:48.270397,"","","",ducks,50,false,e2397ce3-857e-425f-925e-1cb30de780d7,"",,,7,2023-07-11,"{""1995"": 0, ""1996"": 0, ""1997"": 0, ""1998"": 0, ""1999"": 0, ""2000"": 0, ""2001"": 4, ""2002"": 0, ""2003"": 1, ""2004"": 0, ""2005"": 0, ""2006"": 0, ""2007"": 0, ""2008"": 1, ""2009"": 0, ""2010"": 0, ""2011"": 0, ""2012"": 0, ""2013"": 0, ""2014"": 0, ""2015"": 0, ""2016"": 0, ""2017"": 0, ""2018"": 0, ""2019"": 0, ""2020"": 0, ""2021"": 0, ""2022"": 0, ""2023"": 1, ""2024"": 0}","{""10"": {""date"": ""2001-05-08"", ""previous"": ""2001-04-25"", ""delta_days"": 13}, ""13"": {""date"": ""2001-04-25"", ""previous"": ""2001-04-09"", ""delta_days"": 16}, ""169"": {""date"": ""2003-04-05"", ""previous"": ""2001-05-08"", ""delta_days"": 697}, ""314"": {""date"": ""2008-04-19"", ""previous"": ""2003-04-05"", ""delta_days"": 1841}, ""646"": {""date"": ""2023-07-11"", ""previous"": ""2008-04-19"", ""delta_days"": 5561}}",2001,2003,
0e86d708-927c-45de-a2b8-4b618ef7355a,Hope,hope,2020-02-22 15:50:22.856762,2024-11-14 04:35:38.099525,"Mellow was the world when it began,<br/>the alphabet and a master plan,<br/>settled in the trees and growing like  a vine,<br/>a delivery arriving back in time.<br/><br/>the officer revolt walks the beat with a bang,<br/>for a millisecond and a boomerang,<br/>as they walk away singing the peace is not so strong,<br/>to turn the inside to the out and right to wrong<br/><br/>but silly as it is, when you can bang your head,<br/>and who needs history when time just moves ahead,<br/>as everything you want brings something else instead,<br/>a hammerhead might taste the blood,<br/>a ladybug might see the red,<br/><br/>There was a princess, her friend the mouse, and his little cheese,<br/>and she wore these tiny slippers wear you'd think her toes were squeezed,<br/>as she smiles on a swing, glides above a flower bed,<br/>the gentle nature of a woman gives me hope to rest my head.<br/><br/>And hope fuels generations.<br/>And hope can start your car.<br/>And hope is the root of fantasy.<br/>It's nothing but a star.<br/><br/>Which may be fleeting, may be bright.<br/>May keep you staring at the night.<br/>where one might question what life will be.<br/>Quietly, I ask myself, 'Is there still hope for me?'<br/><br/>Hope is a generation.<br/>Bang your head in the car.<br/>And what is the root of fantasy?<br/>Lay your bet on a star.","transcribed by Rich Steele<br/><br/>intro/main riff<br/><br/>E<br/>B<br/>G           4   4 7 7 5 4     <br/>D   5(h)7 5   5           5   <br/>A 5<br/>E<br/>   (play that twice, then..)<br/><br/>E<br/>B<br/>G   9   9 7 5 7 7 5<br/>D 7   7             7 5  7 7 7 7 7 5 7 <br/>A<br/>E<br/><br/>(played over the verse)<br/>E                 7<br/>B  5 5 5  7 7  4  7     7 7 7 7 7 5 7<br/>G  4 4 4  6 6  4  8     6 6 6 6 6 4 6<br/>D  6 6 6  8 8  4  9     8 8 8 8 8 6 8 <br/>A                 <br/>E<br/><br/>Then, in the last 2 verses in each verse, they throw a D major         <br/>(play it on the 5th fret) at the very end of each line.<br/><br/>Barber guitar solo (after last verse)<br/>Transcribed by Dan Bloch<br/><br/>part 1<br/>E______________________________________________________________________<br/>B__10_9________________________________________________________________<br/>G_______11_9__9_11_9_____________9_11_11_11_9____9_____________________<br/>D____________________12____11_12______________12___12_11_______________<br/>A______________________________________________________________________<br/>E______________________________________________________________________<br/><br/>part 2<br/>E______________________________________________________________________<br/>B__10_9_____________________________10h12~~~__10__9____________________<br/>G_______11_9__9_11_9____________9h11____________11__9__________________<br/>D____________________12____11h12_______________________________________<br/>A______________________________________________________________________<br/>E______________________________________________________________________<br/><br/>part 3<br/>E_____________________________________________12_______________________<br/>B__9_12_9_12/14~~~__12__12_15~~__14_12_14_12____14~~~__________________<br/>G_____________________14____________________14_________________________<br/>D______________________________________________________________________<br/>A______________________________________________________________________<br/>E______________________________________________________________________<br/><br/>E_____________________________12_______________________________________<br/>B___12__12_15~~__14_12_14_12____14~~___12_14_15~~_14_12_14_12__14_12___<br/>G_____14____________________14_______14______________________14________<br/>D______________________________________________________________________<br/>A______________________________________________________________________<br/>E______________________________________________________________________<br/><br/>(Reapeat part 3 once...)<br/>then...     <br/><br/>part 4<br/>E__________9~~~~_______9_10~~__9____9________9_________________________<br/>B__9_10_12_______10_12___________12___12_10____12______________________<br/>G______________________________________________________________________<br/>D______________________________________________________________________<br/>A______________________________________________________________________<br/>E______________________________________________________________________<br/>(Repeat all parts once...)<br/>then...<br/><br/>fast part (usually into jam)<br/>E__9___________________________________________________________________<br/>B____12___11_9____9h10p9__________9_9h10p9__9_12___9h10p9______________<br/>G______________11________9___9_11_________11_____11______9_____________<br/>D______________________________________________________________________<br/>A______________________________________________________________________<br/>E______________________________________________________________________<br/><br/>(that's as far as i got. Barber's just too fast sometimes.)","",hope,81,false,4338604b-38e0-432c-855b-bcd9091d4409,Jon Gutwillig,,,137,2024-11-07,"{""1995"": 0, ""1996"": 0, ""1997"": 0, ""1998"": 0, ""1999"": 0, ""2000"": 13, ""2001"": 19, ""2002"": 20, ""2003"": 12, ""2004"": 4, ""2005"": 2, ""2006"": 8, ""2007"": 5, ""2008"": 3, ""2009"": 16, ""2010"": 3, ""2011"": 0, ""2012"": 2, ""2013"": 3, ""2014"": 4, ""2015"": 1, ""2016"": 2, ""2017"": 5, ""2018"": 3, ""2019"": 2, ""2020"": 2, ""2021"": 2, ""2022"": 2, ""2023"": 2, ""2024"": 2}","{""44"": {""date"": ""2007-06-08"", ""previous"": ""2006-11-12"", ""delta_days"": 208}, ""51"": {""date"": ""2023-07-08"", ""previous"": ""2022-10-03"", ""delta_days"": 278}, ""57"": {""date"": ""2024-08-30"", ""previous"": ""2023-10-27"", ""delta_days"": 308}, ""58"": {""date"": ""2012-12-18"", ""previous"": ""2010-12-31"", ""delta_days"": 718}, ""62"": {""date"": ""2010-10-29"", ""previous"": ""2010-01-30"", ""delta_days"": 272}}",2002,2015,http://sickbarberlicks.weebly.com/hope.html
0b39d856-5ad4-469f-a9a1-c5db2490c515,Svenghali,svenghali,2020-02-22 15:50:23.818238,2024-11-25 12:24:10.451362,In wide open spaces we sing with strings\nLaunch a full on musical cannonball\nGuided by bells that we bring and they ring\nSound for the sky and the sun\nOur own waterfall,"<p>Transcription by Rich Steele:\n\nE 3(sl)5(sl)3\nB 3(sl)5(sl)3\nG             2(sl)3(sl)2  0     0   0   \nD                            0 2   2   2\nA\nE\n\nE\nB\nG 2(sl)3(sl)2  0       0\nD                0(h)2\nA\nE\n\n\n(next riff)\nE\nB     15~  13(p)12\nG 12~                9 10~~\nD\nA\nE\n\n(verse riff)\nE\nB\nG 12 12 12 12        12   12    \nD              14 12    12\nA\nE\n\nE\nB\nG 14 14 14 14 12    14 12 10 10\nD                14\nA\nE\n\nE\nB\nG 16 16 16 16 14    16    16\nD                16    16\nA\nE\n\nE\nB\nG  14 14 14 14 12 10 10   10 10 12 14 12\nD\nA       (start the 2nd riff from above \nE        after that last G)\n\nTranscription by Evan Leon:\n\n\ne  3 sl 5 sl 3\nB  3 sl 5 sl 3   3 sl 5    3  3        1   1   1 1        1\nG                2 sl 4    2  0        0   0   0 0        0\nD                                0 h 2   2   2      0 h 2\n\nrepeat a bunch of times.. (sl=slide up/down)\n\ne\nB          15        12 h 13 p 12\nG sl 12 12     12 12\nD                                  14 15\n\nand repeat that a bunch, as well.\n\nI did figure out the other parts after that... let&#x27;s see.. there&#x27;s a\nvariation on the second part:\n\ne       15\nB                 12 h 13 p 12\nG 15 15     15 15\nD                              14 15\n\nthere&#x27;s a part right before the vocals where Barber\nplays the vocal line.. something like:\n\ne\nB\nG 12 12 12 12       12    12   14 14 14 14 12    14 12\nD             15 12    15                     15       15\n\ne\nB 12 12 12 12       12    12\nG             14 12    14\nD                               .......... and on and on.. just play\naround up there until you get it.\n\nTranscribed by Eric Smith:\n\nRiff 1\nE-----------------------------------------------------------\nB--7/-9--/-7------------------------------------------------\nG--8/-10-/-8--7/9--7--7-------------5---5-------5---------5-\nD-------------7/9--7--5-------------5---5h7p5---5h7p5-----5-\nA-------------------------------5h7---7-------7-------5h7---\nE-----------------------------------------------------------\n                               *\nrepeat 2x, then w/ band 8 times\n\nMess around with the beginning of Riff 2 (up to *) using \nthe end of Riff 1 (starting at *)\n\nRiff 2      *\nE-----------------------------------------------------------\nB------15~-------13p12--------------------------------------\nG-/12--------12--------10--12~------------------------------  repeat 8x\nD-----------------------------------------------------------\nA-----------------------------------------------------------\nE-----------------------------------------------------------\n\nJam around with Riff 2 in the key of E then into Riff 3\n\nRiff 3\nE-----------------------------------------------------------------------\nB-----------------------------------------------------------------------\nG-12-12-12-12--------12----12------14-14-14-14-12---14-12-------12--14--\nD-------------15--12----15------------------------15------15-15---------\nA-----------------------------------------------------------------------\nE-----------------------------------------------------------------------\n\nE-----------------------------------------------------------------------\nB-12-12-12-12-------12----12--------------------------------------------\nG-------------14-12----14------14-14-14-14--12----14--------12-14-------\nD----------------------------------------------15-----15-15-------------\nA-----------------------------------------------------------------------\nE-----------------------------------------------------------------------\n\nRepeat Riff 3 a bunch with singing\nJam out in E\nRiff 3 again then with lyrics\nRiff 2 4x\nRiff 1 4x</p>","",splat,179,false,4338604b-38e0-432c-855b-bcd9091d4409,Jon Gutwillig,"<p>When the song first debuted, it didn&#x27;t have a name, and a group of fans took to calling it &quot;Splattums&quot; (a description of what happened to your brain when you listened to it).  After the band gave the song it&#x27;s official name, those same fans refused to call it anything but Splattums and continued to label it as such on recordings.  Eventually, the band wrote Crickets, and added the &quot;Lookout, splattums!&quot; line in the chorus in the hopes that it would confuse people just enough to force the fanbase to start calling <strong>this</strong> song Svenghali.</p>",,202,2024-11-16,"{""1995"": 0, ""1996"": 0, ""1997"": 0, ""1998"": 0, ""1999"": 14, ""2000"": 15, ""2001"": 17, ""2002"": 27, ""2003"": 16, ""2004"": 6, ""2005"": 6, ""2006"": 15, ""2007"": 12, ""2008"": 8, ""2009"": 10, ""2010"": 5, ""2011"": 5, ""2012"": 3, ""2013"": 4, ""2014"": 4, ""2015"": 1, ""2016"": 5, ""2017"": 4, ""2018"": 2, ""2019"": 1, ""2020"": 1, ""2021"": 4, ""2022"": 4, ""2023"": 6, ""2024"": 7}","{""22"": {""date"": ""2021-10-17"", ""previous"": ""2021-05-28"", ""delta_days"": 142}, ""25"": {""date"": ""2019-11-22"", ""previous"": ""2018-12-30"", ""delta_days"": 327}, ""26"": {""date"": ""2022-09-08"", ""previous"": ""2022-03-11"", ""delta_days"": 181}, ""27"": {""date"": ""2024-02-11"", ""previous"": ""2023-09-21"", ""delta_days"": 143}, ""43"": {""date"": ""2010-12-28"", ""previous"": ""2010-04-25"", ""delta_days"": 247}}",2002,2015,http://sickbarberlicks.weebly.com/svenghali.html
95af5f22-f3d5-4736-a26c-c99f5ab682ed,November Rain,november-rain,2020-02-22 15:50:23.818238,2024-08-07 23:48:51.326750,"","","",november,291,true,2e4cd710-18f3-4c9f-86b4-391b10ef259b,Guns N' Roses,,,10,2021-05-30,"{""1995"": 0, ""1996"": 0, ""1997"": 0, ""1998"": 0, ""1999"": 0, ""2000"": 0, ""2001"": 0, ""2002"": 0, ""2003"": 0, ""2004"": 0, ""2005"": 0, ""2006"": 2, ""2007"": 4, ""2008"": 2, ""2009"": 0, ""2010"": 0, ""2011"": 0, ""2012"": 0, ""2013"": 0, ""2014"": 1, ""2015"": 0, ""2016"": 0, ""2017"": 0, ""2018"": 0, ""2019"": 0, ""2020"": 0, ""2021"": 1, ""2022"": 0, ""2023"": 0, ""2024"": 0}","{""24"": {""date"": ""2007-05-19"", ""previous"": ""2006-12-07"", ""delta_days"": 163}, ""28"": {""date"": ""2008-04-19"", ""previous"": ""2007-12-31"", ""delta_days"": 110}, ""49"": {""date"": ""2007-12-31"", ""previous"": ""2007-06-30"", ""delta_days"": 184}, ""198"": {""date"": ""2021-05-30"", ""previous"": ""2014-12-29"", ""delta_days"": 2344}, ""308"": {""date"": ""2014-12-29"", ""previous"": ""2008-07-25"", ""delta_days"": 2348}}",2007,2014,
ada8896b-dfbe-451d-968a-0ca30d785410,Boom Shanker,boom-shanker,2020-02-22 15:50:23.818238,2024-07-19 18:24:29.249170,"","","",shanker,280,true,e27cd1c0-0ed7-4c84-ba98-5b5b134e1ed9,Conspirator,"<p>The penultimate Conspirator cover by debut date and the distant second place in play count, Boom Shanker is arguably the strangest of the four. While Orch Theme, Commercial Amen, and Liquid Handcuffs all provide crowd-pleasing, high energy electronica, Boom Shanker is typically a mellow dub vehicle. Because of its vastly different sound, it was polarizing to many fans at the time of its debut at the second night of Camp Bisco V, with many hating it and many others cheering for the new era of Biscuits sound that it portended.</p><p></p><p>Boom Shanker was far from a staple during the fall tour, when it was played on average about once every five shows. Most of these versions are solid and showcase a large jam potential. The first has an extended, dreamy dub jam and a spacey outro. Most of the fall versions have at least a segue in or out. Of the 06 versions, best known is probably 9/23/06, which segues into a full-blown Basis intro.</p><p></p><p>2007 saw the song come into its own decisively. 2/17/07 opens with a particularly notable version, the first to break the type one mold. Here, the usual dub vehicle quickly departs for an infectious untz theme. Besides fall 06, Boom Shanker saw most consistent play in spring/summer 07, when it was played about once every seven shows. Of these, 6/9/07 (part of a massive set two medley at Starscape) and 8/16/07 (first night of Camp Bisco VI) are probably best known, but 7/10/07, featuring a fast paced minimalist jam into the rare Save the Robots intro, should be on any listener’s radar. Despite only being played once over the legendary fall tour of 2007 (in probably the most forgettable show), Boom Shanker closed out the year strong, with two highly regarded performances in December: 12/14/07 at the first Holidaze, and 12/28/07 during the New Year’s Run.</p><p></p><p>From 2008-2010, the band eased up on Boom Shanker and it became even more of a rarity. The three extant versions from 2008 are mostly unremarkable, but the song came back in a big way on 9/24/09 after a gap of 76 shows. The famous “Shimmy Shanker” sandwich is universally acclaimed as the greatest Boom Shanker ever played, and one of the greatest Biscuits segments of all time. The song made a few more appearances in 2009 and early 2010, and then, around the same time as two of the other three Conspirator originals, was retired.</p><p></p><p>Possibly due to Conspirator backlash, or possibly for some other reason, Boom Shanker stayed on the shelf for almost eight years, until it was finally busted out on 4/20/18 after 262 shows. It was played a few more times from then to the present, probably most notably on 7/19/19 when the band played a second “Shimmy Shanker” sandwich. It remains a perennial rarity, appearing every 1-2 years since its 2018 bustout.</p><p></p>",,36,2024-02-07,"{""1995"": 0, ""1996"": 0, ""1997"": 0, ""1998"": 0, ""1999"": 0, ""2000"": 0, ""2001"": 0, ""2002"": 0, ""2003"": 0, ""2004"": 0, ""2005"": 0, ""2006"": 8, ""2007"": 11, ""2008"": 4, ""2009"": 3, ""2010"": 4, ""2011"": 0, ""2012"": 0, ""2013"": 0, ""2014"": 0, ""2015"": 0, ""2016"": 0, ""2017"": 0, ""2018"": 2, ""2019"": 1, ""2020"": 0, ""2021"": 1, ""2022"": 0, ""2023"": 0, ""2024"": 2}","{""29"": {""date"": ""2019-07-19"", ""previous"": ""2018-10-19"", ""delta_days"": 273}, ""78"": {""date"": ""2021-11-26"", ""previous"": ""2019-07-19"", ""delta_days"": 861}, ""82"": {""date"": ""2009-09-24"", ""previous"": ""2008-10-25"", ""delta_days"": 334}, ""132"": {""date"": ""2024-02-02"", ""previous"": ""2021-11-26"", ""delta_days"": 798}, ""263"": {""date"": ""2018-04-20"", ""previous"": ""2010-05-27"", ""delta_days"": 2885}}",2007,2019,
e9b63339-4800-4ddd-ba25-caa3c291e942,Aquatic Ape,aquatic-ape,2020-02-22 15:50:22.697566,2024-11-23 07:13:29.299983,"<p>Woo-hoo!<br/><br/>Webs on our hands and webs on our toes<br/>Lost all our hair but still we breathe through the nose<br/>Hunts in the water, carnivorous ape<br/>Swims like a porpoise, but is simian-shaped<br/>Aquatic ape<br/>Aquatic ape<br/>Aquatic ape<br/>Aquatic ape<br/><br/>(chorus used to be:<br/>Aquatic Ape<br/>Swimmin&#x27; in the water with erotical grape<br/>Erotic Grape<br/>Swimmin&#x27; in the water with aquatical ape)<br/><br/>Comes out of the streams and into the lake<br/>We&#x27;re having fish for dinner, for heaven&#x27;s sake<br/>And after dinner, we&#x27;ll pick some fruit<br/>And then we&#x27;ll go back, bring your swimsuit<br/><br/>I met you in the street (yeah) and you know who I am<br/>Took you back to my place where we started to jam<br/>I looked in your eyes... then I realized<br/>Your head&#x27;s pretty big, but not as big as the sky<br/>(used to be &#x27;...as big as your thighs&#x27;)</p>","","",ape,9,false,e2397ce3-857e-425f-925e-1cb30de780d7,Marc Brownstein,"<p>Arguably the silliest song in the Biscuits’ catalog, Aquatic Ape is also one of the oldest: its debut is preceded only by the debuts of Nughuffer and Down to the Bottom. Its silly lyrics and composition are contrasted by a generally dark jam section bookended by an infectious and simple guitar riff. </p><p></p><p>Despite having been around longer than most songs, Aquatic Ape has always been something of a rarity, having been played less than a hundred times total. Aquatic Ape was played less than ten times in every year but 1999.</p><p></p><p>1999 was arguably the strongest and most important year for Ape. Traditionally, Aquatic Ape is played with a relaxed dub-style jam, and it was played this way through the middle of 1999. 6/11/99 is notable as the first Aquatic Ape not to be played with a dub style jam (also the first, and one of the only, to not feature the riff that serves as the segue to the song’s jam and peak), and it was played instead in a simple trance style. In the fall of 1999, Ape was played three times. The first, 9/11/99, was unfinished, and was the first jungle style Ape. The other two, on 10/6/99, and 10/10/99, were both ending only, and while the 9/11 version was incomplete, it would be a stretch to say either of these versions were intended to complete it. This was a very progressive setlisting move for the time, when songs were usually played in full or completed.</p><p></p><p>After 10/10/99, Aquatic Ape sat on the shelf for 35 shows (for about half of these, its author, Marc Brownstein, was out of the band) until it was reintroduced at Camp Bisco II on 8/25/00. Here Aquatic Ape was inverted for the first time (only the fourth song to ever be inverted) as part of a second set palindrome. This Ape, as well as the others from this year, are all played jungle style. The jungle style Ape was prevalent for the rest of its history, but the dub style Ape made occasional appearances, notably on 12/31/01 at the request of Max Dawson, and on 10/18/02, an inverted version widely considered the greatest Aquatic Ape ever.</p><p></p><p>When Allen joined the band, 	Aquatic Ape made a brief resurgence before becoming even more of a rarity. On 2/04/06, Allen played Ape for the first time, segueing into Mr. Don for the show’s encore. This was the first Aquatic Ape in over a year, a gap of 26 shows. Ape was played three more times in 2006, with all but the final, on 12/28/06 at the Sonar, played in the jungle style.</p><p></p><p>After 2006, Ape sat on the shelf for over two years for its longest hiatus, a gap of 174 shows, until it was performed at the Electric Factory on 4/17/09. The storied three set show also featured the bust-outs of Eulogy (99 shows) and Wet (129 shows). After this perfunctory performance, Ape sat on the shelf for another year and a half before it was played again on 9/1/10 (a gap of 118 shows).</p><p></p><p>After 2010, Ape was upgraded from perennial rarity to once-or-twice a year status. It was played at least once every year in this time period, with the exception of 2015. The vast majority of these have been inverted, with more than two inverted versions for every other iteration since 2010. Since 2016, Aquatic Ape has only been played inverted. As Aquatic Ape has become something more of a staple, so too has the dub version. It has only been played with the dub jam five times since 12/28/06, but all of those versions were played after 2010: 1/23/11, 5/31/17, 4/19/18, 12/9/18, 5/23/19, were all played with dub jams.</p><p><em><strong></strong></em></p>",Your head’s real big but not as big as the sky,86,2024-11-20,"{""1995"": 2, ""1996"": 5, ""1997"": 4, ""1998"": 3, ""1999"": 14, ""2000"": 4, ""2001"": 8, ""2002"": 10, ""2003"": 6, ""2004"": 2, ""2005"": 0, ""2006"": 4, ""2007"": 0, ""2008"": 0, ""2009"": 1, ""2010"": 1, ""2011"": 1, ""2012"": 2, ""2013"": 1, ""2014"": 3, ""2015"": 0, ""2016"": 1, ""2017"": 2, ""2018"": 2, ""2019"": 3, ""2020"": 0, ""2021"": 1, ""2022"": 3, ""2023"": 2, ""2024"": 1}","{""87"": {""date"": ""1997-10-31"", ""previous"": ""1997-03-29"", ""delta_days"": 216}, ""120"": {""date"": ""2010-09-01"", ""previous"": ""2009-04-17"", ""delta_days"": 502}, ""179"": {""date"": ""2009-04-17"", ""previous"": ""2006-12-28"", ""delta_days"": 841}, ""180"": {""date"": ""1998-10-30"", ""previous"": ""1997-10-31"", ""delta_days"": 364}}",1999,2009,http://sickbarberlicks.weebly.com/aquatic-ape.html
55d1a669-d60e-48de-80da-e6524976c0c9,Little Betty Boop,little-betty-boop,2020-02-22 15:50:22.697566,2024-10-18 23:20:24.510819,Little betty boop's been thinking it over<br/>Kicking it around the whole damn day<br/>wants to view herself as a  Casanova<br/>Little betty boop has gone astray<br/><br/>The candlelight scene and still she's bored<br/>cause her coochie can't stand her hand no more<br/>and the rage the former lampshade queen<br/>Finds her taste stuck in-between<br/><br/>Little betty boop's been thinking it over<br/>Kicking it around the whole damn day<br/>wants to view herself as a  Casanova<br/>Little betty boop has gone astray<br/><br/>She knew when she was little<br/>Just what it signified<br/>But now as she grows older<br/>It seems to come alive<br/>To stretch out all her wings<br/>Why hold her self belittled<br/>To close her eyes and dream<br/>And drop her guard a little<br/><br/>Little betty boop's been thinking<br/>Gone and straightened her messed up mind<br/><br/>Little betty boop's been thinking<br/>She flipped herself to the other side<br/><br/>Little betty boop's been thinking<br/>Gone and straightened her messed up mind<br/><br/>Little betty boop's been thinking<br/>She flipped herself to the other side<br/><br/>Little betty boop's been thinking it over<br/>Kicking it around the whole damn day<br/>wants to view herself as a  Casanova<br/>Little betty boop has gone astray,(intro and main riff)<br/>E<br/>B<br/>G  11 10(p)8<br/>D            10<br/>A<br/>E<br/><br/>(part that comes after<br/>intro)???????????????<br/>E<br/>B<br/>G           8    8<br/>D  8 8 8 10   10   10  8          8 10  (then<br/>A?                       8 8(h)10       play<br/>E                                     main riff)<br/><br/>  Little Betty boops been thinkin it over..<br/>   Cm                                D#<br/>E   8<br/>B   8                                8<br/>G   8                                8<br/>D   10                               8<br/>A   10                               6<br/>E   8<br/>(play main riff in between lines)<br/><br/>   Kickin it around the whole damn day..<br/>   Cm                               Bm<br/>E   8                                7<br/>B   8                                7<br/>G   8                                7<br/>D   10                               9<br/>A   10                               9<br/>E   8                                7,"",boop,25,false,4338604b-38e0-432c-855b-bcd9091d4409,Jon Gutwillig,,,230,2024-04-13,"{""1995"": 0, ""1996"": 0, ""1997"": 36, ""1998"": 46, ""1999"": 34, ""2000"": 8, ""2001"": 13, ""2002"": 19, ""2003"": 7, ""2004"": 2, ""2005"": 1, ""2006"": 6, ""2007"": 8, ""2008"": 6, ""2009"": 5, ""2010"": 5, ""2011"": 2, ""2012"": 3, ""2013"": 2, ""2014"": 2, ""2015"": 3, ""2016"": 3, ""2017"": 3, ""2018"": 4, ""2019"": 3, ""2020"": 2, ""2021"": 3, ""2022"": 0, ""2023"": 2, ""2024"": 2}","{""36"": {""date"": ""2007-05-17"", ""previous"": ""2006-11-11"", ""delta_days"": 187}, ""42"": {""date"": ""2011-12-31"", ""previous"": ""2011-01-14"", ""delta_days"": 351}, ""57"": {""date"": ""2009-09-13"", ""previous"": ""2009-01-29"", ""delta_days"": 227}, ""62"": {""date"": ""2023-02-02"", ""previous"": ""2021-11-21"", ""delta_days"": 438}, ""63"": {""date"": ""2024-04-04"", ""previous"": ""2023-06-17"", ""delta_days"": 292}}",1998,2005,http://sickbarberlicks.weebly.com/little-betty-boop.html
355043fc-f808-443b-b8b8-d20a473c1799,Jigsaw Earth,jigsaw-earth,2020-02-22 15:50:23.009469,2024-11-25 11:50:48.430687,"Once the patient breathes<br/>You slide into the world<br/>The womb you have to leave<br/>To be a boy or girl<br/><br/>When the man steals your nature with his watch<br/>All in time a bit of peace, in time the chaos stops<br/>Yellin' but you just can't find the words<br/>Gaia, still loves all the pieces, of her jigsaw earth<br/><br/>Gaia...<br/><br/>Jacob left in the dark of night, hopped into his car<br/>Finding street-wise Sandibel , and a volunteer chauffeur<br/>Didn't see no reason to take a third<br/>Gaia still loves all the trees, home to all the birds<br/><br/>Gaia's jigsaw earth is free.<br/>Early in the morning, rise and shine, and the world is callin'.<br/>Gaia's actuality.<br/>Sky, the ground, and a place to roam,<br/>Circus in a bubble, a place called home.<br/><br/>Jacob sat on empty, Sandibel got tied up<br/>The volunteer put on her clothes and pilfered her make-up<br/>Guaranteed to be back for them soon<br/>Gaia makes and takes the rain how ever opportune<br/><br/>Gaia's jigsaw earth is free.<br/>Early in the morning, rise and shine, and the world is callin'.<br/>Gaia's actuality.<br/>Sky, the ground, and a place to roam,<br/>Circus in a bubble, a place called home.<br/><br/>I gathered myself, and rubbed my eyes, and wondered, did she know?<br/>That I put glass and concrete beams as tall as trees can grow.<br/>That I tear down the oldest statues, faces who've grown long<br/>She may have known, may not have cared, continued with her song...<br/><br/>Gaia's jigsaw earth is free.<br/>Early in the morning, rise and shine, and the world is callin'.<br/>Gaia's actuality.<br/>Sky, the ground, and a place to roam,<br/>Circus in a bubble, a place called home.","tabbed by Rich Steele<br/><br/>intro/verse riff<br/><br/>E  9    8     6(h)7 6         6<br/>B   9    9            7 7(h)9   9<br/>G    10   10<br/>D<br/>A<br/>E<br/><br/>then the quick little riff after the lick above is played 8 times.<br/><br/>E       14<br/>B     12<br/>G   11<br/>D 13<br/>A<br/>E<br/><br/>then...<br/><br/>E        14  12 11                 12  10 9        10 8 7   7<br/>B      12         12      14     10         10    8       8   10 7   7<br/>G    11                 13      9                7                 9<br/>D  13                 15      11                9<br/>A<br/>E<br/><br/>E    7 10 7   7              11<br/>B  8        8   10 7        9<br/>G                    9    8<br/>D                       9<br/>A<br/>E<br/><br/>then it's the upward dubby strum on Abm<br/><br/>E   4<br/>B   4<br/>G   4<br/>D   6<br/>A   6<br/>E   4<br/><br/>then...<br/><br/>   Ebm      Db  Abm<br/>E   6           4<br/>B   7       6   4<br/>G   8       6   4<br/>D   8       6   6<br/>A   6       4   6<br/>E               4<br/><br/>quick in between riff<br/><br/>E<br/>B<br/>G  8 10 11 10  6 8<br/>D<br/>A<br/>E<br/><br/>chorus - Ebm > C# > B > Ebm<br/><br/>the \""chase\"" section<br/><br/>E<br/>B                11<br/>G  11 10 11 10      13 11 13 11<br/>D              11               11 11 (play this twice)<br/>A<br/>E<br/><br/>E                                        11  13  11    11<br/>B                11         11 13 10 11             12    13  11   11<br/>G  11 10 11 10         10 11                                     12   13  11<br/>D              11    11                                                      11<br/>A<br/>E<br/><br/>E<br/>B                                                                9 10 7 9<br/>G                                                              9<br/>D   7 6 7 6    9 7 6 7 6     (twice)        7 6 7 6   9      10<br/>A           7            7 7                        7      10    <br/>E<br/><br/>(still not 100% sure on the rest of that lick. will work on it and get it up along with the rest of the song very soon)","",jigsaw,92,false,4338604b-38e0-432c-855b-bcd9091d4409,Jon Gutwillig,,,160,2024-08-29,"{""1995"": 0, ""1996"": 0, ""1997"": 0, ""1998"": 0, ""1999"": 8, ""2000"": 13, ""2001"": 25, ""2002"": 24, ""2003"": 15, ""2004"": 4, ""2005"": 4, ""2006"": 7, ""2007"": 9, ""2008"": 4, ""2009"": 7, ""2010"": 3, ""2011"": 3, ""2012"": 2, ""2013"": 1, ""2014"": 5, ""2015"": 1, ""2016"": 2, ""2017"": 3, ""2018"": 3, ""2019"": 4, ""2020"": 1, ""2021"": 4, ""2022"": 2, ""2023"": 5, ""2024"": 1}","{""30"": {""date"": ""2023-06-14"", ""previous"": ""2023-01-19"", ""delta_days"": 146}, ""31"": {""date"": ""2011-01-16"", ""previous"": ""2010-08-25"", ""delta_days"": 144}, ""33"": {""date"": ""2009-02-05"", ""previous"": ""2008-06-11"", ""delta_days"": 239}, ""51"": {""date"": ""2024-08-29"", ""previous"": ""2023-12-30"", ""delta_days"": 243}}",2001,2013,http://sickbarberlicks.weebly.com/jigsaw-earth.html
135af141-b880-4b1b-955f-f82a04764597,Tribulations,tribulations,2020-02-22 15:50:29.120743,2024-10-29 14:39:08.960683,"","","",tribu,480,true,4b0c7b3d-7e5c-460f-8a6e-003633faf264,LCD Soundsystem,,,9,2024-07-13,"{""1995"": 0, ""1996"": 0, ""1997"": 0, ""1998"": 0, ""1999"": 0, ""2000"": 0, ""2001"": 0, ""2002"": 0, ""2003"": 0, ""2004"": 0, ""2005"": 0, ""2006"": 0, ""2007"": 0, ""2008"": 0, ""2009"": 0, ""2010"": 0, ""2011"": 0, ""2012"": 0, ""2013"": 0, ""2014"": 0, ""2015"": 0, ""2016"": 0, ""2017"": 0, ""2018"": 1, ""2019"": 0, ""2020"": 0, ""2021"": 2, ""2022"": 0, ""2023"": 2, ""2024"": 4}","{""10"": {""date"": ""2024-07-13"", ""previous"": ""2024-04-12"", ""delta_days"": 92}, ""13"": {""date"": ""2024-02-10"", ""previous"": ""2023-12-30"", ""delta_days"": 42}, ""16"": {""date"": ""2024-04-12"", ""previous"": ""2024-03-09"", ""delta_days"": 34}, ""109"": {""date"": ""2021-11-21"", ""previous"": ""2018-07-13"", ""delta_days"": 1227}, ""118"": {""date"": ""2023-12-02"", ""previous"": ""2021-12-30"", ""delta_days"": 702}}",2024,2018,
77fe5397-7bea-4abd-a3db-6d499903382c,Plan B,plan-b,2020-02-22 15:50:23.147147,2024-11-25 11:50:50.792536,"I never imagined that I'd use my talent like this.<br/>I never imagined that freedom was something I'd miss.<br/>But now that I'm on the run, if anything stands in my path,<br/>I wouldn't hesitate, and you'll have to suffer my wrath.<br/><br/>Running down a narrow path, in the middle of the night.<br/>I knew that the law was catching up, and that there would be a fight.<br/>Just as I thought there was no way out, a fork in the path was in sight.<br/>I had to run for my life.<br/><br/>I knew that something was wrong the second he walked through the door.<br/>He said he wanted to run the second we picked up the score.<br/>Given the circumstance I loaded my pistol and left.<br/>The feds would put me away for more than a third-degree theft.<br/><br/>Running down a narrow path, in the middle of the night.<br/>I knew that the law was catching up, and that there would be a fight.<br/>Just as I thought there was no way out, a fork in the path was in sight.<br/>I had to run for my life.<br/><br/>I believe it all started up in the mountains last year.<br/>I had no problems but Amos expressed his fear.<br/>All it would take was a trip to the city one night.<br/>When horrors ensued, I couldn't endure the fight<br/><br/>Running down a narrow path, in the middle of the night.<br/>I knew that the law was catching up, and that there would be a fight.<br/>Just as I thought there was no way out, a fork in the path was in sight.<br/>I had to run for my life.<br/>I had to run for my life.","From: Eric Zeiler <Moedat@AOL.COM><br/><br/>These are the chords for Plan B.  I've been enjoying the tune, so decided to<br/>transcribe it.  Please email me if anyone sees anything wrong with it.<br/><br/>Plan B<br/>by Marc Brownstein<br/><br/>Intro:<br/>D, C, D, C<br/>G, C, G, C<br/>D, C, G, Bbm7, Bm7, Bbm7, G, Em<br/><br/>Verse:<br/>Em----------- G F#m A<br/>Em----------- G F#m A<br/>Em, G, F#m, A, C, B<br/>Em, G, F#m, A, C, B,<br/>A<br/><br/>Chorus:<br/>D, C, Bm, Am<br/>C, Bm, A, G<br/>D, C, Bm, Am<br/>Am, Bm, Am, Em<br/><br/>Verse, Synth Solo (over Em, G, F#m, A, C, B), Chorus, then jam in D Mixolydian<br/><br/>===============================================<br/><br/>PLAN B Solo Tab<br/>transcribed by Nic Coker <ohmygord@HOTMAIL.COM><br/><br/>solo lick<br/>set your delay pedal to repeat the first line twice and fade out.<br/><br/>first line:<br/>e---------------------|<br/>b---------------------|<br/>g-----------12 11-----|<br/>d--------14-----------|<br/>a--12 15--------------|<br/>e---------------------|<br/><br/>e----------------------------------------------<br/>b----------------------------------------------<br/>g-----------12---------------------------------<br/>d--------14----14p12h14--12h14p12---10p9-------<br/>a--12 15---------------------------------10 12-<br/>e----------------------------------------------<br/><br/>once you get the delay set right, it sounds Awesome!  you can play around<br/>with the solo with the D mixolidian, E minor, g major scales, and work<br/>through the modes from there.","",planb,139,false,e2397ce3-857e-425f-925e-1cb30de780d7,Marc Brownstein,,,140,2024-11-15,"{""1995"": 0, ""1996"": 0, ""1997"": 0, ""1998"": 13, ""1999"": 44, ""2000"": 9, ""2001"": 15, ""2002"": 9, ""2003"": 6, ""2004"": 2, ""2005"": 1, ""2006"": 12, ""2007"": 3, ""2008"": 2, ""2009"": 6, ""2010"": 2, ""2011"": 2, ""2012"": 1, ""2013"": 3, ""2014"": 1, ""2015"": 1, ""2016"": 0, ""2017"": 0, ""2018"": 1, ""2019"": 1, ""2020"": 1, ""2021"": 0, ""2022"": 0, ""2023"": 3, ""2024"": 2}","{""55"": {""date"": ""2009-02-25"", ""previous"": ""2008-04-16"", ""delta_days"": 315}, ""70"": {""date"": ""2011-07-07"", ""previous"": ""2010-04-18"", ""delta_days"": 445}, ""84"": {""date"": ""2024-08-28"", ""previous"": ""2023-07-06"", ""delta_days"": 419}, ""93"": {""date"": ""2018-03-10"", ""previous"": ""2015-04-18"", ""delta_days"": 1057}, ""102"": {""date"": ""2023-01-18"", ""previous"": ""2020-10-24"", ""delta_days"": 816}}",1999,2005,http://sickbarberlicks.weebly.com/plan-b.html
7f901ed4-d5d6-454a-b588-34a7b56d1cc7,Three Days,three-days,2020-02-22 15:50:23.818238,2024-11-25 11:50:52.510789,"","","",three,187,true,f0a9f3fa-4148-4a4c-aae3-e663ab9c0f15,Jane's Addiction,,,11,2002-10-31,"{""1995"": 0, ""1996"": 0, ""1997"": 0, ""1998"": 0, ""1999"": 0, ""2000"": 0, ""2001"": 8, ""2002"": 3, ""2003"": 0, ""2004"": 0, ""2005"": 0, ""2006"": 0, ""2007"": 0, ""2008"": 0, ""2009"": 0, ""2010"": 0, ""2011"": 0, ""2012"": 0, ""2013"": 0, ""2014"": 0, ""2015"": 0, ""2016"": 0, ""2017"": 0, ""2018"": 0, ""2019"": 0, ""2020"": 0, ""2021"": 0, ""2022"": 0, ""2023"": 0, ""2024"": 0}","{""17"": {""date"": ""2001-09-13"", ""previous"": ""2001-07-05"", ""delta_days"": 70}, ""19"": {""date"": ""2002-04-14"", ""previous"": ""2001-12-31"", ""delta_days"": 104}, ""34"": {""date"": ""2002-08-14"", ""previous"": ""2002-04-14"", ""delta_days"": 122}}",2001,2002,http://sickbarberlicks.weebly.com/three-days.html
6abdbcda-baf2-4361-9220-114d73ae984d,Floes,floes,2020-02-22 15:50:22.856762,2024-11-25 11:50:55.563794,"I'm moving up,<br/>To frozen space.<br/>I've got to go.<br/><br/>We always fear the biggest things,<br/>But I like the silence fearsome presence brings.<br/>You shiver down under the skies you built,<br/>But lucky me I've got a catapult.<br/><br/>I've got to go.<br/><br/>I just looked north and not thinking twice,<br/>I land on my feet knee deep in the ice.<br/><br/>And then it's all clear.<br/>And then it's all right.<br/>I'll let myself go.<br/>And swim in the ice.<br/><br/>And then I'll be free.<br/>Exposed in the light.<br/>I can feel myself go.<br/>Headfirst through the ice.<br/><br/>Down in the sprawl, it just seems so far.<br/>But i feel the floes when i drive in my car.<br/>Up on the mountain where the sea is space,<br/>To live in the vacuum of this perfect place.<br/><br/>I've got to go.<br/><br/>And then it's all clear.<br/>And then it's all right.<br/>I'll let myself go.<br/>And swim in the ice.<br/><br/>And then I'll be free.<br/>Exposed in the light.<br/>I can feel myself go.<br/>Headfirst through the ice.","","",floes,64,false,9ff6cb71-06e9-4fb2-81bf-8a313752e718,Sam Altman,,,100,2024-11-23,"{""1995"": 0, ""1996"": 0, ""1997"": 0, ""1998"": 0, ""1999"": 0, ""2000"": 18, ""2001"": 19, ""2002"": 18, ""2003"": 7, ""2004"": 2, ""2005"": 2, ""2006"": 0, ""2007"": 0, ""2008"": 3, ""2009"": 2, ""2010"": 2, ""2011"": 3, ""2012"": 0, ""2013"": 3, ""2014"": 1, ""2015"": 0, ""2016"": 5, ""2017"": 2, ""2018"": 2, ""2019"": 1, ""2020"": 0, ""2021"": 1, ""2022"": 0, ""2023"": 6, ""2024"": 3}","{""58"": {""date"": ""2023-01-21"", ""previous"": ""2021-11-27"", ""delta_days"": 420}, ""78"": {""date"": ""2021-11-27"", ""previous"": ""2019-07-20"", ""delta_days"": 861}, ""79"": {""date"": ""2009-07-17"", ""previous"": ""2008-06-13"", ""delta_days"": 399}, ""85"": {""date"": ""2024-09-14"", ""previous"": ""2023-07-15"", ""delta_days"": 427}, ""208"": {""date"": ""2008-06-05"", ""previous"": ""2005-08-27"", ""delta_days"": 1013}}",2001,2014,http://sickbarberlicks.weebly.com/floes.html
81126be8-9ffb-4bb8-99eb-c912a0740265,Naeba,naeba,2020-02-22 15:50:23.989311,2024-11-25 12:03:35.190632,"Sentimental Photograph, Fog machine and wine,<br/>Ancient distant melody, purveyor of fine rhyme<br/>Peering out across the crowd, With Beats and ninja tune<br/>lightning in a bottle and a snap shot of the room.<br/>Catch your breath and look around to see if time has slowed<br/>A stranger in a distant land along a mountain road<br/>Geodesic Lantern Forest and a hidden sushi bar<br/>When I look down from the sky and fly --- like a shooting star<br/><br/>Naeba little beauty won't you let me feel your soul<br/>Naeba little beauty won't you lend your name to rock and roll<br/>Naeba little Beauty won't you let me climb your peak<br/>Naeba little beauty won't you lift me from my dreams (To lift me off my feet and let me fly) <br/><br/>Naeba little beauty won't you let me feel your soul<br/>Naeba little beauty won't you lend your name to rock and roll<br/>Naeba little Beauty won't you let me climb your peak<br/>Naeba little beauty won't you lift me from my dreams (To lift me off my feet and let me fly) <br/><br/>JAM<br/><br/>Naeba little beauty won't you let me feel your soul<br/>Naeba little beauty won't you lend your name to rock and roll<br/>Naeba little Beauty won't you let me climb your peak<br/>Naeba little beauty won't you lift me from my dreams (To lift me off my feet and let me fly) <br/><br/>Naeba little beauty won't you let me feel your soul<br/>Naeba little beauty won't you lend your name to rock and roll<br/>Naeba little Beauty won't you let me climb your peak<br/>Naeba little beauty won't you lift me from my dreams (To lift me off my feet and let me fly) <br/><br/>Walking through a cloud and hands are warming on a drink<br/>Ancient symbols on a rusty sign and sneakers in the sink<br/>Angels dancing on the field, and pop stars on the rise<br/>Through the darkness of the forest takes you to the other side and the red light tent is blowing up, and tempting for a while but your bed would tempt you more than tents could jet your lag in style. The hints of fate that met you in a book that lonely night said the Prince would wait for you to live your everlasting life...<br/><br/>Naeba little beauty won't you let me feel your soul<br/>Naeba little beauty won't you lend your name to rock and roll<br/>Naeba little Beauty won't you let me climb your peak<br/>Naeba little beauty won't you lift me from my dreams (To lift me off my feet and let me fly) <br/><br/>Naeba little beauty won't you let me feel your soul<br/>Naeba little beauty won't you lend your name to rock and roll<br/>Naeba little Beauty won't you let me climb your peak<br/>Naeba little beauty won't you lift me from my dreams (To lift me off my feet and let me fly) ","","",naeba,389,false,e2397ce3-857e-425f-925e-1cb30de780d7,Marc Brownstein,,,36,2024-03-13,"{""1995"": 0, ""1996"": 0, ""1997"": 0, ""1998"": 0, ""1999"": 0, ""2000"": 0, ""2001"": 0, ""2002"": 0, ""2003"": 0, ""2004"": 0, ""2005"": 0, ""2006"": 0, ""2007"": 0, ""2008"": 0, ""2009"": 4, ""2010"": 9, ""2011"": 1, ""2012"": 0, ""2013"": 0, ""2014"": 0, ""2015"": 0, ""2016"": 0, ""2017"": 1, ""2018"": 3, ""2019"": 1, ""2020"": 1, ""2021"": 6, ""2022"": 3, ""2023"": 6, ""2024"": 1}","{""26"": {""date"": ""2022-08-26"", ""previous"": ""2022-03-04"", ""delta_days"": 175}, ""42"": {""date"": ""2020-10-31"", ""previous"": ""2019-04-27"", ""delta_days"": 553}, ""56"": {""date"": ""2011-12-27"", ""previous"": ""2010-09-09"", ""delta_days"": 474}, ""164"": {""date"": ""2017-11-16"", ""previous"": ""2011-12-27"", ""delta_days"": 2151}}",2010,2011,http://sickbarberlicks.weebly.com/naeba.html
08d03eab-5269-4155-b0f9-86c2122bdcfa,Losing It,losing-it,2024-07-05 16:25:49.037031,2024-11-25 12:24:12.251842,"","","",,,false,e29db38d-5b63-4e2c-b5bc-8f4ed3fe1c64,,"","",6,2024-09-13,"{""1995"": 0, ""1996"": 0, ""1997"": 0, ""1998"": 0, ""1999"": 0, ""2000"": 0, ""2001"": 0, ""2002"": 0, ""2003"": 0, ""2004"": 0, ""2005"": 0, ""2006"": 0, ""2007"": 0, ""2008"": 0, ""2009"": 0, ""2010"": 0, ""2011"": 0, ""2012"": 0, ""2013"": 0, ""2014"": 0, ""2015"": 0, ""2016"": 0, ""2017"": 0, ""2018"": 0, ""2019"": 0, ""2020"": 0, ""2021"": 0, ""2022"": 0, ""2023"": 0, ""2024"": 6}","{""1"": {""date"": ""2024-07-05"", ""previous"": ""2024-07-04"", ""delta_days"": 1}, ""3"": {""date"": ""2024-07-12"", ""previous"": ""2024-07-05"", ""delta_days"": 7}, ""4"": {""date"": ""2024-08-28"", ""previous"": ""2024-07-18"", ""delta_days"": 41}, ""8"": {""date"": ""2024-09-13"", ""previous"": ""2024-08-28"", ""delta_days"": 16}}",2024,2024,""
73f6133e-9dc6-48dc-8e2d-012bb1b25116,House Dog Party Favor,house-dog-party-favor,2020-02-22 15:50:23.009469,2024-11-25 12:07:55.246282,"<p>House Dog, Party Favor.<br/>Well-to-do on the bone you savor.<br/>a local invitational, a roaring hello,<br/>Mind&#x27;s racing but you just don&#x27;t know.<br/>What to do, How to stop it.<br/>When the seeds that you sow are all microscopic.<br/>And your tailor made suit, yo the man&#x27;s best friend.<br/>And the city boy&#x27;s out of his mind again.<br/><br/>House call, do yourself a favor.<br/>Take a big bite of the fruit of your labor.<br/>When you might be dreaming, go back in time.<br/>To chariots, wizardry and regicide.<br/>Where the warriors and the armor have a different name,<br/>And the church and the paupers play the same old game.<br/>So you try to break the rules that you just can&#x27;t bend,<br/>and the city boy&#x27;s out of his mind again.<br/><br/>Yeah, oh yeah, oh yeah.<br/>City boy&#x27;s out of his mind again.<br/>Oh yeah, oh yeah.<br/>City boy&#x27;s out of his mind again.<br/><br/>Sanitarium, and doing alright.<br/>Three square meals and a bed for the night.<br/>And you might be busted on the daily grind,<br/>You got nurse Belinda and a porcupine.<br/>So howling granny howl, and give&#x27;m a hoot,<br/>and little nurse Belinda&#x27;s licking off your boot<br/>And you might even think that you like to pretend,<br/>That its the city boy whose out of his mind again.<br/><br/>Yeah, oh yeah, oh yeah.<br/>City boy&#x27;s out of his mind again.<br/>Oh yeah, oh yeah.<br/>City boy&#x27;s out of his mind again.</p>","<B>Transcription by Rich Steele<br/><br/>~~House Dog Party Favor<br/><br/>Intro (in D)<br/><br/>(play this twice)<br/>E                               10<br/>B 12 12 12 12 10 12 12 10 10 12     12 10 10<br/>G<br/>D<br/>A<br/>E<br/><br/>E<br/>B<br/>G 12 11 9(h)11 9 <br/>D                12 11 9(h)11 9 7~  7 7 9 <br/>A<br/>E<br/><br/><br/>E<br/>B<br/>G<br/>D 5 5 5  4 4 4  2 2 2<br/>A<br/>E<br/><br/><br/>E<br/>B<br/>G<br/>D      2 2       2 2      2 2     2(sl)4<br/>A 2(h)4     2(h)4    2(h)4      2<br/>E<br/><br/><br/>E<br/>B<br/>G                  4 4 4(p)2  7 7 7(p)5<br/>D        4 4 4(p)2                      7(p)5<br/>A  2(h)5 <br/>E<br/><br/>E<br/>B                 7 7 7(p)5  8 8 8(p)7<br/>G       7 7 7(p)5                      9(p)7<br/>D 5(h)7<br/>A<br/>E<br/><br/>E                               8 8 7 7 7(h)8<br/>B       8 8 8(p)7  10 10 10(p)8<br/>G 7(h)9<br/>D<br/>A<br/>E<br/><br/>E 10 10 10 10 9  10 10 9 10 12(sl)14<br/>B<br/>G   (play this 3 times)<br/>D<br/>A<br/>E<br/><br/>E 10 10 9  10<br/>B<br/>G                   4(p)2<br/>D                         4 2<br/>A                              4 4(p)2 2<br/>E<br/><br/>E<br/>B<br/>G    4 4  4  4  2 4<br/>D  2     4  5<br/>A<br/>E    (play 3 times)<br/><br/>E                                     5 5 5 7 8<br/>B                          5 5 5 6 8<br/>G        5 7 5      5 7 9<br/>D  5(h)7       9 7<br/>A<br/>E<br/><br/>(play this next section 3 times)<br/>--------------------------------------------<br/>E 9 10 12 12 12 10 12 12 10 12 15  <br/>B<br/>G<br/><br/>E 12 12 12 12 12 10 9 10  <br/>B<br/>G<br/><br/>E 12 12 10 12 12 10 12 15  12 12 12 12 12<br/>B <br/>G<br/><br/>E<br/>B<br/>G<br/>D     4   4<br/>A<br/>E  2~   2   2<br/><br/>------------------------------------------ <br/><br/>E       |<br/>B       |    (play 3 times)<br/>G       |<br/>D       |   9 9  9   9 7 9<br/>A       | 7     9  10<br/>E 5(h)7 |<br/><br/><br/>Verse riffs<br/><br/>  Dm<br/>E<br/>B<br/>G                         10<br/>D    7(p)5 5 7 5 7 (sl) 10  <br/>A  5  <br/>E<br/><br/>  Em<br/>E<br/>B<br/>G                        12 <br/>D   9(p)7 7 9 7 9 (sl) 12<br/>A 7  <br/>E<br/><br/>(goes back to the Dm riff a couple of times,  then into this)<br/><br/>E<br/>B<br/>G<br/>D   7(p)5 5 7 5 <br/>A  5            7 5<br/>E <br/><br/>(which leads into the oh yeah... oh yeah.. chorus.)<br/><br/>E<br/>B<br/>G                   5                 6<br/>D            7(p)5 5             7 5 5<br/>A    7(p)5 5             7(p)5 5<br/>E  5                   5<br/><br/>  <br/>E<br/>B<br/>G                         10<br/>D    7(p)5 5 7 5 7 (sl) 10  <br/>A  5  <br/>E<br/><br/>E<br/>B<br/>G<br/>D    7(p)5 5 7 5<br/>A  5             7 5<br/>E <br/><br/>(after the 2nd chorus, they lead into this...)<br/><br/><br/>E<br/>B 10 10 10 12 10   10 10 10 12 10  9(h)10(p)9<br/>G<br/> <br/>E<br/>B 7~ 7 7 7(h)8 7 7 7 8 7<br/>G                        9 7 <br/><br/>(after playing that 4 times, lead right into <br/>this...)<br/><br/>(play twice)<br/>E<br/>B               8 7<br/>G 7(h)9(p)7(h)9     7 9 9 7<br/>D                           5 7<br/>A<br/>E<br/><br/>E<br/>B<br/>G<br/>D   4(h)5 7 9 7 4 4<br/>A 5<br/>E<br/><br/><br/>Now the next section after this before the jam starts i'm still not 100% <br/>sure on. <br/>i'll add it as soon as i work out all the kinks.)<br/><br/><br/>Jam goes over a A > G.<br/><br/><br/>then jon comes in with this riff, which is first<br/>played 4 times before the ascending 10 count starts.<br/><br/>E   12  10 9 9 9 9 9 9 10   9(h)10 10 10 10(p)9<br/>B                         9<br/>G 9<br/><br/>E 9 9     9  12      9 12<br/>B      10         10<br/>G<br/><br/>so basically you loop this riff 4 times, and  <br/>the ascending part is just the last 3 notes repeating up to 10. <br/><br/><br/><br/><br/>\r","",housedog,82,false,4338604b-38e0-432c-855b-bcd9091d4409,Jon Gutwillig,,City boy’s out of his mind again ,193,2024-11-23,"{""1995"": 0, ""1996"": 0, ""1997"": 0, ""1998"": 0, ""1999"": 19, ""2000"": 16, ""2001"": 20, ""2002"": 23, ""2003"": 13, ""2004"": 2, ""2005"": 3, ""2006"": 10, ""2007"": 7, ""2008"": 4, ""2009"": 12, ""2010"": 8, ""2011"": 5, ""2012"": 3, ""2013"": 4, ""2014"": 4, ""2015"": 4, ""2016"": 4, ""2017"": 4, ""2018"": 7, ""2019"": 3, ""2020"": 2, ""2021"": 4, ""2022"": 3, ""2023"": 5, ""2024"": 4}","{""33"": {""date"": ""2008-04-02"", ""previous"": ""2007-10-27"", ""delta_days"": 158}, ""37"": {""date"": ""2024-04-11"", ""previous"": ""2023-10-27"", ""delta_days"": 167}, ""52"": {""date"": ""2009-09-11"", ""previous"": ""2009-02-03"", ""delta_days"": 220}}",2002,2004,http://sickbarberlicks.weebly.com/house-dog-party-favor.html
d2552de4-ca57-4c19-b1f6-0613d06b27c7,Grass Is Green,grass-is-green,2020-02-22 15:50:22.856762,2024-11-24 02:03:58.102718,"I can't believe the grass is green.<br/>I can't tell you what I've seen.<br/>Who am I to walk away.<br/>But I don't know if I can stay.<br/><br/>We haven't said a word in years.<br/>We haven't ever faced our fears.<br/>You never asked me what was wrong.<br/>And then you said it in a song.<br/><br/>And you say that the grass is greener over there,<br/>So I go and then the grass is green.<br/>And you say that the grass is greener over here,<br/>So I go and then the grass is green.<br/><br/>I hope these aren't dying words.<br/>And I'll keep flying with the birds.<br/>Swimming in the magic reef.<br/>Dancing like a falling leaf.<br/><br/>And still I don't know what to do.<br/>The grass is green but I am blue.<br/>And when I see that nothings changed.<br/>The city boy is still deranged.<br/><br/>And you say that the grass is greener over there,<br/>So I go and then the grass is green.<br/>And you say that the grass is greener over here,<br/>So I go and then the grass is green.","","",grass,69,false,e2397ce3-857e-425f-925e-1cb30de780d7,Marc Brownstein,,,72,2024-11-23,"{""1995"": 0, ""1996"": 0, ""1997"": 0, ""1998"": 0, ""1999"": 0, ""2000"": 6, ""2001"": 6, ""2002"": 16, ""2003"": 5, ""2004"": 1, ""2005"": 0, ""2006"": 1, ""2007"": 3, ""2008"": 2, ""2009"": 6, ""2010"": 7, ""2011"": 1, ""2012"": 0, ""2013"": 1, ""2014"": 2, ""2015"": 1, ""2016"": 1, ""2017"": 2, ""2018"": 1, ""2019"": 1, ""2020"": 1, ""2021"": 1, ""2022"": 2, ""2023"": 2, ""2024"": 3}","{""57"": {""date"": ""2024-11-02"", ""previous"": ""2024-02-02"", ""delta_days"": 274}, ""64"": {""date"": ""2007-10-25"", ""previous"": ""2006-12-29"", ""delta_days"": 300}, ""70"": {""date"": ""2009-04-20"", ""previous"": ""2008-04-20"", ""delta_days"": 365}, ""126"": {""date"": ""2006-12-29"", ""previous"": ""2004-01-15"", ""delta_days"": 1079}}",2002,2004,http://sickbarberlicks.weebly.com/grass-is-green.html
fee5b774-c4ed-4cfb-9baa-954b413ed559,Loose Change,loose-change,2020-02-22 15:50:23.989311,2024-06-24 22:04:40.025972,<p>Money<br/>Is the root of all evil<br/>Money<br/>Makes you feel unbelievable<br/>You know money<br/>You can buy a half priced life<br/>great deal for a steal<br/>you know money<br/>countries go to war<br/>I guess we&#x27;re all whores for<br/><br/>Loose change the kind that feels so strange<br/>you know that I want to take it over<br/>Loose change the kind that feels so strange<br/>you know that I want to take it over<br/><br/>Money<br/>Makes you see the world with insect eyes<br/>Money<br/>Gets you trophy cars and fancy wives<br/>You know money<br/>You&#x27;d pay to spend the day as me just to see<br/>Money<br/>Who needs sexy when you&#x27;re filthy rich<br/>you sexy bitch <br/><br/>Loose change the kind that feels so strange<br/>you know that I want to take it over<br/>Loose change the kind that feels so strange<br/>you know that I want to take it over</p>,"","",loose,380,false,4338604b-38e0-432c-855b-bcd9091d4409,"",,,17,2021-08-20,"{""1995"": 0, ""1996"": 0, ""1997"": 0, ""1998"": 0, ""1999"": 0, ""2000"": 0, ""2001"": 0, ""2002"": 0, ""2003"": 0, ""2004"": 0, ""2005"": 0, ""2006"": 0, ""2007"": 0, ""2008"": 0, ""2009"": 7, ""2010"": 1, ""2011"": 0, ""2012"": 0, ""2013"": 0, ""2014"": 0, ""2015"": 0, ""2016"": 0, ""2017"": 3, ""2018"": 1, ""2019"": 3, ""2020"": 0, ""2021"": 2, ""2022"": 0, ""2023"": 0, ""2024"": 0}","{""16"": {""date"": ""2019-12-30"", ""previous"": ""2019-10-05"", ""delta_days"": 86}, ""20"": {""date"": ""2021-03-26"", ""previous"": ""2019-12-30"", ""delta_days"": 452}, ""22"": {""date"": ""2021-08-20"", ""previous"": ""2021-03-26"", ""delta_days"": 147}, ""39"": {""date"": ""2018-12-07"", ""previous"": ""2017-10-26"", ""delta_days"": 407}, ""248"": {""date"": ""2017-04-29"", ""previous"": ""2010-03-16"", ""delta_days"": 2601}}",2009,2010,http://sickbarberlicks.weebly.com/loose-change.html
0b0de750-103b-4c7c-90ba-f07ed542f084,M.E.M.P.H.I.S.,m-e-m-p-h-i-s,2020-02-22 15:50:23.009469,2024-11-25 12:03:40.360059,"<p>Well I just took a left on 57 South.<br/>With a stogie in my hand and a lighter in my mouth.<br/>There&#x27;s a transient in the backseat and my dog is riding &#x27;gun.<br/>We&#x27;re making easy money and we&#x27;re always on the run.<br/><br/>When you&#x27;re pimping ho&#x27;s in style, there&#x27;s just one place to be.<br/>It&#x27;s nestled in the corner of southwestern Tennessee.<br/>My dog who knew the King he told me just the other day.<br/>The only one from Memphis is the Presley&#x27;s Adelay.<br/><br/>Making Easy Money Pimping Hoes In Style.<br/>The only one from Memphis is at Graceland.<br/>Making Easy Money Pimping Hoes In Style.<br/>It&#x27;s good to have you in the band.<br/><br/>Adelay is in the backseat and the money&#x27;s in the tank.<br/>The cops are right behind us on a beeline from the bank.<br/>With the pedal to the floor we pass the border and we&#x27;re free.<br/>And fading in the rearview is Memphis, Tennessee.<br/><br/>Making Easy Money Pimping Hoes In Style.<br/>The only one from Memphis is at Graceland.<br/>Making Easy Money Pimping Hoes In Style.<br/>It&#x27;s good to have you in the band.\r</p>","Transcribed by Rich Steele<br/>~~Memphis<br/><br/>(intro/main riff)<br/><br/>E <br/>B     3<br/>G 1 1 1  0(h)1 1 1<br/>D 2 2 2  2     2 2 <br/>A 2 2 2  2     2 2<br/>E 0 0 0  0     0 0<br/><br/>The chords for the verses go like this:<br/>( main riff )                      <br/>Well I just took a left on 57 south.  <br/>   (play riff below after the end of each line of the verse)            <br/><br/>                      (D) (C#) (D,C#)<br/>                   E- <br/>                   B- 3 3  2 2  3 2<br/>                   G- 2 2  1 1  2 1 <br/>                   D- 4 4  3 3  4 3  <br/>                   A-<br/>                   E-<br/><br/>B                       A<br/>Makin easy money pimpin ho's in style.<br/><br/>This is a easy song. figure out the rest. Its all the same chord <br/>progressions. :)<br/><br/>Another riff later in the song:<br/><br/>E<br/>B<br/>G<br/>D 2                      5    2 2<br/>A 2        5       5(h)7   7  2 2        5<br/>E 0  5(h)7   5(h)7            0 0  5(h)7 <br/><br/>E<br/>B<br/>G<br/>D<br/>A       5           (repeat)<br/>E 5(h)7   7 3~   <br/><br/><br/><br/>\r","",memphis,118,false,e2397ce3-857e-425f-925e-1cb30de780d7,Marc Brownstein,,Making Easy Money Pimping Hoes In Style...,310,2024-11-23,"{""1995"": 0, ""1996"": 0, ""1997"": 10, ""1998"": 57, ""1999"": 40, ""2000"": 11, ""2001"": 24, ""2002"": 24, ""2003"": 13, ""2004"": 6, ""2005"": 3, ""2006"": 14, ""2007"": 9, ""2008"": 14, ""2009"": 21, ""2010"": 10, ""2011"": 4, ""2012"": 4, ""2013"": 3, ""2014"": 5, ""2015"": 4, ""2016"": 4, ""2017"": 5, ""2018"": 4, ""2019"": 4, ""2020"": 1, ""2021"": 5, ""2022"": 2, ""2023"": 5, ""2024"": 4}","{""21"": {""date"": ""2022-08-14"", ""previous"": ""2022-03-04"", ""delta_days"": 163}, ""26"": {""date"": ""2024-07-15"", ""previous"": ""2024-03-13"", ""delta_days"": 124}, ""29"": {""date"": ""2023-01-20"", ""previous"": ""2022-08-14"", ""delta_days"": 159}, ""33"": {""date"": ""2024-11-23"", ""previous"": ""2024-07-15"", ""delta_days"": 131}}",1998,2020,http://sickbarberlicks.weebly.com/memphis.html
2d5b75b8-339a-4af1-b136-dc6857d0bc54,Barfly,barfly,2020-02-22 15:50:22.697566,2024-08-11 11:58:17.977594,"<p>Well, I&#x27;ve been kicked and beaten,<br/>It don&#x27;t bother me no more.<br/>Don&#x27;t offer me no pillows,<br/>When I&#x27;m just fine here on the floor<br/><br/>I&#x27;ve so many wounds<br/>That I hope they&#x27;ll never mend<br/>But I can raise my glass up<br/>For a beer with all my friends<br/><br/>&#x27;Cause I&#x27;m the Barfly, I like to drink, that&#x27;s what I do<br/><br/>All these women in the world...<br/>Why did I leave mine when times were so rough<br/>All these women in the world...<br/>Why did I leave mine when times were so rough<br/>But when you left me baby, you left me needing more than enough<br/><br/>(Alternate Second Verse:<br/>There&#x27;s a curly girl from Jersey<br/>she&#x27;s sittin&#x27; on my right<br/>Showin  me her cleavage<br/>Which she so sweetly wraps up tight<br/>I snatch another whiskey<br/>Just to improve the view<br/>don&#x27;t listen to the truth I&#x27;m tellin her, none of its directed at you,<br/>&#x27;Cause I&#x27;m the Barfly, I like to drink, that&#x27;s what I do)<br/><br/>Well the ocean&#x27;s my home<br/>I&#x27;m living on the liferaft alone<br/><br/>Well the ocean&#x27;s my home<br/>I&#x27;m living on the liferaft alone<br/><br/>Now they call me flat stir crazy<br/>But I&#x27;m just sittin here at the bar flat on my throne<br/><br/>Well I&#x27;ve been kicked and beaten<br/>It don&#x27;t bother me no more.<br/>Don&#x27;t offer me no pillows,<br/>When I&#x27;m just fine here on the floor<br/><br/>I&#x27;ve so many wounds<br/>That I hope they&#x27;ll never mend<br/>But I can raise my glass up<br/>For a beer with all my friends<br/><br/>&#x27;Cause I&#x27;m the Barfly, I like to drink, that&#x27;s what I do</p>","","",barfly,15,false,4338604b-38e0-432c-855b-bcd9091d4409,"Braff, Gutwillig","<p>A sure-to-please rowdy blues song about drinkin’, Barfly was a staple of the band’s frat party days and earliest tours. It made its way into the stylistic hodgepodge that was the band’s first studio album, Encephalous Crime, where it is the final studio track. Barfly follows a very predictable format from which it rarely deviates: verse, chorus, verse, chorus, keyboard solo, bridge, guitar solo, verse, chorus. <br/></p><p></p><p>Barfly was played 40 times in 1998, more than any other year. It was in 1998 that Barfly was jammed out for the first (and only) time. On 6/4/98 an unfinished Barfly segued into a drum solo ended the show, and 6/5/98 opened with a long intro jam into Barfly (supposedly intended to complete the night prior, although it, too, is unfinished) jammed into the ending of Run Like Hell. Besides being the only jammed out Barfly, it also marked the first time the Biscuits finished a song from an earlier show.<br/></p><p></p><p>Barfly became steadily more rare beginning in 1999. After appearing semi-regularly in the winter and spring tours, it was played only twice in the fall before being shelved for nearly a year between October 1999 and 2000 for a gap of 32 shows (what was then a significant absence). It was played four times in 2000 and then eight each in 2001 and 2002 (although this represented a decline in frequency). From 2003 to the end of Sammy’s tenure in 2005, Barfly was even more scarce.<br/></p><p></p><p>Allen’s arrival brought with it a brief resurrection of Barfly, which was played four times in three months in the earlier part of the year. However, it was only played once in the fall, after which it went from rarity to holographic status. It was played only once in 2007, after a gap of 75 shows, after which it sat on the shelf for two and a half years or 197 shows (its longest absence) when it was played at the Bisco Power Mission on 3/21/10 with Sammy on guitar. <br/></p><p></p><p>It was played only a handful of times in the setbreak era: twice in 2013, once in 2014, once in 2018 and once in 2019. It’s performance on 4/27/19 is perhaps the most interesting part of a sub-par show; it provides the landing pad to the second set segment, making it the first Barfly to be jammed into (in fact, played in any way besides standalone) since 4/3/02.<br/></p><p></p>",I like to drink; that’s what I do,145,2023-09-15,"{""1995"": 3, ""1996"": 11, ""1997"": 31, ""1998"": 41, ""1999"": 15, ""2000"": 4, ""2001"": 8, ""2002"": 8, ""2003"": 3, ""2004"": 2, ""2005"": 3, ""2006"": 5, ""2007"": 1, ""2008"": 0, ""2009"": 0, ""2010"": 1, ""2011"": 0, ""2012"": 0, ""2013"": 2, ""2014"": 1, ""2015"": 0, ""2016"": 0, ""2017"": 0, ""2018"": 1, ""2019"": 1, ""2020"": 0, ""2021"": 0, ""2022"": 1, ""2023"": 3, ""2024"": 0}","{""74"": {""date"": ""2007-10-15"", ""previous"": ""2006-11-12"", ""delta_days"": 337}, ""91"": {""date"": ""2022-03-03"", ""previous"": ""2019-04-27"", ""delta_days"": 1041}, ""128"": {""date"": ""2013-04-25"", ""previous"": ""2010-03-21"", ""delta_days"": 1131}, ""135"": {""date"": ""2018-12-29"", ""previous"": ""2014-12-26"", ""delta_days"": 1464}, ""204"": {""date"": ""2010-03-21"", ""previous"": ""2007-10-15"", ""delta_days"": 888}}",1998,2007,http://sickbarberlicks.weebly.com/barfly.html
12e70615-9b9c-4105-a4a8-797bd3e35be4,Mastermind,mastermind,2020-02-22 15:50:23.989311,2024-08-07 23:13:26.847062,"","","",mastermind,329,false,e2397ce3-857e-425f-925e-1cb30de780d7,The Disco Biscuits,,,8,2008-05-24,"{""1995"": 0, ""1996"": 0, ""1997"": 0, ""1998"": 0, ""1999"": 0, ""2000"": 0, ""2001"": 0, ""2002"": 0, ""2003"": 0, ""2004"": 0, ""2005"": 0, ""2006"": 0, ""2007"": 2, ""2008"": 6, ""2009"": 0, ""2010"": 0, ""2011"": 0, ""2012"": 0, ""2013"": 0, ""2014"": 0, ""2015"": 0, ""2016"": 0, ""2017"": 0, ""2018"": 0, ""2019"": 0, ""2020"": 0, ""2021"": 0, ""2022"": 0, ""2023"": 0, ""2024"": 0}","{""5"": {""date"": ""2007-12-28"", ""previous"": ""2007-12-13"", ""delta_days"": 15}, ""6"": {""date"": ""2008-03-15"", ""previous"": ""2008-02-28"", ""delta_days"": 16}, ""8"": {""date"": ""2008-04-03"", ""previous"": ""2008-03-15"", ""delta_days"": 19}}",2008,2007,http://sickbarberlicks.weebly.com/mastermind.html
94d3c24f-d62f-4f28-b2df-1c508ef07540,Shelby Rose,shelby-rose,2020-02-22 15:50:23.147147,2024-12-07 20:16:55.891275,"Springtime come, and the flowers bloom.<br/>Quiet walk in the park. <br/>And the sun sinks and reddens.<br/>Shelby Rose in the dark.<br/>A yellow bird on a tree stump.<br/>You take a stroll by the lake.<br/>And when you see Shelby coming,<br/>You feel your heart palpitate.<br/><br/>And I suppose I can tell Shelby Rose how I feel.<br/>And I suppose I can tell Shelby Rose what I do.<br/><br/>And in a few days you tell her,<br/>that the future is bright.<br/>You fill her in on the prospect,<br/>And she fills with delight.<br/>It's a good thing you tell her.<br/>Because you know that she'll stay. <br/>You celebrate with some champagne,<br/>And you wake the next day.<br/><br/>Every day is a walk in the park, every afternoon to the days turn dark.<br/>Every night is heaven sent.<br/>Every night is heaven sent.<br/>Every day that I spend with you, every afternoon that we go to the zoo.<br/>Every place we ever went.<br/>Every night is heaven sent.\r","transcribed by Rich Steele<br/><br/><br/>Shelby Rose<br/><br/>(intro riff - played 4 times)<br/><br/>E<br/>B 8 6 6(p)5         6 5 5(p)3<br/>G           7(p)5             5(p)3<br/>D<br/>A<br/>E<br/><br/>E<br/>B 5 3 3(p)2         3 2<br/>G           3(p)2       3(p)2<br/>D                             3(p)0<br/>A <br/>E<br/><br/>   F        F#m       G         A<br/>E  1 1 1 1  2 2 2 2   3 3 3 3   5<br/>B  1 1 1 1  2 2 2 2   3 3 3 3   5<br/>G  2 2 2 2  2 2 2 2   4 4 4 4   6<br/>D  3 3 3 3  4 4 4 4   5 5 5 5   7  <br/>A  3 3 3 3  4 4 4 4   5 5 5 5   7<br/>E  1 1 1 1  2 2 2 2   3 3 3 3   5<br/><br/><br/>(verse chords)<br/><br/>  Bm  D  C     Bm  D  G<br/>E                     <br/>B 3  7  5       3  7  3<br/>G 4  7  5       4  7  4<br/>D 4  7  5       4  7  5<br/>A 2  5  3       2  5  5 <br/>E                     <br/><br/>(chorus)<br/><br/>  F  G    Bb<br/>E 1  3<br/>B 1  3    3<br/>G 2  4    3<br/>D 3  5    3<br/>A 3  5    1<br/>E 1  3 <br/>         (every day is a walk in the park..)<br/><br/>   C<br/>E<br/>B  5 <br/>G  5<br/>D  5<br/>A  3<br/>E<br/>  (every afternoon, till the day turns dark..)<br/><br/>   G<br/>E  3<br/>B  3<br/>G  4<br/>D  5 <br/>A  5<br/>E  3<br/>  (every night is a heaven sent...)<br/><br/>(play chorus once, then on the second time around, replace that G with a D <br/>on the 5th fret)<br/><br/><br/>(then the intro riff and the F > F#m > G > A chords lead into the jam)<br/> <br/><br/>\r","",shelby,163,false,e2397ce3-857e-425f-925e-1cb30de780d7,Marc Brownstein,,,164,2024-11-22,"{""1995"": 0, ""1996"": 0, ""1997"": 0, ""1998"": 0, ""1999"": 0, ""2000"": 9, ""2001"": 20, ""2002"": 27, ""2003"": 15, ""2004"": 5, ""2005"": 2, ""2006"": 8, ""2007"": 11, ""2008"": 10, ""2009"": 14, ""2010"": 7, ""2011"": 4, ""2012"": 1, ""2013"": 3, ""2014"": 2, ""2015"": 2, ""2016"": 2, ""2017"": 3, ""2018"": 2, ""2019"": 1, ""2020"": 1, ""2021"": 2, ""2022"": 2, ""2023"": 6, ""2024"": 5}","{""28"": {""date"": ""2024-08-28"", ""previous"": ""2024-03-16"", ""delta_days"": 165}, ""32"": {""date"": ""2007-05-17"", ""previous"": ""2006-11-16"", ""delta_days"": 182}, ""35"": {""date"": ""2020-10-16"", ""previous"": ""2019-02-02"", ""delta_days"": 622}, ""39"": {""date"": ""2022-03-10"", ""previous"": ""2021-05-28"", ""delta_days"": 286}, ""49"": {""date"": ""2023-03-23"", ""previous"": ""2022-05-07"", ""delta_days"": 320}}",2002,2012,http://sickbarberlicks.weebly.com/shelby-rose.html
958753d6-5f71-403c-8104-a91b2a2691a3,Park Ave,park-ave,2020-02-22 15:50:23.989311,2024-11-09 13:07:29.220478,"","","",parkave,349,false,a827e021-ab19-4d94-9aa8-6097e0fba28b,Aron Magner,,,33,2024-11-08,"{""1995"": 0, ""1996"": 0, ""1997"": 0, ""1998"": 0, ""1999"": 0, ""2000"": 0, ""2001"": 0, ""2002"": 0, ""2003"": 0, ""2004"": 0, ""2005"": 0, ""2006"": 0, ""2007"": 0, ""2008"": 0, ""2009"": 14, ""2010"": 10, ""2011"": 2, ""2012"": 0, ""2013"": 0, ""2014"": 0, ""2015"": 0, ""2016"": 1, ""2017"": 0, ""2018"": 0, ""2019"": 0, ""2020"": 0, ""2021"": 0, ""2022"": 0, ""2023"": 4, ""2024"": 2}","{""23"": {""date"": ""2011-09-04"", ""previous"": ""2011-05-26"", ""delta_days"": 101}, ""28"": {""date"": ""2023-08-11"", ""previous"": ""2023-05-20"", ""delta_days"": 83}, ""72"": {""date"": ""2024-09-05"", ""previous"": ""2023-08-11"", ""delta_days"": 391}, ""125"": {""date"": ""2016-07-15"", ""previous"": ""2011-09-04"", ""delta_days"": 1776}, ""238"": {""date"": ""2023-01-21"", ""previous"": ""2016-07-15"", ""delta_days"": 2381}}",2009,2016,http://sickbarberlicks.weebly.com/park-ave.html
a9c0fa5f-2b3a-4be8-8789-e80dbab03ddf,Boom,boom,2024-04-14 05:33:55.067938,2024-10-29 14:38:44.326389,"","",Tiesto with Gucci Mane & Sevenn,,,true,e3b85783-5df5-436a-a497-8bb3e40e8a99,,<p></p>,"",2,2024-07-13,"{""1995"": 0, ""1996"": 0, ""1997"": 0, ""1998"": 0, ""1999"": 0, ""2000"": 0, ""2001"": 0, ""2002"": 0, ""2003"": 0, ""2004"": 0, ""2005"": 0, ""2006"": 0, ""2007"": 0, ""2008"": 0, ""2009"": 0, ""2010"": 0, ""2011"": 0, ""2012"": 0, ""2013"": 0, ""2014"": 0, ""2015"": 0, ""2016"": 0, ""2017"": 0, ""2018"": 0, ""2019"": 0, ""2020"": 0, ""2021"": 0, ""2022"": 0, ""2023"": 0, ""2024"": 2}","{""0"": {""date"": ""2024-06-20"", ""previous"": null, ""delta_days"": null}, ""6"": {""date"": ""2024-07-13"", ""previous"": ""2024-06-20"", ""delta_days"": 23}}",2024,2024,""
490446ac-7859-4ff4-b986-243b8218bce7,Safety Dance,safety-dance,2020-02-22 15:50:23.818238,2024-11-23 07:13:48.270965,"<p>We can dance if we want to</p><p>We can leave your friends behind</p><p>&#x27;Cause your friends don&#x27;t dance and if they don&#x27;t dance</p><p>Well, they&#x27;re no friends of mine</p><p></p><p>Say, we can go where we want to</p><p>A place where they will never find</p><p>And we can act like we come from out of this world</p><p>Leave the real one far behind</p><p></p><p>And we can dance</p><p>(Dancé!)</p><p></p><p>We can go when we want to</p><p>The night is young and so am I</p><p>And we can dress real neat from our hats to our feet</p><p>And surprise &#x27;em with the victory cry</p><p></p><p>Say, we can act if we want to</p><p>If we don&#x27;t, nobody will</p><p>And you can act real rude and totally removed</p><p>And I can act like an imbecile</p><p></p><p>And say, we can dance, we can dance</p><p>Everything&#x27;s out of control</p><p>We can dance, we can dance</p><p>They&#x27;re doing it from pole to pole</p><p>We can dance, we can dance</p><p>Everybody look at your hands</p><p>We can dance, we can dance</p><p>Everybody&#x27;s taking the chance</p><p></p><p>Safety dance</p><p>Oh well, the safety dance</p><p>Ah yes, the safety dance</p><p></p><p>We can dance if we want to</p><p>We&#x27;ve got all your life and mine</p><p>As long as we abuse it, never gonna lose it</p><p>Everything&#x27;ll work out right</p><p></p><p>I say, we can dance if we want to</p><p>We can leave your friends behind</p><p>Because your friends don&#x27;t dance and if they don&#x27;t dance</p><p>Well, they&#x27;re no friends of mine</p><p></p><p>I say, we can dance, we can dance</p><p>Everything&#x27;s out of control</p><p>We can dance, we can dance</p><p>We&#x27;re doing it from pole to pole</p><p>We can dance, we can dance</p><p>Everybody look at your hands</p><p>We can dance, we can dance</p><p>Everybody&#x27;s taking the chance</p><p></p><p>Oh well, the safety dance</p><p>Ah yes, the safety dance</p><p>Oh well, the safety dance</p><p>Oh well, the safety dance</p><p>Oh yes, the safety dance</p><p>Oh, the safety dance, yeah</p><p></p><p>Well, it&#x27;s the safety dance</p><p>It&#x27;s the safety dance</p><p>Well, it&#x27;s the safety dance</p><p>Oh, it&#x27;s the safety dance</p><p>Oh, it&#x27;s the safety dance</p><p>Oh, it&#x27;s the safety dance</p>","","",safety,225,true,91448637-5361-4870-9561-771a101b1fa6,Men Without Hats,,,72,2024-11-20,"{""1995"": 0, ""1996"": 0, ""1997"": 0, ""1998"": 0, ""1999"": 0, ""2000"": 0, ""2001"": 0, ""2002"": 0, ""2003"": 4, ""2004"": 4, ""2005"": 2, ""2006"": 10, ""2007"": 8, ""2008"": 2, ""2009"": 8, ""2010"": 6, ""2011"": 0, ""2012"": 1, ""2013"": 2, ""2014"": 2, ""2015"": 3, ""2016"": 3, ""2017"": 1, ""2018"": 2, ""2019"": 3, ""2020"": 2, ""2021"": 3, ""2022"": 0, ""2023"": 4, ""2024"": 2}","{""37"": {""date"": ""2009-06-04"", ""previous"": ""2009-01-30"", ""delta_days"": 125}, ""50"": {""date"": ""2008-06-13"", ""previous"": ""2007-11-04"", ""delta_days"": 222}, ""56"": {""date"": ""2012-10-05"", ""previous"": ""2010-12-30"", ""delta_days"": 645}, ""57"": {""date"": ""2024-08-30"", ""previous"": ""2023-10-27"", ""delta_days"": 308}, ""75"": {""date"": ""2023-04-01"", ""previous"": ""2021-11-20"", ""delta_days"": 497}}",2006,2012,http://sickbarberlicks.weebly.com/safety-dance.html
726e2a6a-8440-4f26-994b-0da5d8637963,In The End We Have Forever,in-the-end-we-have-forever,2024-06-21 03:42:35.329000,2024-11-25 15:34:36.310951,<p>VERSE 1</p><p>It’s getting hard to see</p><p>and i think we both agree</p><p>that the summertime will never come again</p><p>you sweep me off my feet</p><p>as we meet our destiny</p><p>and the world we know is coming to an end</p><p></p><p>CHORUS</p><p>when you cry i feel it too</p><p>we don’t have another place to go</p><p>so here will have to do this afternoon</p><p>yeah! (and) it brought me here to you</p><p>in the end we have forever</p><p>so here will have to do this afternoon</p><p></p><p>VERSE 2</p><p>what a twist of irony</p><p>(that) the day you came to me</p><p>will be the only time (that) i ever hold your hand</p><p>its getting hard to breathe</p><p>as we make our memories</p><p>so i soak up every moment that we spend</p><p></p><p>BRIDGE/POST-CHORUS</p><p>oh you’re the best i ever had</p><p>you pressed against my skin will be the last thing i remember</p><p>and i’m in your arms</p><p>how can it be that bad? x2</p><p>can it be that bad?</p><p></p><p>JAM</p><p>CHORUS</p>,"","Taken from the 4/14/24 Robots 2nd jam, In The End…first debuted as an instrumental on 6/20/24 Electric Forest before it was played with lyrics on 7/5/24 at Biscoland.",,,false,8a2d334a-3281-4a86-a2b4-5f161f819988,,"","",12,2024-11-20,"{""1995"": 0, ""1996"": 0, ""1997"": 0, ""1998"": 0, ""1999"": 0, ""2000"": 0, ""2001"": 0, ""2002"": 0, ""2003"": 0, ""2004"": 0, ""2005"": 0, ""2006"": 0, ""2007"": 0, ""2008"": 0, ""2009"": 0, ""2010"": 0, ""2011"": 0, ""2012"": 0, ""2013"": 0, ""2014"": 0, ""2015"": 0, ""2016"": 0, ""2017"": 0, ""2018"": 0, ""2019"": 0, ""2020"": 0, ""2021"": 0, ""2022"": 0, ""2023"": 0, ""2024"": 12}","{""4"": {""date"": ""2024-11-13"", ""previous"": ""2024-11-06"", ""delta_days"": 7}, ""5"": {""date"": ""2024-11-20"", ""previous"": ""2024-11-13"", ""delta_days"": 7}, ""6"": {""date"": ""2024-09-15"", ""previous"": ""2024-09-06"", ""delta_days"": 9}}",2024,2024,""
57bd800a-75a6-4c67-90ce-c5af28525bb0,Tractorbeam,tractorbeam-jam,2020-02-22 15:50:29.120743,2024-06-28 14:13:36.336803,"","","",tractorbeam,494,false,e29db38d-5b63-4e2c-b5bc-8f4ed3fe1c64,"",,,34,2021-12-30,"{""1995"": 0, ""1996"": 0, ""1997"": 0, ""1998"": 0, ""1999"": 0, ""2000"": 0, ""2001"": 0, ""2002"": 0, ""2003"": 0, ""2004"": 0, ""2005"": 0, ""2006"": 0, ""2007"": 0, ""2008"": 0, ""2009"": 0, ""2010"": 0, ""2011"": 0, ""2012"": 0, ""2013"": 0, ""2014"": 0, ""2015"": 0, ""2016"": 0, ""2017"": 0, ""2018"": 0, ""2019"": 17, ""2020"": 3, ""2021"": 14, ""2022"": 0, ""2023"": 0, ""2024"": 0}","{""1"": {""date"": ""2019-11-17"", ""previous"": ""2019-11-16"", ""delta_days"": 1}, ""23"": {""date"": ""2021-12-30"", ""previous"": ""2021-07-16"", ""delta_days"": 167}, ""24"": {""date"": ""2021-05-18"", ""previous"": ""2020-01-04"", ""delta_days"": 500}}",2019,2020,
3bcc9ae4-b606-49c7-837f-5337f3224fbb,The Unspoken Rhyme,the-unspoken-rhyme,2020-02-22 15:50:23.147147,2024-11-10 19:59:31.319048,Through force of time a spell was raised<br/><br/>Earlier in sense of time<br/>When buildings sang unspoken rhymes<br/>And all who cared could stand so high<br/>Had watched within a wandering eye<br/><br/>There came about a new idea<br/>With lasers bold and banners sheer<br/>It chanced among the countless wise<br/>And tranced the Herculian prize<br/><br/>Once thwarted mists of Ice-9 Gold<br/>Go drowning in the windless deep<br/>And reaping wraths of dreams unsold<br/>Make haunted ghosts of countless sheep<br/><br/>And waking warriors who once won<br/>Now bow their heads to fire's heart<br/>Their Dionysian prayers are stung<br/>By battle freedom's perilous dart<br/><br/>Through force of time a spell was raised<br/>Brought amidst the darkest night<br/>Sentinals sent from sun soaked days<br/>With shifting spirals shapes of light,"","",rhyme,152,false,68c84ffd-40d7-4e8b-94d8-a19632ac4499,"Magner, Lesser",,,16,2016-01-01,"{""1995"": 0, ""1996"": 0, ""1997"": 0, ""1998"": 0, ""1999"": 0, ""2000"": 13, ""2001"": 2, ""2002"": 0, ""2003"": 0, ""2004"": 0, ""2005"": 0, ""2006"": 0, ""2007"": 0, ""2008"": 0, ""2009"": 0, ""2010"": 0, ""2011"": 0, ""2012"": 0, ""2013"": 0, ""2014"": 0, ""2015"": 0, ""2016"": 1, ""2017"": 0, ""2018"": 0, ""2019"": 0, ""2020"": 0, ""2021"": 0, ""2022"": 0, ""2023"": 0, ""2024"": 0}","{""8"": {""date"": ""2000-11-11"", ""previous"": ""2000-10-28"", ""delta_days"": 14}, ""10"": {""date"": ""2000-10-06"", ""previous"": ""2000-05-19"", ""delta_days"": 140}, ""12"": {""date"": ""2001-04-10"", ""previous"": ""2001-03-27"", ""delta_days"": 14}, ""860"": {""date"": ""2016-01-01"", ""previous"": ""2001-04-10"", ""delta_days"": 5379}}",2000,2016,http://sickbarberlicks.weebly.com/the-unspoken-rhyme.html
da9f2a40-831e-429b-a352-4bdf49912094,The Champions,the-champions,2020-02-22 15:50:29.120743,2024-11-24 04:43:09.280837,<p>I can see the angels dancing<br/>I can hear the sirens sing<br/>I can hear the silent whisper<br/>I can feel them next to me </p>,"","",champions,464,false,e2397ce3-857e-425f-925e-1cb30de780d7,"",,,22,2024-11-21,"{""1995"": 0, ""1996"": 0, ""1997"": 0, ""1998"": 0, ""1999"": 0, ""2000"": 0, ""2001"": 0, ""2002"": 0, ""2003"": 0, ""2004"": 0, ""2005"": 0, ""2006"": 0, ""2007"": 0, ""2008"": 0, ""2009"": 0, ""2010"": 0, ""2011"": 0, ""2012"": 0, ""2013"": 0, ""2014"": 0, ""2015"": 0, ""2016"": 5, ""2017"": 5, ""2018"": 3, ""2019"": 2, ""2020"": 2, ""2021"": 3, ""2022"": 1, ""2023"": 0, ""2024"": 1}","{""16"": {""date"": ""2020-01-03"", ""previous"": ""2019-11-16"", ""delta_days"": 48}, ""19"": {""date"": ""2021-12-05"", ""previous"": ""2021-08-20"", ""delta_days"": 107}, ""22"": {""date"": ""2018-12-15"", ""previous"": ""2018-05-19"", ""delta_days"": 210}, ""27"": {""date"": ""2021-07-10"", ""previous"": ""2020-10-24"", ""delta_days"": 259}, ""182"": {""date"": ""2024-11-21"", ""previous"": ""2022-05-08"", ""delta_days"": 928}}",2017,2022,http://sickbarberlicks.weebly.com/the-champions.html
d6046588-1b38-4e1a-a20a-c06fca5bfca8,Trucker's Choice,trucker-s-choice,2020-02-22 15:50:23.818238,2024-08-29 20:00:46.892495,"<p>We just came for the chicks! Bong!<br/>Singin&#x27;... We just came for the chicks (4x)<br/><br/>Finally I unearthed myself and found out I survived<br/>Ain&#x27;t no question im alive and so you criticize<br/>GO this way and that way and I dunno its all so crazy<br/>What&#x27;s going on in the world today ain&#x27;t got nothing to do with me anyway<br/>That&#x27;s where I&#x27;m at, as small as I can be <br/>If I could be infinitesimal standing at the peak<br/>Swaying this way and that way, wherever wind blows<br/>Its too early for the chorus, no wait here it goes<br/><br/>(Chorus)<br/><br/>And I don&#x27;t mean to come off as some some inverted psychopath with a trigger to set off, its already set off<br/>I&#x27;m just here to say, whatever I wanna say<br/>Accountants on the phone they say the check is on the way<br/>A photograph I figured you, you had a sneak a peak and <br/>Maybe I was here or I was there, or whatever... I saw ya<br/>In a hurry rushin off. Where are all your manners<br/>When all I wanna do is give it to you on a silver platter<br/><br/>(Chorus)<br/><br/>Oh my my drink your whiskey<br/>I seen you two times today<br/>?? all this onnocence<br/>Guess I&#x27;d never do it again<br/>And quickly I lift up my pen<br/>and I scribble ?? When the moment begins<br/>A phonograph I figure you had to sneak a peek<br/>And maybe I was there<br/>??<br/>?? where your manners are<br/>?? let me tell you all about it<br/><br/>(Chorus)</p>","","",truckers,193,false,4338604b-38e0-432c-855b-bcd9091d4409,"",,,35,2021-10-17,"{""1995"": 0, ""1996"": 0, ""1997"": 0, ""1998"": 0, ""1999"": 0, ""2000"": 0, ""2001"": 0, ""2002"": 11, ""2003"": 2, ""2004"": 0, ""2005"": 0, ""2006"": 1, ""2007"": 4, ""2008"": 5, ""2009"": 2, ""2010"": 0, ""2011"": 1, ""2012"": 1, ""2013"": 2, ""2014"": 1, ""2015"": 1, ""2016"": 1, ""2017"": 1, ""2018"": 0, ""2019"": 0, ""2020"": 0, ""2021"": 2, ""2022"": 0, ""2023"": 0, ""2024"": 0}","{""53"": {""date"": ""2012-10-05"", ""previous"": ""2011-01-14"", ""delta_days"": 630}, ""64"": {""date"": ""2003-08-23"", ""previous"": ""2002-11-03"", ""delta_days"": 293}, ""114"": {""date"": ""2011-01-14"", ""previous"": ""2009-09-17"", ""delta_days"": 484}, ""116"": {""date"": ""2021-07-10"", ""previous"": ""2017-11-17"", ""delta_days"": 1331}, ""157"": {""date"": ""2006-12-31"", ""previous"": ""2003-08-30"", ""delta_days"": 1219}}",2002,2006,http://sickbarberlicks.weebly.com/truckers-choice.html
0091247b-cd8d-4c95-b685-6b31c548a9e0,Triumph,triumph,2020-02-22 15:50:23.818238,2024-11-25 12:03:58.761871,"The path to follow was hard to swallow, <br/>Like a pill in the back of your brain.<br/>Walking in a field with a dagger and a shield<br/>And a million little drops of rain.<br/><br/>Drifting in the river and you start to quiver<br/>And they tell you that you're going insane.<br/>In a white jacket and you just can't hack, <br/>And they tell you that you'll feel no pain.<br/><br/>Triumph was the underdog,<br/>Living in the past, but reaching for the stars.<br/>If celestial living doesn't seem insane, <br/>I'll be lying on the beach and you'll be doing the same.<br/>Triumph didn't seem to far,<br/>Living in the past, but reaching for the stars.<br/>If celestial living doesn't seem insane, <br/>I'll be lying on the beach and you'll be doing the same.<br/><br/>I got a call on the phone, and it's regarding the clone <br/>That I purchased on the net last year.<br/>They told me of the glitch and in a glorious pitch, <br/>They told me I had nothing to fear,<br/>My clone was ready, he was pretty fucking heady, <br/>And I thought it would do the trick.<br/>So I told him of the code, and I sent him on the road, <br/>And I taught him how to use the stick.<br/><br/>Triumph was the underdog,<br/>Living in the past, but reaching for the stars.<br/>If celestial living doesn't seem insane, <br/>I'll be lying on the beach and you'll be doing the same.<br/>Triumph didn't seem to far,<br/>Living in the past, but reaching for the stars.<br/>If celestial living doesn't seem insane, <br/>I'll be lying on the beach and you'll be doing the same.","transcribed by Rich Steele<br/><br/>   F#<br/>E  2<br/>B  2<br/>G  3    (just ride on the F# before sliding up<br/>D  4      to a G major, then coming back to the <br/>A  4       F#)<br/>E  2<br/><br/><br/>(verse chords)<br/>   A                   Bm                     C   <br/>E  5                   7                      8   <br/>B  5                   7                      8   <br/>G  6                   7                      9     <br/>D  7                   9                     10  <br/>A  7                   9                     10  <br/>E  5                   7                      8   <br/> <br/>The path to follow was hard to swallow, like a pill in the back <br/><br/>       D<br/>E      10<br/>B      10<br/>G      11<br/>D      12 <br/>A      12<br/>E      10<br/>of your brain.<br/><br/>   A                     Bm                         C   <br/>E  5                     7                          8   <br/>B  5                     7                          8   <br/>G  6                     7                          9     <br/>D  7                     9                          10  <br/>A  7                     9                          10  <br/>E  5                     7                          8   <br/>  Walking in field with a dagger and a shield, and a million<br/><br/>                      G  F#<br/>E                     3  2<br/>B                     3  2<br/>G                     4  3 <br/>D                     5  4<br/>A                     5  4<br/>E                     3  2<br/>  little drops of rain..<br/><br/><br/>(chorus)<br/><br/>   Bm      C       D   E  <br/>E  2<br/>B  3       5       7   9<br/>G  4       5       7   9<br/>A  4       5       7   9<br/>D  2       3       5   7<br/>E   <br/>   Triumph was the underdog<br/><br/>    G           A        D               C<br/>E   3           5<br/>B   3           5        7               5<br/>G   4           6        7               5 <br/>D   5           7        7               5<br/>A   5           7        5               3<br/>E   3           5<br/>  living in the past but reaching for the stars<br/><br/><br/>the riff :)<br/><br/>E<br/>B<br/>G<br/>D            4~ 4 3 2<br/>A      4 3 2          4 3 2   (repeat for hours if you feel<br/>E  2 2                              the need to :)","",triumph,191,false,e2397ce3-857e-425f-925e-1cb30de780d7,Marc Brownstein,,,114,2024-11-20,"{""1995"": 0, ""1996"": 0, ""1997"": 0, ""1998"": 0, ""1999"": 0, ""2000"": 1, ""2001"": 20, ""2002"": 24, ""2003"": 14, ""2004"": 3, ""2005"": 2, ""2006"": 6, ""2007"": 7, ""2008"": 5, ""2009"": 8, ""2010"": 2, ""2011"": 2, ""2012"": 3, ""2013"": 0, ""2014"": 1, ""2015"": 1, ""2016"": 2, ""2017"": 2, ""2018"": 2, ""2019"": 1, ""2020"": 0, ""2021"": 2, ""2022"": 1, ""2023"": 2, ""2024"": 3}","{""51"": {""date"": ""2022-10-30"", ""previous"": ""2021-10-29"", ""delta_days"": 366}, ""54"": {""date"": ""2021-05-15"", ""previous"": ""2019-04-26"", ""delta_days"": 750}, ""56"": {""date"": ""2011-07-02"", ""previous"": ""2010-06-02"", ""delta_days"": 395}, ""63"": {""date"": ""2023-09-15"", ""previous"": ""2022-10-30"", ""delta_days"": 320}}",2002,2000,http://sickbarberlicks.weebly.com/triumph.html
1d813e1f-f852-48c6-9f91-043541454f86,Little Shimmy In A Conga Line,little-shimmy-in-a-conga-line,2020-02-22 15:50:23.147147,2024-11-25 12:24:21.286847,"<p>Hey little baby, come back again.<br/>Hey little baby, I miss your spin.<br/>Get it moving, it&#x27;ll be just fine.<br/>But I don&#x27;t sleep when you&#x27;re not mine.<br/><br/>Hey little baby, just let it slide.<br/>Let your little body roll side to side.<br/>Get it moving, right in time.<br/>Let&#x27;s see Little Shimmy in a Conga Line.<br/><br/>Hey little baby, now the morning&#x27;s here.<br/>Gonna open my eyes, don&#x27;t disappear.<br/>Another evening, vanished in your arms.<br/>And you wonder why I sleep through my alarm.<br/><br/>Hey little baby, let&#x27;s groove again.<br/>&#x27;Cause watching you is making my head swim.<br/>I&#x27;ll dance to prove it, and I&#x27;m just fine.<br/>Let&#x27;s see Little Shimmy in a Conga Line.<br/><br/>Hey little baby, let&#x27;s groove again.<br/>&#x27;Cause watching you is making my head swim.<br/>I&#x27;ll dance to prove it, and I&#x27;m just fine.<br/>Let&#x27;s see Little Shimmy in a Conga Line.<br/><br/>Hey little baby, now the morning&#x27;s here.<br/>Gonna open my eyes, don&#x27;t disappear.<br/>Another evening, vanished in your arms.<br/>Hey little baby.<br/><br/>Another evening, vanished in your arms.<br/>Hey little baby.<br/><br/>Another evening, vanished in your arms.<br/>Hey little baby.<br/><br/>Another evening, vanished in your arms.<br/>And you wonder why I sleep through my alarm.</p>","Transcribed by Nic Coker <ohmygord@hotmail.com><br/><br/>intro:  doubled by bass<br/>(this can be played in an open position,<br/>but its easier to get it crisp this way. im not<br/>sure how barber actually plays it.)<br/>e------------------------------------------------<br/>b------------------------------------------------<br/>g------------------------------------------------  play this 3x<br/>d------------------------------------------------<br/>a--0h2p0------------7 5h7--0h2p0------------7 5--  then---><br/>e--------3^ 0-7 7p5--------------3^ 0-7 7p5------<br/><br/>e--------------------------------------------------|<br/>b--------------------------------------------------|<br/>g--------------------------------------------------| Play the whole<br/>d------------------------------5-------------------| thing twice<br/>a--0h2p0------------7 5h7--5h7---7p5----7----------|<br/>e--------3^ 0-7 7p5------------------7 7--5 5/(3)--| then---><br/><br/>verse: play a funky variation of this 4x then start singin' over it<br/><br/>funkin' A:<br/>e--5 5--8 8--7-5---5--------5 5--|<br/>b--5 5--5 5--5-5---7p5h7p5--5 5--|<br/>g--6 6--6 6--6-6---6--------6 6--|<br/>d---------------------------7 7--|<br/>a---------------------------x x--|<br/>e---------------------------5 5--|<br/><br/>A<br/>hey little baby, come back again<br/>hey little baby, i miss yo' spin<br/><br/>D                             C<br/>get it movin', it'll be just  fine<br/>A                                      funkin' A x2 --><br/>But i dont sleep when your not mine<br/><br/>A<br/>hey little baby just let it sliiiiiiiiiide<br/>lettcha little body roll side to side<br/><br/>D                       C<br/>get it movin', right in time<br/>A<br/>let's see a little shimmy in a conga line<br/><br/>THEN REPEAT ENTIRE INTRO 1x  ---><br/><br/>funkin' A 4x--><br/><br/>A<br/>hey little baby, now the mornings here<br/>gonna open my eyes, dont dissappear<br/><br/>D                                C<br/>another evenin' vanished in your arms<br/>A                                           funkin 2x--><br/>and ya wonder why i sleep through my alarm<br/><br/>A<br/>hey little baby, let's groove again<br/>'cause watching you is making my head swim<br/>D                                    C<br/>i'll dance to prove it, and I'm just fine<br/>A<br/>Let's see a little shimmy in a conga line--->composed jam","",shimmy,165,false,4338604b-38e0-432c-855b-bcd9091d4409,Jon Gutwillig,,And you wonder why I sleep through my alarm,280,2024-11-17,"{""1995"": 0, ""1996"": 0, ""1997"": 0, ""1998"": 62, ""1999"": 41, ""2000"": 9, ""2001"": 23, ""2002"": 21, ""2003"": 10, ""2004"": 5, ""2005"": 3, ""2006"": 10, ""2007"": 5, ""2008"": 4, ""2009"": 10, ""2010"": 10, ""2011"": 3, ""2012"": 4, ""2013"": 5, ""2014"": 7, ""2015"": 3, ""2016"": 5, ""2017"": 3, ""2018"": 4, ""2019"": 5, ""2020"": 1, ""2021"": 7, ""2022"": 6, ""2023"": 8, ""2024"": 6}","{""24"": {""date"": ""2011-12-31"", ""previous"": ""2011-07-09"", ""delta_days"": 175}, ""26"": {""date"": ""2009-03-04"", ""previous"": ""2009-01-16"", ""delta_days"": 47}, ""27"": {""date"": ""2008-12-27"", ""previous"": ""2008-04-19"", ""delta_days"": 252}, ""29"": {""date"": ""2009-06-30"", ""previous"": ""2009-03-04"", ""delta_days"": 118}}",1998,2020,http://sickbarberlicks.weebly.com/little-shimmy-in-a-conga-line.html
2923ea2d-00c9-4867-b60a-efbb1d8adfa1,Vassillios,vassillios,2020-02-22 15:50:23.818238,2024-11-25 12:07:08.770752,"<p>Vassillios, neck beard<br/>straight from the gutter<br/>shaped like a cow<br/>and milked like an udder<br/><br/>you know he&#x27;s a freak &#x27;cause he looks with his mother<br/>Vassillios deadweight fish motherfucker<br/><br/>Vassillios, straight from the gutter<br/>Vassillios, we love you like a brother<br/>Vassillios, straight from the gutter<br/>Vassillios, we love you like a ...<br/><br/>Vassillios, sweet cheeks<br/>we love you like a brother<br/>jolly old friend spreading mirth like no other.<br/>A kind and simple beast, Vassillios, when I shudder..<br/>To think it was you who left Candy in the gutter.<br/><br/>Swiftly sneaking<br/>Vassillios is sleeping like a baby<br/>Overzealous the bees are getting jealous<br/>Vassillios, maybe<br/><br/>on the down low<br/>underneath your hedgerow<br/>something is startling<br/><br/>for farthing, darling<br/>nothing more is marveling<br/>Vassillios, maybe</p>","transcribed by Rich Steele<br/><br/>(intro)<br/>E<br/>B<br/>G<br/>D         5(h)7<br/>A               9(p)7 7 5 7 7<br/>E  5(h)7                      7~<br/><br/>E<br/>B<br/>G<br/>D        5(h)7<br/>A              9(p)7 7 5 7 <br/>E  5(h)7<br/><br/>twice, then...<br/><br/>  Bm  A<br/>E  7  5 <br/>B  7  5<br/>G  7  6<br/>D  9  7<br/>A  9  7<br/><br/>then ride on a open E major, while hitting those Bm > A chords at the end <br/>of each measure.<br/><br/>verse chords are Am > D > E > F#<br/><br/>(jon plays this quick fills in between chord changes that i haven't quite <br/>figured out yet)<br/><br/>next, during what i guess is considered the chorus, jon plays something <br/>like this.<br/> <br/>  <br/>E              0 <br/>B 3 5 3 5 3 5  0<br/>G 4 5 4 5 4 5  1<br/>D 5 7 5 7 5 7  2 <br/>A              2<br/>E              0<br/>   (play twice, then end with a Bm > A, before going into the next verse)<br/><br/><br/>more to come soon, as i work out the middle section.\r","",vass,198,false,4338604b-38e0-432c-855b-bcd9091d4409,Jon Gutwillig,,Straight from the gutter,241,2024-11-21,"{""1995"": 0, ""1996"": 2, ""1997"": 40, ""1998"": 53, ""1999"": 33, ""2000"": 9, ""2001"": 18, ""2002"": 17, ""2003"": 8, ""2004"": 2, ""2005"": 2, ""2006"": 6, ""2007"": 2, ""2008"": 4, ""2009"": 11, ""2010"": 5, ""2011"": 6, ""2012"": 1, ""2013"": 2, ""2014"": 1, ""2015"": 1, ""2016"": 1, ""2017"": 2, ""2018"": 1, ""2019"": 3, ""2020"": 1, ""2021"": 1, ""2022"": 2, ""2023"": 3, ""2024"": 4}","{""44"": {""date"": ""2007-10-20"", ""previous"": ""2007-05-17"", ""delta_days"": 156}, ""45"": {""date"": ""2010-03-18"", ""previous"": ""2009-09-25"", ""delta_days"": 174}, ""49"": {""date"": ""2024-07-05"", ""previous"": ""2023-09-24"", ""delta_days"": 285}, ""52"": {""date"": ""2022-04-02"", ""previous"": ""2021-04-02"", ""delta_days"": 365}}",1998,2012,http://sickbarberlicks.weebly.com/vassillios.html
a08997f3-8a55-486e-9e82-d46266de7b7f,Strobelights and Martinis,strobelights-and-martinis,2020-02-22 15:50:23.989311,2024-11-25 12:24:25.383341,"","",The song was built on the jam from 9/1/01 Mindless Dribble & was present in other Dribble jams from September ‘01. It finally debuted in February 2007,strobelights,311,false,e29db38d-5b63-4e2c-b5bc-8f4ed3fe1c64,"",,,84,2024-07-12,"{""1995"": 0, ""1996"": 0, ""1997"": 0, ""1998"": 0, ""1999"": 0, ""2000"": 0, ""2001"": 0, ""2002"": 0, ""2003"": 0, ""2004"": 0, ""2005"": 0, ""2006"": 0, ""2007"": 10, ""2008"": 3, ""2009"": 13, ""2010"": 8, ""2011"": 8, ""2012"": 3, ""2013"": 4, ""2014"": 3, ""2015"": 3, ""2016"": 4, ""2017"": 4, ""2018"": 4, ""2019"": 3, ""2020"": 1, ""2021"": 5, ""2022"": 1, ""2023"": 4, ""2024"": 3}","{""29"": {""date"": ""2024-01-25"", ""previous"": ""2023-07-14"", ""delta_days"": 195}, ""33"": {""date"": ""2010-06-12"", ""previous"": ""2010-03-15"", ""delta_days"": 89}, ""36"": {""date"": ""2007-11-02"", ""previous"": ""2007-07-07"", ""delta_days"": 118}, ""46"": {""date"": ""2023-01-18"", ""previous"": ""2022-03-10"", ""delta_days"": 314}, ""66"": {""date"": ""2009-04-25"", ""previous"": ""2008-06-06"", ""delta_days"": 323}}",2009,2020,http://sickbarberlicks.weebly.com/strobelights-and-martinis.html
79adbbf8-9f60-49a4-91ba-8f6078645588,Escape,escape,2024-07-05 19:30:14.054536,2024-11-25 15:34:44.452112,"","","",,,true,e29db38d-5b63-4e2c-b5bc-8f4ed3fe1c64,,"","",2,2024-07-20,"{""1995"": 0, ""1996"": 0, ""1997"": 0, ""1998"": 0, ""1999"": 0, ""2000"": 0, ""2001"": 0, ""2002"": 0, ""2003"": 0, ""2004"": 0, ""2005"": 0, ""2006"": 0, ""2007"": 0, ""2008"": 0, ""2009"": 0, ""2010"": 0, ""2011"": 0, ""2012"": 0, ""2013"": 0, ""2014"": 0, ""2015"": 0, ""2016"": 0, ""2017"": 0, ""2018"": 0, ""2019"": 0, ""2020"": 0, ""2021"": 0, ""2022"": 0, ""2023"": 0, ""2024"": 2}","{""0"": {""date"": ""2024-07-04"", ""previous"": null, ""delta_days"": null}, ""10"": {""date"": ""2024-07-20"", ""previous"": ""2024-07-04"", ""delta_days"": 16}}",2024,2024,""
faf1a746-a5cb-4280-9bb9-a270b3c7d76d,The Big Happy,the-big-happy,2020-02-22 15:50:22.856762,2024-08-25 20:29:51.400904,"","",The Big Happy became Highwire after lyrics were added to the song ,happy,73,false,7a01161d-ab82-40e5-99a1-49945cf0be96,The Disco Biscuits,,,18,2017-11-18,"{""1995"": 0, ""1996"": 0, ""1997"": 0, ""1998"": 0, ""1999"": 0, ""2000"": 4, ""2001"": 0, ""2002"": 7, ""2003"": 3, ""2004"": 0, ""2005"": 2, ""2006"": 0, ""2007"": 0, ""2008"": 0, ""2009"": 0, ""2010"": 1, ""2011"": 0, ""2012"": 0, ""2013"": 0, ""2014"": 0, ""2015"": 0, ""2016"": 0, ""2017"": 1, ""2018"": 0, ""2019"": 0, ""2020"": 0, ""2021"": 0, ""2022"": 0, ""2023"": 0, ""2024"": 0}","{""65"": {""date"": ""2005-03-26"", ""previous"": ""2003-08-12"", ""delta_days"": 592}, ""134"": {""date"": ""2002-04-14"", ""previous"": ""2000-11-16"", ""delta_days"": 514}, ""212"": {""date"": ""2017-11-18"", ""previous"": ""2010-10-31"", ""delta_days"": 2575}, ""401"": {""date"": ""2010-10-31"", ""previous"": ""2005-12-29"", ""delta_days"": 1767}}",2002,2010,
a7db2bd6-275c-4356-9965-97cce52d4c73,Let's Dance,let-s-dance,2020-02-22 15:50:29.120743,2024-08-25 20:25:18.576500,"","","",letsdance,466,true,5e824b7e-685c-4a0a-885a-8b43354e0ccb,David Bowie,,,8,2023-05-06,"{""1995"": 0, ""1996"": 0, ""1997"": 0, ""1998"": 0, ""1999"": 0, ""2000"": 0, ""2001"": 0, ""2002"": 0, ""2003"": 0, ""2004"": 0, ""2005"": 0, ""2006"": 0, ""2007"": 0, ""2008"": 0, ""2009"": 0, ""2010"": 0, ""2011"": 0, ""2012"": 0, ""2013"": 0, ""2014"": 0, ""2015"": 0, ""2016"": 0, ""2017"": 3, ""2018"": 1, ""2019"": 1, ""2020"": 0, ""2021"": 1, ""2022"": 0, ""2023"": 2, ""2024"": 0}","{""16"": {""date"": ""2017-12-02"", ""previous"": ""2017-06-03"", ""delta_days"": 182}, ""19"": {""date"": ""2019-07-19"", ""previous"": ""2018-12-12"", ""delta_days"": 219}, ""36"": {""date"": ""2018-12-12"", ""previous"": ""2017-12-02"", ""delta_days"": 375}, ""67"": {""date"": ""2023-02-04"", ""previous"": ""2021-10-30"", ""delta_days"": 462}, ""74"": {""date"": ""2021-10-30"", ""previous"": ""2019-07-19"", ""delta_days"": 834}}",2017,2018,
981ba91f-7e39-4140-aa5c-4aa8d96a876f,Munchkin Invasion,munchkin-invasion,2020-02-22 15:50:23.147147,2024-12-07 20:04:46.664807,"<p>We come from the city,<br/>We come from the jungle.<br/><br/>Hi, my name is Sally.<br/>I&#x27;m a little munchkin.<br/><br/>A little munchkin!</p>","Tablature by Evan Leon:<br/><br/>Introduction:<br/><br/>F# | Bm | C# | C# (repeat)<br/><br/>The next section is the one with the really complicated rhythm that <br/>I don't really know how to transcribe.  All I can say is that the <br/>figure is repeated twice on A, then once on F#.  Following that, <br/>slide up to A for the first verse section.<br/><br/>For the verse section, Jon plays a short figure in A similar to <br/>the following (but usually different):<br/><br/>Figure 1:<br/>e  9h10p9<br/>B         12  10 10 10 9<br/>G                          9<br/>D                             11<br/>A                                12<br/>E<br/><br/>Play around on that for 4 measures, then break into a reggae-type <br/>strum on an A chord for seven measures, and the words start on the <br/>8th measure:<br/><br/>A<br/>We come from the city,<br/><br/>Bm                      A (3 measures)<br/>We come from the jungle.<br/><br/>Repeat that part, then to the bridge section:<br/><br/>Bm | D | F# | F#<br/>Bm | D | F# | E A<br/>F# | Bm | C# | C#<br/>F# | Bm | A | A<br/><br/>Then Jon takes a solo over the bridge progression.<br/><br/>More to come soon, I just wanted to get something up here to get <br/>everyone started.","",munchkin,126,false,4338604b-38e0-432c-855b-bcd9091d4409,"The Disco Biscuits, Zuniga",,"We come from the city, we come from
the jungle ",232,2024-11-23,"{""1995"": 0, ""1996"": 0, ""1997"": 0, ""1998"": 0, ""1999"": 0, ""2000"": 14, ""2001"": 29, ""2002"": 26, ""2003"": 14, ""2004"": 5, ""2005"": 5, ""2006"": 15, ""2007"": 16, ""2008"": 6, ""2009"": 12, ""2010"": 7, ""2011"": 4, ""2012"": 6, ""2013"": 4, ""2014"": 6, ""2015"": 4, ""2016"": 7, ""2017"": 6, ""2018"": 4, ""2019"": 7, ""2020"": 1, ""2021"": 8, ""2022"": 7, ""2023"": 10, ""2024"": 9}","{""18"": {""date"": ""2024-07-15"", ""previous"": ""2024-04-02"", ""delta_days"": 104}, ""31"": {""date"": ""2010-06-09"", ""previous"": ""2010-02-21"", ""delta_days"": 108}, ""32"": {""date"": ""2009-10-03"", ""previous"": ""2009-06-04"", ""delta_days"": 121}}",2001,2020,http://sickbarberlicks.weebly.com/munchkin-invasion.html
b7c8b805-fef7-441e-8d8c-085b241b6ca1,Above The Waves,above-the-waves,2020-02-22 15:50:22.697566,2024-11-25 12:08:01.928858,"<p>Above the waves, Going under<br/><br/>Corrinado swam like hell on fire<br/>With jelly arms and beaten bones<br/>He rode the crests, he broke the waves<br/>Trying to get a breath of air for all that he had left to save<br/><br/>Mulberry let the engines burn<br/>The airship lifting off the ground<br/>He watched the sea, could not believe<br/>That he thought Corrinado could be free, his life was now in vain<br/><br/>All was left one chance to fly away<br/>He spun, he heard a gasping sound<br/>But he did not see his friend<br/><br/>After the sun and light were gone<br/>Before he found himself at home<br/>Corrinado swam, fought the waves<br/>Remembering when, a myriad of falls, behind another day<br/><br/>All was left one chance to fly away<br/>just beyond his reach the plan<br/>To reunite them once again<br/><br/>Caught in the waves as the wind whipped on<br/>and the sand sat calmly miles below<br/>He had to swim, to take the day<br/>Hoping to see Mulberry when he crawled to reach his getaway<br/><br/>All was left one chance to fly away<br/>Just beyond his reach the plan<br/>To reunite them once again</p>","<p>transcribed by Rich Steele<br/><br/><br/>~~Above The Waves<br/><br/>Intro (in 4/4)<br/>E<br/>B            3       0   0  3  3   3    3   3<br/>G 2 (sl) 4 4   2 2 2   0    2         2    <br/>D                           0    0        0<br/>A                               (let these notes<br/>E                                sustain)<br/>              (repeat)<br/><br/><br/>(next part after intro goes to 3/4)<br/>(this part is played one through over the 3 chords, then stays on the B after that)<br/><br/>  (A)<br/>E 5(h)7 5 <br/>B        8(p)7 5 5(h)7  5 5(h)7 5  <br/>G                                 7(p)6 4 4(h)6 4 4(h)6 4<br/>D                                                         7(p)6 4 4(h)6 4 4(h)6 4<br/>A                                                                                 7 5 4<br/>E                                                                                       5<br/><br/>  (Bb)<br/>E 6(h)8 6<br/>B         9(p)8 6 6(h)8 6 6(h)8 6<br/>G                                 8(p)7 5 5(h)7 5 5(h)7 5 <br/>D                                                         8(p)7 5 5(h)7 5 5(h)7 5 <br/>A                                                                                 8 6 5<br/>E                                                                                       6                                                                                                                                                                                                                                                                                                                                    <br/><br/>  (B)<br/>E 7(h)9 7<br/>B         10(p)9 7 7(h)9 7 7(h)9 7<br/>G                                  9(p)8 6 6(h)8 6 6(h)8 6<br/>D                                                          9(p)8 6 6(h)8 6 6(h)8 6<br/>A                                                                                 9 7 6<br/>E                                                                                       7<br/><br/>then the rest is over the B chord I believe.<br/><br/>here&#x27;s the next little riff he does.<br/><br/>E<br/>B                            7(h)9(p)7 <br/>G           9(h)11(p)9                  <br/>D 7(h)9(p)7            9(p)7<br/>A<br/>E<br/><br/>E<br/>B 9(h)11(p)9<br/>G            9(p)7<br/>D<br/>A<br/>E <br/> (repeat once, then play the part before that again)<br/><br/>Then, on the first (above the waves....) play a<br/>B major on the 7th fret on every 3rd beat. and a C# major &gt; B major at the <br/>last (above the waves....).<br/>On the next time around, instead of playing the B on every 3rd beat, it <br/>goes B &gt; E, B &gt; E alternating every other 3rd beat, until the last (above <br/>the waves...) where its a G#m &gt; F# major. <br/>(If all this details just confuses you, just listen to a tape and listen <br/>for the chord changes.:)<br/><br/>then the song drops into F#m, where Jon comes in with this riff.<br/><br/>E               <br/>B              15          15        15    15 14<br/>G  11~~ 14(p)11    14(p)11    14(p)11    14<br/>D                 <br/>A<br/>E<br/><br/>E               <br/>B              15          15        15         15(sl)17 17 17 15 14 <br/>G  11~~ 14(p)11    14(p)11    14(p)11    14(p)11<br/>D                 <br/>A<br/>E<br/> <br/>E             14  14      14(sl)13 13  12 11 12(p)11<br/>B    14 15 17   14  14 14                           12               12 14 15~  16~~~<br/>G  16                                                  11          12<br/>D                                                         12(sl)14<br/>A<br/>E<br/>                                  (Bb)         (E)     (C#m)<br/>E 14    14      14(sl)13 13<br/>B 14  14  14 14          13        11          12       9<br/>G                                10  10      13  13     9<br/>D                           sl&gt;12      12  14      14  11<br/>A<br/>E<br/><br/>(now, after the jam, when it comes back into this section, you&#x27;re <br/>basically playing the same thing as above, until right before the D-A-G-A <br/>part, where you play over these chords: F#m F Bb E A. After the last A, it <br/>goes into the D-A-G-A.) <br/><br/>This is a simple D, A, G progression. Play the D on the 5th fret, the A <br/>also on the 5th, and the G on the 3rd. Figure out the rhythm and all that <br/>for yourself, cause its pretty simple. :)<br/><br/>Ok, the next part comes right after that last A chord. (..and he could not <br/>see his friend..)<br/><br/>E<br/>B 10 10 10 10 9 7 7           10 9 7 7<br/>G                   9 11 11~           7 9 9~<br/>D<br/>A                  (play this twice)<br/>E<br/><br/>E<br/>B        9 10 10(s)12 12 9 10  10 9<br/>G 7 9 11                            11 9  7 9 9<br/><br/><br/>E                            10 10 10 10 9<br/>B        9 10 10(sl)12 9 10                12  7 9 9 10 10<br/>G 7 9 11<br/><br/>E         9 10 12 12 9 10          9 10 12(sl)14 14 10 12          10 12 15 15 12 14<br/>B 9 10 12                  9 10 12                        10 12 14<br/>G<br/><br/>E  17 17 17 17 15 14                    15 17  19 19 15 17  22 22 22 22 21 19<br/>B                    15 17 17  15 17 19<br/>G<br/><br/>E   17 19 17 15 17 15 14 15 14<br/>B                               17 15 15  14 14 14 15 15 17<br/>G                                                           14<br/><br/>then he comes back in with that same intro riff for 2 measures (i think), <br/>then he does something like this. (note: he first starts this a octave <br/>higher, but its much easier to learn it this way first)<br/><br/>E<br/>B        3          5          7<br/>G 2(sl)4   4 4(sl)6   6 6(sl)9   7 9 9(h)11<br/>D<br/>A<br/>E<br/><br/>E 7                10       9       7<br/>B   7    8 8(sl)12    12 10   10  8     4 <br/>G     9<br/>D<br/>A<br/>E<br/><br/>E                             9      7     5<br/>B 5     5     5     5 5(sl)10   10 8   8 7   7<br/>G   4     4     4 <br/>D     5     5     5<br/>A<br/>E<br/><br/>E<br/>B   7   7   7   5    5     5    3     2<br/>G 7  7   7   7    6    6          4<br/>D     7   7   7     7    7    5     4<br/>A<br/>E<br/><br/>E<br/>B   0     0     0                     3    3<br/>G     0     0     0      2    4   0     2    2<br/>D 2     2     2     2  4    5   2   0     0    0<br/>A <br/>E<br/><br/>(then, just repeat intro riff)<br/><br/>(Thanks to Bill Stites for helping me with those chord progressions)<br/><br/>     </p>","",atw,11,false,4338604b-38e0-432c-855b-bcd9091d4409,Jon Gutwillig,"<p>Debuted at the tail end of 1998, Waves is one of the final songs of the Hot Air Balloon rock opera (third to last by debut order and second to last chronologically). Like most of the opera, it is a high water mark for the band both lyrically and compositionally. It is also the first Biscuits song to debut with a defined trance jam. Both versions from 1998 are remarkably strong.</p><p></p><p>Although it was one of the last Hot Air Balloon songs to debut, with the finished version first appearing 12/29/98, an instrumental passage that would later be incorporated into Waves was performed as Road Song four times in 1998, for the first time on 2/21/98 and as late as 6/4/98. All four versions were played before any song from the finalized opera had debuted. </p><p></p><p>Waves was the most played song in 1999, a year which saw the band continue to develop and use Waves in inventive ways. The song was split up for the first time the third time it was played, 1/18/99, in a spectacular Waves &gt; Vassillios &gt; Waves sandwich. It was performed dyslexic for the first time on 3/21/99 (Waves &gt; Run Like Hell is particularly worth hearing) and inverted for the first time at the first Camp Bisco on 8/21/99 (the entire Shimmy &gt; Waves (&gt;&lt;) &gt; Shimmy is worthwhile, but Waves &gt; Shimmy is especially excellent).</p><p></p><p>The song was a massive vehicle for high speed trance jams in the winter and spring of 1999, with numerous standout versions including the 35 minute juggernaut from 2/3/99. Other excellent versions from this era include 3/13/99, 3/27/99, 4/9/99, 5/1/99, 5/6/99 and 6/5/99. In the summer and fall, the song regularly began to feature a dub jam. Waves had incorporated dub jams before, notably on 2/3/99 and 2/20/99, but after the inverted version from 8/21 it became a mainstay. Some excellent versions from this era include 8/21/99, 9/14/99, 10/9/99 and 10/22/99.</p><p></p><p>Waves remained a strong jam vehicle through the rest of 1.0. In 2000, a year with considerable dub influence, Waves reverted back to a trance vehicle. It soon became one of the most frequently inverted songs. 10/14/00 is one of the strongest inverted versions ever, and 11/2/01 notably opened with a “Koyanisqaatsi Jam” &gt; inverted Waves, the first time a show opened with a jam into an inverted song. Important versions from post-1999 1.0 are multitudinous, including 10/14/00, 10/26/00, 11/2/00 12/27/00, 4/7/01, 4/28/01, 9/1/01, 11/2/01, 3/8/02, 10/2/02, 8/15/03, and 11/26/03. </p><p></p><p>When Allen joined the band, Waves remained a rotation staple and an important jam vehicle. On 11/8/06, the audience voted for a Waves encore; this was the first time a standalone Waves was played in the encore slot. There aren’t many standout versions from the year, but 11/19/06 with Magellan teases, and the fantastic Waves/Crickets mashup from 12/30/06 (the first setlist written by Allen, and what a setlist it is), are both standout versions. Similarly, for being such a strong year for the band, 2007 has something of a dearth of excellent Waves. 5/20/07 stands above the rest, but the song was grossly underutilized in 07.</p><p></p><p>The lull continued into 08, with a few uninspired ending only versions at the beginning of the year, before a massive exploratory inverted version on 3/22/08 in Denmark. The April shows at the Nokia saw the first split inversion of Waves, with the middle played on 4/11/08 and the ending and beginning played on 4/12/08. After only one performance between April and December, Waves closed out the year strong, with two stellar performances at Holidaze (12/14/08) and the Nokia (12/28/08).</p><p></p><p>The momentum built at the end of 2008 continued into 2009, easily the strongest year for Waves in a decade. It was often played middle only, including such standout performances as 1/31/09, 2/13/09, 2/27/09, and, most significantly, 4/24/09, 6/4/09, and 12/31/09.</p><p></p><p>Waves remained a regular in the rotation through the rest of 2.0 and the setbreak era (appearing 2-6 times per year). In 2015, Waves was played as a split inversion again for the first time since 09, and was played that way off and on for the next couple of years. It hit another period of growth in 2016, with standout versions from 3/26/16 and 7/15/17.</p><p></p><p>In the post-setbreak years, Waves continued its upward trajectory, appearing 8 times in 2021 and 2022 and 10 times in 2023 (the most appearances in a single year since 2010). The 2021 versions are particularly strong, with the fall seeing a return to the looser, dubby style in which the song was played in fall 1999. The 9/19/21 version features a distinct Gamma Goblins jam (complete with Alan Watts samples) and 11/21/21 is perhaps the best standalone version played with Allen.</p><p></p><p>Waves has remained a staple of the band’s catalog since its debut. It was played on average every 2.6 shows in 1999, and never left the catalog for more than 23 shows, when Barber broke his wrist in 2010. The longest gap otherwise was 21 shows in 2013.</p><p></p>",All was left one chance to fly away,282,2024-11-15,"{""1995"": 0, ""1996"": 0, ""1997"": 0, ""1998"": 2, ""1999"": 53, ""2000"": 15, ""2001"": 24, ""2002"": 25, ""2003"": 13, ""2004"": 4, ""2005"": 5, ""2006"": 12, ""2007"": 10, ""2008"": 8, ""2009"": 21, ""2010"": 11, ""2011"": 6, ""2012"": 6, ""2013"": 2, ""2014"": 5, ""2015"": 3, ""2016"": 6, ""2017"": 5, ""2018"": 6, ""2019"": 3, ""2020"": 2, ""2021"": 8, ""2022"": 8, ""2023"": 10, ""2024"": 9}","{""17"": {""date"": ""2008-06-11"", ""previous"": ""2008-04-12"", ""delta_days"": 60}, ""19"": {""date"": ""2011-09-10"", ""previous"": ""2011-07-09"", ""delta_days"": 63}, ""21"": {""date"": ""2013-12-29"", ""previous"": ""2013-01-25"", ""delta_days"": 338}, ""23"": {""date"": ""2010-05-07"", ""previous"": ""2010-02-18"", ""delta_days"": 78}}",1999,1998,http://sickbarberlicks.weebly.com/above-the-waves.html
af29a537-b044-477b-816f-8a10af6ba005,Sound One,sound-one,2020-02-22 15:50:23.147147,2024-08-18 18:27:41.262971,<p>Bake a cake<br/>Sugar cane sweet<br/>Frosting pink and sticky<br/><br/>Eat it up<br/>Finger lickin&#x27; good<br/>Mamma said you can&#x27;t but I think that you should<br/><br/>Build a car<br/>Hot to trot<br/>Leather chrome and metal<br/><br/>Rock n&#x27; roll<br/>Rollin&#x27; down the street<br/>Leave &#x27;em in the dust everyone that you meet is crazy<br/><br/>Crazy like a cat<br/>Slippery sleek and lazy<br/><br/>Rub it in the fur<br/>Wax it on the back<br/>Put the cake in the trunk everyone get down</p>,"","",sound1,175,false,9ff6cb71-06e9-4fb2-81bf-8a313752e718,Sam Altman,,,104,2022-11-11,"{""1995"": 0, ""1996"": 0, ""1997"": 0, ""1998"": 0, ""1999"": 0, ""2000"": 0, ""2001"": 16, ""2002"": 24, ""2003"": 18, ""2004"": 6, ""2005"": 2, ""2006"": 0, ""2007"": 5, ""2008"": 3, ""2009"": 11, ""2010"": 1, ""2011"": 0, ""2012"": 2, ""2013"": 2, ""2014"": 0, ""2015"": 1, ""2016"": 2, ""2017"": 1, ""2018"": 3, ""2019"": 1, ""2020"": 0, ""2021"": 4, ""2022"": 2, ""2023"": 0, ""2024"": 0}","{""58"": {""date"": ""2021-05-29"", ""previous"": ""2019-02-02"", ""delta_days"": 847}, ""62"": {""date"": ""2010-09-09"", ""previous"": ""2009-12-27"", ""delta_days"": 256}, ""65"": {""date"": ""2012-07-07"", ""previous"": ""2010-09-09"", ""delta_days"": 667}, ""67"": {""date"": ""2009-05-30"", ""previous"": ""2008-06-07"", ""delta_days"": 357}, ""145"": {""date"": ""2007-08-18"", ""previous"": ""2005-07-22"", ""delta_days"": 757}}",2002,2010,http://sickbarberlicks.weebly.com/sound-1.html
1da2b20c-bc39-4027-8a5b-1d036eb5aa87,Spaga's Last Stand,spaga-s-last-stand,2023-01-01 02:39:05.619178,2024-11-25 12:04:07.450685,"<p>A science fiction, is playing out in the streets</p><p>The only weapon, i got with are my keys</p><p>No shiny armor or lazer guns protect me</p><p>Only my honor, and a case of mild insanity</p><p></p><p>Time to save the day</p><p>It&#x27;s a superpower </p><p>Music is the way, if you  want it to get freaky, play it louder </p><p>it&#x27;s a superpower</p><p></p><p>Frozen conditions, the city&#x27;s new affliction a freeze</p><p>We know our mission, made peace with our decision to leave</p><p>No reservations, no time for hesitation or plans</p><p>Our lone advantage, is blasting from the tips of our hands</p><p></p><p></p>","","",,,false,71cad423-1917-4734-a562-e762726a8f6d,,"","",14,2024-04-06,"{""1995"": 0, ""1996"": 0, ""1997"": 0, ""1998"": 0, ""1999"": 0, ""2000"": 0, ""2001"": 0, ""2002"": 0, ""2003"": 0, ""2004"": 0, ""2005"": 0, ""2006"": 0, ""2007"": 0, ""2008"": 0, ""2009"": 0, ""2010"": 0, ""2011"": 0, ""2012"": 0, ""2013"": 0, ""2014"": 0, ""2015"": 0, ""2016"": 0, ""2017"": 0, ""2018"": 0, ""2019"": 0, ""2020"": 0, ""2021"": 0, ""2022"": 1, ""2023"": 9, ""2024"": 4}","{""8"": {""date"": ""2023-12-02"", ""previous"": ""2023-09-24"", ""delta_days"": 69}, ""13"": {""date"": ""2023-04-01"", ""previous"": ""2023-02-01"", ""delta_days"": 59}, ""14"": {""date"": ""2023-09-24"", ""previous"": ""2023-07-19"", ""delta_days"": 67}}",2023,2022,""
eb2720dd-cef2-4446-93e8-1461c7b02d38,Dino Baby,dino-baby,2023-12-29 07:08:32.270686,2024-11-26 09:53:17.166761,<p>VERSE 1</p><p>For once i know i&#x27;ll see it through</p><p>I can make it to the boss at the end</p><p>Wishin you would feel the same</p><p>Wishing we could light the flame so </p><p>I use up all my spells on you</p><p>I decode all the message you send </p><p>Wishin i could play for your soul</p><p>Baby let’s start the game no(w)</p><p></p><p></p><p>CHORUS</p><p>And we pickin up the pieces anyways x3</p><p>Baby let’s start the game no(w)</p><p></p><p></p><p>VERSE 2</p><p>Play it like you always do</p><p>You know me you don’t have to pretend</p><p>I’m sorry that your covers blown </p><p>Blown into pieces</p><p>I’ll climb the temple stairs for you</p><p>I’ll dig up all the jewels in the sand</p><p>Through the forest and the trees we roam</p><p>Baby let’s start the game no(w)</p><p></p><p>CHORUS</p>,"",Based on the jam out of M1 at Catskill Mountain Jubilee on 8/12/23. Lyrics were added to it before its debut on 12/28/23 at the Palladium Times Square in NYC,,,false,8a2d334a-3281-4a86-a2b4-5f161f819988,,"","",22,2024-11-24,"{""1995"": 0, ""1996"": 0, ""1997"": 0, ""1998"": 0, ""1999"": 0, ""2000"": 0, ""2001"": 0, ""2002"": 0, ""2003"": 0, ""2004"": 0, ""2005"": 0, ""2006"": 0, ""2007"": 0, ""2008"": 0, ""2009"": 0, ""2010"": 0, ""2011"": 0, ""2012"": 0, ""2013"": 0, ""2014"": 0, ""2015"": 0, ""2016"": 0, ""2017"": 0, ""2018"": 0, ""2019"": 0, ""2020"": 0, ""2021"": 0, ""2022"": 0, ""2023"": 1, ""2024"": 21}","{""5"": {""date"": ""2024-04-06"", ""previous"": ""2024-03-30"", ""delta_days"": 7}, ""6"": {""date"": ""2024-08-30"", ""previous"": ""2024-07-18"", ""delta_days"": 43}}",2024,2023,""
56ca349b-e2b1-4435-a445-928040647124,Hide And Seek,hide-and-seek,2024-06-21 03:50:57.736939,2024-11-25 12:12:44.616375,"","","",,,true,e29db38d-5b63-4e2c-b5bc-8f4ed3fe1c64,,"","",3,2024-09-13,"{""1995"": 0, ""1996"": 0, ""1997"": 0, ""1998"": 0, ""1999"": 0, ""2000"": 0, ""2001"": 0, ""2002"": 0, ""2003"": 0, ""2004"": 0, ""2005"": 0, ""2006"": 0, ""2007"": 0, ""2008"": 0, ""2009"": 0, ""2010"": 0, ""2011"": 0, ""2012"": 0, ""2013"": 0, ""2014"": 0, ""2015"": 0, ""2016"": 0, ""2017"": 0, ""2018"": 0, ""2019"": 0, ""2020"": 0, ""2021"": 0, ""2022"": 0, ""2023"": 0, ""2024"": 3}","{""0"": {""date"": ""2024-02-11"", ""previous"": null, ""delta_days"": null}, ""21"": {""date"": ""2024-09-13"", ""previous"": ""2024-06-20"", ""delta_days"": 85}, ""23"": {""date"": ""2024-06-20"", ""previous"": ""2024-02-11"", ""delta_days"": 130}}",2024,2024,""
18bcd5ff-1f8b-4f80-9128-be7f5102243c,Sirens Sing,i-release,2024-11-22 14:45:50.673845,2024-12-02 18:38:36.500685,"","",Reworked version of ‘The Champions’ FTP 11/21/2024 Infinity Hall,,,false,e2397ce3-857e-425f-925e-1cb30de780d7,,"","",1,2024-11-23,"{""1995"": 0, ""1996"": 0, ""1997"": 0, ""1998"": 0, ""1999"": 0, ""2000"": 0, ""2001"": 0, ""2002"": 0, ""2003"": 0, ""2004"": 0, ""2005"": 0, ""2006"": 0, ""2007"": 0, ""2008"": 0, ""2009"": 0, ""2010"": 0, ""2011"": 0, ""2012"": 0, ""2013"": 0, ""2014"": 0, ""2015"": 0, ""2016"": 0, ""2017"": 0, ""2018"": 0, ""2019"": 0, ""2020"": 0, ""2021"": 0, ""2022"": 0, ""2023"": 0, ""2024"": 1}","{""0"": {""date"": ""2024-11-23"", ""previous"": null, ""delta_days"": null}}",2024,2024,""
1ff98c94-90d4-4f42-b710-31b7dc68fa2c,Pat And Dex,pat-and-dex,2020-02-22 15:50:23.147147,2024-09-20 23:41:41.505944,<p>When Patrick took his dive<br/>No time to stay alive<br/>He rolled on Dexter&#x27;s back<br/>His shell seemed not to crack crack<br/><br/>Now he&#x27;s headed for the door<br/>Right past my little sycamore<br/>He&#x27;s stuck on my linai<br/>Why did Dexter have to die<br/><br/>Patrick&#x27;s trippin on the shelf<br/>Lookin up past on himself<br/>What is Dexter thinkin about<br/>And Patrick can&#x27;t find no way out<br/><br/>Now Patrick&#x27;s still alive<br/>He sold his soul to save his hide<br/>and when the time rolled back<br/>He wished his shell went crack crack<br/><br/>Now he&#x27;s headed for the door<br/>Right past my little sycamore<br/>He&#x27;s stuck on askin why<br/>Why did Dexter have to die<br/><br/>Patrick&#x27;s trippin on the shelf<br/>Lookin on past on himself<br/>What is Dexter thinkin about<br/>And Patrick can&#x27;t find no way out<br/><br/>Sherr wants her lolly lolly<br/>Sherr wants her lollypop</p>,"","Pat And Dex is made up of three parts: Pat And Dex, Onery Funk, and Liquid Lazer.  Pat And Dex on a setlist usually imply all three parts played, unless Liquid Lazer is played soon after (i.e. in the same show or the next night, completing the song).",pandd,135,false,7c60ef7a-27aa-4632-a6f5-a27d5f23db77,"Brownstein, Gutwillig, Hayflick",,,107,2024-04-11,"{""1995"": 2, ""1996"": 17, ""1997"": 22, ""1998"": 26, ""1999"": 13, ""2000"": 4, ""2001"": 5, ""2002"": 3, ""2003"": 2, ""2004"": 2, ""2005"": 1, ""2006"": 0, ""2007"": 1, ""2008"": 0, ""2009"": 0, ""2010"": 2, ""2011"": 1, ""2012"": 0, ""2013"": 0, ""2014"": 1, ""2015"": 1, ""2016"": 0, ""2017"": 0, ""2018"": 1, ""2019"": 0, ""2020"": 0, ""2021"": 2, ""2022"": 0, ""2023"": 0, ""2024"": 1}","{""89"": {""date"": ""2021-06-05"", ""previous"": ""2018-05-26"", ""delta_days"": 1106}, ""98"": {""date"": ""2014-06-14"", ""previous"": ""2011-01-13"", ""delta_days"": 1248}, ""107"": {""date"": ""2007-02-15"", ""previous"": ""2005-03-24"", ""delta_days"": 693}, ""157"": {""date"": ""2024-04-11"", ""previous"": ""2021-11-26"", ""delta_days"": 867}, ""285"": {""date"": ""2010-07-17"", ""previous"": ""2007-02-15"", ""delta_days"": 1248}}",1998,2005,http://sickbarberlicks.weebly.com/pat--dex.html
6f2bc2ad-11df-4dba-a216-e6d946e50f5d,Give it To Me Baby,give-it-to-me-baby,2020-02-22 15:50:29.120743,2024-08-25 20:25:44.762826,"","","",giveit,454,true,d247b0ee-1fba-449f-96bc-60733f5f35fc,Rick James,,,3,2023-02-04,"{""1995"": 0, ""1996"": 0, ""1997"": 0, ""1998"": 0, ""1999"": 0, ""2000"": 0, ""2001"": 0, ""2002"": 0, ""2003"": 0, ""2004"": 0, ""2005"": 0, ""2006"": 0, ""2007"": 0, ""2008"": 0, ""2009"": 0, ""2010"": 0, ""2011"": 0, ""2012"": 0, ""2013"": 0, ""2014"": 0, ""2015"": 1, ""2016"": 0, ""2017"": 1, ""2018"": 0, ""2019"": 0, ""2020"": 0, ""2021"": 0, ""2022"": 0, ""2023"": 1, ""2024"": 0}","{""0"": {""date"": ""2015-10-31"", ""previous"": null, ""delta_days"": null}, ""41"": {""date"": ""2017-02-03"", ""previous"": ""2015-10-31"", ""delta_days"": 461}, ""224"": {""date"": ""2023-02-04"", ""previous"": ""2017-02-03"", ""delta_days"": 2192}}",2023,2015,
e8df46b0-e528-4f95-843e-b5d18f94d63f,Hot Air Balloon,hot-air-balloon,2020-02-22 15:50:22.856762,2024-12-07 20:10:39.191246,"In the light of the moon, too soon<br/>In a hot air balloon, he crossed the sea<br/>Once an airship tycoon, turned buffoon<br/>Leaving his home marooned, attempted to flee<br/>The life he's begun.<br/><br/>In the blink of an eye, he spies<br/>The shore where he's fantasized, his baby to be<br/>Turns his gaze to the skies, he cries<br/>Just give me one more try, to chase down my dream<br/>Before I am done.<br/><br/>Unsure from the day, she prays<br/>Hoping their getaway, will still come to be<br/>Watching stars ricochet, she strays<br/>Beyond the alleyway, where no one can see<br/>Not anyone.<br/><br/>In the blink of an eye, she spies<br/>The spot in the foggy skies, she's been longing to see<br/>Camoflaged by the tides, she hides<br/>Where the water and wind collide, she's soon to be free<br/> From what she's begun.<br/><br/>In a hot air balloon<br/>Corrinado flies over the sea<br/>for Leora today<br/>And in one day<br/>He went from his cell to the sky<br/>At his last chance to fly","transcribed by Rich Steele<br/><br/>intro riff:<br/>(each section repeats 8 times, before going back to the first)<br/><br/>E<br/>B  7(h)8(p)7<br/>G            9(p)7  6 6 6(h)7(p)6<br/>D                                 9(p)7   7 7 7 7  7 7 7 7  7<br/>A                                        9        9        9<br/>E<br/><br/>E<br/>B  9(h)10(p)9<br/>G            11(p)9  8 8 8(h)9(p)8<br/>D                                  11(p)9   9 9 9 9   9 9 9 9   9<br/>A                                         11        11        11<br/>E<br/><br/>E<br/>B  11(h)12(p)11<br/>G              13(p)11  10 10 10(h)11(p)10<br/>D                                          13(p)11   11 11 11 11  <br/>A                                                  13                <br/>E<br/><br/>E<br/>B<br/>G<br/>D    11 11 11 11   11<br/>A 13             13<br/>E<br/><br/><br/>(still working on the verses)<br/><br/>Chords for the ending chorus<br/><br/>     A       C#      F#             D         A  G         E <br/>E    5               2                        5  3         0<br/>B    5       6       2              7         5  3         0<br/>G    6       6       3              7         6  4         1<br/>D    7       6       4              7         7  5         2<br/>A    7       4       4              5         7  5         2<br/>E    5               2                        5  3         0<br/>In a hot air balloon corrinado flies over the sea for leora today<br/><br/><br/><br/><br/>Bass tab:<br/><br/>transcribed by Bill (mrparker@OWLNET.RICE.EDU)<br/><br/>Once again, this tab is for bass, but the same melody is played on guitar<br/>and piano.  You can play it as written on guitar, but I'm sure it'd be the<br/>wrong octave.  If you really want to play it and can't find a good<br/>position on the guitar, write me and I'll suggest somethin.<br/><br/>This is the theme to the ending instrumental thingee, _Flight of the Hot<br/>Air Balloon,_ if you will.<br/><br/>(it starts with a vamp on<br/><br/>e----0-5-0-5-0-5-0-5-4-5-4-5-4-5-4-5, and so on.  The notes in parentheses<br/>are the between-lines vamp, those outside of parens are the melody itself)<br/><br/>g----------------------------------------------------------<br/>d----------------------------------------------------------<br/>a-----------------------------------4-4--------------------<br/>e----(4-5-4-5-4-5-4-5)-4-5-7-7-4-0-7---(4-5-4-5-4-5-4-5)---<br/><br/>g----------------------------------------<br/>d----------------------------------------<br/>a----------------------------------------<br/>e----4-5-7-7-4-0-7-5-5-------------------<br/><br/>(repeat whole thing)<br/><br/>g-----(2-2-2-2)--1-2-2-1-2-1-1--(1-1-1-1)----1----------<br/>d----(4-4-4-4)--4-------2------(2-2-2-2)--2-4-4-2-0-2---<br/>a-------------------------------------------------------<br/>e-------------------------------------------------------<br/><br/>g-------------------------------------------------------<br/>d----(0-2-0-2-0-2-0-2-0-2-0-2)--0-2-4-2-0-2--(2-2-2-2)--<br/>a----------------------------------------4--(4-4-4-4)---<br/>e-------------------------------------------------------<br/><br/>g-----------------------------------------------------------------<br/>d-----2-0------------2-2-2-0------------2-2-2-0------------2-2----<br/>a----4---4-2--2-4-2-4-------4-2--2-4-2-4-------4-2--2-4-2-4-------<br/>e-----------------------------------------------------------------<br/><br/>g-----------------------------------------------------------------<br/>d---------2-2-------2-2-------------------------------------------<br/>a----4-2-4-----4-2-4-----4-2-4-2--2--2---2-0----------------0-----<br/>e-------------------------------------------4-0--0--0--0-2-0------<br/><br/>(repeat whole thing, doubled with guitar)<br/><br/>and then it goes:<br/><br/>g----9-7-6------------------------------------<br/>d---------9--9--9---7-6-----------------------<br/>a----------------------9-7--7--7--5-4---------<br/>e------------------------------------7-5------<br/><br/>Guitar Tab:<br/><br/>transcribed by Evan Leon<br/><br/>e<br/>b 10-9h10-9h10-9h10-9h10-9h10-9.....<br/><br/>e                       9 9<br/>b 9h10 12-12p10p9    12<br/>g                 9              9<br/><br/>repeat the first part, end the second time with<br/><br/>e<br/>b 9h10 12-12p10p9    12 10 10<br/>g                 9<br/><br/>now do all that one more time.<br/><br/>e<br/>b    10    10    10    10    9 10 10p9    10 9 9<br/>g 11    11    11    11    11           11<br/>d<br/><br/>e<br/>g   9   9   9   9      9 <br/>b 9   9   9   9   9 11   11p9     11    11    11    11<br/>d                              12    12    12    12<br/><br/>e<br/>g<br/>b 9 11p9       9   9   9   9<br/>d        12p11   9   9   9 <br/><br/>e<br/>g<br/>b 9 9                    9     (repeat this part 3x)<br/>d     12 11 9 11h12p11p9<br/><br/>e<br/>g<br/>b         9         9<br/>d 12p11p9   12p11p9    <br/><br/>e<br/>g<br/>b<br/>d 12p11p9 (repeat 8x)<br/><br/><br/>e<br/>g<br/>b<br/>d 7<br/><br/>That's the basic section, then it repeats in A, which will be tabbed out <br/>soon.","",hab,71,false,4338604b-38e0-432c-855b-bcd9091d4409,Jon Gutwillig,,,171,2024-11-09,"{""1995"": 0, ""1996"": 0, ""1997"": 0, ""1998"": 1, ""1999"": 39, ""2000"": 10, ""2001"": 13, ""2002"": 18, ""2003"": 10, ""2004"": 4, ""2005"": 4, ""2006"": 5, ""2007"": 10, ""2008"": 2, ""2009"": 12, ""2010"": 3, ""2011"": 1, ""2012"": 3, ""2013"": 5, ""2014"": 2, ""2015"": 2, ""2016"": 1, ""2017"": 2, ""2018"": 5, ""2019"": 1, ""2020"": 1, ""2021"": 4, ""2022"": 2, ""2023"": 5, ""2024"": 6}","{""42"": {""date"": ""2011-12-27"", ""previous"": ""2010-12-30"", ""delta_days"": 362}, ""43"": {""date"": ""2023-01-21"", ""previous"": ""2022-04-08"", ""delta_days"": 288}, ""71"": {""date"": ""2010-05-29"", ""previous"": ""2009-09-18"", ""delta_days"": 253}}",1999,1998,http://sickbarberlicks.weebly.com/hot-air-balloon.html
1bcaf1c5-99c3-4d52-b4a2-8347c260de3d,Sandstorm ,sandstorm,2024-07-05 16:25:10.465000,2024-11-25 12:06:51.375783,"","","",,,false,e29db38d-5b63-4e2c-b5bc-8f4ed3fe1c64,,"","",2,2024-07-15,"{""1995"": 0, ""1996"": 0, ""1997"": 0, ""1998"": 0, ""1999"": 0, ""2000"": 0, ""2001"": 0, ""2002"": 0, ""2003"": 0, ""2004"": 0, ""2005"": 0, ""2006"": 0, ""2007"": 0, ""2008"": 0, ""2009"": 0, ""2010"": 0, ""2011"": 0, ""2012"": 0, ""2013"": 0, ""2014"": 0, ""2015"": 0, ""2016"": 0, ""2017"": 0, ""2018"": 0, ""2019"": 0, ""2020"": 0, ""2021"": 0, ""2022"": 0, ""2023"": 0, ""2024"": 2}","{""0"": {""date"": ""2024-07-04"", ""previous"": null, ""delta_days"": null}, ""7"": {""date"": ""2024-07-15"", ""previous"": ""2024-07-04"", ""delta_days"": 11}}",2024,2024,""
726aa7bc-c1e7-4c4d-b2f8-222ffac1c5a1,Another Plan of Attack,another-plan-of-attack,2022-06-10 22:08:23.282660,2024-11-26 09:53:31.461045,"<p>Attack, Attack, Attack we need another plan of attack </p><p></p><p>Attack, Attack, we need another plan of attack</p><p></p><p></p><p></p><p>Can you hear us now, as the lights come slowly into focus </p><p></p><p>You were lost, now we find ourselves above a whole new world</p><p></p><p>Clear of mind, one chance, an option for consideration                          </p><p></p><p>Now at hand, lies our moment, so golden, so beautiful</p><p></p><p></p><p></p><p>CHORUS</p><p></p><p>Attack, Attack, Attack, we need another plan of attack</p><p></p><p>Tripping through wormholes just to get things on track...</p><p></p><p>Will never get you where you wanna go, we need another plan of attack</p><p></p><p>Your ship is ready and your crew has your back...</p><p></p><p>Gonna get you where you wanna go, we need another plan of attack</p><p></p><p>Attack, Attack…Gonna get you where you wanna go, we need another plan of attack</p><p></p><p></p><p></p><p>Oh this marble, she’s so blue</p><p></p><p>The legacy that’s escaped you</p><p></p><p>We never had the chance to give them what they looking for</p><p></p><p>Give us the word and we will walk you through the door</p><p></p><p>Another plan of attack</p><p></p><p></p><p></p><p>JAM </p><p></p><p></p><p></p><p>VERSE 2:</p><p></p><p>Can you hear them now, in the streets they group and sing your praises</p><p></p><p>You became, exactly what they were always hoping for</p><p></p><p>On this night, of dance, the people drink in jubilation</p><p></p><p>We strike first, and hit them when their at their most vulnerable</p><p></p><p></p><p></p><p>CHORUS: Same as above</p><p></p><p></p><p></p><p>We will always protect you</p><p></p><p>No matter what we get into</p><p></p><p>We finally have the chance to give them what they looking for</p><p></p><p>Give us the word and we will walk you through the door</p><p></p><p></p><p></p><p>Attack, Attack, Attack, we need another plan of attack </p><p></p><p>Attack, Attack, we need another plan of attack</p><p></p><p>Tripping through wormholes just to get things on track...We need another plan of attack</p><p></p><p>Your ship is ready and your crew has your back…We need another plan of attack</p><p></p><p></p><p></p><p>Were gonna get you where you wanna go</p>","","",,,false,71cad423-1917-4734-a562-e762726a8f6d,,"","",42,2024-11-24,"{""1995"": 0, ""1996"": 0, ""1997"": 0, ""1998"": 0, ""1999"": 0, ""2000"": 0, ""2001"": 0, ""2002"": 0, ""2003"": 0, ""2004"": 0, ""2005"": 0, ""2006"": 0, ""2007"": 0, ""2008"": 0, ""2009"": 0, ""2010"": 0, ""2011"": 0, ""2012"": 0, ""2013"": 0, ""2014"": 0, ""2015"": 0, ""2016"": 0, ""2017"": 0, ""2018"": 0, ""2019"": 0, ""2020"": 0, ""2021"": 0, ""2022"": 16, ""2023"": 14, ""2024"": 12}","{""9"": {""date"": ""2024-02-05"", ""previous"": ""2023-12-30"", ""delta_days"": 37}, ""10"": {""date"": ""2023-07-09"", ""previous"": ""2023-06-08"", ""delta_days"": 31}, ""13"": {""date"": ""2024-08-30"", ""previous"": ""2024-07-05"", ""delta_days"": 56}, ""18"": {""date"": ""2024-11-24"", ""previous"": ""2024-10-30"", ""delta_days"": 25}}",2022,2024,""
8b351752-d46e-4c37-8f93-0861f7bf9dba,One Chance To Save The World,a-chance-to-save-the-world,2022-06-20 01:42:18.296101,2024-11-26 09:53:42.399954,"<p>One chance to save the world x4</p><p></p><p></p><p></p><p>We rang in, the new year, before your son had beamed us up up up</p><p></p><p>For one chance to save the world</p><p></p><p>A long way, from midtown, still love to dance and turn it up up up</p><p></p><p>For one chance to save the world</p><p></p><p></p><p></p><p>You got the moves in whatever direction</p><p></p><p>You gotta believe it just came to us, and you know</p><p></p><p>(And) There were holes into other dimensions</p><p></p><p>Stand on other worlds, it&#x27;s dangerous, well you know</p><p></p><p></p><p></p><p>One chance to save the world x6</p><p></p><p></p><p></p><p>We had a meeting</p><p></p><p>We had a conversation</p><p></p><p>He had a premonition</p><p></p><p>To bring us to your station</p><p></p><p>Despite a four year mention</p><p></p><p>Of worlds and observations</p><p></p><p>There was no occupation</p><p></p><p>The earth will not be taken</p><p></p><p></p><p></p><p>One chance to save the world x4</p><p></p><p></p><p></p><p>Good things come from strangest of places, and it doesn&#x27;t get much stranger then this</p><p></p><p>Different arms but we got the same faces so you can tell were dead serious, and you know</p><p></p><p>A million miles from the nearest collection, and ya know we got the nicest hands around </p><p></p><p>Unlock the secret if you answer one question…where you keeping all the weed in this town?  Got to know</p><p></p><p></p><p></p><p>One chance to save the world x2  Got to know</p><p></p><p></p><p></p><p>You got the moves in whatever direction</p><p></p><p>You gotta believe it just came to us, and you know</p><p></p><p>(And) There were holes into other dimensions</p><p></p><p></p><p>Stand on other worlds, it&#x27;s dangerous, well you know</p>","","",,,false,71cad423-1917-4734-a562-e762726a8f6d,,"","",30,2024-11-24,"{""1995"": 0, ""1996"": 0, ""1997"": 0, ""1998"": 0, ""1999"": 0, ""2000"": 0, ""2001"": 0, ""2002"": 0, ""2003"": 0, ""2004"": 0, ""2005"": 0, ""2006"": 0, ""2007"": 0, ""2008"": 0, ""2009"": 0, ""2010"": 0, ""2011"": 0, ""2012"": 0, ""2013"": 0, ""2014"": 0, ""2015"": 0, ""2016"": 0, ""2017"": 0, ""2018"": 0, ""2019"": 0, ""2020"": 0, ""2021"": 0, ""2022"": 5, ""2023"": 14, ""2024"": 11}","{""10"": {""date"": ""2023-06-17"", ""previous"": ""2023-05-22"", ""delta_days"": 26}, ""12"": {""date"": ""2024-09-05"", ""previous"": ""2024-07-11"", ""delta_days"": 56}, ""13"": {""date"": ""2024-11-06"", ""previous"": ""2024-09-05"", ""delta_days"": 62}, ""17"": {""date"": ""2023-03-11"", ""previous"": ""2022-11-11"", ""delta_days"": 120}, ""19"": {""date"": ""2024-03-15"", ""previous"": ""2024-01-25"", ""delta_days"": 50}}",2023,2022,""
60e33661-3df5-4476-916e-8a2d05d12dae,To Be Continued,to-be-continued,2022-11-13 04:49:46.208075,2024-11-26 09:54:11.990147,"<p>Turn another page on this chapter</p><p>the other side of the door, what were hoping for</p><p>We don’t have to wait for the answers</p><p>How did we find this place? </p><p>Can someone show us the way back home </p><p></p><p>Like a red supernova, bursting in the sky like the sun as a fallen star</p><p>Window on the ocean, revolution in motion</p><p></p><p>Turn another page on this chapter</p><p>the other side of the door, what were hoping for</p><p>We don’t have to state what were after</p><p>To take a trip through space,</p><p>Will they remember our face back home?</p><p></p><p>Like a red supernova, bursting in the sky like the sun as fallen star</p><p>Window on the ocean, revolution in locomotion</p><p>Way back home</p><p>Can someone show me the way back home</p><p>Will they remember our face back home</p><p>Someone show me the way back home</p>","","",,,false,8a2d334a-3281-4a86-a2b4-5f161f819988,,<p></p>,"",35,2024-11-24,"{""1995"": 0, ""1996"": 0, ""1997"": 0, ""1998"": 0, ""1999"": 0, ""2000"": 0, ""2001"": 0, ""2002"": 0, ""2003"": 0, ""2004"": 0, ""2005"": 0, ""2006"": 0, ""2007"": 0, ""2008"": 0, ""2009"": 0, ""2010"": 0, ""2011"": 0, ""2012"": 0, ""2013"": 0, ""2014"": 0, ""2015"": 0, ""2016"": 0, ""2017"": 0, ""2018"": 0, ""2019"": 0, ""2020"": 0, ""2021"": 0, ""2022"": 3, ""2023"": 18, ""2024"": 14}","{""7"": {""date"": ""2023-03-25"", ""previous"": ""2023-02-03"", ""delta_days"": 50}, ""8"": {""date"": ""2024-02-10"", ""previous"": ""2024-01-28"", ""delta_days"": 13}, ""10"": {""date"": ""2024-11-24"", ""previous"": ""2024-11-09"", ""delta_days"": 15}}",2023,2022,""
7655f7ea-bca8-438a-956f-3390803b53f4,I Remember When,i-remember-when,2020-02-22 15:50:23.818238,2024-08-25 20:29:55.060947,"<p>Days when I remember when,<br/>Katie naked by the pool,<br/>She would tap the party ball,<br/>Another day we spent at school.<br/><br/>Days when I remember when,<br/>Though I can&#x27;t go back again,<br/>Another lazy afternoon,<br/>Days when I remember when.</p>","","",when,204,false,4338604b-38e0-432c-855b-bcd9091d4409,The Disco Biscuits,,,80,2023-08-12,"{""1995"": 0, ""1996"": 0, ""1997"": 0, ""1998"": 0, ""1999"": 0, ""2000"": 0, ""2001"": 0, ""2002"": 12, ""2003"": 11, ""2004"": 3, ""2005"": 2, ""2006"": 15, ""2007"": 9, ""2008"": 1, ""2009"": 5, ""2010"": 1, ""2011"": 3, ""2012"": 1, ""2013"": 1, ""2014"": 1, ""2015"": 3, ""2016"": 1, ""2017"": 2, ""2018"": 2, ""2019"": 1, ""2020"": 1, ""2021"": 3, ""2022"": 1, ""2023"": 1, ""2024"": 0}","{""42"": {""date"": ""2022-04-02"", ""previous"": ""2021-05-30"", ""delta_days"": 307}, ""47"": {""date"": ""2009-09-13"", ""previous"": ""2009-02-14"", ""delta_days"": 211}, ""56"": {""date"": ""2010-08-27"", ""previous"": ""2009-12-10"", ""delta_days"": 260}, ""66"": {""date"": ""2009-02-14"", ""previous"": ""2008-03-17"", ""delta_days"": 334}, ""92"": {""date"": ""2023-08-12"", ""previous"": ""2022-04-02"", ""delta_days"": 497}}",2006,2008,http://sickbarberlicks.weebly.com/i-remember-when.html
72ccdf51-65ae-4387-9d11-6c3c7615c763,Trap Door,trap-door,2024-07-07 19:23:17.572260,2024-11-25 14:19:10.941049,"","","This new song was born out of the 4/2/24 Louisville, KY Shadow jam & debuted at Biscoland on 7/5/2024. ",,,false,8a2d334a-3281-4a86-a2b4-5f161f819988,,"","",11,2024-11-23,"{""1995"": 0, ""1996"": 0, ""1997"": 0, ""1998"": 0, ""1999"": 0, ""2000"": 0, ""2001"": 0, ""2002"": 0, ""2003"": 0, ""2004"": 0, ""2005"": 0, ""2006"": 0, ""2007"": 0, ""2008"": 0, ""2009"": 0, ""2010"": 0, ""2011"": 0, ""2012"": 0, ""2013"": 0, ""2014"": 0, ""2015"": 0, ""2016"": 0, ""2017"": 0, ""2018"": 0, ""2019"": 0, ""2020"": 0, ""2021"": 0, ""2022"": 0, ""2023"": 0, ""2024"": 11}","{""4"": {""date"": ""2024-11-23"", ""previous"": ""2024-11-17"", ""delta_days"": 6}, ""5"": {""date"": ""2024-07-19"", ""previous"": ""2024-07-12"", ""delta_days"": 7}, ""7"": {""date"": ""2024-11-08"", ""previous"": ""2024-10-30"", ""delta_days"": 9}}",2024,2024,""
8f7cb54f-c0d8-4ddf-813e-9e1476f74dcf,Fire Will Exchange,fire-will-exchange,2024-01-01 06:18:29.424323,2024-11-26 23:27:31.290912,"<p>Fire Will Exchange</p><p></p><p>VERSE 1</p><p>Well I ride along</p><p>Just to feel the view</p><p>So much meaning when we getaway</p><p>There are no bad ideas</p><p>When i’m in it with you</p><p>Just be faster on the draw that day</p><p></p><p>PRE-CHORUS</p><p>The streets could be littered with their bullets</p><p>And that would be ok</p><p>As long you are here with me</p><p>The heat comes our way and the fire will exchange</p><p>The fire will exchange</p><p></p><p>CHORUS</p><p>Start stealing time cause you need it </p><p>Start running when they knockin at your door</p><p>Burn something down to create it</p><p>If you act like you been here before x2</p><p>Clean Getaway x2</p><p>If you act like you been here before</p><p></p><p>VERSE 2</p><p>There might be something wrong</p><p>What we got into</p><p>You tried leaving me in south LA</p><p>Thinking we could make it work, but</p><p>Do what you gotta do</p><p>Mistakes are what we cant repay</p><p></p><p>PRE-CHORUS</p><p>CHORUS</p><p>JAM</p><p>CHORUS</p>","","Based on the 8/13/23 Dewey Beach Basis jam, Fire Will Exchange was 1 of the 3 new songs that debuted during the NYE ‘23-‘24 run. ",,,false,8a2d334a-3281-4a86-a2b4-5f161f819988,,"","",20,2024-11-22,"{""1995"": 0, ""1996"": 0, ""1997"": 0, ""1998"": 0, ""1999"": 0, ""2000"": 0, ""2001"": 0, ""2002"": 0, ""2003"": 0, ""2004"": 0, ""2005"": 0, ""2006"": 0, ""2007"": 0, ""2008"": 0, ""2009"": 0, ""2010"": 0, ""2011"": 0, ""2012"": 0, ""2013"": 0, ""2014"": 0, ""2015"": 0, ""2016"": 0, ""2017"": 0, ""2018"": 0, ""2019"": 0, ""2020"": 0, ""2021"": 0, ""2022"": 0, ""2023"": 1, ""2024"": 19}","{""5"": {""date"": ""2024-03-30"", ""previous"": ""2024-03-14"", ""delta_days"": 16}, ""6"": {""date"": ""2024-07-13"", ""previous"": ""2024-06-20"", ""delta_days"": 23}, ""7"": {""date"": ""2024-02-05"", ""previous"": ""2024-01-25"", ""delta_days"": 11}}",2024,2023,""
3b59a7e3-5378-4a14-8ace-556386cb661c,Highwire,highwire,2020-02-22 15:50:22.856762,2024-11-25 12:24:36.755637,"<p>There was no way, there was no way out<br/>I had to wait, I could not fade out,<br/>I had no time to recombine,<br/>I had to play the game.<br/><br/>I had this dream since I was five,<br/>On a highwire,<br/>Where I stood to touch the sky.<br/><br/>You tell me that you want me to slide,<br/>with your angels and God on your side,<br/>but there&#x27;s something that I just had to say,<br/>You can have my white jacket when they cart you away.<br/><br/>I had this dream since I was five,<br/>On a highwire,<br/>Where I stood to touch the sky.<br/><br/>You tell me that you&#x27;re using your mind,<br/>it paints you pictures of a day back in time,<br/>when a bell rang and I woke up to say<br/>can I have your white jacket when they cart me away.<br/><br/>I had this dream since I was five, (when they cart me away)<br/>On a highwire,<br/>Where I stood to touch the sky... (when they cart you away)</p>","",The Big Happy became Highwire after the lyrics were added to the song.,high,77,false,4338604b-38e0-432c-855b-bcd9091d4409,The Disco Biscuits,,,91,2024-09-14,"{""1995"": 0, ""1996"": 0, ""1997"": 0, ""1998"": 0, ""1999"": 0, ""2000"": 0, ""2001"": 5, ""2002"": 0, ""2003"": 0, ""2004"": 0, ""2005"": 1, ""2006"": 14, ""2007"": 11, ""2008"": 6, ""2009"": 10, ""2010"": 2, ""2011"": 6, ""2012"": 1, ""2013"": 3, ""2014"": 4, ""2015"": 4, ""2016"": 4, ""2017"": 4, ""2018"": 2, ""2019"": 2, ""2020"": 2, ""2021"": 2, ""2022"": 2, ""2023"": 2, ""2024"": 4}","{""38"": {""date"": ""2023-03-30"", ""previous"": ""2022-08-21"", ""delta_days"": 221}, ""52"": {""date"": ""2011-01-13"", ""previous"": ""2010-04-20"", ""delta_days"": 268}, ""71"": {""date"": ""2024-03-28"", ""previous"": ""2023-05-06"", ""delta_days"": 327}, ""76"": {""date"": ""2001-11-24"", ""previous"": ""2001-04-04"", ""delta_days"": 234}, ""233"": {""date"": ""2005-08-27"", ""previous"": ""2001-11-24"", ""delta_days"": 1372}}",2006,2005,http://sickbarberlicks.weebly.com/highwire.html
3416e51d-0419-4cee-8e77-188aa3f1a34c,Shadow,shadow,2020-02-22 15:50:23.818238,2024-11-27 04:27:32.883490,"<p>its just a concrete wall, moves like shadow<br/>tear down in front of your face, watch in view plain<br/>tear down in front of your eyes, no protection<br/>how could they believe, that they&#x27;re safe with your gold<br/><br/>its written on your face what you see plain <br/>its written out in gold like sight &amp; shadow<br/>right there in front of your eyes 1,2,3<br/>and there you won’t believe lifted like a curtain wall<br/><br/>tear down the concrete wall, there&#x27;s no protection<br/>right there a place so plain, mask on your face<br/>Get down and cover your eyes</p><p>We believe it’s there you’ll find the gold</p><p>And we’re gone just like a shadow<br/></p>","","",shadow,301,false,4338604b-38e0-432c-855b-bcd9091d4409,"",,,24,2024-11-15,"{""1995"": 0, ""1996"": 0, ""1997"": 0, ""1998"": 0, ""1999"": 0, ""2000"": 0, ""2001"": 0, ""2002"": 0, ""2003"": 0, ""2004"": 0, ""2005"": 0, ""2006"": 0, ""2007"": 1, ""2008"": 4, ""2009"": 3, ""2010"": 0, ""2011"": 0, ""2012"": 0, ""2013"": 0, ""2014"": 1, ""2015"": 3, ""2016"": 0, ""2017"": 0, ""2018"": 0, ""2019"": 1, ""2020"": 0, ""2021"": 0, ""2022"": 0, ""2023"": 4, ""2024"": 7}","{""71"": {""date"": ""2009-05-29"", ""previous"": ""2008-04-25"", ""delta_days"": 399}, ""98"": {""date"": ""2008-04-12"", ""previous"": ""2007-02-15"", ""delta_days"": 422}, ""122"": {""date"": ""2019-02-01"", ""previous"": ""2015-07-16"", ""delta_days"": 1296}, ""153"": {""date"": ""2023-03-12"", ""previous"": ""2019-02-01"", ""delta_days"": 1500}, ""243"": {""date"": ""2014-12-26"", ""previous"": ""2009-06-06"", ""delta_days"": 2029}}",2024,2007,http://sickbarberlicks.weebly.com/shadow.html
dcf6aefe-790a-4cd3-a60e-b4a1b9e5c5cc,The Deal,the-deal,2022-12-31 05:50:31.950169,2024-11-25 15:33:24.093397,<p>VERSE 1</p><p>Shot caller why do u act so emotionally</p><p>Head underwater we could be a beautiful thing</p><p>Electricity i can feel it coming over me</p><p>Electricity I can feel it coursing up my sleeves</p><p>Electricity</p><p></p><p>CHORUS </p><p>Lets make a deal</p><p>Lets lay it all on the table</p><p>Ive kinda taken to you</p><p>and we could be a beautiful thing</p><p>Lets make a deal</p><p>You wanna test my generosity?</p><p>Come with me and light the world on fire and the frozen will be free</p><p></p><p>VERSE 2</p><p>Nightcrawler I saw this meeting in a dream</p><p>(like we were) Lead to each other we could be a beautiful thing</p><p>Electricity i can feel it coming over me</p><p>Electricity I can feel it coursing up my sleeves</p><p>Electricity</p><p></p><p>CHORUS</p><p></p><p>OUTRO</p><p>Lets make a deal</p><p>We can be a beautiful thing</p><p>Lets lay it all on the table yeah</p><p>We can be a beautiful thing</p>,"","",,,false,71cad423-1917-4734-a562-e762726a8f6d,,"","",34,2024-11-21,"{""1995"": 0, ""1996"": 0, ""1997"": 0, ""1998"": 0, ""1999"": 0, ""2000"": 0, ""2001"": 0, ""2002"": 0, ""2003"": 0, ""2004"": 0, ""2005"": 0, ""2006"": 0, ""2007"": 0, ""2008"": 0, ""2009"": 0, ""2010"": 0, ""2011"": 0, ""2012"": 0, ""2013"": 0, ""2014"": 0, ""2015"": 0, ""2016"": 0, ""2017"": 0, ""2018"": 0, ""2019"": 0, ""2020"": 0, ""2021"": 0, ""2022"": 1, ""2023"": 17, ""2024"": 16}","{""6"": {""date"": ""2023-02-01"", ""previous"": ""2022-12-30"", ""delta_days"": 33}, ""7"": {""date"": ""2024-09-06"", ""previous"": ""2024-07-19"", ""delta_days"": 49}, ""8"": {""date"": ""2024-11-21"", ""previous"": ""2024-11-08"", ""delta_days"": 13}}",2023,2022,""
c547b95e-b57c-47db-a434-260e9174f194,Spraypaint,spraypaint,2020-02-22 15:50:23.818238,2024-12-03 18:31:31.516125,"<p>Did you ever think about it,<br/>That everyone gets lifted all the time? <br/>And you want to fade away<br/>Wishing we could be normal for awhile<br/>So you want to feel good?<br/>Well maybe you should just work it <br/>And you want to breathe oxygen?<br/>So why not go out and buy it<br/>Did you ever think about it, <br/>That maybe we were all crazy for the start? <br/><br/>How can I add it up?<br/>That freedom is a gun <br/>With giant bags of money <br/>Wrapped in uniform? <br/><br/>Did you ever think about it,<br/>That everyone gets lucky some of the time? </p><p>As you walk the razor blade, thinking we could fall to either side<br/>So we came to crash the party <br/>And spraypaint on your carpet<br/>And You heard it was an accident<br/>But maybe you don&#x27;t believe it <br/>Did you ever think about it,<br/>That maybe we were all crazy from the start? <br/><br/>How can I add it up?<br/>That freedom is a gun <br/>With giant bags of money <br/>Wrapped in uniform? <br/><br/>Spraypaint my name on the wall<br/>Question me I have the time<br/>Fits your profile<br/>Anything you need to make a profit<br/>Have the time<br/>Fix your profile <br/>Anything that you need to make up<br/><br/>(No Longer Sung:)<br/><br/>Take me slowly down the road<br/>Pull me over I&#x27;ll drive the car<br/>Get your profile, anything you need to make a paycheck<br/>Drive the car, get your profile<br/>Anything that you need to make up<br/>And you want to sail away <br/>wishing you could be simply out of life (thinking we could be simply out of time)</p>","","",spray,298,false,4338604b-38e0-432c-855b-bcd9091d4409,Jon Gutwillig,,,137,2024-11-16,"{""1995"": 0, ""1996"": 0, ""1997"": 0, ""1998"": 0, ""1999"": 0, ""2000"": 0, ""2001"": 0, ""2002"": 15, ""2003"": 7, ""2004"": 0, ""2005"": 0, ""2006"": 8, ""2007"": 6, ""2008"": 3, ""2009"": 14, ""2010"": 14, ""2011"": 7, ""2012"": 6, ""2013"": 4, ""2014"": 5, ""2015"": 3, ""2016"": 6, ""2017"": 7, ""2018"": 4, ""2019"": 4, ""2020"": 3, ""2021"": 6, ""2022"": 4, ""2023"": 5, ""2024"": 6}","{""28"": {""date"": ""2024-03-16"", ""previous"": ""2023-10-25"", ""delta_days"": 143}, ""31"": {""date"": ""2008-06-08"", ""previous"": ""2008-03-01"", ""delta_days"": 99}, ""44"": {""date"": ""2003-07-26"", ""previous"": ""2002-11-10"", ""delta_days"": 258}, ""107"": {""date"": ""2006-08-25"", ""previous"": ""2003-11-28"", ""delta_days"": 1001}}",2002,2008,http://sickbarberlicks.weebly.com/spraypaint.html
c642101a-d81b-4b12-82b9-d5a413366275,Pimp Blue Rikki,pimp-blue-rikki,2020-02-22 15:50:23.989311,2024-12-08 06:41:50.781265,<p>(these are a work in progress)<br/><br/>she was on the palisades<br/>want to be a rapper<br/>she was goin uptown<br/>i was chasin after<br/><br/>she was on the rollbar<br/>kickin and a laughin<br/>???<br/>where she would come back faster<br/><br/>we&#x27;re gonna make it don&#x27;t stop<br/>kickin out dreams<br/>hittin that spot<br/>you can&#x27;t get lucky if you&#x27;re never gonna die<br/>one way out and you ain&#x27;t even gonna try<br/><br/>i wanna be your medicine<br/>gonna keep you rollin beside me heyyyy<br/>i&#x27;m gonna take you to the top top momma<br/>you can&#x27;t get busted if we&#x27;re gonna go further<br/><br/>she was in to velvet<br/>flirtin with disaster<br/>cupid rollin on the pills<br/>tearin and a blastin<br/>foreceps drop top<br/>givin in to mobsters<br/>thought he had the appetite<br/>pimp blue rikkiiiii<br/><br/>we&#x27;re gonna make it don&#x27;t stop<br/>kickn out dreams <br/>hittin that spot<br/>you can&#x27;t get lucky if you&#x27;re never gonna die<br/>one way out and you ain&#x27;t even gonna try<br/><br/>i wanna be your medicine<br/>wanna keep you rollin beside me heyyyy<br/>gonna take you to the top top momma<br/>you can&#x27;t get nuthin if you won&#x27;t go further</p>,"","",pimp,377,false,4338604b-38e0-432c-855b-bcd9091d4409,"",,,43,2024-11-23,"{""1995"": 0, ""1996"": 0, ""1997"": 0, ""1998"": 0, ""1999"": 0, ""2000"": 0, ""2001"": 0, ""2002"": 0, ""2003"": 0, ""2004"": 0, ""2005"": 0, ""2006"": 0, ""2007"": 0, ""2008"": 0, ""2009"": 9, ""2010"": 10, ""2011"": 4, ""2012"": 0, ""2013"": 0, ""2014"": 0, ""2015"": 1, ""2016"": 4, ""2017"": 2, ""2018"": 2, ""2019"": 1, ""2020"": 1, ""2021"": 0, ""2022"": 2, ""2023"": 4, ""2024"": 3}","{""30"": {""date"": ""2020-10-30"", ""previous"": ""2019-11-14"", ""delta_days"": 351}, ""37"": {""date"": ""2019-11-14"", ""previous"": ""2018-07-13"", ""delta_days"": 489}, ""58"": {""date"": ""2024-11-16"", ""previous"": ""2024-03-07"", ""delta_days"": 254}, ""80"": {""date"": ""2022-09-08"", ""previous"": ""2020-10-30"", ""delta_days"": 678}, ""101"": {""date"": ""2015-12-31"", ""previous"": ""2011-12-30"", ""delta_days"": 1462}}",2010,2015,
77e4962c-6d2e-4c97-b898-61cbe3d3295e,Feeling Twisted,feeling-twisted,2020-02-22 15:50:23.989311,2024-12-02 18:42:44.381030,"<p>You left your house, you left your girl<br/>You left it all for another world<br/>You left your job, you lost your car<br/>You left it all, it was so bizarre<br/><br/>Hey hey hey, you feeling wicked?<br/>You can&#x27;t explain, it wasn&#x27;t anything specific<br/>Hey hey hey, you feeling twisted?<br/>You can&#x27;t explain, it wasn&#x27;t anything specific<br/><br/>You like to drink, you like to party<br/>You like to spend your nights with naughty girls<br/>So stay up late and sleep all day<br/>And don&#x27;t be scared when the people say</p>","","",twist,409,false,e2397ce3-857e-425f-925e-1cb30de780d7,"",,,29,2024-11-23,"{""1995"": 0, ""1996"": 0, ""1997"": 0, ""1998"": 0, ""1999"": 0, ""2000"": 0, ""2001"": 0, ""2002"": 0, ""2003"": 0, ""2004"": 0, ""2005"": 0, ""2006"": 0, ""2007"": 0, ""2008"": 0, ""2009"": 0, ""2010"": 8, ""2011"": 8, ""2012"": 0, ""2013"": 0, ""2014"": 0, ""2015"": 1, ""2016"": 1, ""2017"": 0, ""2018"": 3, ""2019"": 1, ""2020"": 1, ""2021"": 0, ""2022"": 1, ""2023"": 1, ""2024"": 4}","{""54"": {""date"": ""2022-03-12"", ""previous"": ""2020-10-31"", ""delta_days"": 497}, ""68"": {""date"": ""2018-07-12"", ""previous"": ""2016-07-15"", ""delta_days"": 727}, ""105"": {""date"": ""2015-12-31"", ""previous"": ""2011-09-10"", ""delta_days"": 1573}, ""130"": {""date"": ""2024-11-03"", ""previous"": ""2023-02-01"", ""delta_days"": 641}}",2011,2015,http://sickbarberlicks.weebly.com/feeling-twisted.html
8b7da487-c14c-4d2f-87d4-2fcc30e34401,Tourists (Rocket Ship),tourists-rocket-ship,2022-06-13 12:59:43.015217,2024-11-25 12:05:38.919621,"<p>Tourists (Rocket Ship)</p><p></p><p>Do you want to step on the rocket ship? x3</p><p></p><p>I don&#x27;t wanna be, stuck inside a world that’s frozen</p><p>Tell me that i&#x27;m free, headed in my own direction</p><p>Strangers in the street, wishing i could show some affection</p><p>I don&#x27;t wanna be, another casualty of collection</p><p></p><p>CHORUS:</p><p>Don’t disturb the aliens the silent treatment comes again and again</p><p>I don&#x27;t wanna be, stuck inside a world thats frozen</p><p>Don’t disturb the aliens the silent treatment comes again and again</p><p>I don&#x27;t wanna be, stuck inside a world thats frozen</p><p></p><p>I don&#x27;t wanna be, stuck inside a world thats frozen</p><p>Do you want to step on the rocket ship? Do you wanna step on the rocket ship? x3</p><p></p><p>I don&#x27;t wanna be stuck inside a simulation</p><p>Tell me that it&#x27;s real living in my own illusion</p><p>Taken to extreme, i don&#x27;t want your psycho pollution</p><p>I don&#x27;t wanna be, another casualty of collusion</p><p></p><p>CHORUS:</p><p>Don’t disturb the aliens the silent treatment comes again and again</p><p>I don&#x27;t wanna be, stuck inside a world thats frozen</p><p>Don’t disturb the aliens the silent treatment comes again and again</p><p>I don&#x27;t wanna be, stuck inside a world thats frozen</p><p>I don&#x27;t wanna be, stuck inside a world thats frozen</p><p></p><p>Do you want to step on the rocket ship? Do you wanna step on the rocket ship? x3</p><p></p><p>Do you want to step on the rocket ship? Do you wanna step on the rocket ship?</p><p>Do you wanna step on the rocket ship?</p><p>Do you want to step on the rocket ship? Do you wanna step on the rocket ship?</p><p></p><p>Do you wanna step on the rocket ship? x3</p><p>I don&#x27;t wanna be stuck inside a world that&#x27;s frozen.</p><p>Do you want to step on the rocket ship?</p><p>I don&#x27;t wanna be, stuck inside a world thats frozen</p><p>Do you want to step on the rocket ship? Do you wanna step on the rocket ship?</p><p>Do you want to step on the rocket ship?</p><p></p>","","",,,false,71cad423-1917-4734-a562-e762726a8f6d,,"","",33,2024-11-21,"{""1995"": 0, ""1996"": 0, ""1997"": 0, ""1998"": 0, ""1999"": 0, ""2000"": 0, ""2001"": 0, ""2002"": 0, ""2003"": 0, ""2004"": 0, ""2005"": 0, ""2006"": 0, ""2007"": 0, ""2008"": 0, ""2009"": 0, ""2010"": 0, ""2011"": 0, ""2012"": 0, ""2013"": 0, ""2014"": 0, ""2015"": 0, ""2016"": 0, ""2017"": 0, ""2018"": 0, ""2019"": 0, ""2020"": 0, ""2021"": 0, ""2022"": 13, ""2023"": 14, ""2024"": 6}","{""7"": {""date"": ""2023-07-14"", ""previous"": ""2023-07-06"", ""delta_days"": 8}, ""15"": {""date"": ""2024-07-14"", ""previous"": ""2024-04-05"", ""delta_days"": 100}, ""28"": {""date"": ""2024-03-16"", ""previous"": ""2023-10-25"", ""delta_days"": 143}, ""29"": {""date"": ""2024-11-16"", ""previous"": ""2024-07-14"", ""delta_days"": 125}}",2023,2024,""
c5134cd9-cc82-472b-9dfa-994f64f0954b,Save The Robots,save-the-robots,2020-02-22 15:50:23.147147,2024-12-03 18:32:58.777257,Save the robots <br/>Where they fall <br/>Another one up <br/>Behind them all <br/><br/>Save the robots<br/>Crystallize <br/>The one you stole<br/>Was in disguise <br/><br/>Freeze your focus<br/>Counteract <br/>Commencing countdown <br/>Turn it back <br/><br/>Refusing moments<br/>Peck out words<br/>Was simply angels<br/>Or maybe<br/><br/>They all make me daydream <br/>Trade my peace for <br/>Day old armies save me <br/>Take my piece and.. <br/>They all make me daydream <br/>Trade my peace for <br/>Day old armies save me <br/>Take my piece and <br/>Go! Go! Go! Go! <br/><br/>Behind them all. <br/>Behind them all. <br/>Behind them all. <br/><br/>Save the robots <br/>From themselves <br/>Connect their arms <br/>To yourself <br/><br/>Fearless humans<br/>Playing games <br/>Soldered wire <br/>Into your brain <br/><br/>Antennae haircut <br/>Is really nothing <br/>It frees your hands <br/>For the panic button. <br/><br/>Enslave the robots<br/>Like us in tribes<br/>Build your igloo<br/>In summer time. <br/><br/>They all make me daydream <br/>Trade my peace for <br/>Day old armies save me <br/>Take my piece and.. <br/>Go! Go! Go! Go! <br/><br/>Behind them all.,"","",robots,157,false,4338604b-38e0-432c-855b-bcd9091d4409,Jon Gutwillig,,,164,2024-11-21,"{""1995"": 0, ""1996"": 0, ""1997"": 0, ""1998"": 0, ""1999"": 0, ""2000"": 0, ""2001"": 6, ""2002"": 21, ""2003"": 14, ""2004"": 6, ""2005"": 4, ""2006"": 15, ""2007"": 15, ""2008"": 9, ""2009"": 20, ""2010"": 6, ""2011"": 5, ""2012"": 3, ""2013"": 1, ""2014"": 4, ""2015"": 3, ""2016"": 3, ""2017"": 5, ""2018"": 2, ""2019"": 3, ""2020"": 2, ""2021"": 4, ""2022"": 2, ""2023"": 5, ""2024"": 6}","{""28"": {""date"": ""2002-08-15"", ""previous"": ""2002-04-23"", ""delta_days"": 114}, ""32"": {""date"": ""2010-05-07"", ""previous"": ""2009-12-27"", ""delta_days"": 131}, ""33"": {""date"": ""2022-11-13"", ""previous"": ""2022-04-09"", ""delta_days"": 218}, ""80"": {""date"": ""2001-12-31"", ""previous"": ""2001-04-18"", ""delta_days"": 257}}",2002,2013,http://sickbarberlicks.weebly.com/save-the-robots.html
66fd52d5-8886-403f-9bbf-cb1d8e5af461,Voices Insane,voices-insane,2020-02-22 15:50:23.818238,2024-12-07 19:56:45.716969,"I admit it, I was guilty<br/>But don't you believe it, that I was wrong<br/><br/>I never accepted my relocation<br/>And I'm looking out past them four hours till dawn<br/><br/>I've dreamed of this day since they locked away the key<br/>A prisoner in chains will not make a madman of me<br/>These voices insane are telling me tales from the stars<br/>So I call on the reigns of forces drawn in from afar<br/><br/>The walls have deceived me<br/>I imagined this all on my own<br/>These spirits around me, clouds of dust looking for a new home<br/><br/>When they tap on my shoulder, tell me I got what I deserve<br/>I throw my arms & destroy them<br/>Cause on this day they will eat all their words<br/><br/>I've dreamed of this day since they locked away the key<br/>A prisoner in chains will not make a madman of me<br/>These voices insane are telling me tales from the stars<br/>So I call on the reigns of forces drawn in from afar<br/><br/>I can stop all the voices<br/>and bang on the walls with my fists<br/>But my only choice left<br/>is the one I'd never dismiss<br/><br/>I hear the world through the echos<br/>A song of life through the noise in the crowd<br/>In this cell I've known plainly<br/>That what I want is what is not allowed.<br/><br/>I've dreamed of this day since they locked away the key<br/>A prisoner in chains will not make a madman of me<br/>These voices insane are telling me tales from the stars<br/>So I call on the reigns of forces drawn in from afar","","",voices,200,false,4338604b-38e0-432c-855b-bcd9091d4409,Jon Gutwillig,,,210,2024-11-17,"{""1995"": 0, ""1996"": 0, ""1997"": 0, ""1998"": 9, ""1999"": 45, ""2000"": 11, ""2001"": 17, ""2002"": 16, ""2003"": 11, ""2004"": 6, ""2005"": 2, ""2006"": 10, ""2007"": 8, ""2008"": 4, ""2009"": 16, ""2010"": 6, ""2011"": 5, ""2012"": 3, ""2013"": 1, ""2014"": 3, ""2015"": 1, ""2016"": 3, ""2017"": 5, ""2018"": 5, ""2019"": 3, ""2020"": 1, ""2021"": 5, ""2022"": 1, ""2023"": 7, ""2024"": 6}","{""29"": {""date"": ""2008-07-19"", ""previous"": ""2008-03-22"", ""delta_days"": 119}, ""30"": {""date"": ""2024-09-08"", ""previous"": ""2024-03-31"", ""delta_days"": 161}, ""36"": {""date"": ""2010-05-28"", ""previous"": ""2009-12-27"", ""delta_days"": 152}, ""47"": {""date"": ""2022-12-29"", ""previous"": ""2021-12-31"", ""delta_days"": 363}}",1999,2013,http://sickbarberlicks.weebly.com/voices-insane.html
03ac9113-3c5d-461e-948d-fbe5b61fc350,Spectacle,spectacle,2020-02-22 15:50:23.147147,2024-12-07 19:58:48.211660,"Take me on the road,<br/>Take me on the sea,<br/>Take me all across the world,<br/>Just let me know.<br/><br/>Sing a little song,<br/>a little melody melody,<br/>The words that make your world,<br/>I'll make them grow.<br/><br/>Tiny is the sun,<br/>aloof is the sky,<br/>Wonder about the people walking by.<br/><br/>Funny as fate,<br/>As hard as you try,<br/>You can't pretend,<br/>That life has no surprise.<br/><br/>Isn't life just a spectacle?<br/>One hand short of a miracle.<br/>And if you're body flies through the wind..<br/>And you don't think you ever want it back again..<br/><br/>Well isn't life just an obstacle<br/>That you can't wait to get around?<br/>And you might break your face<br/>Just to break the mold<br/>Lift your hand and count you out.<br/>Count it!<br/><br/>Shock me, Tell me about the story that you heard.<br/>We've got all day to hammer out Just where it is absurd.<br/>Spectacles and roundabouts and details afterwards,<br/>You're gonna get it all today.<br/><br/>Wherever there's a road<br/>Amazing you'll see<br/>lines for glitter carpets on the rise.<br/><br/>I question the rogue, should I take the plea,<br/>When i get just one chance to vocalize?<br/><br/>Asleep in the day, awake in the night,<br/>Only so many roads to take your life.<br/>The problem you see,<br/>You can't mess with time<br/>And take a different road you'd try.<br/><br/>Isn't life just a spectacle?<br/>One hand short of a miracle.<br/>And if you're butterflies through the wind..<br/>And you don't think you want back in again..<br/><br/>Isn't life just a spectacle?<br/>One hand short of a miracle.<br/>And if you're body flies through the wind..<br/>And you don't think you ever want it back again..<br/><br/>Well isn't life just an obstacle<br/>That you can't wait to get around?<br/>And you might break your face<br/>Just to break the mold<br/>Lift your hand and count you out.<br/>Count it!<br/><br/>Shock me, Tell me about the story that you heard.<br/>We've got all day to hammer out Just where it is absurd.<br/>Spectacles and roundabouts and details afterwards,<br/>You're gonna get it all today.<br/>We're gonna give it all away.",tabbed by Aaron (Terrrapin420@REMOVEmsn.com)<br/><br/>main progression<br/><br/>   A   A/B  E7/B Bm7 A  F#m   E7/B<br/>E                7<br/>B  10  12   9    7   5  7 7 7  9<br/>G   9   9   7    7   6  6 6 6  7<br/>D  11  11   9    7   7  7 7 7  9<br/>A   0   0   7    9   0  0 0 0  7<br/>E           7    7             7,"",spectacle,178,false,4338604b-38e0-432c-855b-bcd9091d4409,Jon Gutwillig,,,111,2023-03-10,"{""1995"": 0, ""1996"": 0, ""1997"": 0, ""1998"": 0, ""1999"": 0, ""2000"": 0, ""2001"": 17, ""2002"": 22, ""2003"": 8, ""2004"": 7, ""2005"": 2, ""2006"": 12, ""2007"": 2, ""2008"": 2, ""2009"": 9, ""2010"": 3, ""2011"": 2, ""2012"": 2, ""2013"": 2, ""2014"": 2, ""2015"": 2, ""2016"": 3, ""2017"": 4, ""2018"": 2, ""2019"": 2, ""2020"": 1, ""2021"": 3, ""2022"": 1, ""2023"": 1, ""2024"": 0}","{""37"": {""date"": ""2001-09-29"", ""previous"": ""2001-05-11"", ""delta_days"": 141}, ""44"": {""date"": ""2009-09-27"", ""previous"": ""2009-04-04"", ""delta_days"": 176}, ""51"": {""date"": ""2011-04-14"", ""previous"": ""2010-05-28"", ""delta_days"": 321}, ""52"": {""date"": ""2023-03-10"", ""previous"": ""2022-03-12"", ""delta_days"": 363}, ""55"": {""date"": ""2008-03-18"", ""previous"": ""2007-07-14"", ""delta_days"": 248}}",2002,2020,http://sickbarberlicks.weebly.com/spectacle.html
